edge_id,scope,quote,origin,locator,evidence_file,extraction_call,review_call,role_audit_call
0677160d666471e74a4169e8,type,"class java.io.File implements java.io.Serializable, java.lang.Comparable<java.io.File> {",binary_declaration,tmp\authoritative_artifacts\jdk8\extracted\jdk8u504-b01\jre\lib\rt.jar,declarations/6f16374d950cc2dbbd28.txt,,,
1b61f26c2a644d290684e604,method,public boolean equals(java.lang.Object);,binary_declaration,tmp\authoritative_artifacts\jdk8\extracted\jdk8u504-b01\jre\lib\rt.jar,declarations/6f16374d950cc2dbbd28.txt,,,
1b61f26c2a644d290684e604,method,public int compareTo(java.lang.Object);,binary_declaration,tmp\authoritative_artifacts\jdk8\extracted\jdk8u504-b01\jre\lib\rt.jar,declarations/6f16374d950cc2dbbd28.txt,,,
192e7f8b57f28b164577dc8d,constructor,"public java.io.File(java.io.File, java.lang.String);",binary_declaration,tmp\authoritative_artifacts\jdk8\extracted\jdk8u504-b01\jre\lib\rt.jar,declarations/6f16374d950cc2dbbd28.txt,,,
192e7f8b57f28b164577dc8d,constructor,public java.io.File(java.lang.String);,binary_declaration,tmp\authoritative_artifacts\jdk8\extracted\jdk8u504-b01\jre\lib\rt.jar,declarations/6f16374d950cc2dbbd28.txt,,,
192e7f8b57f28b164577dc8d,constructor,"public java.io.File(java.lang.String, java.lang.String);",binary_declaration,tmp\authoritative_artifacts\jdk8\extracted\jdk8u504-b01\jre\lib\rt.jar,declarations/6f16374d950cc2dbbd28.txt,,,
192e7f8b57f28b164577dc8d,method,"public static java.io.File createTempFile(java.lang.String, java.lang.String) throws java.io.IOException;",binary_declaration,tmp\authoritative_artifacts\jdk8\extracted\jdk8u504-b01\jre\lib\rt.jar,declarations/6f16374d950cc2dbbd28.txt,,,
192e7f8b57f28b164577dc8d,method,"public static java.io.File createTempFile(java.lang.String, java.lang.String, java.io.File) throws java.io.IOException;",binary_declaration,tmp\authoritative_artifacts\jdk8\extracted\jdk8u504-b01\jre\lib\rt.jar,declarations/6f16374d950cc2dbbd28.txt,,,
a303a4e597845fb6ebcb62c7,method,public java.lang.String getAbsolutePath();,binary_declaration,tmp\authoritative_artifacts\jdk8\extracted\jdk8u504-b01\jre\lib\rt.jar,declarations/6f16374d950cc2dbbd28.txt,,,
a303a4e597845fb6ebcb62c7,method,public java.lang.String getCanonicalPath() throws java.io.IOException;,binary_declaration,tmp\authoritative_artifacts\jdk8\extracted\jdk8u504-b01\jre\lib\rt.jar,declarations/6f16374d950cc2dbbd28.txt,,,
a303a4e597845fb6ebcb62c7,method,public java.lang.String getName();,binary_declaration,tmp\authoritative_artifacts\jdk8\extracted\jdk8u504-b01\jre\lib\rt.jar,declarations/6f16374d950cc2dbbd28.txt,,,
a303a4e597845fb6ebcb62c7,method,public java.lang.String getParent();,binary_declaration,tmp\authoritative_artifacts\jdk8\extracted\jdk8u504-b01\jre\lib\rt.jar,declarations/6f16374d950cc2dbbd28.txt,,,
a303a4e597845fb6ebcb62c7,method,public java.lang.String getPath();,binary_declaration,tmp\authoritative_artifacts\jdk8\extracted\jdk8u504-b01\jre\lib\rt.jar,declarations/6f16374d950cc2dbbd28.txt,,,
a303a4e597845fb6ebcb62c7,method,public java.lang.String toString();,binary_declaration,tmp\authoritative_artifacts\jdk8\extracted\jdk8u504-b01\jre\lib\rt.jar,declarations/6f16374d950cc2dbbd28.txt,,,
a303a4e597845fb6ebcb62c7,method,public java.lang.String[] list();,binary_declaration,tmp\authoritative_artifacts\jdk8\extracted\jdk8u504-b01\jre\lib\rt.jar,declarations/6f16374d950cc2dbbd28.txt,,,
a303a4e597845fb6ebcb62c7,method,public java.lang.String[] list(java.io.FilenameFilter);,binary_declaration,tmp\authoritative_artifacts\jdk8\extracted\jdk8u504-b01\jre\lib\rt.jar,declarations/6f16374d950cc2dbbd28.txt,,,
66d7c313ae57f9eca057da8c,constructor,public java.lang.ClassCastException(java.lang.String);,binary_declaration,tmp\authoritative_artifacts\jdk8\extracted\jdk8u504-b01\jre\lib\rt.jar,declarations/70bb2ab83c695f91ba84.txt,,,
a001ee08c9443bd2aff1b474,method,public boolean equals(java.lang.Object);,binary_declaration,tmp\authoritative_artifacts\jdk8\extracted\jdk8u504-b01\jre\lib\rt.jar,declarations/02db1e7879872909b044.txt,,,
a001ee08c9443bd2aff1b474,method,public int compareTo(java.lang.Object);,binary_declaration,tmp\authoritative_artifacts\jdk8\extracted\jdk8u504-b01\jre\lib\rt.jar,declarations/02db1e7879872909b044.txt,,,
ab868cc5f5ba4be5ed57b085,constructor,public java.lang.Integer(java.lang.String) throws java.lang.NumberFormatException;,binary_declaration,tmp\authoritative_artifacts\jdk8\extracted\jdk8u504-b01\jre\lib\rt.jar,declarations/02db1e7879872909b044.txt,,,
ab868cc5f5ba4be5ed57b085,method,public static int parseInt(java.lang.String) throws java.lang.NumberFormatException;,binary_declaration,tmp\authoritative_artifacts\jdk8\extracted\jdk8u504-b01\jre\lib\rt.jar,declarations/02db1e7879872909b044.txt,,,
ab868cc5f5ba4be5ed57b085,method,"public static int parseInt(java.lang.String, int) throws java.lang.NumberFormatException;",binary_declaration,tmp\authoritative_artifacts\jdk8\extracted\jdk8u504-b01\jre\lib\rt.jar,declarations/02db1e7879872909b044.txt,,,
ab868cc5f5ba4be5ed57b085,method,public static int parseUnsignedInt(java.lang.String) throws java.lang.NumberFormatException;,binary_declaration,tmp\authoritative_artifacts\jdk8\extracted\jdk8u504-b01\jre\lib\rt.jar,declarations/02db1e7879872909b044.txt,,,
ab868cc5f5ba4be5ed57b085,method,"public static int parseUnsignedInt(java.lang.String, int) throws java.lang.NumberFormatException;",binary_declaration,tmp\authoritative_artifacts\jdk8\extracted\jdk8u504-b01\jre\lib\rt.jar,declarations/02db1e7879872909b044.txt,,,
ab868cc5f5ba4be5ed57b085,method,public static java.lang.Integer decode(java.lang.String) throws java.lang.NumberFormatException;,binary_declaration,tmp\authoritative_artifacts\jdk8\extracted\jdk8u504-b01\jre\lib\rt.jar,declarations/02db1e7879872909b044.txt,,,
ab868cc5f5ba4be5ed57b085,method,public static java.lang.Integer getInteger(java.lang.String);,binary_declaration,tmp\authoritative_artifacts\jdk8\extracted\jdk8u504-b01\jre\lib\rt.jar,declarations/02db1e7879872909b044.txt,,,
ab868cc5f5ba4be5ed57b085,method,"public static java.lang.Integer getInteger(java.lang.String, int);",binary_declaration,tmp\authoritative_artifacts\jdk8\extracted\jdk8u504-b01\jre\lib\rt.jar,declarations/02db1e7879872909b044.txt,,,
ab868cc5f5ba4be5ed57b085,method,"public static java.lang.Integer getInteger(java.lang.String, java.lang.Integer);",binary_declaration,tmp\authoritative_artifacts\jdk8\extracted\jdk8u504-b01\jre\lib\rt.jar,declarations/02db1e7879872909b044.txt,,,
ab868cc5f5ba4be5ed57b085,method,public static java.lang.Integer valueOf(java.lang.String) throws java.lang.NumberFormatException;,binary_declaration,tmp\authoritative_artifacts\jdk8\extracted\jdk8u504-b01\jre\lib\rt.jar,declarations/02db1e7879872909b044.txt,,,
ab868cc5f5ba4be5ed57b085,method,"public static java.lang.Integer valueOf(java.lang.String, int) throws java.lang.NumberFormatException;",binary_declaration,tmp\authoritative_artifacts\jdk8\extracted\jdk8u504-b01\jre\lib\rt.jar,declarations/02db1e7879872909b044.txt,,,
884dd92e69594e1e6f5958d8,method,public java.lang.String toString();,binary_declaration,tmp\authoritative_artifacts\jdk8\extracted\jdk8u504-b01\jre\lib\rt.jar,declarations/02db1e7879872909b044.txt,,,
884dd92e69594e1e6f5958d8,method,public static java.lang.String toBinaryString(int);,binary_declaration,tmp\authoritative_artifacts\jdk8\extracted\jdk8u504-b01\jre\lib\rt.jar,declarations/02db1e7879872909b044.txt,,,
884dd92e69594e1e6f5958d8,method,public static java.lang.String toHexString(int);,binary_declaration,tmp\authoritative_artifacts\jdk8\extracted\jdk8u504-b01\jre\lib\rt.jar,declarations/02db1e7879872909b044.txt,,,
884dd92e69594e1e6f5958d8,method,public static java.lang.String toOctalString(int);,binary_declaration,tmp\authoritative_artifacts\jdk8\extracted\jdk8u504-b01\jre\lib\rt.jar,declarations/02db1e7879872909b044.txt,,,
884dd92e69594e1e6f5958d8,method,public static java.lang.String toString(int);,binary_declaration,tmp\authoritative_artifacts\jdk8\extracted\jdk8u504-b01\jre\lib\rt.jar,declarations/02db1e7879872909b044.txt,,,
884dd92e69594e1e6f5958d8,method,"public static java.lang.String toString(int, int);",binary_declaration,tmp\authoritative_artifacts\jdk8\extracted\jdk8u504-b01\jre\lib\rt.jar,declarations/02db1e7879872909b044.txt,,,
884dd92e69594e1e6f5958d8,method,public static java.lang.String toUnsignedString(int);,binary_declaration,tmp\authoritative_artifacts\jdk8\extracted\jdk8u504-b01\jre\lib\rt.jar,declarations/02db1e7879872909b044.txt,,,
884dd92e69594e1e6f5958d8,method,"public static java.lang.String toUnsignedString(int, int);",binary_declaration,tmp\authoritative_artifacts\jdk8\extracted\jdk8u504-b01\jre\lib\rt.jar,declarations/02db1e7879872909b044.txt,,,
322c33315c177992bcdf5e67,method,public java.lang.String toString();,binary_declaration,tmp\authoritative_artifacts\jdk8\extracted\jdk8u504-b01\jre\lib\rt.jar,declarations/a6b9e0505186124241c7.txt,,,
8e85222b62c01c595d254d69,type,"class java.lang.String implements java.io.Serializable, java.lang.Comparable<java.lang.String>, java.lang.CharSequence {",binary_declaration,tmp\authoritative_artifacts\jdk8\extracted\jdk8u504-b01\jre\lib\rt.jar,declarations/73cc7ce309d9be85f1d2.txt,,,
0623b495d64df13cd166c044,method,public boolean equals(java.lang.Object);,binary_declaration,tmp\authoritative_artifacts\jdk8\extracted\jdk8u504-b01\jre\lib\rt.jar,declarations/73cc7ce309d9be85f1d2.txt,,,
0623b495d64df13cd166c044,method,public int compareTo(java.lang.Object);,binary_declaration,tmp\authoritative_artifacts\jdk8\extracted\jdk8u504-b01\jre\lib\rt.jar,declarations/73cc7ce309d9be85f1d2.txt,,,
0623b495d64df13cd166c044,method,"public static java.lang.String format(java.lang.String, java.lang.Object...);",binary_declaration,tmp\authoritative_artifacts\jdk8\extracted\jdk8u504-b01\jre\lib\rt.jar,declarations/73cc7ce309d9be85f1d2.txt,,,
0623b495d64df13cd166c044,method,"public static java.lang.String format(java.util.Locale, java.lang.String, java.lang.Object...);",binary_declaration,tmp\authoritative_artifacts\jdk8\extracted\jdk8u504-b01\jre\lib\rt.jar,declarations/73cc7ce309d9be85f1d2.txt,,,
0623b495d64df13cd166c044,method,public static java.lang.String valueOf(java.lang.Object);,binary_declaration,tmp\authoritative_artifacts\jdk8\extracted\jdk8u504-b01\jre\lib\rt.jar,declarations/73cc7ce309d9be85f1d2.txt,,,
748e7b0aefea3626b6768e4a,constructor,public java.lang.UnsupportedOperationException(java.lang.String);,binary_declaration,tmp\authoritative_artifacts\jdk8\extracted\jdk8u504-b01\jre\lib\rt.jar,declarations/e32b27ababaf16b7066c.txt,,,
748e7b0aefea3626b6768e4a,constructor,"public java.lang.UnsupportedOperationException(java.lang.String, java.lang.Throwable);",binary_declaration,tmp\authoritative_artifacts\jdk8\extracted\jdk8u504-b01\jre\lib\rt.jar,declarations/e32b27ababaf16b7066c.txt,,,
7c43133b17ef0675cd190530,method,public boolean equals(java.lang.Object);,binary_declaration,tmp\authoritative_artifacts\jdk8\extracted\jdk8u504-b01\jre\lib\rt.jar,declarations/84bf506ee660c2b4b5aa.txt,,,
7c43133b17ef0675cd190530,method,public int compareTo(java.lang.Object);,binary_declaration,tmp\authoritative_artifacts\jdk8\extracted\jdk8u504-b01\jre\lib\rt.jar,declarations/84bf506ee660c2b4b5aa.txt,,,
ae84c09c33154d882b175b4d,constructor,public java.math.BigInteger(java.lang.String);,binary_declaration,tmp\authoritative_artifacts\jdk8\extracted\jdk8u504-b01\jre\lib\rt.jar,declarations/84bf506ee660c2b4b5aa.txt,,,
ae84c09c33154d882b175b4d,constructor,"public java.math.BigInteger(java.lang.String, int);",binary_declaration,tmp\authoritative_artifacts\jdk8\extracted\jdk8u504-b01\jre\lib\rt.jar,declarations/84bf506ee660c2b4b5aa.txt,,,
50b244808030a69db7e759a1,method,public java.lang.String toString();,binary_declaration,tmp\authoritative_artifacts\jdk8\extracted\jdk8u504-b01\jre\lib\rt.jar,declarations/84bf506ee660c2b4b5aa.txt,,,
50b244808030a69db7e759a1,method,public java.lang.String toString(int);,binary_declaration,tmp\authoritative_artifacts\jdk8\extracted\jdk8u504-b01\jre\lib\rt.jar,declarations/84bf506ee660c2b4b5aa.txt,,,
dc41adc814e7701795a19f12,constructor,"public java.math.BigInteger(int, int, java.util.Random);",binary_declaration,tmp\authoritative_artifacts\jdk8\extracted\jdk8u504-b01\jre\lib\rt.jar,declarations/84bf506ee660c2b4b5aa.txt,,,
dc41adc814e7701795a19f12,constructor,"public java.math.BigInteger(int, java.util.Random);",binary_declaration,tmp\authoritative_artifacts\jdk8\extracted\jdk8u504-b01\jre\lib\rt.jar,declarations/84bf506ee660c2b4b5aa.txt,,,
dc41adc814e7701795a19f12,method,"public static java.math.BigInteger probablePrime(int, java.util.Random);",binary_declaration,tmp\authoritative_artifacts\jdk8\extracted\jdk8u504-b01\jre\lib\rt.jar,declarations/84bf506ee660c2b4b5aa.txt,,,
f4e71c90e9c5ba7dbf4bc823,method,public boolean contains(java.lang.Object);,binary_declaration,tmp\authoritative_artifacts\jdk8\extracted\jdk8u504-b01\jre\lib\rt.jar,declarations/3110465d7ce5bed9c14a.txt,,,
f4e71c90e9c5ba7dbf4bc823,method,public boolean remove(java.lang.Object);,binary_declaration,tmp\authoritative_artifacts\jdk8\extracted\jdk8u504-b01\jre\lib\rt.jar,declarations/3110465d7ce5bed9c14a.txt,,,
2d17aba78e4ba6c45f2b5c4a,method,public java.lang.Object[] toArray();,binary_declaration,tmp\authoritative_artifacts\jdk8\extracted\jdk8u504-b01\jre\lib\rt.jar,declarations/3110465d7ce5bed9c14a.txt,,,
0f944fd2d5c9ae9af941a695,method,public java.lang.String toString();,binary_declaration,tmp\authoritative_artifacts\jdk8\extracted\jdk8u504-b01\jre\lib\rt.jar,declarations/3110465d7ce5bed9c14a.txt,,,
6b3df442fcd1c6e9abf542c4,method,public boolean addAll(java.util.Collection<? extends E>);,binary_declaration,tmp\authoritative_artifacts\jdk8\extracted\jdk8u504-b01\jre\lib\rt.jar,declarations/3110465d7ce5bed9c14a.txt,,,
6b3df442fcd1c6e9abf542c4,method,public boolean containsAll(java.util.Collection<?>);,binary_declaration,tmp\authoritative_artifacts\jdk8\extracted\jdk8u504-b01\jre\lib\rt.jar,declarations/3110465d7ce5bed9c14a.txt,,,
6b3df442fcd1c6e9abf542c4,method,public boolean removeAll(java.util.Collection<?>);,binary_declaration,tmp\authoritative_artifacts\jdk8\extracted\jdk8u504-b01\jre\lib\rt.jar,declarations/3110465d7ce5bed9c14a.txt,,,
6b3df442fcd1c6e9abf542c4,method,public boolean retainAll(java.util.Collection<?>);,binary_declaration,tmp\authoritative_artifacts\jdk8\extracted\jdk8u504-b01\jre\lib\rt.jar,declarations/3110465d7ce5bed9c14a.txt,,,
313b594efc8660f30094d740,type,class java.util.AbstractCollection<E> implements java.util.Collection<E> {,binary_declaration,tmp\authoritative_artifacts\jdk8\extracted\jdk8u504-b01\jre\lib\rt.jar,declarations/3110465d7ce5bed9c14a.txt,,,
0846aef69b1efa33f32c625d,method,public boolean equals(java.lang.Object);,binary_declaration,tmp\authoritative_artifacts\jdk8\extracted\jdk8u504-b01\jre\lib\rt.jar,declarations/15ddd5a5ff0c096f5ff4.txt,,,
0846aef69b1efa33f32c625d,method,public int indexOf(java.lang.Object);,binary_declaration,tmp\authoritative_artifacts\jdk8\extracted\jdk8u504-b01\jre\lib\rt.jar,declarations/15ddd5a5ff0c096f5ff4.txt,,,
0846aef69b1efa33f32c625d,method,public int lastIndexOf(java.lang.Object);,binary_declaration,tmp\authoritative_artifacts\jdk8\extracted\jdk8u504-b01\jre\lib\rt.jar,declarations/15ddd5a5ff0c096f5ff4.txt,,,
cb40ad6ebe2a92fa2db752d0,type,class java.util.AbstractList<E> extends java.util.AbstractCollection<E> implements java.util.List<E> {,binary_declaration,tmp\authoritative_artifacts\jdk8\extracted\jdk8u504-b01\jre\lib\rt.jar,declarations/15ddd5a5ff0c096f5ff4.txt,,,
7c869e3fe8b1b8e5d74ad2ff,method,"public boolean addAll(int, java.util.Collection<? extends E>);",binary_declaration,tmp\authoritative_artifacts\jdk8\extracted\jdk8u504-b01\jre\lib\rt.jar,declarations/15ddd5a5ff0c096f5ff4.txt,,,
5d913adda7e86e53bbf9b494,method,"public java.util.List<E> subList(int, int);",binary_declaration,tmp\authoritative_artifacts\jdk8\extracted\jdk8u504-b01\jre\lib\rt.jar,declarations/15ddd5a5ff0c096f5ff4.txt,,,
6b7e602f91b46f21bccb8f15,type,class java.util.AbstractList<E> extends java.util.AbstractCollection<E> implements java.util.List<E> {,binary_declaration,tmp\authoritative_artifacts\jdk8\extracted\jdk8u504-b01\jre\lib\rt.jar,declarations/15ddd5a5ff0c096f5ff4.txt,,,
f0b2317ac4c684c246172a3f,method,public java.util.ListIterator<E> listIterator();,binary_declaration,tmp\authoritative_artifacts\jdk8\extracted\jdk8u504-b01\jre\lib\rt.jar,declarations/15ddd5a5ff0c096f5ff4.txt,,,
f0b2317ac4c684c246172a3f,method,public java.util.ListIterator<E> listIterator(int);,binary_declaration,tmp\authoritative_artifacts\jdk8\extracted\jdk8u504-b01\jre\lib\rt.jar,declarations/15ddd5a5ff0c096f5ff4.txt,,,
66a271e9dd53e7d09572467a,method,public V get(java.lang.Object);,binary_declaration,tmp\authoritative_artifacts\jdk8\extracted\jdk8u504-b01\jre\lib\rt.jar,declarations/f43930135541db6725e7.txt,,,
66a271e9dd53e7d09572467a,method,public V remove(java.lang.Object);,binary_declaration,tmp\authoritative_artifacts\jdk8\extracted\jdk8u504-b01\jre\lib\rt.jar,declarations/f43930135541db6725e7.txt,,,
66a271e9dd53e7d09572467a,method,public boolean containsKey(java.lang.Object);,binary_declaration,tmp\authoritative_artifacts\jdk8\extracted\jdk8u504-b01\jre\lib\rt.jar,declarations/f43930135541db6725e7.txt,,,
66a271e9dd53e7d09572467a,method,public boolean containsValue(java.lang.Object);,binary_declaration,tmp\authoritative_artifacts\jdk8\extracted\jdk8u504-b01\jre\lib\rt.jar,declarations/f43930135541db6725e7.txt,,,
66a271e9dd53e7d09572467a,method,public boolean equals(java.lang.Object);,binary_declaration,tmp\authoritative_artifacts\jdk8\extracted\jdk8u504-b01\jre\lib\rt.jar,declarations/f43930135541db6725e7.txt,,,
dfde739424fb9d43924387a5,method,public java.lang.String toString();,binary_declaration,tmp\authoritative_artifacts\jdk8\extracted\jdk8u504-b01\jre\lib\rt.jar,declarations/f43930135541db6725e7.txt,,,
9e165da01d2e58289a3ce23c,method,public java.util.Collection<V> values();,binary_declaration,tmp\authoritative_artifacts\jdk8\extracted\jdk8u504-b01\jre\lib\rt.jar,declarations/f43930135541db6725e7.txt,,,
305fd8f7c2f6c7d8edbe13af,method,"public void putAll(java.util.Map<? extends K, ? extends V>);",binary_declaration,tmp\authoritative_artifacts\jdk8\extracted\jdk8u504-b01\jre\lib\rt.jar,declarations/f43930135541db6725e7.txt,,,
209f659e483cf991b95514bf,type,"class java.util.AbstractMap<K, V> implements java.util.Map<K, V> {",binary_declaration,tmp\authoritative_artifacts\jdk8\extracted\jdk8u504-b01\jre\lib\rt.jar,declarations/f43930135541db6725e7.txt,,,
ab4fce8f2ec57e411c81560f,method,"public abstract java.util.Set<java.util.Map$Entry<K, V>> entrySet();",binary_declaration,tmp\authoritative_artifacts\jdk8\extracted\jdk8u504-b01\jre\lib\rt.jar,declarations/f43930135541db6725e7.txt,,,
ab4fce8f2ec57e411c81560f,method,public java.util.Set<K> keySet();,binary_declaration,tmp\authoritative_artifacts\jdk8\extracted\jdk8u504-b01\jre\lib\rt.jar,declarations/f43930135541db6725e7.txt,,,
aa58e2678f860d2bd82e3d27,method,public boolean equals(java.lang.Object);,binary_declaration,tmp\authoritative_artifacts\jdk8\extracted\jdk8u504-b01\jre\lib\rt.jar,declarations/eafeb8fd8836f660e0bb.txt,,,
edba8792668c3f33bdd725b1,type,class java.util.AbstractSet<E> extends java.util.AbstractCollection<E> implements java.util.Set<E> {,binary_declaration,tmp\authoritative_artifacts\jdk8\extracted\jdk8u504-b01\jre\lib\rt.jar,declarations/eafeb8fd8836f660e0bb.txt,,,
0b23d1c571663ef3a5bbe8f8,method,public boolean removeAll(java.util.Collection<?>);,binary_declaration,tmp\authoritative_artifacts\jdk8\extracted\jdk8u504-b01\jre\lib\rt.jar,declarations/eafeb8fd8836f660e0bb.txt,,,
66cb3aa11ee578ee5c7aaaae,type,class java.util.AbstractSet<E> extends java.util.AbstractCollection<E> implements java.util.Set<E> {,binary_declaration,tmp\authoritative_artifacts\jdk8\extracted\jdk8u504-b01\jre\lib\rt.jar,declarations/eafeb8fd8836f660e0bb.txt,,,
4f1b0e1228ab5e82c91506cf,type,"class java.util.ArrayDeque<E> extends java.util.AbstractCollection<E> implements java.util.Deque<E>, java.lang.Cloneable, java.io.Serializable {",binary_declaration,tmp\authoritative_artifacts\jdk8\extracted\jdk8u504-b01\jre\lib\rt.jar,declarations/16634e93f4181a5d1901.txt,,,
edbcf4ff45b294e80fe3e440,method,public boolean contains(java.lang.Object);,binary_declaration,tmp\authoritative_artifacts\jdk8\extracted\jdk8u504-b01\jre\lib\rt.jar,declarations/16634e93f4181a5d1901.txt,,,
edbcf4ff45b294e80fe3e440,method,public boolean remove(java.lang.Object);,binary_declaration,tmp\authoritative_artifacts\jdk8\extracted\jdk8u504-b01\jre\lib\rt.jar,declarations/16634e93f4181a5d1901.txt,,,
edbcf4ff45b294e80fe3e440,method,public boolean removeFirstOccurrence(java.lang.Object);,binary_declaration,tmp\authoritative_artifacts\jdk8\extracted\jdk8u504-b01\jre\lib\rt.jar,declarations/16634e93f4181a5d1901.txt,,,
edbcf4ff45b294e80fe3e440,method,public boolean removeLastOccurrence(java.lang.Object);,binary_declaration,tmp\authoritative_artifacts\jdk8\extracted\jdk8u504-b01\jre\lib\rt.jar,declarations/16634e93f4181a5d1901.txt,,,
a0a2c112286c36dceacdd1ad,method,public java.lang.Object clone() throws java.lang.CloneNotSupportedException;,binary_declaration,tmp\authoritative_artifacts\jdk8\extracted\jdk8u504-b01\jre\lib\rt.jar,declarations/16634e93f4181a5d1901.txt,,,
a0a2c112286c36dceacdd1ad,method,public java.lang.Object[] toArray();,binary_declaration,tmp\authoritative_artifacts\jdk8\extracted\jdk8u504-b01\jre\lib\rt.jar,declarations/16634e93f4181a5d1901.txt,,,
0d1118f5a0765398bd83cb2c,type,"class java.util.ArrayDeque<E> extends java.util.AbstractCollection<E> implements java.util.Deque<E>, java.lang.Cloneable, java.io.Serializable {",binary_declaration,tmp\authoritative_artifacts\jdk8\extracted\jdk8u504-b01\jre\lib\rt.jar,declarations/16634e93f4181a5d1901.txt,,,
2e59b4ba019e042452c1bb5c,constructor,public java.util.ArrayDeque(java.util.Collection<? extends E>);,binary_declaration,tmp\authoritative_artifacts\jdk8\extracted\jdk8u504-b01\jre\lib\rt.jar,declarations/16634e93f4181a5d1901.txt,,,
9c5a42cf0bb7d157477d239d,type,"class java.util.ArrayDeque<E> extends java.util.AbstractCollection<E> implements java.util.Deque<E>, java.lang.Cloneable, java.io.Serializable {",binary_declaration,tmp\authoritative_artifacts\jdk8\extracted\jdk8u504-b01\jre\lib\rt.jar,declarations/16634e93f4181a5d1901.txt,,,
0833d14b4a09c31888886c95,type,"class java.util.ArrayList<E> extends java.util.AbstractList<E> implements java.util.List<E>, java.util.RandomAccess, java.lang.Cloneable, java.io.Serializable {",binary_declaration,tmp\authoritative_artifacts\jdk8\extracted\jdk8u504-b01\jre\lib\rt.jar,declarations/5098f415c102d794fe43.txt,,,
a9474a9724622df66da3e1be,method,public boolean contains(java.lang.Object);,binary_declaration,tmp\authoritative_artifacts\jdk8\extracted\jdk8u504-b01\jre\lib\rt.jar,declarations/5098f415c102d794fe43.txt,,,
a9474a9724622df66da3e1be,method,public boolean remove(java.lang.Object);,binary_declaration,tmp\authoritative_artifacts\jdk8\extracted\jdk8u504-b01\jre\lib\rt.jar,declarations/5098f415c102d794fe43.txt,,,
a9474a9724622df66da3e1be,method,public int indexOf(java.lang.Object);,binary_declaration,tmp\authoritative_artifacts\jdk8\extracted\jdk8u504-b01\jre\lib\rt.jar,declarations/5098f415c102d794fe43.txt,,,
a9474a9724622df66da3e1be,method,public int lastIndexOf(java.lang.Object);,binary_declaration,tmp\authoritative_artifacts\jdk8\extracted\jdk8u504-b01\jre\lib\rt.jar,declarations/5098f415c102d794fe43.txt,,,
c7b2a21b6e1664e2a456da4a,method,public java.lang.Object clone();,binary_declaration,tmp\authoritative_artifacts\jdk8\extracted\jdk8u504-b01\jre\lib\rt.jar,declarations/5098f415c102d794fe43.txt,,,
c7b2a21b6e1664e2a456da4a,method,public java.lang.Object[] toArray();,binary_declaration,tmp\authoritative_artifacts\jdk8\extracted\jdk8u504-b01\jre\lib\rt.jar,declarations/5098f415c102d794fe43.txt,,,
8a304a6071255bc3a26782ed,type,"class java.util.ArrayList<E> extends java.util.AbstractList<E> implements java.util.List<E>, java.util.RandomAccess, java.lang.Cloneable, java.io.Serializable {",binary_declaration,tmp\authoritative_artifacts\jdk8\extracted\jdk8u504-b01\jre\lib\rt.jar,declarations/5098f415c102d794fe43.txt,,,
c567ecb0997093ed419b390b,method,"public boolean addAll(int, java.util.Collection<? extends E>);",binary_declaration,tmp\authoritative_artifacts\jdk8\extracted\jdk8u504-b01\jre\lib\rt.jar,declarations/5098f415c102d794fe43.txt,,,
c567ecb0997093ed419b390b,method,public boolean addAll(java.util.Collection<? extends E>);,binary_declaration,tmp\authoritative_artifacts\jdk8\extracted\jdk8u504-b01\jre\lib\rt.jar,declarations/5098f415c102d794fe43.txt,,,
c567ecb0997093ed419b390b,method,public boolean removeAll(java.util.Collection<?>);,binary_declaration,tmp\authoritative_artifacts\jdk8\extracted\jdk8u504-b01\jre\lib\rt.jar,declarations/5098f415c102d794fe43.txt,,,
c567ecb0997093ed419b390b,method,public boolean retainAll(java.util.Collection<?>);,binary_declaration,tmp\authoritative_artifacts\jdk8\extracted\jdk8u504-b01\jre\lib\rt.jar,declarations/5098f415c102d794fe43.txt,,,
c567ecb0997093ed419b390b,constructor,public java.util.ArrayList(java.util.Collection<? extends E>);,binary_declaration,tmp\authoritative_artifacts\jdk8\extracted\jdk8u504-b01\jre\lib\rt.jar,declarations/5098f415c102d794fe43.txt,,,
b4ac34bb372e73f9e5770e1f,method,public void sort(java.util.Comparator<? super E>);,binary_declaration,tmp\authoritative_artifacts\jdk8\extracted\jdk8u504-b01\jre\lib\rt.jar,declarations/5098f415c102d794fe43.txt,,,
3a99fd9f29278495458beec7,method,"public java.util.List<E> subList(int, int);",binary_declaration,tmp\authoritative_artifacts\jdk8\extracted\jdk8u504-b01\jre\lib\rt.jar,declarations/5098f415c102d794fe43.txt,,,
1b36d249dbd0de5f1f11f61a,type,"class java.util.ArrayList<E> extends java.util.AbstractList<E> implements java.util.List<E>, java.util.RandomAccess, java.lang.Cloneable, java.io.Serializable {",binary_declaration,tmp\authoritative_artifacts\jdk8\extracted\jdk8u504-b01\jre\lib\rt.jar,declarations/5098f415c102d794fe43.txt,,,
38cc5fa666a369747349bf17,method,public java.util.ListIterator<E> listIterator();,binary_declaration,tmp\authoritative_artifacts\jdk8\extracted\jdk8u504-b01\jre\lib\rt.jar,declarations/5098f415c102d794fe43.txt,,,
38cc5fa666a369747349bf17,method,public java.util.ListIterator<E> listIterator(int);,binary_declaration,tmp\authoritative_artifacts\jdk8\extracted\jdk8u504-b01\jre\lib\rt.jar,declarations/5098f415c102d794fe43.txt,,,
9682550fa7e50a8025175ffa,method,"public static boolean deepEquals(java.lang.Object[], java.lang.Object[]);",binary_declaration,tmp\authoritative_artifacts\jdk8\extracted\jdk8u504-b01\jre\lib\rt.jar,declarations/3d690c2f8044123cf85c.txt,,,
9682550fa7e50a8025175ffa,method,"public static boolean equals(java.lang.Object[], java.lang.Object[]);",binary_declaration,tmp\authoritative_artifacts\jdk8\extracted\jdk8u504-b01\jre\lib\rt.jar,declarations/3d690c2f8044123cf85c.txt,,,
9682550fa7e50a8025175ffa,method,"public static int binarySearch(java.lang.Object[], int, int, java.lang.Object);",binary_declaration,tmp\authoritative_artifacts\jdk8\extracted\jdk8u504-b01\jre\lib\rt.jar,declarations/3d690c2f8044123cf85c.txt,,,
9682550fa7e50a8025175ffa,method,"public static int binarySearch(java.lang.Object[], java.lang.Object);",binary_declaration,tmp\authoritative_artifacts\jdk8\extracted\jdk8u504-b01\jre\lib\rt.jar,declarations/3d690c2f8044123cf85c.txt,,,
9682550fa7e50a8025175ffa,method,public static int deepHashCode(java.lang.Object[]);,binary_declaration,tmp\authoritative_artifacts\jdk8\extracted\jdk8u504-b01\jre\lib\rt.jar,declarations/3d690c2f8044123cf85c.txt,,,
9682550fa7e50a8025175ffa,method,public static int hashCode(java.lang.Object[]);,binary_declaration,tmp\authoritative_artifacts\jdk8\extracted\jdk8u504-b01\jre\lib\rt.jar,declarations/3d690c2f8044123cf85c.txt,,,
9682550fa7e50a8025175ffa,method,public static java.lang.String deepToString(java.lang.Object[]);,binary_declaration,tmp\authoritative_artifacts\jdk8\extracted\jdk8u504-b01\jre\lib\rt.jar,declarations/3d690c2f8044123cf85c.txt,,,
9682550fa7e50a8025175ffa,method,public static java.lang.String toString(java.lang.Object[]);,binary_declaration,tmp\authoritative_artifacts\jdk8\extracted\jdk8u504-b01\jre\lib\rt.jar,declarations/3d690c2f8044123cf85c.txt,,,
9682550fa7e50a8025175ffa,method,"public static void fill(java.lang.Object[], int, int, java.lang.Object);",binary_declaration,tmp\authoritative_artifacts\jdk8\extracted\jdk8u504-b01\jre\lib\rt.jar,declarations/3d690c2f8044123cf85c.txt,,,
9682550fa7e50a8025175ffa,method,"public static void fill(java.lang.Object[], java.lang.Object);",binary_declaration,tmp\authoritative_artifacts\jdk8\extracted\jdk8u504-b01\jre\lib\rt.jar,declarations/3d690c2f8044123cf85c.txt,,,
9682550fa7e50a8025175ffa,method,public static void sort(java.lang.Object[]);,binary_declaration,tmp\authoritative_artifacts\jdk8\extracted\jdk8u504-b01\jre\lib\rt.jar,declarations/3d690c2f8044123cf85c.txt,,,
9682550fa7e50a8025175ffa,method,"public static void sort(java.lang.Object[], int, int);",binary_declaration,tmp\authoritative_artifacts\jdk8\extracted\jdk8u504-b01\jre\lib\rt.jar,declarations/3d690c2f8044123cf85c.txt,,,
2d6a039f838436261cb14855,method,public static java.lang.String deepToString(java.lang.Object[]);,binary_declaration,tmp\authoritative_artifacts\jdk8\extracted\jdk8u504-b01\jre\lib\rt.jar,declarations/3d690c2f8044123cf85c.txt,,,
2d6a039f838436261cb14855,method,public static java.lang.String toString(boolean[]);,binary_declaration,tmp\authoritative_artifacts\jdk8\extracted\jdk8u504-b01\jre\lib\rt.jar,declarations/3d690c2f8044123cf85c.txt,,,
2d6a039f838436261cb14855,method,public static java.lang.String toString(byte[]);,binary_declaration,tmp\authoritative_artifacts\jdk8\extracted\jdk8u504-b01\jre\lib\rt.jar,declarations/3d690c2f8044123cf85c.txt,,,
2d6a039f838436261cb14855,method,public static java.lang.String toString(char[]);,binary_declaration,tmp\authoritative_artifacts\jdk8\extracted\jdk8u504-b01\jre\lib\rt.jar,declarations/3d690c2f8044123cf85c.txt,,,
2d6a039f838436261cb14855,method,public static java.lang.String toString(double[]);,binary_declaration,tmp\authoritative_artifacts\jdk8\extracted\jdk8u504-b01\jre\lib\rt.jar,declarations/3d690c2f8044123cf85c.txt,,,
2d6a039f838436261cb14855,method,public static java.lang.String toString(float[]);,binary_declaration,tmp\authoritative_artifacts\jdk8\extracted\jdk8u504-b01\jre\lib\rt.jar,declarations/3d690c2f8044123cf85c.txt,,,
2d6a039f838436261cb14855,method,public static java.lang.String toString(int[]);,binary_declaration,tmp\authoritative_artifacts\jdk8\extracted\jdk8u504-b01\jre\lib\rt.jar,declarations/3d690c2f8044123cf85c.txt,,,
2d6a039f838436261cb14855,method,public static java.lang.String toString(java.lang.Object[]);,binary_declaration,tmp\authoritative_artifacts\jdk8\extracted\jdk8u504-b01\jre\lib\rt.jar,declarations/3d690c2f8044123cf85c.txt,,,
2d6a039f838436261cb14855,method,public static java.lang.String toString(long[]);,binary_declaration,tmp\authoritative_artifacts\jdk8\extracted\jdk8u504-b01\jre\lib\rt.jar,declarations/3d690c2f8044123cf85c.txt,,,
2d6a039f838436261cb14855,method,public static java.lang.String toString(short[]);,binary_declaration,tmp\authoritative_artifacts\jdk8\extracted\jdk8u504-b01\jre\lib\rt.jar,declarations/3d690c2f8044123cf85c.txt,,,
c7e95f9679654fda84f75f05,method,"public static <T> int binarySearch(T[], T, java.util.Comparator<? super T>);",binary_declaration,tmp\authoritative_artifacts\jdk8\extracted\jdk8u504-b01\jre\lib\rt.jar,declarations/3d690c2f8044123cf85c.txt,,,
c7e95f9679654fda84f75f05,method,"public static <T> int binarySearch(T[], int, int, T, java.util.Comparator<? super T>);",binary_declaration,tmp\authoritative_artifacts\jdk8\extracted\jdk8u504-b01\jre\lib\rt.jar,declarations/3d690c2f8044123cf85c.txt,,,
c7e95f9679654fda84f75f05,method,"public static <T> void parallelSort(T[], int, int, java.util.Comparator<? super T>);",binary_declaration,tmp\authoritative_artifacts\jdk8\extracted\jdk8u504-b01\jre\lib\rt.jar,declarations/3d690c2f8044123cf85c.txt,,,
c7e95f9679654fda84f75f05,method,"public static <T> void parallelSort(T[], java.util.Comparator<? super T>);",binary_declaration,tmp\authoritative_artifacts\jdk8\extracted\jdk8u504-b01\jre\lib\rt.jar,declarations/3d690c2f8044123cf85c.txt,,,
c7e95f9679654fda84f75f05,method,"public static <T> void sort(T[], int, int, java.util.Comparator<? super T>);",binary_declaration,tmp\authoritative_artifacts\jdk8\extracted\jdk8u504-b01\jre\lib\rt.jar,declarations/3d690c2f8044123cf85c.txt,,,
c7e95f9679654fda84f75f05,method,"public static <T> void sort(T[], java.util.Comparator<? super T>);",binary_declaration,tmp\authoritative_artifacts\jdk8\extracted\jdk8u504-b01\jre\lib\rt.jar,declarations/3d690c2f8044123cf85c.txt,,,
368bcd55f44e42a0193cf9ff,method,public static <T> java.util.List<T> asList(T...);,binary_declaration,tmp\authoritative_artifacts\jdk8\extracted\jdk8u504-b01\jre\lib\rt.jar,declarations/3d690c2f8044123cf85c.txt,,,
a1ec3077bf16376ed2fc3131,method,public abstract boolean contains(java.lang.Object);,binary_declaration,tmp\authoritative_artifacts\jdk8\extracted\jdk8u504-b01\jre\lib\rt.jar,declarations/d7d466ccf1764e80ad0b.txt,,,
a1ec3077bf16376ed2fc3131,method,public abstract boolean equals(java.lang.Object);,binary_declaration,tmp\authoritative_artifacts\jdk8\extracted\jdk8u504-b01\jre\lib\rt.jar,declarations/d7d466ccf1764e80ad0b.txt,,,
a1ec3077bf16376ed2fc3131,method,public abstract boolean remove(java.lang.Object);,binary_declaration,tmp\authoritative_artifacts\jdk8\extracted\jdk8u504-b01\jre\lib\rt.jar,declarations/d7d466ccf1764e80ad0b.txt,,,
48da7badbf83527cbbbf32f4,method,public abstract java.lang.Object[] toArray();,binary_declaration,tmp\authoritative_artifacts\jdk8\extracted\jdk8u504-b01\jre\lib\rt.jar,declarations/d7d466ccf1764e80ad0b.txt,,,
125e175ab302a539a7e60d90,method,"public static int frequency(java.util.Collection<?>, java.lang.Object);",binary_declaration,tmp\authoritative_artifacts\jdk8\extracted\jdk8u504-b01\jre\lib\rt.jar,declarations/7eca4add104a1979e62a.txt,,,
deece0a1c3bc79cb6f1c705c,method,public static <T> java.util.ArrayList<T> list(java.util.Enumeration<T>);,binary_declaration,tmp\authoritative_artifacts\jdk8\extracted\jdk8u504-b01\jre\lib\rt.jar,declarations/7eca4add104a1979e62a.txt,,,
a9f2d83a56539909b551f7ad,method,"public static <E> java.util.Collection<E> checkedCollection(java.util.Collection<E>, java.lang.Class<E>);",binary_declaration,tmp\authoritative_artifacts\jdk8\extracted\jdk8u504-b01\jre\lib\rt.jar,declarations/7eca4add104a1979e62a.txt,,,
a9f2d83a56539909b551f7ad,method,public static <T extends java.lang.Comparable<? super T>> T max(java.util.Collection<? extends T>);,binary_declaration,tmp\authoritative_artifacts\jdk8\extracted\jdk8u504-b01\jre\lib\rt.jar,declarations/7eca4add104a1979e62a.txt,,,
a9f2d83a56539909b551f7ad,method,public static <T extends java.lang.Comparable<? super T>> T min(java.util.Collection<? extends T>);,binary_declaration,tmp\authoritative_artifacts\jdk8\extracted\jdk8u504-b01\jre\lib\rt.jar,declarations/7eca4add104a1979e62a.txt,,,
a9f2d83a56539909b551f7ad,method,"public static <T> T max(java.util.Collection<? extends T>, java.util.Comparator<? super T>);",binary_declaration,tmp\authoritative_artifacts\jdk8\extracted\jdk8u504-b01\jre\lib\rt.jar,declarations/7eca4add104a1979e62a.txt,,,
a9f2d83a56539909b551f7ad,method,"public static <T> T min(java.util.Collection<? extends T>, java.util.Comparator<? super T>);",binary_declaration,tmp\authoritative_artifacts\jdk8\extracted\jdk8u504-b01\jre\lib\rt.jar,declarations/7eca4add104a1979e62a.txt,,,
a9f2d83a56539909b551f7ad,method,"public static <T> boolean addAll(java.util.Collection<? super T>, T...);",binary_declaration,tmp\authoritative_artifacts\jdk8\extracted\jdk8u504-b01\jre\lib\rt.jar,declarations/7eca4add104a1979e62a.txt,,,
a9f2d83a56539909b551f7ad,method,public static <T> java.util.Collection<T> synchronizedCollection(java.util.Collection<T>);,binary_declaration,tmp\authoritative_artifacts\jdk8\extracted\jdk8u504-b01\jre\lib\rt.jar,declarations/7eca4add104a1979e62a.txt,,,
a9f2d83a56539909b551f7ad,method,public static <T> java.util.Collection<T> unmodifiableCollection(java.util.Collection<? extends T>);,binary_declaration,tmp\authoritative_artifacts\jdk8\extracted\jdk8u504-b01\jre\lib\rt.jar,declarations/7eca4add104a1979e62a.txt,,,
a9f2d83a56539909b551f7ad,method,public static <T> java.util.Enumeration<T> enumeration(java.util.Collection<T>);,binary_declaration,tmp\authoritative_artifacts\jdk8\extracted\jdk8u504-b01\jre\lib\rt.jar,declarations/7eca4add104a1979e62a.txt,,,
a9f2d83a56539909b551f7ad,method,"public static boolean disjoint(java.util.Collection<?>, java.util.Collection<?>);",binary_declaration,tmp\authoritative_artifacts\jdk8\extracted\jdk8u504-b01\jre\lib\rt.jar,declarations/7eca4add104a1979e62a.txt,,,
a9f2d83a56539909b551f7ad,method,"public static int frequency(java.util.Collection<?>, java.lang.Object);",binary_declaration,tmp\authoritative_artifacts\jdk8\extracted\jdk8u504-b01\jre\lib\rt.jar,declarations/7eca4add104a1979e62a.txt,,,
220b5f2976b3ace462a29b62,method,"public static <E> java.util.Collection<E> checkedCollection(java.util.Collection<E>, java.lang.Class<E>);",binary_declaration,tmp\authoritative_artifacts\jdk8\extracted\jdk8u504-b01\jre\lib\rt.jar,declarations/7eca4add104a1979e62a.txt,,,
220b5f2976b3ace462a29b62,method,public static <T> java.util.Collection<T> synchronizedCollection(java.util.Collection<T>);,binary_declaration,tmp\authoritative_artifacts\jdk8\extracted\jdk8u504-b01\jre\lib\rt.jar,declarations/7eca4add104a1979e62a.txt,,,
220b5f2976b3ace462a29b62,method,public static <T> java.util.Collection<T> unmodifiableCollection(java.util.Collection<? extends T>);,binary_declaration,tmp\authoritative_artifacts\jdk8\extracted\jdk8u504-b01\jre\lib\rt.jar,declarations/7eca4add104a1979e62a.txt,,,
df43b6eac0d229367a3f4abc,method,"public static <T> T max(java.util.Collection<? extends T>, java.util.Comparator<? super T>);",binary_declaration,tmp\authoritative_artifacts\jdk8\extracted\jdk8u504-b01\jre\lib\rt.jar,declarations/7eca4add104a1979e62a.txt,,,
df43b6eac0d229367a3f4abc,method,"public static <T> T min(java.util.Collection<? extends T>, java.util.Comparator<? super T>);",binary_declaration,tmp\authoritative_artifacts\jdk8\extracted\jdk8u504-b01\jre\lib\rt.jar,declarations/7eca4add104a1979e62a.txt,,,
df43b6eac0d229367a3f4abc,method,"public static <T> int binarySearch(java.util.List<? extends T>, T, java.util.Comparator<? super T>);",binary_declaration,tmp\authoritative_artifacts\jdk8\extracted\jdk8u504-b01\jre\lib\rt.jar,declarations/7eca4add104a1979e62a.txt,,,
df43b6eac0d229367a3f4abc,method,public static <T> java.util.Comparator<T> reverseOrder(java.util.Comparator<T>);,binary_declaration,tmp\authoritative_artifacts\jdk8\extracted\jdk8u504-b01\jre\lib\rt.jar,declarations/7eca4add104a1979e62a.txt,,,
df43b6eac0d229367a3f4abc,method,"public static <T> void sort(java.util.List<T>, java.util.Comparator<? super T>);",binary_declaration,tmp\authoritative_artifacts\jdk8\extracted\jdk8u504-b01\jre\lib\rt.jar,declarations/7eca4add104a1979e62a.txt,,,
5605d7be00449852c415dc09,method,public static <T> java.util.Comparator<T> reverseOrder();,binary_declaration,tmp\authoritative_artifacts\jdk8\extracted\jdk8u504-b01\jre\lib\rt.jar,declarations/7eca4add104a1979e62a.txt,,,
5605d7be00449852c415dc09,method,public static <T> java.util.Comparator<T> reverseOrder(java.util.Comparator<T>);,binary_declaration,tmp\authoritative_artifacts\jdk8\extracted\jdk8u504-b01\jre\lib\rt.jar,declarations/7eca4add104a1979e62a.txt,,,
01ca88d9e4de0a61fa6a6915,method,public static <T> java.util.Queue<T> asLifoQueue(java.util.Deque<T>);,binary_declaration,tmp\authoritative_artifacts\jdk8\extracted\jdk8u504-b01\jre\lib\rt.jar,declarations/7eca4add104a1979e62a.txt,,,
22f29625030dd3370bd5774d,method,public static <T> java.util.ArrayList<T> list(java.util.Enumeration<T>);,binary_declaration,tmp\authoritative_artifacts\jdk8\extracted\jdk8u504-b01\jre\lib\rt.jar,declarations/7eca4add104a1979e62a.txt,,,
653cecb25d18999370353ecc,method,public static <T> java.util.Enumeration<T> emptyEnumeration();,binary_declaration,tmp\authoritative_artifacts\jdk8\extracted\jdk8u504-b01\jre\lib\rt.jar,declarations/7eca4add104a1979e62a.txt,,,
653cecb25d18999370353ecc,method,public static <T> java.util.Enumeration<T> enumeration(java.util.Collection<T>);,binary_declaration,tmp\authoritative_artifacts\jdk8\extracted\jdk8u504-b01\jre\lib\rt.jar,declarations/7eca4add104a1979e62a.txt,,,
28ba1c0a013875b141d6e5b4,method,"public static <E> java.util.List<E> checkedList(java.util.List<E>, java.lang.Class<E>);",binary_declaration,tmp\authoritative_artifacts\jdk8\extracted\jdk8u504-b01\jre\lib\rt.jar,declarations/7eca4add104a1979e62a.txt,,,
28ba1c0a013875b141d6e5b4,method,public static <T extends java.lang.Comparable<? super T>> void sort(java.util.List<T>);,binary_declaration,tmp\authoritative_artifacts\jdk8\extracted\jdk8u504-b01\jre\lib\rt.jar,declarations/7eca4add104a1979e62a.txt,,,
28ba1c0a013875b141d6e5b4,method,"public static <T> boolean replaceAll(java.util.List<T>, T, T);",binary_declaration,tmp\authoritative_artifacts\jdk8\extracted\jdk8u504-b01\jre\lib\rt.jar,declarations/7eca4add104a1979e62a.txt,,,
28ba1c0a013875b141d6e5b4,method,"public static <T> int binarySearch(java.util.List<? extends T>, T, java.util.Comparator<? super T>);",binary_declaration,tmp\authoritative_artifacts\jdk8\extracted\jdk8u504-b01\jre\lib\rt.jar,declarations/7eca4add104a1979e62a.txt,,,
28ba1c0a013875b141d6e5b4,method,"public static <T> int binarySearch(java.util.List<? extends java.lang.Comparable<? super T>>, T);",binary_declaration,tmp\authoritative_artifacts\jdk8\extracted\jdk8u504-b01\jre\lib\rt.jar,declarations/7eca4add104a1979e62a.txt,,,
28ba1c0a013875b141d6e5b4,method,public static <T> java.util.List<T> synchronizedList(java.util.List<T>);,binary_declaration,tmp\authoritative_artifacts\jdk8\extracted\jdk8u504-b01\jre\lib\rt.jar,declarations/7eca4add104a1979e62a.txt,,,
28ba1c0a013875b141d6e5b4,method,public static <T> java.util.List<T> unmodifiableList(java.util.List<? extends T>);,binary_declaration,tmp\authoritative_artifacts\jdk8\extracted\jdk8u504-b01\jre\lib\rt.jar,declarations/7eca4add104a1979e62a.txt,,,
28ba1c0a013875b141d6e5b4,method,"public static <T> void copy(java.util.List<? super T>, java.util.List<? extends T>);",binary_declaration,tmp\authoritative_artifacts\jdk8\extracted\jdk8u504-b01\jre\lib\rt.jar,declarations/7eca4add104a1979e62a.txt,,,
28ba1c0a013875b141d6e5b4,method,"public static <T> void fill(java.util.List<? super T>, T);",binary_declaration,tmp\authoritative_artifacts\jdk8\extracted\jdk8u504-b01\jre\lib\rt.jar,declarations/7eca4add104a1979e62a.txt,,,
28ba1c0a013875b141d6e5b4,method,"public static <T> void sort(java.util.List<T>, java.util.Comparator<? super T>);",binary_declaration,tmp\authoritative_artifacts\jdk8\extracted\jdk8u504-b01\jre\lib\rt.jar,declarations/7eca4add104a1979e62a.txt,,,
28ba1c0a013875b141d6e5b4,method,"public static int indexOfSubList(java.util.List<?>, java.util.List<?>);",binary_declaration,tmp\authoritative_artifacts\jdk8\extracted\jdk8u504-b01\jre\lib\rt.jar,declarations/7eca4add104a1979e62a.txt,,,
28ba1c0a013875b141d6e5b4,method,"public static int lastIndexOfSubList(java.util.List<?>, java.util.List<?>);",binary_declaration,tmp\authoritative_artifacts\jdk8\extracted\jdk8u504-b01\jre\lib\rt.jar,declarations/7eca4add104a1979e62a.txt,,,
28ba1c0a013875b141d6e5b4,method,public static void reverse(java.util.List<?>);,binary_declaration,tmp\authoritative_artifacts\jdk8\extracted\jdk8u504-b01\jre\lib\rt.jar,declarations/7eca4add104a1979e62a.txt,,,
28ba1c0a013875b141d6e5b4,method,"public static void rotate(java.util.List<?>, int);",binary_declaration,tmp\authoritative_artifacts\jdk8\extracted\jdk8u504-b01\jre\lib\rt.jar,declarations/7eca4add104a1979e62a.txt,,,
28ba1c0a013875b141d6e5b4,method,public static void shuffle(java.util.List<?>);,binary_declaration,tmp\authoritative_artifacts\jdk8\extracted\jdk8u504-b01\jre\lib\rt.jar,declarations/7eca4add104a1979e62a.txt,,,
28ba1c0a013875b141d6e5b4,method,"public static void shuffle(java.util.List<?>, java.util.Random);",binary_declaration,tmp\authoritative_artifacts\jdk8\extracted\jdk8u504-b01\jre\lib\rt.jar,declarations/7eca4add104a1979e62a.txt,,,
28ba1c0a013875b141d6e5b4,method,"public static void swap(java.util.List<?>, int, int);",binary_declaration,tmp\authoritative_artifacts\jdk8\extracted\jdk8u504-b01\jre\lib\rt.jar,declarations/7eca4add104a1979e62a.txt,,,
22babd2a628979263cfc8e47,method,"public static <E> java.util.List<E> checkedList(java.util.List<E>, java.lang.Class<E>);",binary_declaration,tmp\authoritative_artifacts\jdk8\extracted\jdk8u504-b01\jre\lib\rt.jar,declarations/7eca4add104a1979e62a.txt,,,
22babd2a628979263cfc8e47,method,"public static <T> java.util.List<T> nCopies(int, T);",binary_declaration,tmp\authoritative_artifacts\jdk8\extracted\jdk8u504-b01\jre\lib\rt.jar,declarations/7eca4add104a1979e62a.txt,,,
22babd2a628979263cfc8e47,method,public static <T> java.util.List<T> singletonList(T);,binary_declaration,tmp\authoritative_artifacts\jdk8\extracted\jdk8u504-b01\jre\lib\rt.jar,declarations/7eca4add104a1979e62a.txt,,,
22babd2a628979263cfc8e47,method,public static <T> java.util.List<T> synchronizedList(java.util.List<T>);,binary_declaration,tmp\authoritative_artifacts\jdk8\extracted\jdk8u504-b01\jre\lib\rt.jar,declarations/7eca4add104a1979e62a.txt,,,
22babd2a628979263cfc8e47,method,public static <T> java.util.List<T> unmodifiableList(java.util.List<? extends T>);,binary_declaration,tmp\authoritative_artifacts\jdk8\extracted\jdk8u504-b01\jre\lib\rt.jar,declarations/7eca4add104a1979e62a.txt,,,
22babd2a628979263cfc8e47,method,public static final <T> java.util.List<T> emptyList();,binary_declaration,tmp\authoritative_artifacts\jdk8\extracted\jdk8u504-b01\jre\lib\rt.jar,declarations/7eca4add104a1979e62a.txt,,,
a6ae800bb5b037d6f6cda3a0,method,public static <T> java.util.ListIterator<T> emptyListIterator();,binary_declaration,tmp\authoritative_artifacts\jdk8\extracted\jdk8u504-b01\jre\lib\rt.jar,declarations/7eca4add104a1979e62a.txt,,,
829531959c54324523315b37,method,"public static <E> java.util.Set<E> newSetFromMap(java.util.Map<E, java.lang.Boolean>);",binary_declaration,tmp\authoritative_artifacts\jdk8\extracted\jdk8u504-b01\jre\lib\rt.jar,declarations/7eca4add104a1979e62a.txt,,,
829531959c54324523315b37,method,"public static <K, V> java.util.Map<K, V> checkedMap(java.util.Map<K, V>, java.lang.Class<K>, java.lang.Class<V>);",binary_declaration,tmp\authoritative_artifacts\jdk8\extracted\jdk8u504-b01\jre\lib\rt.jar,declarations/7eca4add104a1979e62a.txt,,,
829531959c54324523315b37,method,"public static <K, V> java.util.Map<K, V> synchronizedMap(java.util.Map<K, V>);",binary_declaration,tmp\authoritative_artifacts\jdk8\extracted\jdk8u504-b01\jre\lib\rt.jar,declarations/7eca4add104a1979e62a.txt,,,
829531959c54324523315b37,method,"public static <K, V> java.util.Map<K, V> unmodifiableMap(java.util.Map<? extends K, ? extends V>);",binary_declaration,tmp\authoritative_artifacts\jdk8\extracted\jdk8u504-b01\jre\lib\rt.jar,declarations/7eca4add104a1979e62a.txt,,,
cbb31b505b2018c6ad7cabab,method,"public static <K, V> java.util.Map<K, V> checkedMap(java.util.Map<K, V>, java.lang.Class<K>, java.lang.Class<V>);",binary_declaration,tmp\authoritative_artifacts\jdk8\extracted\jdk8u504-b01\jre\lib\rt.jar,declarations/7eca4add104a1979e62a.txt,,,
cbb31b505b2018c6ad7cabab,method,"public static <K, V> java.util.Map<K, V> singletonMap(K, V);",binary_declaration,tmp\authoritative_artifacts\jdk8\extracted\jdk8u504-b01\jre\lib\rt.jar,declarations/7eca4add104a1979e62a.txt,,,
cbb31b505b2018c6ad7cabab,method,"public static <K, V> java.util.Map<K, V> synchronizedMap(java.util.Map<K, V>);",binary_declaration,tmp\authoritative_artifacts\jdk8\extracted\jdk8u504-b01\jre\lib\rt.jar,declarations/7eca4add104a1979e62a.txt,,,
cbb31b505b2018c6ad7cabab,method,"public static <K, V> java.util.Map<K, V> unmodifiableMap(java.util.Map<? extends K, ? extends V>);",binary_declaration,tmp\authoritative_artifacts\jdk8\extracted\jdk8u504-b01\jre\lib\rt.jar,declarations/7eca4add104a1979e62a.txt,,,
cbb31b505b2018c6ad7cabab,method,"public static final <K, V> java.util.Map<K, V> emptyMap();",binary_declaration,tmp\authoritative_artifacts\jdk8\extracted\jdk8u504-b01\jre\lib\rt.jar,declarations/7eca4add104a1979e62a.txt,,,
24fef27c1ba0bf79739eb303,method,"public static <E> java.util.Queue<E> checkedQueue(java.util.Queue<E>, java.lang.Class<E>);",binary_declaration,tmp\authoritative_artifacts\jdk8\extracted\jdk8u504-b01\jre\lib\rt.jar,declarations/7eca4add104a1979e62a.txt,,,
dbe86edbc5ac48ef46653068,method,"public static <E> java.util.Queue<E> checkedQueue(java.util.Queue<E>, java.lang.Class<E>);",binary_declaration,tmp\authoritative_artifacts\jdk8\extracted\jdk8u504-b01\jre\lib\rt.jar,declarations/7eca4add104a1979e62a.txt,,,
dbe86edbc5ac48ef46653068,method,public static <T> java.util.Queue<T> asLifoQueue(java.util.Deque<T>);,binary_declaration,tmp\authoritative_artifacts\jdk8\extracted\jdk8u504-b01\jre\lib\rt.jar,declarations/7eca4add104a1979e62a.txt,,,
cebe3557e975967ef5650857,method,"public static void shuffle(java.util.List<?>, java.util.Random);",binary_declaration,tmp\authoritative_artifacts\jdk8\extracted\jdk8u504-b01\jre\lib\rt.jar,declarations/7eca4add104a1979e62a.txt,,,
def2dbd274313bec4608969b,method,"public static <E> java.util.Set<E> checkedSet(java.util.Set<E>, java.lang.Class<E>);",binary_declaration,tmp\authoritative_artifacts\jdk8\extracted\jdk8u504-b01\jre\lib\rt.jar,declarations/7eca4add104a1979e62a.txt,,,
def2dbd274313bec4608969b,method,public static <T> java.util.Set<T> synchronizedSet(java.util.Set<T>);,binary_declaration,tmp\authoritative_artifacts\jdk8\extracted\jdk8u504-b01\jre\lib\rt.jar,declarations/7eca4add104a1979e62a.txt,,,
def2dbd274313bec4608969b,method,public static <T> java.util.Set<T> unmodifiableSet(java.util.Set<? extends T>);,binary_declaration,tmp\authoritative_artifacts\jdk8\extracted\jdk8u504-b01\jre\lib\rt.jar,declarations/7eca4add104a1979e62a.txt,,,
df121ec5224eaa961877edd4,method,"public static <E> java.util.Set<E> checkedSet(java.util.Set<E>, java.lang.Class<E>);",binary_declaration,tmp\authoritative_artifacts\jdk8\extracted\jdk8u504-b01\jre\lib\rt.jar,declarations/7eca4add104a1979e62a.txt,,,
df121ec5224eaa961877edd4,method,"public static <E> java.util.Set<E> newSetFromMap(java.util.Map<E, java.lang.Boolean>);",binary_declaration,tmp\authoritative_artifacts\jdk8\extracted\jdk8u504-b01\jre\lib\rt.jar,declarations/7eca4add104a1979e62a.txt,,,
df121ec5224eaa961877edd4,method,public static <T> java.util.Set<T> singleton(T);,binary_declaration,tmp\authoritative_artifacts\jdk8\extracted\jdk8u504-b01\jre\lib\rt.jar,declarations/7eca4add104a1979e62a.txt,,,
df121ec5224eaa961877edd4,method,public static <T> java.util.Set<T> synchronizedSet(java.util.Set<T>);,binary_declaration,tmp\authoritative_artifacts\jdk8\extracted\jdk8u504-b01\jre\lib\rt.jar,declarations/7eca4add104a1979e62a.txt,,,
df121ec5224eaa961877edd4,method,public static <T> java.util.Set<T> unmodifiableSet(java.util.Set<? extends T>);,binary_declaration,tmp\authoritative_artifacts\jdk8\extracted\jdk8u504-b01\jre\lib\rt.jar,declarations/7eca4add104a1979e62a.txt,,,
df121ec5224eaa961877edd4,method,public static final <T> java.util.Set<T> emptySet();,binary_declaration,tmp\authoritative_artifacts\jdk8\extracted\jdk8u504-b01\jre\lib\rt.jar,declarations/7eca4add104a1979e62a.txt,,,
fcbce3de0baef9d455220fbc,method,"public static <K, V> java.util.SortedMap<K, V> checkedSortedMap(java.util.SortedMap<K, V>, java.lang.Class<K>, java.lang.Class<V>);",binary_declaration,tmp\authoritative_artifacts\jdk8\extracted\jdk8u504-b01\jre\lib\rt.jar,declarations/7eca4add104a1979e62a.txt,,,
fcbce3de0baef9d455220fbc,method,"public static <K, V> java.util.SortedMap<K, V> synchronizedSortedMap(java.util.SortedMap<K, V>);",binary_declaration,tmp\authoritative_artifacts\jdk8\extracted\jdk8u504-b01\jre\lib\rt.jar,declarations/7eca4add104a1979e62a.txt,,,
fcbce3de0baef9d455220fbc,method,"public static <K, V> java.util.SortedMap<K, V> unmodifiableSortedMap(java.util.SortedMap<K, ? extends V>);",binary_declaration,tmp\authoritative_artifacts\jdk8\extracted\jdk8u504-b01\jre\lib\rt.jar,declarations/7eca4add104a1979e62a.txt,,,
2b461b12f11d20ac8888c102,method,"public static <K, V> java.util.SortedMap<K, V> checkedSortedMap(java.util.SortedMap<K, V>, java.lang.Class<K>, java.lang.Class<V>);",binary_declaration,tmp\authoritative_artifacts\jdk8\extracted\jdk8u504-b01\jre\lib\rt.jar,declarations/7eca4add104a1979e62a.txt,,,
2b461b12f11d20ac8888c102,method,"public static <K, V> java.util.SortedMap<K, V> synchronizedSortedMap(java.util.SortedMap<K, V>);",binary_declaration,tmp\authoritative_artifacts\jdk8\extracted\jdk8u504-b01\jre\lib\rt.jar,declarations/7eca4add104a1979e62a.txt,,,
2b461b12f11d20ac8888c102,method,"public static <K, V> java.util.SortedMap<K, V> unmodifiableSortedMap(java.util.SortedMap<K, ? extends V>);",binary_declaration,tmp\authoritative_artifacts\jdk8\extracted\jdk8u504-b01\jre\lib\rt.jar,declarations/7eca4add104a1979e62a.txt,,,
2b461b12f11d20ac8888c102,method,"public static final <K, V> java.util.SortedMap<K, V> emptySortedMap();",binary_declaration,tmp\authoritative_artifacts\jdk8\extracted\jdk8u504-b01\jre\lib\rt.jar,declarations/7eca4add104a1979e62a.txt,,,
a2f474b98544217b65f2c322,method,"public static <E> java.util.SortedSet<E> checkedSortedSet(java.util.SortedSet<E>, java.lang.Class<E>);",binary_declaration,tmp\authoritative_artifacts\jdk8\extracted\jdk8u504-b01\jre\lib\rt.jar,declarations/7eca4add104a1979e62a.txt,,,
a2f474b98544217b65f2c322,method,public static <T> java.util.SortedSet<T> synchronizedSortedSet(java.util.SortedSet<T>);,binary_declaration,tmp\authoritative_artifacts\jdk8\extracted\jdk8u504-b01\jre\lib\rt.jar,declarations/7eca4add104a1979e62a.txt,,,
a2f474b98544217b65f2c322,method,public static <T> java.util.SortedSet<T> unmodifiableSortedSet(java.util.SortedSet<T>);,binary_declaration,tmp\authoritative_artifacts\jdk8\extracted\jdk8u504-b01\jre\lib\rt.jar,declarations/7eca4add104a1979e62a.txt,,,
42b38b1afc48d4eae4152b93,method,"public static <E> java.util.SortedSet<E> checkedSortedSet(java.util.SortedSet<E>, java.lang.Class<E>);",binary_declaration,tmp\authoritative_artifacts\jdk8\extracted\jdk8u504-b01\jre\lib\rt.jar,declarations/7eca4add104a1979e62a.txt,,,
42b38b1afc48d4eae4152b93,method,public static <E> java.util.SortedSet<E> emptySortedSet();,binary_declaration,tmp\authoritative_artifacts\jdk8\extracted\jdk8u504-b01\jre\lib\rt.jar,declarations/7eca4add104a1979e62a.txt,,,
42b38b1afc48d4eae4152b93,method,public static <T> java.util.SortedSet<T> synchronizedSortedSet(java.util.SortedSet<T>);,binary_declaration,tmp\authoritative_artifacts\jdk8\extracted\jdk8u504-b01\jre\lib\rt.jar,declarations/7eca4add104a1979e62a.txt,,,
42b38b1afc48d4eae4152b93,method,public static <T> java.util.SortedSet<T> unmodifiableSortedSet(java.util.SortedSet<T>);,binary_declaration,tmp\authoritative_artifacts\jdk8\extracted\jdk8u504-b01\jre\lib\rt.jar,declarations/7eca4add104a1979e62a.txt,,,
06b282b3a4a23e01adb334c2,method,public abstract boolean equals(java.lang.Object);,binary_declaration,tmp\authoritative_artifacts\jdk8\extracted\jdk8u504-b01\jre\lib\rt.jar,declarations/702c79b2d89c9bdd9397.txt,,,
4830dd1cef291335a4587f9f,constructor,public java.util.ConcurrentModificationException(java.lang.String);,binary_declaration,tmp\authoritative_artifacts\jdk8\extracted\jdk8u504-b01\jre\lib\rt.jar,declarations/5e016c67141dc8a88616.txt,,,
4830dd1cef291335a4587f9f,constructor,"public java.util.ConcurrentModificationException(java.lang.String, java.lang.Throwable);",binary_declaration,tmp\authoritative_artifacts\jdk8\extracted\jdk8u504-b01\jre\lib\rt.jar,declarations/5e016c67141dc8a88616.txt,,,
56f6d7d3680bf3f35a132eb0,method,public abstract boolean contains(java.lang.Object);,binary_declaration,tmp\authoritative_artifacts\jdk8\extracted\jdk8u504-b01\jre\lib\rt.jar,declarations/451fd09c30e250aa52a4.txt,,,
56f6d7d3680bf3f35a132eb0,method,public abstract boolean remove(java.lang.Object);,binary_declaration,tmp\authoritative_artifacts\jdk8\extracted\jdk8u504-b01\jre\lib\rt.jar,declarations/451fd09c30e250aa52a4.txt,,,
56f6d7d3680bf3f35a132eb0,method,public abstract boolean removeFirstOccurrence(java.lang.Object);,binary_declaration,tmp\authoritative_artifacts\jdk8\extracted\jdk8u504-b01\jre\lib\rt.jar,declarations/451fd09c30e250aa52a4.txt,,,
56f6d7d3680bf3f35a132eb0,method,public abstract boolean removeLastOccurrence(java.lang.Object);,binary_declaration,tmp\authoritative_artifacts\jdk8\extracted\jdk8u504-b01\jre\lib\rt.jar,declarations/451fd09c30e250aa52a4.txt,,,
55af9e6b5e5c2ae1ee227c00,type,interface java.util.Deque<E> extends java.util.Queue<E> {,binary_declaration,tmp\authoritative_artifacts\jdk8\extracted\jdk8u504-b01\jre\lib\rt.jar,declarations/451fd09c30e250aa52a4.txt,,,
7fda778bb02b85ae79f6a40d,type,"class java.util.EnumSet<E extends java.lang.Enum<E>> extends java.util.AbstractSet<E> implements java.lang.Cloneable, java.io.Serializable {",binary_declaration,tmp\authoritative_artifacts\jdk8\extracted\jdk8u504-b01\jre\lib\rt.jar,declarations/302d66ba42b2e2347cd9.txt,,,
eec565ad25376094fe6911b2,method,public java.lang.Object clone() throws java.lang.CloneNotSupportedException;,binary_declaration,tmp\authoritative_artifacts\jdk8\extracted\jdk8u504-b01\jre\lib\rt.jar,declarations/302d66ba42b2e2347cd9.txt,,,
36be8f244706ccc56578a9d0,type,"class java.util.EnumSet<E extends java.lang.Enum<E>> extends java.util.AbstractSet<E> implements java.lang.Cloneable, java.io.Serializable {",binary_declaration,tmp\authoritative_artifacts\jdk8\extracted\jdk8u504-b01\jre\lib\rt.jar,declarations/302d66ba42b2e2347cd9.txt,,,
13cf8b9b08167b66ad5b2d31,method,public static <E extends java.lang.Enum<E>> java.util.EnumSet<E> copyOf(java.util.Collection<E>);,binary_declaration,tmp\authoritative_artifacts\jdk8\extracted\jdk8u504-b01\jre\lib\rt.jar,declarations/302d66ba42b2e2347cd9.txt,,,
ed97b7befef13c5b27f87eb4,type,"class java.util.HashMap<K, V> extends java.util.AbstractMap<K, V> implements java.util.Map<K, V>, java.lang.Cloneable, java.io.Serializable {",binary_declaration,tmp\authoritative_artifacts\jdk8\extracted\jdk8u504-b01\jre\lib\rt.jar,declarations/e78be4e4395c20448b95.txt,,,
7aae95b374b91163b6830827,method,public V get(java.lang.Object);,binary_declaration,tmp\authoritative_artifacts\jdk8\extracted\jdk8u504-b01\jre\lib\rt.jar,declarations/e78be4e4395c20448b95.txt,,,
7aae95b374b91163b6830827,method,"public V getOrDefault(java.lang.Object, V);",binary_declaration,tmp\authoritative_artifacts\jdk8\extracted\jdk8u504-b01\jre\lib\rt.jar,declarations/e78be4e4395c20448b95.txt,,,
7aae95b374b91163b6830827,method,public V remove(java.lang.Object);,binary_declaration,tmp\authoritative_artifacts\jdk8\extracted\jdk8u504-b01\jre\lib\rt.jar,declarations/e78be4e4395c20448b95.txt,,,
7aae95b374b91163b6830827,method,public boolean containsKey(java.lang.Object);,binary_declaration,tmp\authoritative_artifacts\jdk8\extracted\jdk8u504-b01\jre\lib\rt.jar,declarations/e78be4e4395c20448b95.txt,,,
7aae95b374b91163b6830827,method,public boolean containsValue(java.lang.Object);,binary_declaration,tmp\authoritative_artifacts\jdk8\extracted\jdk8u504-b01\jre\lib\rt.jar,declarations/e78be4e4395c20448b95.txt,,,
7aae95b374b91163b6830827,method,"public boolean remove(java.lang.Object, java.lang.Object);",binary_declaration,tmp\authoritative_artifacts\jdk8\extracted\jdk8u504-b01\jre\lib\rt.jar,declarations/e78be4e4395c20448b95.txt,,,
0fb8bbdc3dc9e21e4ce16aaf,method,public java.lang.Object clone();,binary_declaration,tmp\authoritative_artifacts\jdk8\extracted\jdk8u504-b01\jre\lib\rt.jar,declarations/e78be4e4395c20448b95.txt,,,
1eefcc8cb4cc37a0f1ade690,type,"class java.util.HashMap<K, V> extends java.util.AbstractMap<K, V> implements java.util.Map<K, V>, java.lang.Cloneable, java.io.Serializable {",binary_declaration,tmp\authoritative_artifacts\jdk8\extracted\jdk8u504-b01\jre\lib\rt.jar,declarations/e78be4e4395c20448b95.txt,,,
5ff279b9ac7cb081f054d784,method,public java.util.Collection<V> values();,binary_declaration,tmp\authoritative_artifacts\jdk8\extracted\jdk8u504-b01\jre\lib\rt.jar,declarations/e78be4e4395c20448b95.txt,,,
da4a7847d19cf6bc0320c044,constructor,"public java.util.HashMap(java.util.Map<? extends K, ? extends V>);",binary_declaration,tmp\authoritative_artifacts\jdk8\extracted\jdk8u504-b01\jre\lib\rt.jar,declarations/e78be4e4395c20448b95.txt,,,
da4a7847d19cf6bc0320c044,method,"public void putAll(java.util.Map<? extends K, ? extends V>);",binary_declaration,tmp\authoritative_artifacts\jdk8\extracted\jdk8u504-b01\jre\lib\rt.jar,declarations/e78be4e4395c20448b95.txt,,,
071738f27a6536d93c680af5,type,"class java.util.HashMap<K, V> extends java.util.AbstractMap<K, V> implements java.util.Map<K, V>, java.lang.Cloneable, java.io.Serializable {",binary_declaration,tmp\authoritative_artifacts\jdk8\extracted\jdk8u504-b01\jre\lib\rt.jar,declarations/e78be4e4395c20448b95.txt,,,
b584132b1f96073042b031d3,method,public java.util.Set<K> keySet();,binary_declaration,tmp\authoritative_artifacts\jdk8\extracted\jdk8u504-b01\jre\lib\rt.jar,declarations/e78be4e4395c20448b95.txt,,,
b584132b1f96073042b031d3,method,"public java.util.Set<java.util.Map$Entry<K, V>> entrySet();",binary_declaration,tmp\authoritative_artifacts\jdk8\extracted\jdk8u504-b01\jre\lib\rt.jar,declarations/e78be4e4395c20448b95.txt,,,
883d3096c437347a793d3e1c,type,"class java.util.HashSet<E> extends java.util.AbstractSet<E> implements java.util.Set<E>, java.lang.Cloneable, java.io.Serializable {",binary_declaration,tmp\authoritative_artifacts\jdk8\extracted\jdk8u504-b01\jre\lib\rt.jar,declarations/2c81d5edd4938dfed569.txt,,,
68de749d6d9bfa7e3c7b45c9,method,public boolean contains(java.lang.Object);,binary_declaration,tmp\authoritative_artifacts\jdk8\extracted\jdk8u504-b01\jre\lib\rt.jar,declarations/2c81d5edd4938dfed569.txt,,,
68de749d6d9bfa7e3c7b45c9,method,public boolean remove(java.lang.Object);,binary_declaration,tmp\authoritative_artifacts\jdk8\extracted\jdk8u504-b01\jre\lib\rt.jar,declarations/2c81d5edd4938dfed569.txt,,,
f1ef668f54305c715450db4e,method,public java.lang.Object clone();,binary_declaration,tmp\authoritative_artifacts\jdk8\extracted\jdk8u504-b01\jre\lib\rt.jar,declarations/2c81d5edd4938dfed569.txt,,,
127979495c1ea9351205f779,type,"class java.util.HashSet<E> extends java.util.AbstractSet<E> implements java.util.Set<E>, java.lang.Cloneable, java.io.Serializable {",binary_declaration,tmp\authoritative_artifacts\jdk8\extracted\jdk8u504-b01\jre\lib\rt.jar,declarations/2c81d5edd4938dfed569.txt,,,
dabfe7d7d72cb5451c4afb22,constructor,public java.util.HashSet(java.util.Collection<? extends E>);,binary_declaration,tmp\authoritative_artifacts\jdk8\extracted\jdk8u504-b01\jre\lib\rt.jar,declarations/2c81d5edd4938dfed569.txt,,,
ba07b26cbae43ba7a80f7387,type,"class java.util.HashSet<E> extends java.util.AbstractSet<E> implements java.util.Set<E>, java.lang.Cloneable, java.io.Serializable {",binary_declaration,tmp\authoritative_artifacts\jdk8\extracted\jdk8u504-b01\jre\lib\rt.jar,declarations/2c81d5edd4938dfed569.txt,,,
2ecccf24a1faa4833d3726d7,type,"class java.util.Hashtable<K, V> extends java.util.Dictionary<K, V> implements java.util.Map<K, V>, java.lang.Cloneable, java.io.Serializable {",binary_declaration,tmp\authoritative_artifacts\jdk8\extracted\jdk8u504-b01\jre\lib\rt.jar,declarations/d7429ad1d4b6731d0ac6.txt,,,
c98e5d670910f6445e1fb666,method,public boolean containsValue(java.lang.Object);,binary_declaration,tmp\authoritative_artifacts\jdk8\extracted\jdk8u504-b01\jre\lib\rt.jar,declarations/d7429ad1d4b6731d0ac6.txt,,,
c98e5d670910f6445e1fb666,method,public synchronized V get(java.lang.Object);,binary_declaration,tmp\authoritative_artifacts\jdk8\extracted\jdk8u504-b01\jre\lib\rt.jar,declarations/d7429ad1d4b6731d0ac6.txt,,,
c98e5d670910f6445e1fb666,method,"public synchronized V getOrDefault(java.lang.Object, V);",binary_declaration,tmp\authoritative_artifacts\jdk8\extracted\jdk8u504-b01\jre\lib\rt.jar,declarations/d7429ad1d4b6731d0ac6.txt,,,
c98e5d670910f6445e1fb666,method,public synchronized V remove(java.lang.Object);,binary_declaration,tmp\authoritative_artifacts\jdk8\extracted\jdk8u504-b01\jre\lib\rt.jar,declarations/d7429ad1d4b6731d0ac6.txt,,,
c98e5d670910f6445e1fb666,method,public synchronized boolean contains(java.lang.Object);,binary_declaration,tmp\authoritative_artifacts\jdk8\extracted\jdk8u504-b01\jre\lib\rt.jar,declarations/d7429ad1d4b6731d0ac6.txt,,,
c98e5d670910f6445e1fb666,method,public synchronized boolean containsKey(java.lang.Object);,binary_declaration,tmp\authoritative_artifacts\jdk8\extracted\jdk8u504-b01\jre\lib\rt.jar,declarations/d7429ad1d4b6731d0ac6.txt,,,
c98e5d670910f6445e1fb666,method,public synchronized boolean equals(java.lang.Object);,binary_declaration,tmp\authoritative_artifacts\jdk8\extracted\jdk8u504-b01\jre\lib\rt.jar,declarations/d7429ad1d4b6731d0ac6.txt,,,
c98e5d670910f6445e1fb666,method,"public synchronized boolean remove(java.lang.Object, java.lang.Object);",binary_declaration,tmp\authoritative_artifacts\jdk8\extracted\jdk8u504-b01\jre\lib\rt.jar,declarations/d7429ad1d4b6731d0ac6.txt,,,
89dce282115a23b8754701ed,method,public synchronized java.lang.Object clone();,binary_declaration,tmp\authoritative_artifacts\jdk8\extracted\jdk8u504-b01\jre\lib\rt.jar,declarations/d7429ad1d4b6731d0ac6.txt,,,
8530f69982b7bf615c20c6fc,method,public synchronized java.lang.String toString();,binary_declaration,tmp\authoritative_artifacts\jdk8\extracted\jdk8u504-b01\jre\lib\rt.jar,declarations/d7429ad1d4b6731d0ac6.txt,,,
2198690f5db77b026fd057ae,method,public java.util.Collection<V> values();,binary_declaration,tmp\authoritative_artifacts\jdk8\extracted\jdk8u504-b01\jre\lib\rt.jar,declarations/d7429ad1d4b6731d0ac6.txt,,,
ef4260771a1a9c6df9263c75,method,public synchronized java.util.Enumeration<K> keys();,binary_declaration,tmp\authoritative_artifacts\jdk8\extracted\jdk8u504-b01\jre\lib\rt.jar,declarations/d7429ad1d4b6731d0ac6.txt,,,
ef4260771a1a9c6df9263c75,method,public synchronized java.util.Enumeration<V> elements();,binary_declaration,tmp\authoritative_artifacts\jdk8\extracted\jdk8u504-b01\jre\lib\rt.jar,declarations/d7429ad1d4b6731d0ac6.txt,,,
81eaec29e24ee0a3686ad554,constructor,"public java.util.Hashtable(java.util.Map<? extends K, ? extends V>);",binary_declaration,tmp\authoritative_artifacts\jdk8\extracted\jdk8u504-b01\jre\lib\rt.jar,declarations/d7429ad1d4b6731d0ac6.txt,,,
81eaec29e24ee0a3686ad554,method,"public synchronized void putAll(java.util.Map<? extends K, ? extends V>);",binary_declaration,tmp\authoritative_artifacts\jdk8\extracted\jdk8u504-b01\jre\lib\rt.jar,declarations/d7429ad1d4b6731d0ac6.txt,,,
cbd7fde49e190284a3542b02,type,"class java.util.Hashtable<K, V> extends java.util.Dictionary<K, V> implements java.util.Map<K, V>, java.lang.Cloneable, java.io.Serializable {",binary_declaration,tmp\authoritative_artifacts\jdk8\extracted\jdk8u504-b01\jre\lib\rt.jar,declarations/d7429ad1d4b6731d0ac6.txt,,,
8a51ddc3dc2f79ea932b48bb,method,public java.util.Set<K> keySet();,binary_declaration,tmp\authoritative_artifacts\jdk8\extracted\jdk8u504-b01\jre\lib\rt.jar,declarations/d7429ad1d4b6731d0ac6.txt,,,
8a51ddc3dc2f79ea932b48bb,method,"public java.util.Set<java.util.Map$Entry<K, V>> entrySet();",binary_declaration,tmp\authoritative_artifacts\jdk8\extracted\jdk8u504-b01\jre\lib\rt.jar,declarations/d7429ad1d4b6731d0ac6.txt,,,
b6c4efa11cfd0237a2bbc32e,type,"class java.util.IdentityHashMap<K, V> extends java.util.AbstractMap<K, V> implements java.util.Map<K, V>, java.io.Serializable, java.lang.Cloneable {",binary_declaration,tmp\authoritative_artifacts\jdk8\extracted\jdk8u504-b01\jre\lib\rt.jar,declarations/0f49907adfed1ea69f61.txt,,,
3042285807de077422466426,method,public V get(java.lang.Object);,binary_declaration,tmp\authoritative_artifacts\jdk8\extracted\jdk8u504-b01\jre\lib\rt.jar,declarations/0f49907adfed1ea69f61.txt,,,
3042285807de077422466426,method,public V remove(java.lang.Object);,binary_declaration,tmp\authoritative_artifacts\jdk8\extracted\jdk8u504-b01\jre\lib\rt.jar,declarations/0f49907adfed1ea69f61.txt,,,
3042285807de077422466426,method,public boolean containsKey(java.lang.Object);,binary_declaration,tmp\authoritative_artifacts\jdk8\extracted\jdk8u504-b01\jre\lib\rt.jar,declarations/0f49907adfed1ea69f61.txt,,,
3042285807de077422466426,method,public boolean containsValue(java.lang.Object);,binary_declaration,tmp\authoritative_artifacts\jdk8\extracted\jdk8u504-b01\jre\lib\rt.jar,declarations/0f49907adfed1ea69f61.txt,,,
3042285807de077422466426,method,public boolean equals(java.lang.Object);,binary_declaration,tmp\authoritative_artifacts\jdk8\extracted\jdk8u504-b01\jre\lib\rt.jar,declarations/0f49907adfed1ea69f61.txt,,,
09f86f18549aec9341c48cd7,method,public java.lang.Object clone();,binary_declaration,tmp\authoritative_artifacts\jdk8\extracted\jdk8u504-b01\jre\lib\rt.jar,declarations/0f49907adfed1ea69f61.txt,,,
9787c0e93838a20f88b080b8,type,"class java.util.IdentityHashMap<K, V> extends java.util.AbstractMap<K, V> implements java.util.Map<K, V>, java.io.Serializable, java.lang.Cloneable {",binary_declaration,tmp\authoritative_artifacts\jdk8\extracted\jdk8u504-b01\jre\lib\rt.jar,declarations/0f49907adfed1ea69f61.txt,,,
3a8582b6771bdc435eca77d2,method,public java.util.Collection<V> values();,binary_declaration,tmp\authoritative_artifacts\jdk8\extracted\jdk8u504-b01\jre\lib\rt.jar,declarations/0f49907adfed1ea69f61.txt,,,
a2164a621fb260a83bb2fedf,constructor,"public java.util.IdentityHashMap(java.util.Map<? extends K, ? extends V>);",binary_declaration,tmp\authoritative_artifacts\jdk8\extracted\jdk8u504-b01\jre\lib\rt.jar,declarations/0f49907adfed1ea69f61.txt,,,
a2164a621fb260a83bb2fedf,method,"public void putAll(java.util.Map<? extends K, ? extends V>);",binary_declaration,tmp\authoritative_artifacts\jdk8\extracted\jdk8u504-b01\jre\lib\rt.jar,declarations/0f49907adfed1ea69f61.txt,,,
2418470bf18e65ee93e08ac2,type,"class java.util.IdentityHashMap<K, V> extends java.util.AbstractMap<K, V> implements java.util.Map<K, V>, java.io.Serializable, java.lang.Cloneable {",binary_declaration,tmp\authoritative_artifacts\jdk8\extracted\jdk8u504-b01\jre\lib\rt.jar,declarations/0f49907adfed1ea69f61.txt,,,
3c7b46205627e0fd506cbf65,method,public java.util.Set<K> keySet();,binary_declaration,tmp\authoritative_artifacts\jdk8\extracted\jdk8u504-b01\jre\lib\rt.jar,declarations/0f49907adfed1ea69f61.txt,,,
3c7b46205627e0fd506cbf65,method,"public java.util.Set<java.util.Map$Entry<K, V>> entrySet();",binary_declaration,tmp\authoritative_artifacts\jdk8\extracted\jdk8u504-b01\jre\lib\rt.jar,declarations/0f49907adfed1ea69f61.txt,,,
96d4bd039c8a26de657c7a63,method,public V get(java.lang.Object);,binary_declaration,tmp\authoritative_artifacts\jdk8\extracted\jdk8u504-b01\jre\lib\rt.jar,declarations/ac58e215437948051154.txt,,,
96d4bd039c8a26de657c7a63,method,"public V getOrDefault(java.lang.Object, V);",binary_declaration,tmp\authoritative_artifacts\jdk8\extracted\jdk8u504-b01\jre\lib\rt.jar,declarations/ac58e215437948051154.txt,,,
96d4bd039c8a26de657c7a63,method,public boolean containsValue(java.lang.Object);,binary_declaration,tmp\authoritative_artifacts\jdk8\extracted\jdk8u504-b01\jre\lib\rt.jar,declarations/ac58e215437948051154.txt,,,
7d1622377c57203a66a45657,method,public java.util.Collection<V> values();,binary_declaration,tmp\authoritative_artifacts\jdk8\extracted\jdk8u504-b01\jre\lib\rt.jar,declarations/ac58e215437948051154.txt,,,
b6ca67bf1b3c23e2a9c48eac,type,"class java.util.LinkedHashMap<K, V> extends java.util.HashMap<K, V> implements java.util.Map<K, V> {",binary_declaration,tmp\authoritative_artifacts\jdk8\extracted\jdk8u504-b01\jre\lib\rt.jar,declarations/ac58e215437948051154.txt,,,
c48622be7e4c42c42f25a4e1,constructor,"public java.util.LinkedHashMap(java.util.Map<? extends K, ? extends V>);",binary_declaration,tmp\authoritative_artifacts\jdk8\extracted\jdk8u504-b01\jre\lib\rt.jar,declarations/ac58e215437948051154.txt,,,
d260c93f51cf38cd2ab9fa19,type,"class java.util.LinkedHashMap<K, V> extends java.util.HashMap<K, V> implements java.util.Map<K, V> {",binary_declaration,tmp\authoritative_artifacts\jdk8\extracted\jdk8u504-b01\jre\lib\rt.jar,declarations/ac58e215437948051154.txt,,,
2afe89fe84f9bcd051489e74,method,public java.util.Set<K> keySet();,binary_declaration,tmp\authoritative_artifacts\jdk8\extracted\jdk8u504-b01\jre\lib\rt.jar,declarations/ac58e215437948051154.txt,,,
2afe89fe84f9bcd051489e74,method,"public java.util.Set<java.util.Map$Entry<K, V>> entrySet();",binary_declaration,tmp\authoritative_artifacts\jdk8\extracted\jdk8u504-b01\jre\lib\rt.jar,declarations/ac58e215437948051154.txt,,,
c289955b3af09e7f4fbe220f,type,"class java.util.LinkedHashSet<E> extends java.util.HashSet<E> implements java.util.Set<E>, java.lang.Cloneable, java.io.Serializable {",binary_declaration,tmp\authoritative_artifacts\jdk8\extracted\jdk8u504-b01\jre\lib\rt.jar,declarations/9c245b0470296fea2202.txt,,,
9aafae056f49cab5f82593ac,constructor,public java.util.LinkedHashSet(java.util.Collection<? extends E>);,binary_declaration,tmp\authoritative_artifacts\jdk8\extracted\jdk8u504-b01\jre\lib\rt.jar,declarations/9c245b0470296fea2202.txt,,,
5c86772a2d16c3e73a58b9ed,type,"class java.util.LinkedHashSet<E> extends java.util.HashSet<E> implements java.util.Set<E>, java.lang.Cloneable, java.io.Serializable {",binary_declaration,tmp\authoritative_artifacts\jdk8\extracted\jdk8u504-b01\jre\lib\rt.jar,declarations/9c245b0470296fea2202.txt,,,
dec5263cc6b2cc4e514af2ef,type,"class java.util.LinkedHashSet<E> extends java.util.HashSet<E> implements java.util.Set<E>, java.lang.Cloneable, java.io.Serializable {",binary_declaration,tmp\authoritative_artifacts\jdk8\extracted\jdk8u504-b01\jre\lib\rt.jar,declarations/9c245b0470296fea2202.txt,,,
bbc98ff6e1287a375d253de5,type,"class java.util.LinkedList<E> extends java.util.AbstractSequentialList<E> implements java.util.List<E>, java.util.Deque<E>, java.lang.Cloneable, java.io.Serializable {",binary_declaration,tmp\authoritative_artifacts\jdk8\extracted\jdk8u504-b01\jre\lib\rt.jar,declarations/7455202c0ff2d7a77059.txt,,,
d3010249339b7f2f5b398a13,method,public boolean contains(java.lang.Object);,binary_declaration,tmp\authoritative_artifacts\jdk8\extracted\jdk8u504-b01\jre\lib\rt.jar,declarations/7455202c0ff2d7a77059.txt,,,
d3010249339b7f2f5b398a13,method,public boolean remove(java.lang.Object);,binary_declaration,tmp\authoritative_artifacts\jdk8\extracted\jdk8u504-b01\jre\lib\rt.jar,declarations/7455202c0ff2d7a77059.txt,,,
d3010249339b7f2f5b398a13,method,public boolean removeFirstOccurrence(java.lang.Object);,binary_declaration,tmp\authoritative_artifacts\jdk8\extracted\jdk8u504-b01\jre\lib\rt.jar,declarations/7455202c0ff2d7a77059.txt,,,
d3010249339b7f2f5b398a13,method,public boolean removeLastOccurrence(java.lang.Object);,binary_declaration,tmp\authoritative_artifacts\jdk8\extracted\jdk8u504-b01\jre\lib\rt.jar,declarations/7455202c0ff2d7a77059.txt,,,
d3010249339b7f2f5b398a13,method,public int indexOf(java.lang.Object);,binary_declaration,tmp\authoritative_artifacts\jdk8\extracted\jdk8u504-b01\jre\lib\rt.jar,declarations/7455202c0ff2d7a77059.txt,,,
d3010249339b7f2f5b398a13,method,public int lastIndexOf(java.lang.Object);,binary_declaration,tmp\authoritative_artifacts\jdk8\extracted\jdk8u504-b01\jre\lib\rt.jar,declarations/7455202c0ff2d7a77059.txt,,,
42319457fa0e0eb4f851c575,method,public java.lang.Object clone();,binary_declaration,tmp\authoritative_artifacts\jdk8\extracted\jdk8u504-b01\jre\lib\rt.jar,declarations/7455202c0ff2d7a77059.txt,,,
42319457fa0e0eb4f851c575,method,public java.lang.Object[] toArray();,binary_declaration,tmp\authoritative_artifacts\jdk8\extracted\jdk8u504-b01\jre\lib\rt.jar,declarations/7455202c0ff2d7a77059.txt,,,
b33971c403be7717394fa81f,method,"public boolean addAll(int, java.util.Collection<? extends E>);",binary_declaration,tmp\authoritative_artifacts\jdk8\extracted\jdk8u504-b01\jre\lib\rt.jar,declarations/7455202c0ff2d7a77059.txt,,,
b33971c403be7717394fa81f,method,public boolean addAll(java.util.Collection<? extends E>);,binary_declaration,tmp\authoritative_artifacts\jdk8\extracted\jdk8u504-b01\jre\lib\rt.jar,declarations/7455202c0ff2d7a77059.txt,,,
b33971c403be7717394fa81f,constructor,public java.util.LinkedList(java.util.Collection<? extends E>);,binary_declaration,tmp\authoritative_artifacts\jdk8\extracted\jdk8u504-b01\jre\lib\rt.jar,declarations/7455202c0ff2d7a77059.txt,,,
bf3ce72ab636519f9ba9efb5,type,"class java.util.LinkedList<E> extends java.util.AbstractSequentialList<E> implements java.util.List<E>, java.util.Deque<E>, java.lang.Cloneable, java.io.Serializable {",binary_declaration,tmp\authoritative_artifacts\jdk8\extracted\jdk8u504-b01\jre\lib\rt.jar,declarations/7455202c0ff2d7a77059.txt,,,
d2f6a93436ce9b87cdbab67d,type,"class java.util.LinkedList<E> extends java.util.AbstractSequentialList<E> implements java.util.List<E>, java.util.Deque<E>, java.lang.Cloneable, java.io.Serializable {",binary_declaration,tmp\authoritative_artifacts\jdk8\extracted\jdk8u504-b01\jre\lib\rt.jar,declarations/7455202c0ff2d7a77059.txt,,,
adb37d57992e70302092b5a4,method,public java.util.ListIterator<E> listIterator(int);,binary_declaration,tmp\authoritative_artifacts\jdk8\extracted\jdk8u504-b01\jre\lib\rt.jar,declarations/7455202c0ff2d7a77059.txt,,,
a233a2ea2c8f9cf0ad962af9,method,public abstract boolean contains(java.lang.Object);,binary_declaration,tmp\authoritative_artifacts\jdk8\extracted\jdk8u504-b01\jre\lib\rt.jar,declarations/a0fb13f6304249a5d375.txt,,,
a233a2ea2c8f9cf0ad962af9,method,public abstract boolean equals(java.lang.Object);,binary_declaration,tmp\authoritative_artifacts\jdk8\extracted\jdk8u504-b01\jre\lib\rt.jar,declarations/a0fb13f6304249a5d375.txt,,,
a233a2ea2c8f9cf0ad962af9,method,public abstract boolean remove(java.lang.Object);,binary_declaration,tmp\authoritative_artifacts\jdk8\extracted\jdk8u504-b01\jre\lib\rt.jar,declarations/a0fb13f6304249a5d375.txt,,,
a233a2ea2c8f9cf0ad962af9,method,public abstract int indexOf(java.lang.Object);,binary_declaration,tmp\authoritative_artifacts\jdk8\extracted\jdk8u504-b01\jre\lib\rt.jar,declarations/a0fb13f6304249a5d375.txt,,,
a233a2ea2c8f9cf0ad962af9,method,public abstract int lastIndexOf(java.lang.Object);,binary_declaration,tmp\authoritative_artifacts\jdk8\extracted\jdk8u504-b01\jre\lib\rt.jar,declarations/a0fb13f6304249a5d375.txt,,,
2ed0d70815ee5f6183c6c366,method,public abstract java.lang.Object[] toArray();,binary_declaration,tmp\authoritative_artifacts\jdk8\extracted\jdk8u504-b01\jre\lib\rt.jar,declarations/a0fb13f6304249a5d375.txt,,,
29fbc4ca9389aa2606a044e0,method,"public abstract boolean addAll(int, java.util.Collection<? extends E>);",binary_declaration,tmp\authoritative_artifacts\jdk8\extracted\jdk8u504-b01\jre\lib\rt.jar,declarations/a0fb13f6304249a5d375.txt,,,
29fbc4ca9389aa2606a044e0,method,public abstract boolean addAll(java.util.Collection<? extends E>);,binary_declaration,tmp\authoritative_artifacts\jdk8\extracted\jdk8u504-b01\jre\lib\rt.jar,declarations/a0fb13f6304249a5d375.txt,,,
29fbc4ca9389aa2606a044e0,method,public abstract boolean containsAll(java.util.Collection<?>);,binary_declaration,tmp\authoritative_artifacts\jdk8\extracted\jdk8u504-b01\jre\lib\rt.jar,declarations/a0fb13f6304249a5d375.txt,,,
29fbc4ca9389aa2606a044e0,method,public abstract boolean removeAll(java.util.Collection<?>);,binary_declaration,tmp\authoritative_artifacts\jdk8\extracted\jdk8u504-b01\jre\lib\rt.jar,declarations/a0fb13f6304249a5d375.txt,,,
29fbc4ca9389aa2606a044e0,method,public abstract boolean retainAll(java.util.Collection<?>);,binary_declaration,tmp\authoritative_artifacts\jdk8\extracted\jdk8u504-b01\jre\lib\rt.jar,declarations/a0fb13f6304249a5d375.txt,,,
59adad53c8db7e8cc4575971,type,interface java.util.List<E> extends java.util.Collection<E> {,binary_declaration,tmp\authoritative_artifacts\jdk8\extracted\jdk8u504-b01\jre\lib\rt.jar,declarations/a0fb13f6304249a5d375.txt,,,
78f3cb6027af3a69274b82f8,method,public void sort(java.util.Comparator<? super E>);,binary_declaration,tmp\authoritative_artifacts\jdk8\extracted\jdk8u504-b01\jre\lib\rt.jar,declarations/a0fb13f6304249a5d375.txt,,,
97863a97d84194761cce6136,method,public abstract java.util.ListIterator<E> listIterator();,binary_declaration,tmp\authoritative_artifacts\jdk8\extracted\jdk8u504-b01\jre\lib\rt.jar,declarations/a0fb13f6304249a5d375.txt,,,
97863a97d84194761cce6136,method,public abstract java.util.ListIterator<E> listIterator(int);,binary_declaration,tmp\authoritative_artifacts\jdk8\extracted\jdk8u504-b01\jre\lib\rt.jar,declarations/a0fb13f6304249a5d375.txt,,,
c10ae4ef1974db2255c18082,method,"public V getOrDefault(java.lang.Object, V);",binary_declaration,tmp\authoritative_artifacts\jdk8\extracted\jdk8u504-b01\jre\lib\rt.jar,declarations/792667ecf0251b77ca97.txt,,,
c10ae4ef1974db2255c18082,method,public abstract V get(java.lang.Object);,binary_declaration,tmp\authoritative_artifacts\jdk8\extracted\jdk8u504-b01\jre\lib\rt.jar,declarations/792667ecf0251b77ca97.txt,,,
c10ae4ef1974db2255c18082,method,public abstract V remove(java.lang.Object);,binary_declaration,tmp\authoritative_artifacts\jdk8\extracted\jdk8u504-b01\jre\lib\rt.jar,declarations/792667ecf0251b77ca97.txt,,,
c10ae4ef1974db2255c18082,method,public abstract boolean containsKey(java.lang.Object);,binary_declaration,tmp\authoritative_artifacts\jdk8\extracted\jdk8u504-b01\jre\lib\rt.jar,declarations/792667ecf0251b77ca97.txt,,,
c10ae4ef1974db2255c18082,method,public abstract boolean containsValue(java.lang.Object);,binary_declaration,tmp\authoritative_artifacts\jdk8\extracted\jdk8u504-b01\jre\lib\rt.jar,declarations/792667ecf0251b77ca97.txt,,,
c10ae4ef1974db2255c18082,method,public abstract boolean equals(java.lang.Object);,binary_declaration,tmp\authoritative_artifacts\jdk8\extracted\jdk8u504-b01\jre\lib\rt.jar,declarations/792667ecf0251b77ca97.txt,,,
c10ae4ef1974db2255c18082,method,"public boolean remove(java.lang.Object, java.lang.Object);",binary_declaration,tmp\authoritative_artifacts\jdk8\extracted\jdk8u504-b01\jre\lib\rt.jar,declarations/792667ecf0251b77ca97.txt,,,
0d3184995a2402e2b28ccea4,method,public abstract java.util.Collection<V> values();,binary_declaration,tmp\authoritative_artifacts\jdk8\extracted\jdk8u504-b01\jre\lib\rt.jar,declarations/792667ecf0251b77ca97.txt,,,
354ffe793af82b3439f77a4e,method,public abstract java.util.Set<K> keySet();,binary_declaration,tmp\authoritative_artifacts\jdk8\extracted\jdk8u504-b01\jre\lib\rt.jar,declarations/792667ecf0251b77ca97.txt,,,
354ffe793af82b3439f77a4e,method,"public abstract java.util.Set<java.util.Map$Entry<K, V>> entrySet();",binary_declaration,tmp\authoritative_artifacts\jdk8\extracted\jdk8u504-b01\jre\lib\rt.jar,declarations/792667ecf0251b77ca97.txt,,,
4316096d03a7b7804d7cf3cf,type,class java.util.PriorityQueue<E> extends java.util.AbstractQueue<E> implements java.io.Serializable {,binary_declaration,tmp\authoritative_artifacts\jdk8\extracted\jdk8u504-b01\jre\lib\rt.jar,declarations/040f7f630a5b7ed745ea.txt,,,
f47a7ab09d9ed1a30b508fd5,method,public boolean contains(java.lang.Object);,binary_declaration,tmp\authoritative_artifacts\jdk8\extracted\jdk8u504-b01\jre\lib\rt.jar,declarations/040f7f630a5b7ed745ea.txt,,,
f47a7ab09d9ed1a30b508fd5,method,public boolean remove(java.lang.Object);,binary_declaration,tmp\authoritative_artifacts\jdk8\extracted\jdk8u504-b01\jre\lib\rt.jar,declarations/040f7f630a5b7ed745ea.txt,,,
e3ec671d0b25170cbfad04f9,method,public java.lang.Object[] toArray();,binary_declaration,tmp\authoritative_artifacts\jdk8\extracted\jdk8u504-b01\jre\lib\rt.jar,declarations/040f7f630a5b7ed745ea.txt,,,
7ed41089023ba68ce21b7047,constructor,public java.util.PriorityQueue(java.util.Collection<? extends E>);,binary_declaration,tmp\authoritative_artifacts\jdk8\extracted\jdk8u504-b01\jre\lib\rt.jar,declarations/040f7f630a5b7ed745ea.txt,,,
262f587302ca747de4f566d2,constructor,"public java.util.PriorityQueue(int, java.util.Comparator<? super E>);",binary_declaration,tmp\authoritative_artifacts\jdk8\extracted\jdk8u504-b01\jre\lib\rt.jar,declarations/040f7f630a5b7ed745ea.txt,,,
262f587302ca747de4f566d2,constructor,public java.util.PriorityQueue(java.util.Comparator<? super E>);,binary_declaration,tmp\authoritative_artifacts\jdk8\extracted\jdk8u504-b01\jre\lib\rt.jar,declarations/040f7f630a5b7ed745ea.txt,,,
8a64340429902e66e818b867,method,public java.util.Comparator<? super E> comparator();,binary_declaration,tmp\authoritative_artifacts\jdk8\extracted\jdk8u504-b01\jre\lib\rt.jar,declarations/040f7f630a5b7ed745ea.txt,,,
b859bd48b07e684d822cfae7,constructor,public java.util.PriorityQueue(java.util.SortedSet<? extends E>);,binary_declaration,tmp\authoritative_artifacts\jdk8\extracted\jdk8u504-b01\jre\lib\rt.jar,declarations/040f7f630a5b7ed745ea.txt,,,
d58597fd0b0f8e66993df9dd,type,interface java.util.Queue<E> extends java.util.Collection<E> {,binary_declaration,tmp\authoritative_artifacts\jdk8\extracted\jdk8u504-b01\jre\lib\rt.jar,declarations/3dc0edcabc4ad81de19e.txt,,,
82329dd24bc207a0c54fc90c,type,class java.util.Random implements java.io.Serializable {,binary_declaration,tmp\authoritative_artifacts\jdk8\extracted\jdk8u504-b01\jre\lib\rt.jar,declarations/2d4b89ebc904f1cec1cb.txt,,,
16a5c68a205a81ec3a2b0ab2,method,public abstract boolean contains(java.lang.Object);,binary_declaration,tmp\authoritative_artifacts\jdk8\extracted\jdk8u504-b01\jre\lib\rt.jar,declarations/46c7ba135e7e2e9f0b8d.txt,,,
16a5c68a205a81ec3a2b0ab2,method,public abstract boolean equals(java.lang.Object);,binary_declaration,tmp\authoritative_artifacts\jdk8\extracted\jdk8u504-b01\jre\lib\rt.jar,declarations/46c7ba135e7e2e9f0b8d.txt,,,
16a5c68a205a81ec3a2b0ab2,method,public abstract boolean remove(java.lang.Object);,binary_declaration,tmp\authoritative_artifacts\jdk8\extracted\jdk8u504-b01\jre\lib\rt.jar,declarations/46c7ba135e7e2e9f0b8d.txt,,,
e80fdbe2b5402186cb50e3da,method,public abstract java.lang.Object[] toArray();,binary_declaration,tmp\authoritative_artifacts\jdk8\extracted\jdk8u504-b01\jre\lib\rt.jar,declarations/46c7ba135e7e2e9f0b8d.txt,,,
c0d59d689e90fa47d48811e5,method,public abstract boolean addAll(java.util.Collection<? extends E>);,binary_declaration,tmp\authoritative_artifacts\jdk8\extracted\jdk8u504-b01\jre\lib\rt.jar,declarations/46c7ba135e7e2e9f0b8d.txt,,,
c0d59d689e90fa47d48811e5,method,public abstract boolean containsAll(java.util.Collection<?>);,binary_declaration,tmp\authoritative_artifacts\jdk8\extracted\jdk8u504-b01\jre\lib\rt.jar,declarations/46c7ba135e7e2e9f0b8d.txt,,,
c0d59d689e90fa47d48811e5,method,public abstract boolean removeAll(java.util.Collection<?>);,binary_declaration,tmp\authoritative_artifacts\jdk8\extracted\jdk8u504-b01\jre\lib\rt.jar,declarations/46c7ba135e7e2e9f0b8d.txt,,,
c0d59d689e90fa47d48811e5,method,public abstract boolean retainAll(java.util.Collection<?>);,binary_declaration,tmp\authoritative_artifacts\jdk8\extracted\jdk8u504-b01\jre\lib\rt.jar,declarations/46c7ba135e7e2e9f0b8d.txt,,,
358c7c7ad8a644c77ec1354c,type,interface java.util.Set<E> extends java.util.Collection<E> {,binary_declaration,tmp\authoritative_artifacts\jdk8\extracted\jdk8u504-b01\jre\lib\rt.jar,declarations/46c7ba135e7e2e9f0b8d.txt,,,
5b4dadb942817636a3731a1d,method,public abstract java.util.Collection<V> values();,binary_declaration,tmp\authoritative_artifacts\jdk8\extracted\jdk8u504-b01\jre\lib\rt.jar,declarations/76c30ed2cae603edaabe.txt,,,
da74a92f6e75abc5dc7d94a7,method,public abstract java.util.Comparator<? super K> comparator();,binary_declaration,tmp\authoritative_artifacts\jdk8\extracted\jdk8u504-b01\jre\lib\rt.jar,declarations/76c30ed2cae603edaabe.txt,,,
5dfdf2550440fde16fc28c03,type,"interface java.util.SortedMap<K, V> extends java.util.Map<K, V> {",binary_declaration,tmp\authoritative_artifacts\jdk8\extracted\jdk8u504-b01\jre\lib\rt.jar,declarations/76c30ed2cae603edaabe.txt,,,
f2e345c1576cdf15c69a6f8e,method,public abstract java.util.Set<K> keySet();,binary_declaration,tmp\authoritative_artifacts\jdk8\extracted\jdk8u504-b01\jre\lib\rt.jar,declarations/76c30ed2cae603edaabe.txt,,,
f2e345c1576cdf15c69a6f8e,method,"public abstract java.util.Set<java.util.Map$Entry<K, V>> entrySet();",binary_declaration,tmp\authoritative_artifacts\jdk8\extracted\jdk8u504-b01\jre\lib\rt.jar,declarations/76c30ed2cae603edaabe.txt,,,
ddc31f9b11ea693bfed517ce,method,public abstract java.util.Comparator<? super E> comparator();,binary_declaration,tmp\authoritative_artifacts\jdk8\extracted\jdk8u504-b01\jre\lib\rt.jar,declarations/6533a5e1624d47be42aa.txt,,,
180c4378a2c93dc1c6bd04ae,type,interface java.util.SortedSet<E> extends java.util.Set<E> {,binary_declaration,tmp\authoritative_artifacts\jdk8\extracted\jdk8u504-b01\jre\lib\rt.jar,declarations/6533a5e1624d47be42aa.txt,,,
9566217e5e3b446fbcf5dbd5,type,"class java.util.TreeMap<K, V> extends java.util.AbstractMap<K, V> implements java.util.NavigableMap<K, V>, java.lang.Cloneable, java.io.Serializable {",binary_declaration,tmp\authoritative_artifacts\jdk8\extracted\jdk8u504-b01\jre\lib\rt.jar,declarations/17077b5c664f4ea14d4d.txt,,,
eababdcff53b90e1136eff48,method,public V get(java.lang.Object);,binary_declaration,tmp\authoritative_artifacts\jdk8\extracted\jdk8u504-b01\jre\lib\rt.jar,declarations/17077b5c664f4ea14d4d.txt,,,
eababdcff53b90e1136eff48,method,public V remove(java.lang.Object);,binary_declaration,tmp\authoritative_artifacts\jdk8\extracted\jdk8u504-b01\jre\lib\rt.jar,declarations/17077b5c664f4ea14d4d.txt,,,
eababdcff53b90e1136eff48,method,public boolean containsKey(java.lang.Object);,binary_declaration,tmp\authoritative_artifacts\jdk8\extracted\jdk8u504-b01\jre\lib\rt.jar,declarations/17077b5c664f4ea14d4d.txt,,,
eababdcff53b90e1136eff48,method,public boolean containsValue(java.lang.Object);,binary_declaration,tmp\authoritative_artifacts\jdk8\extracted\jdk8u504-b01\jre\lib\rt.jar,declarations/17077b5c664f4ea14d4d.txt,,,
ca8ef632346ecd05ebcf6d69,method,public java.lang.Object clone();,binary_declaration,tmp\authoritative_artifacts\jdk8\extracted\jdk8u504-b01\jre\lib\rt.jar,declarations/17077b5c664f4ea14d4d.txt,,,
cfb8a4cbcb8fef24db5c3210,type,"class java.util.TreeMap<K, V> extends java.util.AbstractMap<K, V> implements java.util.NavigableMap<K, V>, java.lang.Cloneable, java.io.Serializable {",binary_declaration,tmp\authoritative_artifacts\jdk8\extracted\jdk8u504-b01\jre\lib\rt.jar,declarations/17077b5c664f4ea14d4d.txt,,,
672392116a0882ed48b2153e,method,public java.util.Collection<V> values();,binary_declaration,tmp\authoritative_artifacts\jdk8\extracted\jdk8u504-b01\jre\lib\rt.jar,declarations/17077b5c664f4ea14d4d.txt,,,
d5f6f195c789e75b604e524f,constructor,public java.util.TreeMap(java.util.Comparator<? super K>);,binary_declaration,tmp\authoritative_artifacts\jdk8\extracted\jdk8u504-b01\jre\lib\rt.jar,declarations/17077b5c664f4ea14d4d.txt,,,
e13d6f29888fddf3944a2327,method,public java.util.Comparator<? super K> comparator();,binary_declaration,tmp\authoritative_artifacts\jdk8\extracted\jdk8u504-b01\jre\lib\rt.jar,declarations/17077b5c664f4ea14d4d.txt,,,
d792e40d1d6ecef5b1d4bba3,constructor,"public java.util.TreeMap(java.util.Map<? extends K, ? extends V>);",binary_declaration,tmp\authoritative_artifacts\jdk8\extracted\jdk8u504-b01\jre\lib\rt.jar,declarations/17077b5c664f4ea14d4d.txt,,,
d792e40d1d6ecef5b1d4bba3,method,"public void putAll(java.util.Map<? extends K, ? extends V>);",binary_declaration,tmp\authoritative_artifacts\jdk8\extracted\jdk8u504-b01\jre\lib\rt.jar,declarations/17077b5c664f4ea14d4d.txt,,,
5e061233a5ca4023751304ed,method,public java.util.Set<K> keySet();,binary_declaration,tmp\authoritative_artifacts\jdk8\extracted\jdk8u504-b01\jre\lib\rt.jar,declarations/17077b5c664f4ea14d4d.txt,,,
5e061233a5ca4023751304ed,method,"public java.util.Set<java.util.Map$Entry<K, V>> entrySet();",binary_declaration,tmp\authoritative_artifacts\jdk8\extracted\jdk8u504-b01\jre\lib\rt.jar,declarations/17077b5c664f4ea14d4d.txt,,,
735cf014c0d347c2f0d4a4a4,constructor,"public java.util.TreeMap(java.util.SortedMap<K, ? extends V>);",binary_declaration,tmp\authoritative_artifacts\jdk8\extracted\jdk8u504-b01\jre\lib\rt.jar,declarations/17077b5c664f4ea14d4d.txt,,,
d28e8c9486acb74d8e35d29b,method,"public java.util.SortedMap<K, V> headMap(K);",binary_declaration,tmp\authoritative_artifacts\jdk8\extracted\jdk8u504-b01\jre\lib\rt.jar,declarations/17077b5c664f4ea14d4d.txt,,,
d28e8c9486acb74d8e35d29b,method,"public java.util.SortedMap<K, V> subMap(K, K);",binary_declaration,tmp\authoritative_artifacts\jdk8\extracted\jdk8u504-b01\jre\lib\rt.jar,declarations/17077b5c664f4ea14d4d.txt,,,
d28e8c9486acb74d8e35d29b,method,"public java.util.SortedMap<K, V> tailMap(K);",binary_declaration,tmp\authoritative_artifacts\jdk8\extracted\jdk8u504-b01\jre\lib\rt.jar,declarations/17077b5c664f4ea14d4d.txt,,,
6e071e100c5204248b714253,type,"class java.util.TreeSet<E> extends java.util.AbstractSet<E> implements java.util.NavigableSet<E>, java.lang.Cloneable, java.io.Serializable {",binary_declaration,tmp\authoritative_artifacts\jdk8\extracted\jdk8u504-b01\jre\lib\rt.jar,declarations/5237f9fff5e39e148d8e.txt,,,
47d71542a62e751b826a5036,method,public boolean contains(java.lang.Object);,binary_declaration,tmp\authoritative_artifacts\jdk8\extracted\jdk8u504-b01\jre\lib\rt.jar,declarations/5237f9fff5e39e148d8e.txt,,,
47d71542a62e751b826a5036,method,public boolean remove(java.lang.Object);,binary_declaration,tmp\authoritative_artifacts\jdk8\extracted\jdk8u504-b01\jre\lib\rt.jar,declarations/5237f9fff5e39e148d8e.txt,,,
ed1977fac3edfdd2da39e8e8,method,public java.lang.Object clone();,binary_declaration,tmp\authoritative_artifacts\jdk8\extracted\jdk8u504-b01\jre\lib\rt.jar,declarations/5237f9fff5e39e148d8e.txt,,,
ce025e2b49242b65330a18e8,type,"class java.util.TreeSet<E> extends java.util.AbstractSet<E> implements java.util.NavigableSet<E>, java.lang.Cloneable, java.io.Serializable {",binary_declaration,tmp\authoritative_artifacts\jdk8\extracted\jdk8u504-b01\jre\lib\rt.jar,declarations/5237f9fff5e39e148d8e.txt,,,
296a977dd3f3a12a3d6554ba,method,public boolean addAll(java.util.Collection<? extends E>);,binary_declaration,tmp\authoritative_artifacts\jdk8\extracted\jdk8u504-b01\jre\lib\rt.jar,declarations/5237f9fff5e39e148d8e.txt,,,
296a977dd3f3a12a3d6554ba,constructor,public java.util.TreeSet(java.util.Collection<? extends E>);,binary_declaration,tmp\authoritative_artifacts\jdk8\extracted\jdk8u504-b01\jre\lib\rt.jar,declarations/5237f9fff5e39e148d8e.txt,,,
c6fcc3a2bd8d7026a4f384ef,constructor,public java.util.TreeSet(java.util.Comparator<? super E>);,binary_declaration,tmp\authoritative_artifacts\jdk8\extracted\jdk8u504-b01\jre\lib\rt.jar,declarations/5237f9fff5e39e148d8e.txt,,,
1474ae653765e09704d1eb49,method,public java.util.Comparator<? super E> comparator();,binary_declaration,tmp\authoritative_artifacts\jdk8\extracted\jdk8u504-b01\jre\lib\rt.jar,declarations/5237f9fff5e39e148d8e.txt,,,
fefc15333c1ec07379027be1,constructor,public java.util.TreeSet(java.util.SortedSet<E>);,binary_declaration,tmp\authoritative_artifacts\jdk8\extracted\jdk8u504-b01\jre\lib\rt.jar,declarations/5237f9fff5e39e148d8e.txt,,,
8b466d6e0cf53fdb2ee33de2,method,public java.util.SortedSet<E> headSet(E);,binary_declaration,tmp\authoritative_artifacts\jdk8\extracted\jdk8u504-b01\jre\lib\rt.jar,declarations/5237f9fff5e39e148d8e.txt,,,
8b466d6e0cf53fdb2ee33de2,method,"public java.util.SortedSet<E> subSet(E, E);",binary_declaration,tmp\authoritative_artifacts\jdk8\extracted\jdk8u504-b01\jre\lib\rt.jar,declarations/5237f9fff5e39e148d8e.txt,,,
8b466d6e0cf53fdb2ee33de2,method,public java.util.SortedSet<E> tailSet(E);,binary_declaration,tmp\authoritative_artifacts\jdk8\extracted\jdk8u504-b01\jre\lib\rt.jar,declarations/5237f9fff5e39e148d8e.txt,,,
01314b0f01bd62e186b802e4,type,"class java.util.Vector<E> extends java.util.AbstractList<E> implements java.util.List<E>, java.util.RandomAccess, java.lang.Cloneable, java.io.Serializable {",binary_declaration,tmp\authoritative_artifacts\jdk8\extracted\jdk8u504-b01\jre\lib\rt.jar,declarations/d33f70967071df36da4e.txt,,,
40c3b29ea6fc56628564692f,method,public boolean contains(java.lang.Object);,binary_declaration,tmp\authoritative_artifacts\jdk8\extracted\jdk8u504-b01\jre\lib\rt.jar,declarations/d33f70967071df36da4e.txt,,,
40c3b29ea6fc56628564692f,method,public boolean remove(java.lang.Object);,binary_declaration,tmp\authoritative_artifacts\jdk8\extracted\jdk8u504-b01\jre\lib\rt.jar,declarations/d33f70967071df36da4e.txt,,,
40c3b29ea6fc56628564692f,method,public int indexOf(java.lang.Object);,binary_declaration,tmp\authoritative_artifacts\jdk8\extracted\jdk8u504-b01\jre\lib\rt.jar,declarations/d33f70967071df36da4e.txt,,,
40c3b29ea6fc56628564692f,method,public synchronized boolean equals(java.lang.Object);,binary_declaration,tmp\authoritative_artifacts\jdk8\extracted\jdk8u504-b01\jre\lib\rt.jar,declarations/d33f70967071df36da4e.txt,,,
40c3b29ea6fc56628564692f,method,public synchronized boolean removeElement(java.lang.Object);,binary_declaration,tmp\authoritative_artifacts\jdk8\extracted\jdk8u504-b01\jre\lib\rt.jar,declarations/d33f70967071df36da4e.txt,,,
40c3b29ea6fc56628564692f,method,"public synchronized int indexOf(java.lang.Object, int);",binary_declaration,tmp\authoritative_artifacts\jdk8\extracted\jdk8u504-b01\jre\lib\rt.jar,declarations/d33f70967071df36da4e.txt,,,
40c3b29ea6fc56628564692f,method,public synchronized int lastIndexOf(java.lang.Object);,binary_declaration,tmp\authoritative_artifacts\jdk8\extracted\jdk8u504-b01\jre\lib\rt.jar,declarations/d33f70967071df36da4e.txt,,,
40c3b29ea6fc56628564692f,method,"public synchronized int lastIndexOf(java.lang.Object, int);",binary_declaration,tmp\authoritative_artifacts\jdk8\extracted\jdk8u504-b01\jre\lib\rt.jar,declarations/d33f70967071df36da4e.txt,,,
40c3b29ea6fc56628564692f,method,public synchronized void copyInto(java.lang.Object[]);,binary_declaration,tmp\authoritative_artifacts\jdk8\extracted\jdk8u504-b01\jre\lib\rt.jar,declarations/d33f70967071df36da4e.txt,,,
eaa920bb03a00b30fc7e5064,method,public synchronized java.lang.Object clone();,binary_declaration,tmp\authoritative_artifacts\jdk8\extracted\jdk8u504-b01\jre\lib\rt.jar,declarations/d33f70967071df36da4e.txt,,,
eaa920bb03a00b30fc7e5064,method,public synchronized java.lang.Object[] toArray();,binary_declaration,tmp\authoritative_artifacts\jdk8\extracted\jdk8u504-b01\jre\lib\rt.jar,declarations/d33f70967071df36da4e.txt,,,
7bef03f3497adf2764f88d1a,method,public synchronized java.lang.String toString();,binary_declaration,tmp\authoritative_artifacts\jdk8\extracted\jdk8u504-b01\jre\lib\rt.jar,declarations/d33f70967071df36da4e.txt,,,
4807db25e3c68960c0befdbe,type,"class java.util.Vector<E> extends java.util.AbstractList<E> implements java.util.List<E>, java.util.RandomAccess, java.lang.Cloneable, java.io.Serializable {",binary_declaration,tmp\authoritative_artifacts\jdk8\extracted\jdk8u504-b01\jre\lib\rt.jar,declarations/d33f70967071df36da4e.txt,,,
56d35428867c4814d3b6ef5f,constructor,public java.util.Vector(java.util.Collection<? extends E>);,binary_declaration,tmp\authoritative_artifacts\jdk8\extracted\jdk8u504-b01\jre\lib\rt.jar,declarations/d33f70967071df36da4e.txt,,,
56d35428867c4814d3b6ef5f,method,"public synchronized boolean addAll(int, java.util.Collection<? extends E>);",binary_declaration,tmp\authoritative_artifacts\jdk8\extracted\jdk8u504-b01\jre\lib\rt.jar,declarations/d33f70967071df36da4e.txt,,,
56d35428867c4814d3b6ef5f,method,public synchronized boolean addAll(java.util.Collection<? extends E>);,binary_declaration,tmp\authoritative_artifacts\jdk8\extracted\jdk8u504-b01\jre\lib\rt.jar,declarations/d33f70967071df36da4e.txt,,,
56d35428867c4814d3b6ef5f,method,public synchronized boolean containsAll(java.util.Collection<?>);,binary_declaration,tmp\authoritative_artifacts\jdk8\extracted\jdk8u504-b01\jre\lib\rt.jar,declarations/d33f70967071df36da4e.txt,,,
56d35428867c4814d3b6ef5f,method,public synchronized boolean removeAll(java.util.Collection<?>);,binary_declaration,tmp\authoritative_artifacts\jdk8\extracted\jdk8u504-b01\jre\lib\rt.jar,declarations/d33f70967071df36da4e.txt,,,
56d35428867c4814d3b6ef5f,method,public synchronized boolean retainAll(java.util.Collection<?>);,binary_declaration,tmp\authoritative_artifacts\jdk8\extracted\jdk8u504-b01\jre\lib\rt.jar,declarations/d33f70967071df36da4e.txt,,,
bb64dfdcaf6b7d00cfa1d4f9,method,public synchronized void sort(java.util.Comparator<? super E>);,binary_declaration,tmp\authoritative_artifacts\jdk8\extracted\jdk8u504-b01\jre\lib\rt.jar,declarations/d33f70967071df36da4e.txt,,,
dd96702416b9bfc2dc63e87c,method,public java.util.Enumeration<E> elements();,binary_declaration,tmp\authoritative_artifacts\jdk8\extracted\jdk8u504-b01\jre\lib\rt.jar,declarations/d33f70967071df36da4e.txt,,,
667fb4142373ff3911a9d763,method,"public synchronized java.util.List<E> subList(int, int);",binary_declaration,tmp\authoritative_artifacts\jdk8\extracted\jdk8u504-b01\jre\lib\rt.jar,declarations/d33f70967071df36da4e.txt,,,
ad50ea1b08eb72f2655ddc6e,type,"class java.util.Vector<E> extends java.util.AbstractList<E> implements java.util.List<E>, java.util.RandomAccess, java.lang.Cloneable, java.io.Serializable {",binary_declaration,tmp\authoritative_artifacts\jdk8\extracted\jdk8u504-b01\jre\lib\rt.jar,declarations/d33f70967071df36da4e.txt,,,
a42a6e728bfe93277f981ae3,method,public synchronized java.util.ListIterator<E> listIterator();,binary_declaration,tmp\authoritative_artifacts\jdk8\extracted\jdk8u504-b01\jre\lib\rt.jar,declarations/d33f70967071df36da4e.txt,,,
a42a6e728bfe93277f981ae3,method,public synchronized java.util.ListIterator<E> listIterator(int);,binary_declaration,tmp\authoritative_artifacts\jdk8\extracted\jdk8u504-b01\jre\lib\rt.jar,declarations/d33f70967071df36da4e.txt,,,
d3a7a3b1db1b6ce11dc5bea7,type,"class java.util.concurrent.ArrayBlockingQueue<E> extends java.util.AbstractQueue<E> implements java.util.concurrent.BlockingQueue<E>, java.io.Serializable {",binary_declaration,tmp\authoritative_artifacts\jdk8\extracted\jdk8u504-b01\jre\lib\rt.jar,declarations/65cc8d65742d8aa29b5a.txt,,,
c1e439664850538c2116c157,method,public boolean contains(java.lang.Object);,binary_declaration,tmp\authoritative_artifacts\jdk8\extracted\jdk8u504-b01\jre\lib\rt.jar,declarations/65cc8d65742d8aa29b5a.txt,,,
c1e439664850538c2116c157,method,public boolean remove(java.lang.Object);,binary_declaration,tmp\authoritative_artifacts\jdk8\extracted\jdk8u504-b01\jre\lib\rt.jar,declarations/65cc8d65742d8aa29b5a.txt,,,
6dcd88eb5e28d5d53bd6b0f6,method,public java.lang.Object[] toArray();,binary_declaration,tmp\authoritative_artifacts\jdk8\extracted\jdk8u504-b01\jre\lib\rt.jar,declarations/65cc8d65742d8aa29b5a.txt,,,
11300ed21bab94cd1b55dff8,method,public java.lang.String toString();,binary_declaration,tmp\authoritative_artifacts\jdk8\extracted\jdk8u504-b01\jre\lib\rt.jar,declarations/65cc8d65742d8aa29b5a.txt,,,
77968ecb82469ca84c75317c,method,public int drainTo(java.util.Collection<? super E>);,binary_declaration,tmp\authoritative_artifacts\jdk8\extracted\jdk8u504-b01\jre\lib\rt.jar,declarations/65cc8d65742d8aa29b5a.txt,,,
77968ecb82469ca84c75317c,method,"public int drainTo(java.util.Collection<? super E>, int);",binary_declaration,tmp\authoritative_artifacts\jdk8\extracted\jdk8u504-b01\jre\lib\rt.jar,declarations/65cc8d65742d8aa29b5a.txt,,,
77968ecb82469ca84c75317c,constructor,"public java.util.concurrent.ArrayBlockingQueue(int, boolean, java.util.Collection<? extends E>);",binary_declaration,tmp\authoritative_artifacts\jdk8\extracted\jdk8u504-b01\jre\lib\rt.jar,declarations/65cc8d65742d8aa29b5a.txt,,,
91eecb71ff51eb1fac6723cd,type,"class java.util.concurrent.ArrayBlockingQueue<E> extends java.util.AbstractQueue<E> implements java.util.concurrent.BlockingQueue<E>, java.io.Serializable {",binary_declaration,tmp\authoritative_artifacts\jdk8\extracted\jdk8u504-b01\jre\lib\rt.jar,declarations/65cc8d65742d8aa29b5a.txt,,,
ca35a27f84dab2742dcad619,method,public abstract boolean contains(java.lang.Object);,binary_declaration,tmp\authoritative_artifacts\jdk8\extracted\jdk8u504-b01\jre\lib\rt.jar,declarations/a52687868e9268a6fd9a.txt,,,
ca35a27f84dab2742dcad619,method,public abstract boolean remove(java.lang.Object);,binary_declaration,tmp\authoritative_artifacts\jdk8\extracted\jdk8u504-b01\jre\lib\rt.jar,declarations/a52687868e9268a6fd9a.txt,,,
e430ffb404f6e3e5e6e7739b,method,public abstract int drainTo(java.util.Collection<? super E>);,binary_declaration,tmp\authoritative_artifacts\jdk8\extracted\jdk8u504-b01\jre\lib\rt.jar,declarations/a52687868e9268a6fd9a.txt,,,
e430ffb404f6e3e5e6e7739b,method,"public abstract int drainTo(java.util.Collection<? super E>, int);",binary_declaration,tmp\authoritative_artifacts\jdk8\extracted\jdk8u504-b01\jre\lib\rt.jar,declarations/a52687868e9268a6fd9a.txt,,,
61bdbac1190b051f4bd0253d,type,interface java.util.concurrent.BlockingQueue<E> extends java.util.Queue<E> {,binary_declaration,tmp\authoritative_artifacts\jdk8\extracted\jdk8u504-b01\jre\lib\rt.jar,declarations/a52687868e9268a6fd9a.txt,,,
cd97b8dd1d4c7742658558ef,type,"class java.util.concurrent.ConcurrentHashMap<K, V> extends java.util.AbstractMap<K, V> implements java.util.concurrent.ConcurrentMap<K, V>, java.io.Serializable {",binary_declaration,tmp\authoritative_artifacts\jdk8\extracted\jdk8u504-b01\jre\lib\rt.jar,declarations/48031e8c20570051ce6e.txt,,,
f627bdcbd793b55da4f2d513,method,public V get(java.lang.Object);,binary_declaration,tmp\authoritative_artifacts\jdk8\extracted\jdk8u504-b01\jre\lib\rt.jar,declarations/48031e8c20570051ce6e.txt,,,
f627bdcbd793b55da4f2d513,method,"public V getOrDefault(java.lang.Object, V);",binary_declaration,tmp\authoritative_artifacts\jdk8\extracted\jdk8u504-b01\jre\lib\rt.jar,declarations/48031e8c20570051ce6e.txt,,,
f627bdcbd793b55da4f2d513,method,public V remove(java.lang.Object);,binary_declaration,tmp\authoritative_artifacts\jdk8\extracted\jdk8u504-b01\jre\lib\rt.jar,declarations/48031e8c20570051ce6e.txt,,,
f627bdcbd793b55da4f2d513,method,public boolean contains(java.lang.Object);,binary_declaration,tmp\authoritative_artifacts\jdk8\extracted\jdk8u504-b01\jre\lib\rt.jar,declarations/48031e8c20570051ce6e.txt,,,
f627bdcbd793b55da4f2d513,method,public boolean containsKey(java.lang.Object);,binary_declaration,tmp\authoritative_artifacts\jdk8\extracted\jdk8u504-b01\jre\lib\rt.jar,declarations/48031e8c20570051ce6e.txt,,,
f627bdcbd793b55da4f2d513,method,public boolean containsValue(java.lang.Object);,binary_declaration,tmp\authoritative_artifacts\jdk8\extracted\jdk8u504-b01\jre\lib\rt.jar,declarations/48031e8c20570051ce6e.txt,,,
f627bdcbd793b55da4f2d513,method,public boolean equals(java.lang.Object);,binary_declaration,tmp\authoritative_artifacts\jdk8\extracted\jdk8u504-b01\jre\lib\rt.jar,declarations/48031e8c20570051ce6e.txt,,,
f627bdcbd793b55da4f2d513,method,"public boolean remove(java.lang.Object, java.lang.Object);",binary_declaration,tmp\authoritative_artifacts\jdk8\extracted\jdk8u504-b01\jre\lib\rt.jar,declarations/48031e8c20570051ce6e.txt,,,
f819924b24f7551724909487,method,public java.lang.String toString();,binary_declaration,tmp\authoritative_artifacts\jdk8\extracted\jdk8u504-b01\jre\lib\rt.jar,declarations/48031e8c20570051ce6e.txt,,,
9f4d1c6b0957c08d49d1f59e,type,"class java.util.concurrent.ConcurrentHashMap<K, V> extends java.util.AbstractMap<K, V> implements java.util.concurrent.ConcurrentMap<K, V>, java.io.Serializable {",binary_declaration,tmp\authoritative_artifacts\jdk8\extracted\jdk8u504-b01\jre\lib\rt.jar,declarations/48031e8c20570051ce6e.txt,,,
98da5f9d8a6166aa2c3ce910,method,public java.util.Collection<V> values();,binary_declaration,tmp\authoritative_artifacts\jdk8\extracted\jdk8u504-b01\jre\lib\rt.jar,declarations/48031e8c20570051ce6e.txt,,,
60391dd3c6c5bfe6d3d35a8c,method,public java.util.Enumeration<K> keys();,binary_declaration,tmp\authoritative_artifacts\jdk8\extracted\jdk8u504-b01\jre\lib\rt.jar,declarations/48031e8c20570051ce6e.txt,,,
60391dd3c6c5bfe6d3d35a8c,method,public java.util.Enumeration<V> elements();,binary_declaration,tmp\authoritative_artifacts\jdk8\extracted\jdk8u504-b01\jre\lib\rt.jar,declarations/48031e8c20570051ce6e.txt,,,
d2b84952925c91d44200938c,constructor,"public java.util.concurrent.ConcurrentHashMap(java.util.Map<? extends K, ? extends V>);",binary_declaration,tmp\authoritative_artifacts\jdk8\extracted\jdk8u504-b01\jre\lib\rt.jar,declarations/48031e8c20570051ce6e.txt,,,
d2b84952925c91d44200938c,method,"public void putAll(java.util.Map<? extends K, ? extends V>);",binary_declaration,tmp\authoritative_artifacts\jdk8\extracted\jdk8u504-b01\jre\lib\rt.jar,declarations/48031e8c20570051ce6e.txt,,,
14270965f491aae9b917b3f1,method,public java.util.Set keySet();,binary_declaration,tmp\authoritative_artifacts\jdk8\extracted\jdk8u504-b01\jre\lib\rt.jar,declarations/48031e8c20570051ce6e.txt,,,
14270965f491aae9b917b3f1,method,"public java.util.Set<java.util.Map$Entry<K, V>> entrySet();",binary_declaration,tmp\authoritative_artifacts\jdk8\extracted\jdk8u504-b01\jre\lib\rt.jar,declarations/48031e8c20570051ce6e.txt,,,
b172e51d718c34295b7426f3,type,"class java.util.concurrent.ConcurrentHashMap<K, V> extends java.util.AbstractMap<K, V> implements java.util.concurrent.ConcurrentMap<K, V>, java.io.Serializable {",binary_declaration,tmp\authoritative_artifacts\jdk8\extracted\jdk8u504-b01\jre\lib\rt.jar,declarations/48031e8c20570051ce6e.txt,,,
1a32d734a2f5f1cec1aae265,method,"public V getOrDefault(java.lang.Object, V);",binary_declaration,tmp\authoritative_artifacts\jdk8\extracted\jdk8u504-b01\jre\lib\rt.jar,declarations/f5dc8923b5e724bdc903.txt,,,
1a32d734a2f5f1cec1aae265,method,"public abstract boolean remove(java.lang.Object, java.lang.Object);",binary_declaration,tmp\authoritative_artifacts\jdk8\extracted\jdk8u504-b01\jre\lib\rt.jar,declarations/f5dc8923b5e724bdc903.txt,,,
fc665e4afe3fd779659afee3,type,"interface java.util.concurrent.ConcurrentMap<K, V> extends java.util.Map<K, V> {",binary_declaration,tmp\authoritative_artifacts\jdk8\extracted\jdk8u504-b01\jre\lib\rt.jar,declarations/f5dc8923b5e724bdc903.txt,,,
be10c30f0cd9123cc0c26605,type,"class java.util.concurrent.CopyOnWriteArrayList<E> implements java.util.List<E>, java.util.RandomAccess, java.lang.Cloneable, java.io.Serializable {",binary_declaration,tmp\authoritative_artifacts\jdk8\extracted\jdk8u504-b01\jre\lib\rt.jar,declarations/2561c09dbab97a229cd6.txt,,,
bbdf0b11b657ae8ce0d55038,method,public boolean contains(java.lang.Object);,binary_declaration,tmp\authoritative_artifacts\jdk8\extracted\jdk8u504-b01\jre\lib\rt.jar,declarations/2561c09dbab97a229cd6.txt,,,
bbdf0b11b657ae8ce0d55038,method,public boolean equals(java.lang.Object);,binary_declaration,tmp\authoritative_artifacts\jdk8\extracted\jdk8u504-b01\jre\lib\rt.jar,declarations/2561c09dbab97a229cd6.txt,,,
bbdf0b11b657ae8ce0d55038,method,public boolean remove(java.lang.Object);,binary_declaration,tmp\authoritative_artifacts\jdk8\extracted\jdk8u504-b01\jre\lib\rt.jar,declarations/2561c09dbab97a229cd6.txt,,,
bbdf0b11b657ae8ce0d55038,method,public int indexOf(java.lang.Object);,binary_declaration,tmp\authoritative_artifacts\jdk8\extracted\jdk8u504-b01\jre\lib\rt.jar,declarations/2561c09dbab97a229cd6.txt,,,
bbdf0b11b657ae8ce0d55038,method,public int lastIndexOf(java.lang.Object);,binary_declaration,tmp\authoritative_artifacts\jdk8\extracted\jdk8u504-b01\jre\lib\rt.jar,declarations/2561c09dbab97a229cd6.txt,,,
b00fb8649bfb1887ca5f932d,method,public java.lang.Object clone();,binary_declaration,tmp\authoritative_artifacts\jdk8\extracted\jdk8u504-b01\jre\lib\rt.jar,declarations/2561c09dbab97a229cd6.txt,,,
b00fb8649bfb1887ca5f932d,method,public java.lang.Object[] toArray();,binary_declaration,tmp\authoritative_artifacts\jdk8\extracted\jdk8u504-b01\jre\lib\rt.jar,declarations/2561c09dbab97a229cd6.txt,,,
62e11710de925ad6a6c3a7bb,method,public java.lang.String toString();,binary_declaration,tmp\authoritative_artifacts\jdk8\extracted\jdk8u504-b01\jre\lib\rt.jar,declarations/2561c09dbab97a229cd6.txt,,,
226b7d82d156352ba08cca2f,method,"public boolean addAll(int, java.util.Collection<? extends E>);",binary_declaration,tmp\authoritative_artifacts\jdk8\extracted\jdk8u504-b01\jre\lib\rt.jar,declarations/2561c09dbab97a229cd6.txt,,,
226b7d82d156352ba08cca2f,method,public boolean addAll(java.util.Collection<? extends E>);,binary_declaration,tmp\authoritative_artifacts\jdk8\extracted\jdk8u504-b01\jre\lib\rt.jar,declarations/2561c09dbab97a229cd6.txt,,,
226b7d82d156352ba08cca2f,method,public boolean containsAll(java.util.Collection<?>);,binary_declaration,tmp\authoritative_artifacts\jdk8\extracted\jdk8u504-b01\jre\lib\rt.jar,declarations/2561c09dbab97a229cd6.txt,,,
226b7d82d156352ba08cca2f,method,public boolean removeAll(java.util.Collection<?>);,binary_declaration,tmp\authoritative_artifacts\jdk8\extracted\jdk8u504-b01\jre\lib\rt.jar,declarations/2561c09dbab97a229cd6.txt,,,
226b7d82d156352ba08cca2f,method,public boolean retainAll(java.util.Collection<?>);,binary_declaration,tmp\authoritative_artifacts\jdk8\extracted\jdk8u504-b01\jre\lib\rt.jar,declarations/2561c09dbab97a229cd6.txt,,,
226b7d82d156352ba08cca2f,method,public int addAllAbsent(java.util.Collection<? extends E>);,binary_declaration,tmp\authoritative_artifacts\jdk8\extracted\jdk8u504-b01\jre\lib\rt.jar,declarations/2561c09dbab97a229cd6.txt,,,
226b7d82d156352ba08cca2f,constructor,public java.util.concurrent.CopyOnWriteArrayList(java.util.Collection<? extends E>);,binary_declaration,tmp\authoritative_artifacts\jdk8\extracted\jdk8u504-b01\jre\lib\rt.jar,declarations/2561c09dbab97a229cd6.txt,,,
194bddadb5f3124b75769ec7,method,public void sort(java.util.Comparator<? super E>);,binary_declaration,tmp\authoritative_artifacts\jdk8\extracted\jdk8u504-b01\jre\lib\rt.jar,declarations/2561c09dbab97a229cd6.txt,,,
c046e3968afd91425e5dbbb6,method,"public java.util.List<E> subList(int, int);",binary_declaration,tmp\authoritative_artifacts\jdk8\extracted\jdk8u504-b01\jre\lib\rt.jar,declarations/2561c09dbab97a229cd6.txt,,,
ad7c39e79b82e6e40378c9a8,type,"class java.util.concurrent.CopyOnWriteArrayList<E> implements java.util.List<E>, java.util.RandomAccess, java.lang.Cloneable, java.io.Serializable {",binary_declaration,tmp\authoritative_artifacts\jdk8\extracted\jdk8u504-b01\jre\lib\rt.jar,declarations/2561c09dbab97a229cd6.txt,,,
604161c0b465f076c8254572,method,public java.util.ListIterator<E> listIterator();,binary_declaration,tmp\authoritative_artifacts\jdk8\extracted\jdk8u504-b01\jre\lib\rt.jar,declarations/2561c09dbab97a229cd6.txt,,,
604161c0b465f076c8254572,method,public java.util.ListIterator<E> listIterator(int);,binary_declaration,tmp\authoritative_artifacts\jdk8\extracted\jdk8u504-b01\jre\lib\rt.jar,declarations/2561c09dbab97a229cd6.txt,,,
670dbb511f4caeefe2b197dc,type,class java.util.concurrent.CopyOnWriteArraySet<E> extends java.util.AbstractSet<E> implements java.io.Serializable {,binary_declaration,tmp\authoritative_artifacts\jdk8\extracted\jdk8u504-b01\jre\lib\rt.jar,declarations/fd430440db3c094263bf.txt,,,
c91a3b1f2c2efe3add638e02,method,public boolean contains(java.lang.Object);,binary_declaration,tmp\authoritative_artifacts\jdk8\extracted\jdk8u504-b01\jre\lib\rt.jar,declarations/fd430440db3c094263bf.txt,,,
c91a3b1f2c2efe3add638e02,method,public boolean equals(java.lang.Object);,binary_declaration,tmp\authoritative_artifacts\jdk8\extracted\jdk8u504-b01\jre\lib\rt.jar,declarations/fd430440db3c094263bf.txt,,,
c91a3b1f2c2efe3add638e02,method,public boolean remove(java.lang.Object);,binary_declaration,tmp\authoritative_artifacts\jdk8\extracted\jdk8u504-b01\jre\lib\rt.jar,declarations/fd430440db3c094263bf.txt,,,
0f6a141ba999ec02c459e40c,method,public java.lang.Object[] toArray();,binary_declaration,tmp\authoritative_artifacts\jdk8\extracted\jdk8u504-b01\jre\lib\rt.jar,declarations/fd430440db3c094263bf.txt,,,
12abaf59f9ae14adff163ebc,type,class java.util.concurrent.CopyOnWriteArraySet<E> extends java.util.AbstractSet<E> implements java.io.Serializable {,binary_declaration,tmp\authoritative_artifacts\jdk8\extracted\jdk8u504-b01\jre\lib\rt.jar,declarations/fd430440db3c094263bf.txt,,,
aab982e600a0c0083a9a1c63,method,public boolean addAll(java.util.Collection<? extends E>);,binary_declaration,tmp\authoritative_artifacts\jdk8\extracted\jdk8u504-b01\jre\lib\rt.jar,declarations/fd430440db3c094263bf.txt,,,
aab982e600a0c0083a9a1c63,method,public boolean containsAll(java.util.Collection<?>);,binary_declaration,tmp\authoritative_artifacts\jdk8\extracted\jdk8u504-b01\jre\lib\rt.jar,declarations/fd430440db3c094263bf.txt,,,
aab982e600a0c0083a9a1c63,method,public boolean removeAll(java.util.Collection<?>);,binary_declaration,tmp\authoritative_artifacts\jdk8\extracted\jdk8u504-b01\jre\lib\rt.jar,declarations/fd430440db3c094263bf.txt,,,
aab982e600a0c0083a9a1c63,method,public boolean retainAll(java.util.Collection<?>);,binary_declaration,tmp\authoritative_artifacts\jdk8\extracted\jdk8u504-b01\jre\lib\rt.jar,declarations/fd430440db3c094263bf.txt,,,
aab982e600a0c0083a9a1c63,constructor,public java.util.concurrent.CopyOnWriteArraySet(java.util.Collection<? extends E>);,binary_declaration,tmp\authoritative_artifacts\jdk8\extracted\jdk8u504-b01\jre\lib\rt.jar,declarations/fd430440db3c094263bf.txt,,,
8ec36ad97425b40abd7c8961,method,public boolean add(java.lang.Object);,binary_declaration,tmp\authoritative_artifacts\jdk8\extracted\jdk8u504-b01\jre\lib\rt.jar,declarations/feefe27e611f395418e7.txt,,,
8ec36ad97425b40abd7c8961,method,public boolean offer(java.lang.Object);,binary_declaration,tmp\authoritative_artifacts\jdk8\extracted\jdk8u504-b01\jre\lib\rt.jar,declarations/feefe27e611f395418e7.txt,,,
8ec36ad97425b40abd7c8961,method,"public boolean offer(java.lang.Object, long, java.util.concurrent.TimeUnit) throws java.lang.InterruptedException;",binary_declaration,tmp\authoritative_artifacts\jdk8\extracted\jdk8u504-b01\jre\lib\rt.jar,declarations/feefe27e611f395418e7.txt,,,
8ec36ad97425b40abd7c8961,method,public boolean remove(java.lang.Object);,binary_declaration,tmp\authoritative_artifacts\jdk8\extracted\jdk8u504-b01\jre\lib\rt.jar,declarations/feefe27e611f395418e7.txt,,,
8ec36ad97425b40abd7c8961,method,public void put(java.lang.Object) throws java.lang.InterruptedException;,binary_declaration,tmp\authoritative_artifacts\jdk8\extracted\jdk8u504-b01\jre\lib\rt.jar,declarations/feefe27e611f395418e7.txt,,,
2ef3d3e501ceba40c60c5e9b,method,public java.lang.Object peek();,binary_declaration,tmp\authoritative_artifacts\jdk8\extracted\jdk8u504-b01\jre\lib\rt.jar,declarations/feefe27e611f395418e7.txt,,,
2ef3d3e501ceba40c60c5e9b,method,public java.lang.Object poll();,binary_declaration,tmp\authoritative_artifacts\jdk8\extracted\jdk8u504-b01\jre\lib\rt.jar,declarations/feefe27e611f395418e7.txt,,,
2ef3d3e501ceba40c60c5e9b,method,"public java.lang.Object poll(long, java.util.concurrent.TimeUnit) throws java.lang.InterruptedException;",binary_declaration,tmp\authoritative_artifacts\jdk8\extracted\jdk8u504-b01\jre\lib\rt.jar,declarations/feefe27e611f395418e7.txt,,,
2ef3d3e501ceba40c60c5e9b,method,public java.lang.Object take() throws java.lang.InterruptedException;,binary_declaration,tmp\authoritative_artifacts\jdk8\extracted\jdk8u504-b01\jre\lib\rt.jar,declarations/feefe27e611f395418e7.txt,,,
2ef3d3e501ceba40c60c5e9b,method,public java.lang.Object[] toArray();,binary_declaration,tmp\authoritative_artifacts\jdk8\extracted\jdk8u504-b01\jre\lib\rt.jar,declarations/feefe27e611f395418e7.txt,,,
52a5ca1a790d5649d69891fc,method,public int drainTo(java.util.Collection<? super E>);,binary_declaration,tmp\authoritative_artifacts\jdk8\extracted\jdk8u504-b01\jre\lib\rt.jar,declarations/feefe27e611f395418e7.txt,,,
52a5ca1a790d5649d69891fc,method,"public int drainTo(java.util.Collection<? super E>, int);",binary_declaration,tmp\authoritative_artifacts\jdk8\extracted\jdk8u504-b01\jre\lib\rt.jar,declarations/feefe27e611f395418e7.txt,,,
52a5ca1a790d5649d69891fc,constructor,public java.util.concurrent.DelayQueue(java.util.Collection<? extends E>);,binary_declaration,tmp\authoritative_artifacts\jdk8\extracted\jdk8u504-b01\jre\lib\rt.jar,declarations/feefe27e611f395418e7.txt,,,
e3d4053a1048dfdb66694e3e,type,class java.util.concurrent.DelayQueue<E extends java.util.concurrent.Delayed> extends java.util.AbstractQueue<E> implements java.util.concurrent.BlockingQueue<E> {,binary_declaration,tmp\authoritative_artifacts\jdk8\extracted\jdk8u504-b01\jre\lib\rt.jar,declarations/feefe27e611f395418e7.txt,,,
bed0711bb09e164656885471,type,"class java.util.concurrent.LinkedBlockingDeque<E> extends java.util.AbstractQueue<E> implements java.util.concurrent.BlockingDeque<E>, java.io.Serializable {",binary_declaration,tmp\authoritative_artifacts\jdk8\extracted\jdk8u504-b01\jre\lib\rt.jar,declarations/ef79f1b7cefa0919cd43.txt,,,
04d450cd29464c646505e0ce,method,public boolean contains(java.lang.Object);,binary_declaration,tmp\authoritative_artifacts\jdk8\extracted\jdk8u504-b01\jre\lib\rt.jar,declarations/ef79f1b7cefa0919cd43.txt,,,
04d450cd29464c646505e0ce,method,public boolean remove(java.lang.Object);,binary_declaration,tmp\authoritative_artifacts\jdk8\extracted\jdk8u504-b01\jre\lib\rt.jar,declarations/ef79f1b7cefa0919cd43.txt,,,
04d450cd29464c646505e0ce,method,public boolean removeFirstOccurrence(java.lang.Object);,binary_declaration,tmp\authoritative_artifacts\jdk8\extracted\jdk8u504-b01\jre\lib\rt.jar,declarations/ef79f1b7cefa0919cd43.txt,,,
04d450cd29464c646505e0ce,method,public boolean removeLastOccurrence(java.lang.Object);,binary_declaration,tmp\authoritative_artifacts\jdk8\extracted\jdk8u504-b01\jre\lib\rt.jar,declarations/ef79f1b7cefa0919cd43.txt,,,
ed86d42aaa0ba7141a079e30,method,public java.lang.Object[] toArray();,binary_declaration,tmp\authoritative_artifacts\jdk8\extracted\jdk8u504-b01\jre\lib\rt.jar,declarations/ef79f1b7cefa0919cd43.txt,,,
66f34bbff5b36612d2e8f9b0,method,public java.lang.String toString();,binary_declaration,tmp\authoritative_artifacts\jdk8\extracted\jdk8u504-b01\jre\lib\rt.jar,declarations/ef79f1b7cefa0919cd43.txt,,,
e7a307304359fa0821b13b96,method,public int drainTo(java.util.Collection<? super E>);,binary_declaration,tmp\authoritative_artifacts\jdk8\extracted\jdk8u504-b01\jre\lib\rt.jar,declarations/ef79f1b7cefa0919cd43.txt,,,
e7a307304359fa0821b13b96,method,"public int drainTo(java.util.Collection<? super E>, int);",binary_declaration,tmp\authoritative_artifacts\jdk8\extracted\jdk8u504-b01\jre\lib\rt.jar,declarations/ef79f1b7cefa0919cd43.txt,,,
e7a307304359fa0821b13b96,constructor,public java.util.concurrent.LinkedBlockingDeque(java.util.Collection<? extends E>);,binary_declaration,tmp\authoritative_artifacts\jdk8\extracted\jdk8u504-b01\jre\lib\rt.jar,declarations/ef79f1b7cefa0919cd43.txt,,,
a5caa8193744361470021c49,type,"class java.util.concurrent.LinkedBlockingQueue<E> extends java.util.AbstractQueue<E> implements java.util.concurrent.BlockingQueue<E>, java.io.Serializable {",binary_declaration,tmp\authoritative_artifacts\jdk8\extracted\jdk8u504-b01\jre\lib\rt.jar,declarations/10f0ad1bd02139b9d6ee.txt,,,
8b72aabcb5929cb2535fd320,method,public boolean contains(java.lang.Object);,binary_declaration,tmp\authoritative_artifacts\jdk8\extracted\jdk8u504-b01\jre\lib\rt.jar,declarations/10f0ad1bd02139b9d6ee.txt,,,
8b72aabcb5929cb2535fd320,method,public boolean remove(java.lang.Object);,binary_declaration,tmp\authoritative_artifacts\jdk8\extracted\jdk8u504-b01\jre\lib\rt.jar,declarations/10f0ad1bd02139b9d6ee.txt,,,
a07e0a283b580959197e9721,method,public java.lang.Object[] toArray();,binary_declaration,tmp\authoritative_artifacts\jdk8\extracted\jdk8u504-b01\jre\lib\rt.jar,declarations/10f0ad1bd02139b9d6ee.txt,,,
cf4c89bc6eb616ca2ac03115,method,public java.lang.String toString();,binary_declaration,tmp\authoritative_artifacts\jdk8\extracted\jdk8u504-b01\jre\lib\rt.jar,declarations/10f0ad1bd02139b9d6ee.txt,,,
305eea187c1877441f21dcf1,method,public int drainTo(java.util.Collection<? super E>);,binary_declaration,tmp\authoritative_artifacts\jdk8\extracted\jdk8u504-b01\jre\lib\rt.jar,declarations/10f0ad1bd02139b9d6ee.txt,,,
305eea187c1877441f21dcf1,method,"public int drainTo(java.util.Collection<? super E>, int);",binary_declaration,tmp\authoritative_artifacts\jdk8\extracted\jdk8u504-b01\jre\lib\rt.jar,declarations/10f0ad1bd02139b9d6ee.txt,,,
305eea187c1877441f21dcf1,constructor,public java.util.concurrent.LinkedBlockingQueue(java.util.Collection<? extends E>);,binary_declaration,tmp\authoritative_artifacts\jdk8\extracted\jdk8u504-b01\jre\lib\rt.jar,declarations/10f0ad1bd02139b9d6ee.txt,,,
6cc33fdde81b80928568815e,type,"class java.util.concurrent.LinkedBlockingQueue<E> extends java.util.AbstractQueue<E> implements java.util.concurrent.BlockingQueue<E>, java.io.Serializable {",binary_declaration,tmp\authoritative_artifacts\jdk8\extracted\jdk8u504-b01\jre\lib\rt.jar,declarations/10f0ad1bd02139b9d6ee.txt,,,
c180c8d99a514c427ff818b1,type,"class java.util.concurrent.PriorityBlockingQueue<E> extends java.util.AbstractQueue<E> implements java.util.concurrent.BlockingQueue<E>, java.io.Serializable {",binary_declaration,tmp\authoritative_artifacts\jdk8\extracted\jdk8u504-b01\jre\lib\rt.jar,declarations/d5b80869dd13be208a75.txt,,,
d61d86086027e12e415bce89,method,public boolean contains(java.lang.Object);,binary_declaration,tmp\authoritative_artifacts\jdk8\extracted\jdk8u504-b01\jre\lib\rt.jar,declarations/d5b80869dd13be208a75.txt,,,
d61d86086027e12e415bce89,method,public boolean remove(java.lang.Object);,binary_declaration,tmp\authoritative_artifacts\jdk8\extracted\jdk8u504-b01\jre\lib\rt.jar,declarations/d5b80869dd13be208a75.txt,,,
1b51aa8952ec9973a92f62d8,method,public java.lang.Object[] toArray();,binary_declaration,tmp\authoritative_artifacts\jdk8\extracted\jdk8u504-b01\jre\lib\rt.jar,declarations/d5b80869dd13be208a75.txt,,,
64924822b871bedfdf09caf2,method,public java.lang.String toString();,binary_declaration,tmp\authoritative_artifacts\jdk8\extracted\jdk8u504-b01\jre\lib\rt.jar,declarations/d5b80869dd13be208a75.txt,,,
00e2e7efb40b7a0c9f894f93,method,public int drainTo(java.util.Collection<? super E>);,binary_declaration,tmp\authoritative_artifacts\jdk8\extracted\jdk8u504-b01\jre\lib\rt.jar,declarations/d5b80869dd13be208a75.txt,,,
00e2e7efb40b7a0c9f894f93,method,"public int drainTo(java.util.Collection<? super E>, int);",binary_declaration,tmp\authoritative_artifacts\jdk8\extracted\jdk8u504-b01\jre\lib\rt.jar,declarations/d5b80869dd13be208a75.txt,,,
00e2e7efb40b7a0c9f894f93,constructor,public java.util.concurrent.PriorityBlockingQueue(java.util.Collection<? extends E>);,binary_declaration,tmp\authoritative_artifacts\jdk8\extracted\jdk8u504-b01\jre\lib\rt.jar,declarations/d5b80869dd13be208a75.txt,,,
d928a69ab1624fc0aee80ee5,constructor,"public java.util.concurrent.PriorityBlockingQueue(int, java.util.Comparator<? super E>);",binary_declaration,tmp\authoritative_artifacts\jdk8\extracted\jdk8u504-b01\jre\lib\rt.jar,declarations/d5b80869dd13be208a75.txt,,,
186e3b6d38ac404ebc976039,method,public java.util.Comparator<? super E> comparator();,binary_declaration,tmp\authoritative_artifacts\jdk8\extracted\jdk8u504-b01\jre\lib\rt.jar,declarations/d5b80869dd13be208a75.txt,,,
dcd092a5114bc20cea9d9e00,type,"class java.util.concurrent.PriorityBlockingQueue<E> extends java.util.AbstractQueue<E> implements java.util.concurrent.BlockingQueue<E>, java.io.Serializable {",binary_declaration,tmp\authoritative_artifacts\jdk8\extracted\jdk8u504-b01\jre\lib\rt.jar,declarations/d5b80869dd13be208a75.txt,,,
bded39fe58475139391f16a3,type,"class java.util.concurrent.SynchronousQueue<E> extends java.util.AbstractQueue<E> implements java.util.concurrent.BlockingQueue<E>, java.io.Serializable {",binary_declaration,tmp\authoritative_artifacts\jdk8\extracted\jdk8u504-b01\jre\lib\rt.jar,declarations/93184a0567b3fb175046.txt,,,
aee18ef007ff54e06d3213d4,method,public boolean contains(java.lang.Object);,binary_declaration,tmp\authoritative_artifacts\jdk8\extracted\jdk8u504-b01\jre\lib\rt.jar,declarations/93184a0567b3fb175046.txt,,,
aee18ef007ff54e06d3213d4,method,public boolean remove(java.lang.Object);,binary_declaration,tmp\authoritative_artifacts\jdk8\extracted\jdk8u504-b01\jre\lib\rt.jar,declarations/93184a0567b3fb175046.txt,,,
ca1033d0313fdcc23b8cbb91,method,public java.lang.Object[] toArray();,binary_declaration,tmp\authoritative_artifacts\jdk8\extracted\jdk8u504-b01\jre\lib\rt.jar,declarations/93184a0567b3fb175046.txt,,,
3ef93c2538addef0a391cb5d,method,public boolean containsAll(java.util.Collection<?>);,binary_declaration,tmp\authoritative_artifacts\jdk8\extracted\jdk8u504-b01\jre\lib\rt.jar,declarations/93184a0567b3fb175046.txt,,,
3ef93c2538addef0a391cb5d,method,public boolean removeAll(java.util.Collection<?>);,binary_declaration,tmp\authoritative_artifacts\jdk8\extracted\jdk8u504-b01\jre\lib\rt.jar,declarations/93184a0567b3fb175046.txt,,,
3ef93c2538addef0a391cb5d,method,public boolean retainAll(java.util.Collection<?>);,binary_declaration,tmp\authoritative_artifacts\jdk8\extracted\jdk8u504-b01\jre\lib\rt.jar,declarations/93184a0567b3fb175046.txt,,,
3ef93c2538addef0a391cb5d,method,public int drainTo(java.util.Collection<? super E>);,binary_declaration,tmp\authoritative_artifacts\jdk8\extracted\jdk8u504-b01\jre\lib\rt.jar,declarations/93184a0567b3fb175046.txt,,,
3ef93c2538addef0a391cb5d,method,"public int drainTo(java.util.Collection<? super E>, int);",binary_declaration,tmp\authoritative_artifacts\jdk8\extracted\jdk8u504-b01\jre\lib\rt.jar,declarations/93184a0567b3fb175046.txt,,,
c4c51b0c59f33cd2ecf2a7cf,type,"class java.util.concurrent.SynchronousQueue<E> extends java.util.AbstractQueue<E> implements java.util.concurrent.BlockingQueue<E>, java.io.Serializable {",binary_declaration,tmp\authoritative_artifacts\jdk8\extracted\jdk8u504-b01\jre\lib\rt.jar,declarations/93184a0567b3fb175046.txt,,,
df6f616520498e82883c6177,type,interface java.util.concurrent.TransferQueue<E> extends java.util.concurrent.BlockingQueue<E> {,binary_declaration,tmp\authoritative_artifacts\jdk8\extracted\jdk8u504-b01\jre\lib\rt.jar,declarations/a88374c21f0e96e7a861.txt,,,
e23ca896c143163ae3f2d44f,adding and removing from the head; ArrayDeque may be a good alternative to LinkedList but is not a List,"Note that `ArrayDeque` may be a good alternative to `LinkedList` for adding and removing from the head, but it is not a `List`.",identified_ku:SO,OFFICIAL-1853,semantic_source_documents.json#OFFICIAL-1853:ku,9e73966102ee65acd12b1d8e08c2a57ec4f41d3f92ba7cbe7e72403fa8046fa1,a3198fea24498e01c52e24fa33ec283f1412ddc7dbb74b09c97a5f82d878cabb,4c2fa214b00f756f1b135995cec072397f36f5bed7d48110531d76ee4588eca0
2bbc57e1da341298cb4d9f53,sorting a map's entries by value and rebuilding an ordered map,"Then you can put every element of the Map into an ArrayList in the form of this class, and finally use a comparator to sort the ArrayList, afterwards you simply build a new Map.",identified_ku:SO,OFFICIAL-0741,semantic_source_documents.json#OFFICIAL-0741:ku,800015d8ed2537bff3e25b0f16832a132480605cabe095191d9e707c7d6eed07,c3f6c7d040c64d2533c14dbccb3871a7a3cc49e10409811b93f4bd4456787520,915b40123706010e3ecac2c06019a2523318b1368d54df8e6545817dd0e72cd3
cbe7898bc996e8b6db549abb,"flattening nested collections: use ArrayList when duplicates are allowed, LinkedHashSet when duplicates should be excluded",if (allowDuplicates) { setOrList = new ArrayList(); } else { setOrList = new LinkedHashSet(); },identified_ku:SO,OFFICIAL-1320,semantic_source_documents.json#OFFICIAL-1320:ku,b1e088e4d7c06e64fbdfe598979697e5c5aea25796f3f8fcce1b13bd4f8a6702,e19884682e7607b6e1b863356c4cc9fe28389ea5a14004d7179108a9d85a16d0,8f6085f73284b226b99413fbbfec7b1fbcad869d635009d81dc99d018e9d34bd
ec6b54609245218d0fb42064,choosing between ArrayList and LinkedList for frequent getFirst()/removeFirst() operations; ArrayList with reversed order using get(size-1)/remove(size-1) is suggested as faster,Better revert order of ArrayList and you can use: list.get(list.size() - 1) instead of getFirst() and list.remove(list.size() - 1) instead of removeFirst() Because getting and deleting last element of ArrayList is very very fast. P.S. LinkedList is very very slow in almost any case,identified_ku:SO,OFFICIAL-1838,semantic_source_documents.json#OFFICIAL-1838:ku,fcfb2f0d917215cc8a73d534beca0b23aeb84d81823a5f30c381cd9e3e0121bc,438e6a6525a0ce4c5cc660bb4d652ad059e9e753669d2a2057f9bceb3b533ffc,bf26b5548ea6e166b860c6d1f81cde764271305eddacf4428203cd1f730c98a8
56cbc5da599f674911065540,storing potentially equal elements sorted,"You can use a `List` [specifically an `ArrayList`] to hold the elements, and use `Collections.sort()` to sort it when you are done populating it. Sometimes a `PriorityQueue` is also a good option - if what you actually need is to maintain the smallest/biggest element in the collection.",identified_ku:SO,OFFICIAL-0805,semantic_source_documents.json#OFFICIAL-0805:ku,cdb2a895383f8e2da8bdc8f2e64ba0eb80c0030fa285e9ce9f8659d77b531801,92dc634172628bd834690bdee43277a8756cf1d04000f8170f38e4b6cc3a4a24,7948865a494d4cd831556ec5666187aa45aa927f0d7ae44150d180f6470a5797
d3a4407a5517f37722125f4f,replacing Vector to avoid concurrency problems and ConcurrentModificationException,"Also, I would rather use `ArrayList` to replace `Vector`.",identified_ku:SO,OFFICIAL-0402,semantic_source_documents.json#OFFICIAL-0402:ku,ec15177f6b70966d193d360bf4de986c45086ff766b4bfdf1ab019b537f37923,dd6ae9fd9bc148db3c42dd46e968dea0241091a882f11d1319307a0b867ef111,daa877afcec93e66a86bb28641e468b88c12a12f21f2bafc34ae5898f29822ce
0ec10f2c70b62f245ca884b8,using a Comparator in the Collections.sort method to sort a List,One clear benefit is that you may use `Comparator` in the `sort` method.,identified_ku:SO,OFFICIAL-2169,semantic_source_documents.json#OFFICIAL-2169:ku,28edfe8dc5df18df5e3c8032da6d400ecef9b1fb054b2c9486d27936e528a10c,00266004d53ca9ec422029683579cf9c5d937e770011124f18bc6b5f01050a99,9e73551418ef946e331e5b14defeaabbe4e7675d402309ddb0994affdb9e67ec
0ec10f2c70b62f245ca884b8,sorting a Vector/List of maps by first or last key using Collections.sort with an anonymous Comparator,"Collections.sort(returnMaps, new Comparator>() {",identified_ku:SO,OFFICIAL-1465,semantic_source_documents.json#OFFICIAL-1465:ku,28edfe8dc5df18df5e3c8032da6d400ecef9b1fb054b2c9486d27936e528a10c,00266004d53ca9ec422029683579cf9c5d937e770011124f18bc6b5f01050a99,9e73551418ef946e331e5b14defeaabbe4e7675d402309ddb0994affdb9e67ec
0ec10f2c70b62f245ca884b8,sorting a List of Number values with Collections.sort and a Comparator handling nulls and infinities,"Collections.sort(li,new Comparator() {",identified_ku:SO,OFFICIAL-0524,semantic_source_documents.json#OFFICIAL-0524:ku,28edfe8dc5df18df5e3c8032da6d400ecef9b1fb054b2c9486d27936e528a10c,00266004d53ca9ec422029683579cf9c5d937e770011124f18bc6b5f01050a99,9e73551418ef946e331e5b14defeaabbe4e7675d402309ddb0994affdb9e67ec
320f9cf2c997a477997066b0,sorting a map's entries by value and rebuilding an ordered map,"Collections.sort(list,new Comparator>>() { public int compare(Map.Entry> o1,Map.Entry> o2) { return (o2.getValue().get(0)).compareTo(o1.getValue().get(0)); } });",identified_ku:SO,OFFICIAL-0190,semantic_source_documents.json#OFFICIAL-0190:ku,800015d8ed2537bff3e25b0f16832a132480605cabe095191d9e707c7d6eed07,c3f6c7d040c64d2533c14dbccb3871a7a3cc49e10409811b93f4bd4456787520,915b40123706010e3ecac2c06019a2523318b1368d54df8e6545817dd0e72cd3
9db4f5519ae4c64afdf96b16,shuffling two related lists in the same fashion by passing two Random objects initialized with the same seed to Collections.shuffle,"Use `Collections.shuffle()` twice, with two `Random` objects initialized with the same seed: long seed = System.nanoTime(); Collections.shuffle(fileList, new Random(seed)); Collections.shuffle(imgList, new Random(seed));",identified_ku:SO,OFFICIAL-0744,semantic_source_documents.json#OFFICIAL-0744:ku,b26d7c226fe5c040a8d6ec36ade00a1fb3afefe371732e34d23cf66b967a02d6,f8a4bdef48411e73373db973f75f93f08370877307e16597b9f1996f9e713ab0,e2c547e3753a92ff9e4f668f78c9527be8a6ba209f01defa61cb09d37fa094f6
3e10468b02a59ad4c632771b,using a Comparator constructor parameter to avoid natural ordering when adding to a TreeSet,If you don't want the natural ordering you can use the constructor parameter that takes a `Comparator`.,identified_ku:SO,OFFICIAL-2169,semantic_source_documents.json#OFFICIAL-2169:ku,28edfe8dc5df18df5e3c8032da6d400ecef9b1fb054b2c9486d27936e528a10c,00266004d53ca9ec422029683579cf9c5d937e770011124f18bc6b5f01050a99,9e73551418ef946e331e5b14defeaabbe4e7675d402309ddb0994affdb9e67ec
4e1d417dffcaa1e43c581f04,obtaining an Enumeration over a Vector's elements via vector.elements() and iterating with hasMoreElements()/nextElement(),Enumeration enumeration = vector.elements(); while (enumeration.hasMoreElements()) { Integer integer = (Integer) enumeration.nextElement();,identified_ku:SO,OFFICIAL-0865,semantic_source_documents.json#OFFICIAL-0865:ku,5d006f83bce991510218044e49f0dcc5d2f3da08583bf3e175f7e97f4e02916a,a726279784a856eb9429e6329cc318061d73ab25db11b49c4c33b7769701d612,23bc600e864c9e148d3b4b615e4cb408a590ca517e438179f64845c1c8995b29
1cb257bebccdd3819672e686,HashMap is now preferred over Hashtable because Hashtable has unnecessary concurrency overhead,"Also, `HashMap` is now preferred over `Hashtable`, because `Hashtable` has unnecessary concurrency overhead.",identified_ku:SO,OFFICIAL-0543,semantic_source_documents.json#OFFICIAL-0543:ku,52659fa6a9f0d2e3e43daf5b4e51264ce49835cd19cc0dd3be3980b777146c34,d6ab6696160a3cd9e0f2f1183bf84073065166c6c41a100edd1a19f238d6f628,aa6588d04d77083532f9cc1577efe238cdb1194ce7b92d488530d9f0e1e4f071
1cb257bebccdd3819672e686,"use Hashtable when running on Java 1.1, when each operation should be synchronized, when null values should not be storable, when memory difference is significant, or when forced by an API","* When you want to run on Java 1.1 * When you want each operation to be synchronized (getting you a form of thread safety, so long as you never iterate over it) - and for some reason don't want to use `Collections.synchronizedMap` over a `HashMap` * When you don't want to be able to store null values * When the memory difference is actually significant (only after you've proved this is the case) - I wasn't even aware of this difference, personally... * When you're forced to by a nasty API which returns or takes `Hashtable` (relatively rare, fortunately)",identified_ku:SO,OFFICIAL-0099,semantic_source_documents.json#OFFICIAL-0099:ku,52659fa6a9f0d2e3e43daf5b4e51264ce49835cd19cc0dd3be3980b777146c34,d6ab6696160a3cd9e0f2f1183bf84073065166c6c41a100edd1a19f238d6f628,aa6588d04d77083532f9cc1577efe238cdb1194ce7b92d488530d9f0e1e4f071
9bf37dd886b30a3d5a73a532,MultiKeyMap implementation mapping values to their key sets,private Map> keySetMap = new HashMap>();,identified_ku:SO,OFFICIAL-1985,semantic_source_documents.json#OFFICIAL-1985:ku,800015d8ed2537bff3e25b0f16832a132480605cabe095191d9e707c7d6eed07,c3f6c7d040c64d2533c14dbccb3871a7a3cc49e10409811b93f4bd4456787520,915b40123706010e3ecac2c06019a2523318b1368d54df8e6545817dd0e72cd3
78e961a3cdfe698cc79c5014,obtaining a random value from a HashMap by indexing into the array of values with a Random-generated index,Random generator = new Random(); Object[] values = myHashMap.values().toArray(); Object randomValue = values[generator.nextInt(values.length)];,identified_ku:SO,OFFICIAL-0017,semantic_source_documents.json#OFFICIAL-0017:ku,b26d7c226fe5c040a8d6ec36ade00a1fb3afefe371732e34d23cf66b967a02d6,f8a4bdef48411e73373db973f75f93f08370877307e16597b9f1996f9e713ab0,e2c547e3753a92ff9e4f668f78c9527be8a6ba209f01defa61cb09d37fa094f6
1b33a3ae51ba94310af541a8,determining key equality: HashMap uses equals/hashCode while TreeMap uses compareTo,"What is guaranteed is therefore that in `HashMap` and `HashSet`, the method `equals()` is used to tell objects apart, and in `TreeMap`, the method `compareTo()`.",identified_ku:SO,OFFICIAL-0137,semantic_source_documents.json#OFFICIAL-0137:ku,3072afe7afff66c9d39de811abed02a56cd16b63fe4bf01c275203b4e5897254,cedaec3bc70155e3945783aed79ef51097cc56ad562ca107f22d472e1159aec7,4b35fe1db6d80848581862579e58f2dfbd0f045a6ff3c442b6a8265355e02360
5b3f1950be134cf3b835a7d7,"in multi-threaded environment, ConcurrentHashMap offers internally maintained concurrency so synchronized blocks are not needed when accessing it, unlike HashMap","The `ConcurrentHashMap` is very similar to the `HashMap` class, except that `ConcurrentHashMap` offers internally maintained concurrency. It means you do not need to have synchronized blocks when accessing `ConcurrentHashMap` in multithreaded application.",identified_ku:SO,OFFICIAL-1784,semantic_source_documents.json#OFFICIAL-1784:ku,627fb84c4903ff63339d2cbddb4787b9ecf88823d20ecfc469e2a640b192ccfa,62a850a41893900bc79e65ed55cba78086af75284b7e757f33651541ff8df6a0,2fcf1ddf0b6b7999f0aae4ed6166ce9c4e3d968a81c993e34b64d18c6900957f
5b3f1950be134cf3b835a7d7,replacing HashMap with ConcurrentHashMap to make a class thread-safe when the map may be updated concurrently,You could use `ConcurrentHashMap` instead of `HashMap`.,identified_ku:SO,OFFICIAL-0162,semantic_source_documents.json#OFFICIAL-0162:ku,627fb84c4903ff63339d2cbddb4787b9ecf88823d20ecfc469e2a640b192ccfa,62a850a41893900bc79e65ed55cba78086af75284b7e757f33651541ff8df6a0,2fcf1ddf0b6b7999f0aae4ed6166ce9c4e3d968a81c993e34b64d18c6900957f
9af268f1adeff6e5d7fcc41c,"choosing between set implementations based on iteration order: HashSet does not preserve insertion order, LinkedHashSet preserves it","A TreeSet orders the entries. A LinkedHashSet preserves the insertion order. A HashSet does not preserve the order of insertion, and is does not sort/order the entries.",identified_ku:SO,OFFICIAL-1562,semantic_source_documents.json#OFFICIAL-1562:ku,f6a11402f17d9d93634b558e0cca445110dd5cdd09cb77cc3ea1acd95bfaa2c3,1c767dc63fdc0a590703d4b21535b66e645163876acd10f681407a9911d5c227,de4229117ae4592592dadf90c36180fce78cc3a64eac1feaabcfb18baff87c95
f239d13c84e1f53edc9b9cc1,"finding unique values from a list of KeyValuePairs; HashSet-based u1 is fastest for no/few duplicates, LinkedList-based u3 wins at about 3600 pairs","At about 3600 pairs, 'u3' wins. At about 1500 pairs, 'u1' wins",identified_ku:SO,OFFICIAL-0821,semantic_source_documents.json#OFFICIAL-0821:ku,fcfb2f0d917215cc8a73d534beca0b23aeb84d81823a5f30c381cd9e3e0121bc,438e6a6525a0ce4c5cc660bb4d652ad059e9e753669d2a2057f9bceb3b533ffc,bf26b5548ea6e166b860c6d1f81cde764271305eddacf4428203cd1f730c98a8
38453ce2a0fb7a812c6d7acb,"when insertion order must be preserved, LinkedHashMap should be used instead of Hashtable","No, it does not. To preserve insertion order, instead use `java.util.LinkedHashMap` (javadoc).",identified_ku:SO,OFFICIAL-0543,semantic_source_documents.json#OFFICIAL-0543:ku,52659fa6a9f0d2e3e43daf5b4e51264ce49835cd19cc0dd3be3980b777146c34,d6ab6696160a3cd9e0f2f1183bf84073065166c6c41a100edd1a19f238d6f628,aa6588d04d77083532f9cc1577efe238cdb1194ce7b92d488530d9f0e1e4f071
e3e91c0e5863f033c13cef74,MultiKeyMap implementation tracking keys per value while preserving insertion order,public class MultiKeyMap extends LinkedHashMap { private static final long serialVersionUID = 1L; private Map> keySetMap = new HashMap>();,identified_ku:SO,OFFICIAL-1985,semantic_source_documents.json#OFFICIAL-1985:ku,800015d8ed2537bff3e25b0f16832a132480605cabe095191d9e707c7d6eed07,c3f6c7d040c64d2533c14dbccb3871a7a3cc49e10409811b93f4bd4456787520,915b40123706010e3ecac2c06019a2523318b1368d54df8e6545817dd0e72cd3
dc84aa7161b03cdae2d73241,parsing a URI query string into a name-value collection preserving parameter order,final Map> query_pairs = new LinkedHashMap>();,identified_ku:SO,OFFICIAL-1749,semantic_source_documents.json#OFFICIAL-1749:ku,800015d8ed2537bff3e25b0f16832a132480605cabe095191d9e707c7d6eed07,c3f6c7d040c64d2533c14dbccb3871a7a3cc49e10409811b93f4bd4456787520,915b40123706010e3ecac2c06019a2523318b1368d54df8e6545817dd0e72cd3
e8a4dd69ae915d14c74ca7b9,keeping insertion sorting of keys,"`LinkedHashMap` keeps the keys in the order they were inserted, while a `TreeMap` is kept sorted via a Comparator or the natural Comparable ordering of the elements.",identified_ku:SO,OFFICIAL-1586,semantic_source_documents.json#OFFICIAL-1586:ku,800015d8ed2537bff3e25b0f16832a132480605cabe095191d9e707c7d6eed07,c3f6c7d040c64d2533c14dbccb3871a7a3cc49e10409811b93f4bd4456787520,915b40123706010e3ecac2c06019a2523318b1368d54df8e6545817dd0e72cd3
e8a4dd69ae915d14c74ca7b9,choosing a Map to keep insertion order versus sorted order,"`LinkedHashMap` keeps the keys in the order they were inserted, while a `TreeMap` is kept sorted via a Comparator or the natural Comparable ordering of the elements.",identified_ku:SO,OFFICIAL-0894,semantic_source_documents.json#OFFICIAL-0894:ku,3072afe7afff66c9d39de811abed02a56cd16b63fe4bf01c275203b4e5897254,cedaec3bc70155e3945783aed79ef51097cc56ad562ca107f22d472e1159aec7,4b35fe1db6d80848581862579e58f2dfbd0f045a6ff3c442b6a8265355e02360
e6d30b58dec33cb95ecf8948,"choosing between set implementations based on ordering: TreeSet orders entries, LinkedHashSet preserves insertion order","A TreeSet orders the entries. A LinkedHashSet preserves the insertion order. A HashSet does not preserve the order of insertion, and is does not sort/order the entries.",identified_ku:SO,OFFICIAL-1562,semantic_source_documents.json#OFFICIAL-1562:ku,f6a11402f17d9d93634b558e0cca445110dd5cdd09cb77cc3ea1acd95bfaa2c3,1c767dc63fdc0a590703d4b21535b66e645163876acd10f681407a9911d5c227,de4229117ae4592592dadf90c36180fce78cc3a64eac1feaabcfb18baff87c95
d0226bf6a685b69fec11a540,"maximum size limits: Vector uses an array internally limited to Integer.MAX_VALUE elements, while LinkedList uses a doubly linked list with no inherent limit","* A `Vector` uses an array internally which has a maximum size of exactly `Integer.MAX_VALUE`, so it can't support more than that many elements * A `LinkedList` doesn't use an array as the underlying storage, so that doesn't limit the size.",identified_ku:SO,OFFICIAL-0786,semantic_source_documents.json#OFFICIAL-0786:ku,ec15177f6b70966d193d360bf4de986c45086ff766b4bfdf1ab019b537f37923,dd6ae9fd9bc148db3c42dd46e968dea0241091a882f11d1319307a0b867ef111,daa877afcec93e66a86bb28641e468b88c12a12f21f2bafc34ae5898f29822ce
2f28ffa0e56688524e436d1a,"flattening nested collections: flatten returns a List with possible duplicates, uniqFlatten returns a Set","If you want a List of objects with possible duplicates, use flatten, if you want a Set, use uniqFlatten.",identified_ku:SO,OFFICIAL-1093,semantic_source_documents.json#OFFICIAL-1093:ku,3c0f3ca8cb4f7e91e3e669ae8745dc50e3439fbecc3252892011b08287dc6f26,964f8e3d48cba2e10801c29ee918fbd9af7e82bcd29c19a4c23b8537feae98f5,c22c01a43784776057ea4a58d244070c7843abe0582b99d2e1af094a316bd12f
d64f22d6b521fccc53442047,choosing a blocking queue implementation for single-producer single-consumer scenarios with critical producer timing,"That leaves only `ArrayBlockingQueue` and `LinkedBlockingQueue`. If you know how to tell whether you need an `ArrayList` or a `LinkedList`, you can probably answer this one yourself. Note that in `LinkedBlockingQueue`, ""linked nodes are dynamically created upon each insertion""; this might tend to push you toward `ArrayBlockingQueue`.",identified_ku:SO,OFFICIAL-1401,semantic_source_documents.json#OFFICIAL-1401:ku,ed1c3a31549d0a31c55867b3933fcfc9ab9d32d820765dfb868b54f6c8a35f94,d49f929aa9711b492f490aa79d665072abda2a56dece779f26add350772757e8,a64f606e6f0dc898d40f6750b91311ca50424a972fdfe4e5fc86b360b0fe8e79
44c4e29e6c8ff927d5742b6e,adding a java.util.Comparator to the TreeMap to change ordering from natural key order,"If you need an other ordering, add a `java.util.Comparator` to the `TreeMap` (see TreeMap documentation).",identified_ku:SO,OFFICIAL-0956,semantic_source_documents.json#OFFICIAL-0956:ku,28edfe8dc5df18df5e3c8032da6d400ecef9b1fb054b2c9486d27936e528a10c,00266004d53ca9ec422029683579cf9c5d937e770011124f18bc6b5f01050a99,9e73551418ef946e331e5b14defeaabbe4e7675d402309ddb0994affdb9e67ec
b8a0d0a20135f9ef972adbaa,one-line conversion of an Enumeration's elements to a List via Collections.list(enumeration),You can use `Collections.list()` to convert an `Enumeration` to a `List` in one line: List list = Collections.list(enumeration);,identified_ku:SO,OFFICIAL-0760,semantic_source_documents.json#OFFICIAL-0760:ku,5d006f83bce991510218044e49f0dcc5d2f3da08583bf3e175f7e97f4e02916a,a726279784a856eb9429e6329cc318061d73ab25db11b49c4c33b7769701d612,23bc600e864c9e148d3b4b615e4cb408a590ca517e438179f64845c1c8995b29
b75a7ed8fa4c54d3dd0d45b1,conversion of an Enumeration's elements to a Set via new HashSet(Collections.list(enumeration)); no built-in method exists,"There's no similar method to get a `Set`, however you can still do it one line: Set set = new HashSet(Collections.list(enumeration));",identified_ku:SO,OFFICIAL-0760,semantic_source_documents.json#OFFICIAL-0760:ku,5d006f83bce991510218044e49f0dcc5d2f3da08583bf3e175f7e97f4e02916a,a726279784a856eb9429e6329cc318061d73ab25db11b49c4c33b7769701d612,23bc600e864c9e148d3b4b615e4cb408a590ca517e438179f64845c1c8995b29
