source,target,relation,evidence,basis,meaning,scope,evidence_source,evidence_target
text:API:android.app.Service,text:API:android.content.Intent,accepts,"android.app.Service#onBind(android.content.Intent) accepts android.content.Intent | android.app.Service#onRebind(android.content.Intent) accepts android.content.Intent | android.app.Service#onStart(android.content.Intent,int) accepts android.content.Intent",official_declaration,,,,
text:API:android.content.ClipData,text:API:android.content.ClipData.Item,accepts,"android.content.ClipData#<init>(android.content.ClipDescription,android.content.ClipData.Item) accepts android.content.ClipData.Item | android.content.ClipData#<init>(java.lang.CharSequence,java.lang.String[],android.content.ClipData.Item) accepts android.content.ClipData.Item | android.content.ClipData#addItem(android.content.ClipData.Item) accepts android.content.ClipData.Item",official_declaration,,,,
text:API:android.content.ClipData,text:API:android.content.ClipData.Item,returns,android.content.ClipData#getItemAt(int) returns android.content.ClipData.Item,official_declaration,,,,
text:API:android.content.ClipData,text:API:android.content.ClipDescription,accepts,"android.content.ClipData#<init>(android.content.ClipDescription,android.content.ClipData.Item) accepts android.content.ClipDescription",official_declaration,,,,
text:API:android.content.ClipData,text:API:android.content.ClipDescription,returns,android.content.ClipData#getDescription() returns android.content.ClipDescription,official_declaration,,,,
text:API:android.content.ClipData,text:API:android.content.ContentResolver,accepts,"android.content.ClipData#newUri(android.content.ContentResolver,java.lang.CharSequence,android.net.Uri) accepts android.content.ContentResolver",official_declaration,,,,
text:API:android.content.ClipData,text:API:android.content.Intent,accepts,"android.content.ClipData#newIntent(java.lang.CharSequence,android.content.Intent) accepts android.content.Intent",official_declaration,,,,
text:API:android.content.ClipData,text:API:android.net.Uri,accepts,"android.content.ClipData#newRawUri(java.lang.CharSequence,android.net.Uri) accepts android.net.Uri | android.content.ClipData#newUri(android.content.ContentResolver,java.lang.CharSequence,android.net.Uri) accepts android.net.Uri",official_declaration,,,,
text:API:android.content.ClipData,text:API:java.lang.CharSequence,accepts,"android.content.ClipData#<init>(java.lang.CharSequence,java.lang.String[],android.content.ClipData.Item) accepts java.lang.CharSequence | android.content.ClipData#newHtmlText(java.lang.CharSequence,java.lang.CharSequence,java.lang.String) accepts java.lang.CharSequence | android.content.ClipData#newIntent(java.lang.CharSequence,android.content.Intent) accepts java.lang.CharSequence",official_declaration,,,,
text:API:android.content.ClipData.Item,text:API:android.content.Context,accepts,android.content.ClipData.Item#coerceToHtmlText(android.content.Context) accepts android.content.Context | android.content.ClipData.Item#coerceToStyledText(android.content.Context) accepts android.content.Context | android.content.ClipData.Item#coerceToText(android.content.Context) accepts android.content.Context,official_declaration,,,,
text:API:android.content.ClipData.Item,text:API:android.content.Intent,accepts,"android.content.ClipData.Item#<init>(android.content.Intent) accepts android.content.Intent | android.content.ClipData.Item#<init>(java.lang.CharSequence,android.content.Intent,android.net.Uri) accepts android.content.Intent | android.content.ClipData.Item#<init>(java.lang.CharSequence,java.lang.String,android.content.Intent,android.net.Uri) accepts android.content.Intent",official_declaration,,,,
text:API:android.content.ClipData.Item,text:API:android.content.Intent,returns,android.content.ClipData.Item#getIntent() returns android.content.Intent,official_declaration,,,,
text:API:android.content.ClipData.Item,text:API:android.net.Uri,accepts,"android.content.ClipData.Item#<init>(android.net.Uri) accepts android.net.Uri | android.content.ClipData.Item#<init>(java.lang.CharSequence,android.content.Intent,android.net.Uri) accepts android.net.Uri | android.content.ClipData.Item#<init>(java.lang.CharSequence,java.lang.String,android.content.Intent,android.net.Uri) accepts android.net.Uri",official_declaration,,,,
text:API:android.content.ClipData.Item,text:API:android.net.Uri,returns,android.content.ClipData.Item#getUri() returns android.net.Uri,official_declaration,,,,
text:API:android.content.ClipData.Item,text:API:java.lang.CharSequence,accepts,"android.content.ClipData.Item#<init>(java.lang.CharSequence) accepts java.lang.CharSequence | android.content.ClipData.Item#<init>(java.lang.CharSequence,android.content.Intent,android.net.Uri) accepts java.lang.CharSequence | android.content.ClipData.Item#<init>(java.lang.CharSequence,java.lang.String) accepts java.lang.CharSequence",official_declaration,,,,
text:API:android.content.ClipData.Item,text:API:java.lang.CharSequence,returns,android.content.ClipData.Item#coerceToStyledText(android.content.Context) returns java.lang.CharSequence | android.content.ClipData.Item#coerceToText(android.content.Context) returns java.lang.CharSequence | android.content.ClipData.Item#getText() returns java.lang.CharSequence,official_declaration,,,,
text:API:android.content.ClipDescription,text:API:java.lang.CharSequence,accepts,"android.content.ClipDescription#<init>(java.lang.CharSequence,java.lang.String[]) accepts java.lang.CharSequence",official_declaration,,,,
text:API:android.content.ClipDescription,text:API:java.lang.CharSequence,returns,android.content.ClipDescription#getLabel() returns java.lang.CharSequence,official_declaration,,,,
text:API:android.content.ClipboardManager,text:API:android.content.ClipData,accepts,android.content.ClipboardManager#setPrimaryClip(android.content.ClipData) accepts android.content.ClipData,official_declaration,,,,
text:API:android.content.ClipboardManager,text:API:android.content.ClipData,returns,android.content.ClipboardManager#getPrimaryClip() returns android.content.ClipData,official_declaration,,,,
text:API:android.content.ClipboardManager,text:API:android.content.ClipDescription,returns,android.content.ClipboardManager#getPrimaryClipDescription() returns android.content.ClipDescription,official_declaration,,,,
text:API:android.content.ClipboardManager,text:API:java.lang.CharSequence,accepts,android.content.ClipboardManager#setText(java.lang.CharSequence) accepts java.lang.CharSequence,official_declaration,,,,
text:API:android.content.ClipboardManager,text:API:java.lang.CharSequence,returns,android.content.ClipboardManager#getText() returns java.lang.CharSequence,official_declaration,,,,
text:API:android.content.ContentResolver,text:API:android.content.Context,accepts,android.content.ContentResolver#<init>(android.content.Context) accepts android.content.Context,official_declaration,,,,
text:API:android.content.ContentResolver,text:API:android.database.Cursor,returns,"android.content.ContentResolver#query(android.net.Uri,java.lang.String[],java.lang.String,java.lang.String[],java.lang.String) returns android.database.Cursor | android.content.ContentResolver#query(android.net.Uri,java.lang.String[],java.lang.String,java.lang.String[],java.lang.String,android.os.CancellationSignal) returns android.database.Cursor",official_declaration,,,,
text:API:android.content.ContentResolver,text:API:android.net.Uri,accepts,"android.content.ContentResolver#acquireContentProviderClient(android.net.Uri) accepts android.net.Uri | android.content.ContentResolver#acquireUnstableContentProviderClient(android.net.Uri) accepts android.net.Uri | android.content.ContentResolver#bulkInsert(android.net.Uri,android.content.ContentValues[]) accepts android.net.Uri",official_declaration,,,,
text:API:android.content.ContentResolver,text:API:android.net.Uri,returns,"android.content.ContentResolver#insert(android.net.Uri,android.content.ContentValues) returns android.net.Uri",official_declaration,,,,
text:API:android.content.Context,text:API:android.content.ContentResolver,returns,android.content.Context#getContentResolver() returns android.content.ContentResolver,official_declaration,,,,
text:API:android.content.Context,text:API:android.content.Intent,accepts,"android.content.Context#bindService(android.content.Intent,android.content.ServiceConnection,int) accepts android.content.Intent | android.content.Context#removeStickyBroadcast(android.content.Intent) accepts android.content.Intent | android.content.Context#sendBroadcast(android.content.Intent) accepts android.content.Intent",official_declaration,,,,
text:API:android.content.Context,text:API:android.content.Intent,returns,"android.content.Context#registerReceiver(android.content.BroadcastReceiver,android.content.IntentFilter) returns android.content.Intent | android.content.Context#registerReceiver(android.content.BroadcastReceiver,android.content.IntentFilter,java.lang.String,android.os.Handler) returns android.content.Intent",official_declaration,,,,
text:API:android.content.Context,text:API:android.net.Uri,accepts,"android.content.Context#checkCallingOrSelfUriPermission(android.net.Uri,int) accepts android.net.Uri | android.content.Context#checkCallingUriPermission(android.net.Uri,int) accepts android.net.Uri | android.content.Context#checkUriPermission(android.net.Uri,int,int,int) accepts android.net.Uri",official_declaration,,,,
text:API:android.content.Context,text:API:java.lang.CharSequence,returns,android.content.Context#getText(int) returns java.lang.CharSequence,official_declaration,,,,
text:API:android.content.Intent,text:API:android.content.ClipData,accepts,android.content.Intent#setClipData(android.content.ClipData) accepts android.content.ClipData,official_declaration,,,,
text:API:android.content.Intent,text:API:android.content.ClipData,returns,android.content.Intent#getClipData() returns android.content.ClipData,official_declaration,,,,
text:API:android.content.Intent,text:API:android.content.ContentResolver,accepts,android.content.Intent#resolveType(android.content.ContentResolver) accepts android.content.ContentResolver | android.content.Intent#resolveTypeIfNeeded(android.content.ContentResolver) accepts android.content.ContentResolver,official_declaration,,,,
text:API:android.content.Intent,text:API:android.content.Context,accepts,"android.content.Intent#<init>(android.content.Context,java.lang.Class) accepts android.content.Context | android.content.Intent#<init>(java.lang.String,android.net.Uri,android.content.Context,java.lang.Class) accepts android.content.Context | android.content.Intent#resolveType(android.content.Context) accepts android.content.Context",official_declaration,,,,
text:API:android.content.Intent,text:API:android.net.Uri,accepts,"android.content.Intent#<init>(java.lang.String,android.net.Uri) accepts android.net.Uri | android.content.Intent#<init>(java.lang.String,android.net.Uri,android.content.Context,java.lang.Class) accepts android.net.Uri | android.content.Intent#setData(android.net.Uri) accepts android.net.Uri",official_declaration,,,,
text:API:android.content.Intent,text:API:android.net.Uri,returns,android.content.Intent#getData() returns android.net.Uri,official_declaration,,,,
text:API:android.content.Intent,text:API:java.lang.CharSequence,accepts,"android.content.Intent#createChooser(android.content.Intent,java.lang.CharSequence) accepts java.lang.CharSequence | android.content.Intent#putExtra(java.lang.String,java.lang.CharSequence) accepts java.lang.CharSequence | android.content.Intent#putExtra(java.lang.String,java.lang.CharSequence[]) accepts java.lang.CharSequence[]",official_declaration,,,,
text:API:android.content.Intent,text:API:java.lang.CharSequence,returns,android.content.Intent#getCharSequenceArrayExtra(java.lang.String) returns java.lang.CharSequence[] | android.content.Intent#getCharSequenceExtra(java.lang.String) returns java.lang.CharSequence,official_declaration,,,,
text:API:android.database.Cursor,text:API:android.content.ContentResolver,accepts,"android.database.Cursor#setNotificationUri(android.content.ContentResolver,android.net.Uri) accepts android.content.ContentResolver",official_declaration,,,,
text:API:android.database.Cursor,text:API:android.net.Uri,accepts,"android.database.Cursor#setNotificationUri(android.content.ContentResolver,android.net.Uri) accepts android.net.Uri",official_declaration,,,,
text:API:android.inputmethodservice.InputMethodService,text:API:android.view.KeyEvent,accepts,"android.inputmethodservice.InputMethodService#onKeyDown(int,android.view.KeyEvent) accepts android.view.KeyEvent | android.inputmethodservice.InputMethodService#onKeyLongPress(int,android.view.KeyEvent) accepts android.view.KeyEvent | android.inputmethodservice.InputMethodService#onKeyMultiple(int,int,android.view.KeyEvent) accepts android.view.KeyEvent",official_declaration,,,,
text:API:android.inputmethodservice.InputMethodService,text:API:android.view.View,accepts,android.inputmethodservice.InputMethodService#setCandidatesView(android.view.View) accepts android.view.View | android.inputmethodservice.InputMethodService#setExtractView(android.view.View) accepts android.view.View | android.inputmethodservice.InputMethodService#setInputView(android.view.View) accepts android.view.View,official_declaration,,,,
text:API:android.inputmethodservice.InputMethodService,text:API:android.view.View,returns,android.inputmethodservice.InputMethodService#onCreateCandidatesView() returns android.view.View | android.inputmethodservice.InputMethodService#onCreateExtractTextView() returns android.view.View | android.inputmethodservice.InputMethodService#onCreateInputView() returns android.view.View,official_declaration,,,,
text:API:android.inputmethodservice.InputMethodService,text:API:android.view.inputmethod.EditorInfo,accepts,"android.inputmethodservice.InputMethodService#onExtractingInputChanged(android.view.inputmethod.EditorInfo) accepts android.view.inputmethod.EditorInfo | android.inputmethodservice.InputMethodService#onStartCandidatesView(android.view.inputmethod.EditorInfo,boolean) accepts android.view.inputmethod.EditorInfo | android.inputmethodservice.InputMethodService#onStartInput(android.view.inputmethod.EditorInfo,boolean) accepts android.view.inputmethod.EditorInfo",official_declaration,,,,
text:API:android.inputmethodservice.InputMethodService,text:API:android.view.inputmethod.EditorInfo,returns,android.inputmethodservice.InputMethodService#getCurrentInputEditorInfo() returns android.view.inputmethod.EditorInfo,official_declaration,,,,
text:API:android.inputmethodservice.InputMethodService,text:API:android.view.inputmethod.InputConnection,returns,android.inputmethodservice.InputMethodService#getCurrentInputConnection() returns android.view.inputmethod.InputConnection,official_declaration,,,,
text:API:android.inputmethodservice.InputMethodService,text:API:java.lang.CharSequence,returns,android.inputmethodservice.InputMethodService#getTextForImeAction(int) returns java.lang.CharSequence,official_declaration,,,,
text:API:android.inputmethodservice.Keyboard,text:API:android.content.Context,accepts,"android.inputmethodservice.Keyboard#<init>(android.content.Context,int) accepts android.content.Context | android.inputmethodservice.Keyboard#<init>(android.content.Context,int,int) accepts android.content.Context | android.inputmethodservice.Keyboard#<init>(android.content.Context,int,int,int,int) accepts android.content.Context",official_declaration,,,,
text:API:android.inputmethodservice.Keyboard,text:API:java.lang.CharSequence,accepts,"android.inputmethodservice.Keyboard#<init>(android.content.Context,int,java.lang.CharSequence,int,int) accepts java.lang.CharSequence",official_declaration,,,,
text:API:android.inputmethodservice.KeyboardView,text:API:android.content.Context,accepts,"android.inputmethodservice.KeyboardView#<init>(android.content.Context,android.util.AttributeSet) accepts android.content.Context | android.inputmethodservice.KeyboardView#<init>(android.content.Context,android.util.AttributeSet,int) accepts android.content.Context",official_declaration,,,,
text:API:android.inputmethodservice.KeyboardView,text:API:android.inputmethodservice.Keyboard,accepts,android.inputmethodservice.KeyboardView#setKeyboard(android.inputmethodservice.Keyboard) accepts android.inputmethodservice.Keyboard,official_declaration,,,,
text:API:android.inputmethodservice.KeyboardView,text:API:android.inputmethodservice.Keyboard,returns,android.inputmethodservice.KeyboardView#getKeyboard() returns android.inputmethodservice.Keyboard,official_declaration,,,,
text:API:android.inputmethodservice.KeyboardView,text:API:android.view.View,accepts,android.inputmethodservice.KeyboardView#onClick(android.view.View) accepts android.view.View | android.inputmethodservice.KeyboardView#setPopupParent(android.view.View) accepts android.view.View,official_declaration,,,,
text:API:android.inputmethodservice.KeyboardView,text:API:android.view.View,subtype_of,extends/implements android.view.View,official_declaration,,,,
text:API:android.service.textservice.SpellCheckerService,text:API:android.app.Service,subtype_of,extends/implements android.app.Service,official_declaration,,,,
text:API:android.service.textservice.SpellCheckerService,text:API:android.content.Intent,accepts,android.service.textservice.SpellCheckerService#onBind(android.content.Intent) accepts android.content.Intent,official_declaration,,,,
text:API:android.service.textservice.SpellCheckerService,text:API:android.service.textservice.SpellCheckerService.Session,returns,android.service.textservice.SpellCheckerService#createSession() returns android.service.textservice.SpellCheckerService.Session,official_declaration,,,,
text:API:android.service.textservice.SpellCheckerService.Session,text:API:android.view.textservice.SentenceSuggestionsInfo,returns,"android.service.textservice.SpellCheckerService.Session#onGetSentenceSuggestionsMultiple(android.view.textservice.TextInfo[],int) returns android.view.textservice.SentenceSuggestionsInfo[]",official_declaration,,,,
text:API:android.view.View,text:API:android.content.ClipData,accepts,"android.view.View#startDrag(android.content.ClipData,android.view.View.DragShadowBuilder,java.lang.Object,int) accepts android.content.ClipData",official_declaration,,,,
text:API:android.view.View,text:API:android.content.Context,accepts,"android.view.View#<init>(android.content.Context) accepts android.content.Context | android.view.View#<init>(android.content.Context,android.util.AttributeSet) accepts android.content.Context | android.view.View#<init>(android.content.Context,android.util.AttributeSet,int) accepts android.content.Context",official_declaration,,,,
text:API:android.view.View,text:API:android.content.Context,returns,android.view.View#getContext() returns android.content.Context,official_declaration,,,,
text:API:android.view.View,text:API:android.view.KeyEvent,accepts,android.view.View#dispatchKeyEvent(android.view.KeyEvent) accepts android.view.KeyEvent | android.view.View#dispatchKeyEventPreIme(android.view.KeyEvent) accepts android.view.KeyEvent | android.view.View#dispatchKeyShortcutEvent(android.view.KeyEvent) accepts android.view.KeyEvent,official_declaration,,,,
text:API:android.view.View,text:API:android.view.inputmethod.EditorInfo,accepts,android.view.View#onCreateInputConnection(android.view.inputmethod.EditorInfo) accepts android.view.inputmethod.EditorInfo,official_declaration,,,,
text:API:android.view.View,text:API:android.view.inputmethod.InputConnection,returns,android.view.View#onCreateInputConnection(android.view.inputmethod.EditorInfo) returns android.view.inputmethod.InputConnection,official_declaration,,,,
text:API:android.view.View,text:API:java.lang.CharSequence,accepts,"android.view.View#announceForAccessibility(java.lang.CharSequence) accepts java.lang.CharSequence | android.view.View#findViewsWithText(java.util.ArrayList,java.lang.CharSequence,int) accepts java.lang.CharSequence | android.view.View#setContentDescription(java.lang.CharSequence) accepts java.lang.CharSequence",official_declaration,,,,
text:API:android.view.View,text:API:java.lang.CharSequence,returns,android.view.View#getContentDescription() returns java.lang.CharSequence,official_declaration,,,,
text:API:android.view.inputmethod.BaseInputConnection,text:API:android.view.KeyEvent,accepts,android.view.inputmethod.BaseInputConnection#sendKeyEvent(android.view.KeyEvent) accepts android.view.KeyEvent,official_declaration,,,,
text:API:android.view.inputmethod.BaseInputConnection,text:API:android.view.View,accepts,"android.view.inputmethod.BaseInputConnection#<init>(android.view.View,boolean) accepts android.view.View",official_declaration,,,,
text:API:android.view.inputmethod.BaseInputConnection,text:API:android.view.inputmethod.InputConnection,subtype_of,extends/implements android.view.inputmethod.InputConnection,official_declaration,,,,
text:API:android.view.inputmethod.BaseInputConnection,text:API:java.lang.CharSequence,accepts,"android.view.inputmethod.BaseInputConnection#commitText(java.lang.CharSequence,int) accepts java.lang.CharSequence | android.view.inputmethod.BaseInputConnection#setComposingText(java.lang.CharSequence,int) accepts java.lang.CharSequence",official_declaration,,,,
text:API:android.view.inputmethod.BaseInputConnection,text:API:java.lang.CharSequence,returns,"android.view.inputmethod.BaseInputConnection#getSelectedText(int) returns java.lang.CharSequence | android.view.inputmethod.BaseInputConnection#getTextAfterCursor(int,int) returns java.lang.CharSequence | android.view.inputmethod.BaseInputConnection#getTextBeforeCursor(int,int) returns java.lang.CharSequence",official_declaration,,,,
text:API:android.view.inputmethod.EditorInfo,text:API:android.text.InputType,subtype_of,extends/implements android.text.InputType,official_declaration,,,,
text:API:android.view.inputmethod.InputConnection,text:API:android.view.KeyEvent,accepts,android.view.inputmethod.InputConnection#sendKeyEvent(android.view.KeyEvent) accepts android.view.KeyEvent,official_declaration,,,,
text:API:android.view.inputmethod.InputConnection,text:API:java.lang.CharSequence,accepts,"android.view.inputmethod.InputConnection#commitText(java.lang.CharSequence,int) accepts java.lang.CharSequence | android.view.inputmethod.InputConnection#setComposingText(java.lang.CharSequence,int) accepts java.lang.CharSequence",official_declaration,,,,
text:API:android.view.inputmethod.InputConnection,text:API:java.lang.CharSequence,returns,"android.view.inputmethod.InputConnection#getSelectedText(int) returns java.lang.CharSequence | android.view.inputmethod.InputConnection#getTextAfterCursor(int,int) returns java.lang.CharSequence | android.view.inputmethod.InputConnection#getTextBeforeCursor(int,int) returns java.lang.CharSequence",official_declaration,,,,
text:API:android.view.inputmethod.InputMethod,text:API:android.view.inputmethod.EditorInfo,accepts,"android.view.inputmethod.InputMethod#restartInput(android.view.inputmethod.InputConnection,android.view.inputmethod.EditorInfo) accepts android.view.inputmethod.EditorInfo | android.view.inputmethod.InputMethod#startInput(android.view.inputmethod.InputConnection,android.view.inputmethod.EditorInfo) accepts android.view.inputmethod.EditorInfo",official_declaration,,,,
text:API:android.view.inputmethod.InputMethod,text:API:android.view.inputmethod.InputConnection,accepts,"android.view.inputmethod.InputMethod#restartInput(android.view.inputmethod.InputConnection,android.view.inputmethod.EditorInfo) accepts android.view.inputmethod.InputConnection | android.view.inputmethod.InputMethod#startInput(android.view.inputmethod.InputConnection,android.view.inputmethod.EditorInfo) accepts android.view.inputmethod.InputConnection",official_declaration,,,,
text:API:android.widget.TextView,text:API:android.content.Context,accepts,"android.widget.TextView#<init>(android.content.Context) accepts android.content.Context | android.widget.TextView#<init>(android.content.Context,android.util.AttributeSet) accepts android.content.Context | android.widget.TextView#<init>(android.content.Context,android.util.AttributeSet,int) accepts android.content.Context",official_declaration,,,,
text:API:android.widget.TextView,text:API:android.view.KeyEvent,accepts,"android.widget.TextView#onKeyDown(int,android.view.KeyEvent) accepts android.view.KeyEvent | android.widget.TextView#onKeyMultiple(int,int,android.view.KeyEvent) accepts android.view.KeyEvent | android.widget.TextView#onKeyPreIme(int,android.view.KeyEvent) accepts android.view.KeyEvent",official_declaration,,,,
text:API:android.widget.TextView,text:API:android.view.View,subtype_of,extends/implements android.view.View,official_declaration,,,,
text:API:android.widget.TextView,text:API:android.view.inputmethod.EditorInfo,accepts,android.widget.TextView#onCreateInputConnection(android.view.inputmethod.EditorInfo) accepts android.view.inputmethod.EditorInfo,official_declaration,,,,
text:API:android.widget.TextView,text:API:android.view.inputmethod.InputConnection,returns,android.widget.TextView#onCreateInputConnection(android.view.inputmethod.EditorInfo) returns android.view.inputmethod.InputConnection,official_declaration,,,,
text:API:android.widget.TextView,text:API:java.lang.CharSequence,accepts,"android.widget.TextView#append(java.lang.CharSequence) accepts java.lang.CharSequence | android.widget.TextView#append(java.lang.CharSequence,int,int) accepts java.lang.CharSequence | android.widget.TextView#findViewsWithText(java.util.ArrayList,java.lang.CharSequence,int) accepts java.lang.CharSequence",official_declaration,,,,
text:API:android.widget.TextView,text:API:java.lang.CharSequence,returns,android.widget.TextView#getError() returns java.lang.CharSequence | android.widget.TextView#getHint() returns java.lang.CharSequence | android.widget.TextView#getImeActionLabel() returns java.lang.CharSequence,official_declaration,,,,
text:KU:android.content.Context:TEXT-0001,text:KU:android.content.Intent:TEXT-0051,same_ku,41a6ca4ba511791ad0486d2187e78e434f791b7d703211460bf35b73cc9df7cd,deterministic_identity,,,,
text:KU:android.content.Context:TEXT-0001,text:KU:android.app.Service:TEXT-0144,same_ku,41a6ca4ba511791ad0486d2187e78e434f791b7d703211460bf35b73cc9df7cd,deterministic_identity,,,,
text:KU:android.content.Intent:TEXT-0051,text:KU:android.app.Service:TEXT-0144,same_ku,41a6ca4ba511791ad0486d2187e78e434f791b7d703211460bf35b73cc9df7cd,deterministic_identity,,,,
text:KU:android.widget.TextView:TEXT-0003,text:KU:android.view.inputmethod.InputConnection:TEXT-0244,same_ku,af5a76f22c1682ddccd9f603133a04168c59b547a4725b4daba7b97e84856971,deterministic_identity,,,,
text:KU:android.content.Context:TEXT-0005,text:KU:java.lang.CharSequence:TEXT-0097,same_ku,0340c6f0bd5b093391fcb90d26802dda31b17290ab0995e4e1efc290b579dcf1,deterministic_identity,,,,
text:KU:java.lang.CharSequence:TEXT-0010,text:KU:android.widget.TextView:TEXT-0199,same_ku,99a6148869ec8469d3ecd43cca84aa67b750a4eb790be5b0aa2ff8385413a4b9,deterministic_identity,,,,
text:KU:java.lang.CharSequence:TEXT-0014,text:KU:android.view.inputmethod.EditorInfo:TEXT-0157,same_ku,5f76403eb83d254e818fb9a6b5e5d1069c1c75155967639a0097a2bbff709501,deterministic_identity,,,,
text:KU:android.app.Service:TEXT-0020,text:KU:android.view.textservice.SentenceSuggestionsInfo:TEXT-0166,same_ku,d218e8f412ca34a08012dd6864d6f5ab18ac56bc5d91e6058afaab439256a53e,deterministic_identity,,,,
text:KU:android.app.Service:TEXT-0020,text:KU:android.service.textservice.SpellCheckerService:TEXT-0167,same_ku,d218e8f412ca34a08012dd6864d6f5ab18ac56bc5d91e6058afaab439256a53e,deterministic_identity,,,,
text:KU:android.app.Service:TEXT-0020,text:KU:android.service.textservice.SpellCheckerService.Session:TEXT-0212,same_ku,d218e8f412ca34a08012dd6864d6f5ab18ac56bc5d91e6058afaab439256a53e,deterministic_identity,,,,
text:KU:android.view.textservice.SentenceSuggestionsInfo:TEXT-0166,text:KU:android.service.textservice.SpellCheckerService:TEXT-0167,same_ku,d218e8f412ca34a08012dd6864d6f5ab18ac56bc5d91e6058afaab439256a53e,deterministic_identity,,,,
text:KU:android.view.textservice.SentenceSuggestionsInfo:TEXT-0166,text:KU:android.service.textservice.SpellCheckerService.Session:TEXT-0212,same_ku,d218e8f412ca34a08012dd6864d6f5ab18ac56bc5d91e6058afaab439256a53e,deterministic_identity,,,,
text:KU:android.service.textservice.SpellCheckerService:TEXT-0167,text:KU:android.service.textservice.SpellCheckerService.Session:TEXT-0212,same_ku,d218e8f412ca34a08012dd6864d6f5ab18ac56bc5d91e6058afaab439256a53e,deterministic_identity,,,,
text:KU:android.view.View:TEXT-0025,text:KU:java.lang.CharSequence:TEXT-0083,same_ku,dd9d5c5bf803dda825a2fee25c904e9b5738dc2537c95056854ed397ccf119d4,deterministic_identity,,,,
text:KU:android.view.View:TEXT-0039,text:KU:android.inputmethodservice.Keyboard:TEXT-0127,same_ku,549e929616990fed7b3138f917f8029875994677700c2452fab5c5c77d0311a7,deterministic_identity,,,,
text:KU:android.widget.TextView:TEXT-0048,text:KU:android.content.Context:TEXT-0163,same_ku,55bc4a26a46190a89c24994c9285db46d21df55e56cca75105ace263bc5c34f6,deterministic_identity,,,,
text:KU:android.content.ClipData.Item:TEXT-0049,text:KU:android.content.ClipDescription:TEXT-0077,same_ku,f1cffae07a8e572d38f2cd98c9c8c56330ffdaa0e3d275b062a1376687d21c6b,deterministic_identity,,,,
text:KU:android.content.ClipData.Item:TEXT-0049,text:KU:android.net.Uri:TEXT-0164,same_ku,f1cffae07a8e572d38f2cd98c9c8c56330ffdaa0e3d275b062a1376687d21c6b,deterministic_identity,,,,
text:KU:android.content.ClipData.Item:TEXT-0049,text:KU:android.content.ClipData:TEXT-0165,same_ku,f1cffae07a8e572d38f2cd98c9c8c56330ffdaa0e3d275b062a1376687d21c6b,deterministic_identity,,,,
text:KU:android.content.ClipData.Item:TEXT-0049,text:KU:android.content.Intent:TEXT-0266,same_ku,f1cffae07a8e572d38f2cd98c9c8c56330ffdaa0e3d275b062a1376687d21c6b,deterministic_identity,,,,
text:KU:android.content.ClipDescription:TEXT-0077,text:KU:android.net.Uri:TEXT-0164,same_ku,f1cffae07a8e572d38f2cd98c9c8c56330ffdaa0e3d275b062a1376687d21c6b,deterministic_identity,,,,
text:KU:android.content.ClipDescription:TEXT-0077,text:KU:android.content.ClipData:TEXT-0165,same_ku,f1cffae07a8e572d38f2cd98c9c8c56330ffdaa0e3d275b062a1376687d21c6b,deterministic_identity,,,,
text:KU:android.content.ClipDescription:TEXT-0077,text:KU:android.content.Intent:TEXT-0266,same_ku,f1cffae07a8e572d38f2cd98c9c8c56330ffdaa0e3d275b062a1376687d21c6b,deterministic_identity,,,,
text:KU:android.net.Uri:TEXT-0164,text:KU:android.content.ClipData:TEXT-0165,same_ku,f1cffae07a8e572d38f2cd98c9c8c56330ffdaa0e3d275b062a1376687d21c6b,deterministic_identity,,,,
text:KU:android.net.Uri:TEXT-0164,text:KU:android.content.Intent:TEXT-0266,same_ku,f1cffae07a8e572d38f2cd98c9c8c56330ffdaa0e3d275b062a1376687d21c6b,deterministic_identity,,,,
text:KU:android.content.ClipData:TEXT-0165,text:KU:android.content.Intent:TEXT-0266,same_ku,f1cffae07a8e572d38f2cd98c9c8c56330ffdaa0e3d275b062a1376687d21c6b,deterministic_identity,,,,
text:KU:android.view.inputmethod.BaseInputConnection:TEXT-0050,text:KU:android.view.inputmethod.InputMethod:TEXT-0107,same_ku,4e3fd407af0f591e7d35ec444395f8e3eb9b465644cdc557e511f75e831866b4,deterministic_identity,,,,
text:KU:android.view.inputmethod.BaseInputConnection:TEXT-0050,text:KU:android.view.KeyEvent:TEXT-0141,same_ku,4e3fd407af0f591e7d35ec444395f8e3eb9b465644cdc557e511f75e831866b4,deterministic_identity,,,,
text:KU:android.view.inputmethod.BaseInputConnection:TEXT-0050,text:KU:android.view.View:TEXT-0188,same_ku,4e3fd407af0f591e7d35ec444395f8e3eb9b465644cdc557e511f75e831866b4,deterministic_identity,,,,
text:KU:android.view.inputmethod.BaseInputConnection:TEXT-0050,text:KU:android.inputmethodservice.KeyboardView:TEXT-0239,same_ku,4e3fd407af0f591e7d35ec444395f8e3eb9b465644cdc557e511f75e831866b4,deterministic_identity,,,,
text:KU:android.view.inputmethod.BaseInputConnection:TEXT-0050,text:KU:android.inputmethodservice.InputMethodService:TEXT-0267,same_ku,4e3fd407af0f591e7d35ec444395f8e3eb9b465644cdc557e511f75e831866b4,deterministic_identity,,,,
text:KU:android.view.inputmethod.InputMethod:TEXT-0107,text:KU:android.view.KeyEvent:TEXT-0141,same_ku,4e3fd407af0f591e7d35ec444395f8e3eb9b465644cdc557e511f75e831866b4,deterministic_identity,,,,
text:KU:android.view.inputmethod.InputMethod:TEXT-0107,text:KU:android.view.View:TEXT-0188,same_ku,4e3fd407af0f591e7d35ec444395f8e3eb9b465644cdc557e511f75e831866b4,deterministic_identity,,,,
text:KU:android.view.inputmethod.InputMethod:TEXT-0107,text:KU:android.inputmethodservice.KeyboardView:TEXT-0239,same_ku,4e3fd407af0f591e7d35ec444395f8e3eb9b465644cdc557e511f75e831866b4,deterministic_identity,,,,
text:KU:android.view.inputmethod.InputMethod:TEXT-0107,text:KU:android.inputmethodservice.InputMethodService:TEXT-0267,same_ku,4e3fd407af0f591e7d35ec444395f8e3eb9b465644cdc557e511f75e831866b4,deterministic_identity,,,,
text:KU:android.view.KeyEvent:TEXT-0141,text:KU:android.view.View:TEXT-0188,same_ku,4e3fd407af0f591e7d35ec444395f8e3eb9b465644cdc557e511f75e831866b4,deterministic_identity,,,,
text:KU:android.view.KeyEvent:TEXT-0141,text:KU:android.inputmethodservice.KeyboardView:TEXT-0239,same_ku,4e3fd407af0f591e7d35ec444395f8e3eb9b465644cdc557e511f75e831866b4,deterministic_identity,,,,
text:KU:android.view.KeyEvent:TEXT-0141,text:KU:android.inputmethodservice.InputMethodService:TEXT-0267,same_ku,4e3fd407af0f591e7d35ec444395f8e3eb9b465644cdc557e511f75e831866b4,deterministic_identity,,,,
text:KU:android.view.View:TEXT-0188,text:KU:android.inputmethodservice.KeyboardView:TEXT-0239,same_ku,4e3fd407af0f591e7d35ec444395f8e3eb9b465644cdc557e511f75e831866b4,deterministic_identity,,,,
text:KU:android.view.View:TEXT-0188,text:KU:android.inputmethodservice.InputMethodService:TEXT-0267,same_ku,4e3fd407af0f591e7d35ec444395f8e3eb9b465644cdc557e511f75e831866b4,deterministic_identity,,,,
text:KU:android.inputmethodservice.KeyboardView:TEXT-0239,text:KU:android.inputmethodservice.InputMethodService:TEXT-0267,same_ku,4e3fd407af0f591e7d35ec444395f8e3eb9b465644cdc557e511f75e831866b4,deterministic_identity,,,,
text:KU:android.content.Context:TEXT-0054,text:KU:android.app.Service:TEXT-0055,same_ku,bb9078c84c1da2029ae1ab750af7b50d556768da60f6874875b6466ca83da62e,deterministic_identity,,,,
text:KU:android.content.Context:TEXT-0054,text:KU:android.widget.TextView:TEXT-0084,same_ku,bb9078c84c1da2029ae1ab750af7b50d556768da60f6874875b6466ca83da62e,deterministic_identity,,,,
text:KU:android.app.Service:TEXT-0055,text:KU:android.widget.TextView:TEXT-0084,same_ku,bb9078c84c1da2029ae1ab750af7b50d556768da60f6874875b6466ca83da62e,deterministic_identity,,,,
text:KU:android.widget.TextView:TEXT-0063,text:KU:android.content.Intent:TEXT-0096,same_ku,532b3774eee438040fb5c8fbc5a1127fcdd3d6dd1f6a0c8072c34280032c17b8,deterministic_identity,,,,
text:KU:android.widget.TextView:TEXT-0068,text:KU:android.view.View:TEXT-0227,same_ku,52f12488aa4c06b2a20d246cea459f77b398c6d85e612400a56fb0ccb1fefcf0,deterministic_identity,,,,
text:KU:android.inputmethodservice.Keyboard:TEXT-0070,text:KU:android.view.View:TEXT-0130,same_ku,ed3ada772b555b909ed648091a2e95dca3479d906dad246b54b056753980d57d,deterministic_identity,,,,
text:KU:android.inputmethodservice.Keyboard:TEXT-0070,text:KU:android.view.KeyEvent:TEXT-0254,same_ku,ed3ada772b555b909ed648091a2e95dca3479d906dad246b54b056753980d57d,deterministic_identity,,,,
text:KU:android.view.View:TEXT-0130,text:KU:android.view.KeyEvent:TEXT-0254,same_ku,ed3ada772b555b909ed648091a2e95dca3479d906dad246b54b056753980d57d,deterministic_identity,,,,
text:KU:android.view.View:TEXT-0072,text:KU:android.content.Context:TEXT-0159,same_ku,fd752cad74d68e2a8e63a5c06843e6e60a8b8f54b6a7838a08d21f6bcfa926fe,deterministic_identity,,,,
text:KU:android.widget.TextView:TEXT-0073,text:KU:android.view.View:TEXT-0137,same_ku,53b4e669a1b8ae715a903db5f9d4834533ccd57dfef9ebe5ab45986fa0122b1e,deterministic_identity,,,,
text:KU:android.content.Intent:TEXT-0075,text:KU:android.net.Uri:TEXT-0210,same_ku,1b72e2fbfdf003c7b5d5e68027643e58436120b405825446159b07689132d9ab,deterministic_identity,,,,
text:KU:android.content.Context:TEXT-0080,text:KU:android.widget.TextView:TEXT-0240,same_ku,cad5c83535fc8030ccaed077c4ca2b8e5bbf35ee76eb7fd02193151c57c278f2,deterministic_identity,,,,
text:KU:android.widget.TextView:TEXT-0094,text:KU:android.view.inputmethod.EditorInfo:TEXT-0149,same_ku,55c2d98ebbe42fdb1c214127da2e343494e445960354016baceb5a5762894eac,deterministic_identity,,,,
text:KU:android.content.Context:TEXT-0101,text:KU:android.widget.TextView:TEXT-0232,same_ku,9e15652829af17d1fd13ccc59954c5531fe210e9fcaf290d98ac8813a2aa0cf9,deterministic_identity,,,,
text:KU:android.widget.TextView:TEXT-0102,text:KU:android.content.Context:TEXT-0135,same_ku,4eb3f1131e849ca96551cbdb4ef25572edd05b55338251e9d3191dc37bc6c9bc,deterministic_identity,,,,
text:KU:android.widget.TextView:TEXT-0102,text:KU:android.view.View:TEXT-0234,same_ku,4eb3f1131e849ca96551cbdb4ef25572edd05b55338251e9d3191dc37bc6c9bc,deterministic_identity,,,,
text:KU:android.content.Context:TEXT-0135,text:KU:android.view.View:TEXT-0234,same_ku,4eb3f1131e849ca96551cbdb4ef25572edd05b55338251e9d3191dc37bc6c9bc,deterministic_identity,,,,
text:KU:android.widget.TextView:TEXT-0103,text:KU:android.view.View:TEXT-0184,same_ku,916962a545a4ee419c2bf22c9ff455ab30a18c0aea0f4d31a87aca4e5fead50d,deterministic_identity,,,,
text:KU:android.view.View:TEXT-0126,text:KU:android.view.KeyEvent:TEXT-0220,same_ku,44ff48db7ab2c3a23b79c17ab8e09910181bee6874f560edc8cd71767b356cea,deterministic_identity,,,,
text:KU:android.view.View:TEXT-0146,text:KU:android.view.inputmethod.EditorInfo:TEXT-0192,same_ku,e248be0e859f5d9ff6d60d6d4af51b60a6ee7c28d013e14cb020caaa33d08ba0,deterministic_identity,,,,
text:KU:android.widget.TextView:TEXT-0156,text:KU:android.view.View:TEXT-0200,same_ku,639fcaffc25fd6662ecac0e454f4705acd8d6c0edd84c9b2d51f80fe6ae208b7,deterministic_identity,,,,
text:KU:android.content.Context:TEXT-0158,text:KU:android.content.Intent:TEXT-0178,same_ku,cf957c9756a688dc2dbb065f8dba87efff6af1a58045dfd484b3193299335fd9,deterministic_identity,,,,
text:KU:android.view.View:TEXT-0180,text:KU:android.content.Context:TEXT-0206,same_ku,b15dffbdf367eac3eeb088f0945a1ab58718c9023b9a72e31a15268fb623f808,deterministic_identity,,,,
text:KU:android.view.KeyEvent:TEXT-0190,text:KU:android.widget.TextView:TEXT-0213,same_ku,cbdd9242d75f6b49e0e7d22a0db7d137665a157ef4c9fbedb49be07f26558dbd,deterministic_identity,,,,
text:KU:android.content.Intent:TEXT-0203,text:KU:android.app.Service:TEXT-0204,same_ku,78abc45414be4a095495d3f937fa7a8df311023aab9f0ffc0c3814e14207f178,deterministic_identity,,,,
text:KU:android.content.Context:TEXT-0205,text:KU:android.view.View:TEXT-0229,same_ku,120690ca6429b67ab346395beec38d963fffb8e47ef9afe28876fa823fdaf18f,deterministic_identity,,,,
text:KU:android.view.View:TEXT-0207,text:KU:android.widget.TextView:TEXT-0258,same_ku,58ad40ab32721bf4615fe06a11014f6bc8b72d0b25de97731bc5c2b992b4156e,deterministic_identity,,,,
text:KU:android.content.Context:TEXT-0001,text:API:android.content.Context,has_example,ConnectivityManager connManager = (ConnectivityManager) context .getSystemService(Context.CONNECTIVITY_SERVICE);,llm_quote_grounded,The KU provides code examples using Context to start services and get system services.,,,
text:KU:android.content.Intent:TEXT-0051,text:API:android.content.Intent,has_example,"Intent newinIntent = new Intent(context, service.class); context.startService(newinIntent);",llm_quote_grounded,The KU shows how to create Intents for starting services and setting actions.,,,
text:KU:android.app.Service:TEXT-0144,text:API:android.app.Service,has_explanation,this service tries to upload and terminates itself whether it is successful or not // but it only effectively DOES anything while it is created,llm_quote_grounded,"The KU explains the lifecycle behavior of Services, specifically that onCreate is called before onStartCommand and can be used for one-time initialization.",,,
text:KU:android.app.Service:TEXT-0144,text:API:android.app.Service,has_guidance,all of its action is in the onCreate - so as to force it to happen ONLY once,llm_quote_grounded,The KU advises on where to place logic within the Service lifecycle (onCreate vs onStartCommand).,,,
text:KU:android.app.Service:TEXT-0144,text:API:android.app.Service,has_constraint,"NOTE: since services run on the same thread as the UI, i highly recommend that you implement the uploading proper on a separate thread or asynctask",llm_quote_grounded,The KU notes a constraint regarding threading when running services.,,,
text:KU:android.content.Context:TEXT-0002,text:API:android.content.Context,has_explanation,"Actual context used by Android system to dispatch permissions, resources, preferences, services, broadcasts, styles, showing dialogs and inflating layout.",llm_quote_grounded,"The KU defines what Context is in Android programming, describing its role and characteristics.",,,
text:KU:android.content.Context:TEXT-0002,text:API:android.content.Context,has_guidance,"Thing that you want to pass around all your application when you are starting developing for Android, but will avoid doing it when you get a little bit closer to programming, testing and Android itself.",llm_quote_grounded,The KU provides guidance on the usage patterns and pitfalls of Context objects.,,,
text:KU:android.widget.TextView:TEXT-0003,text:API:android.widget.TextView,has_explanation,Note that `TextView` will automatically set this flag for you on multi-line text views.,llm_quote_grounded,The KU explains the default behavior of TextView regarding IME flags for multi-line text.,,,
text:KU:android.view.inputmethod.InputConnection:TEXT-0244,text:API:android.view.inputmethod.InputConnection,has_example,@Override public InputConnection onCreateInputConnection(EditorInfo outAttrs) { InputConnection connection = super.onCreateInputConnection(outAttrs);,llm_quote_grounded,The KU provides a code example overriding onCreateInputConnection to modify InputConnection behavior.,,,
text:KU:java.lang.CharSequence:TEXT-0004,text:API:java.lang.CharSequence,has_example,"public void onTextChanged(CharSequence arg0, int arg1, int arg2,int arg3){ //do something }",llm_quote_grounded,The KU uses CharSequence in the method signature for TextWatcher callbacks.,,,
text:KU:android.content.Context:TEXT-0005,text:API:android.content.Context,has_example,"public MyEditText(Context context, AttributeSet attrs) { super(context, attrs); }",llm_quote_grounded,The KU shows Context being passed to the constructor of a custom EditText subclass.,,,
text:KU:java.lang.CharSequence:TEXT-0097,text:API:java.lang.CharSequence,has_example,"public void setError(CharSequence error, Drawable icon) { setCompoundDrawables(null, null, icon, null); }",llm_quote_grounded,The KU demonstrates overriding setError which accepts a CharSequence parameter.,,,
text:KU:java.lang.CharSequence:TEXT-0006,text:API:java.lang.CharSequence,has_example,"public void onTextChanged(CharSequence arg0, int arg1, int arg2, int arg3) { }",llm_quote_grounded,The KU uses CharSequence in the TextWatcher implementation to handle text changes.,,,
text:KU:android.content.Intent:TEXT-0007,text:API:android.content.Intent,has_example,"Intent checkIntent = new Intent(); checkIntent.setAction(TextToSpeech.Engine.ACTION_CHECK_TTS_DATA); startActivityForResult(checkIntent, MY_DATA_CHECK_CODE);",llm_quote_grounded,The KU provides code examples creating and launching Intents for TTS data checks and installation.,,,
text:KU:android.content.Intent:TEXT-0007,text:API:android.content.Intent,has_guidance,"Instead of using `if (resultCode == TextToSpeech.Engine.CHECK_VOICE_DATA_PASS) {...}`, I check if `mTts` has already been instantiated.",llm_quote_grounded,The KU suggests an alternative approach to handling Intent results for TTS initialization.,,,
text:KU:android.content.Context:TEXT-0008,text:API:android.content.Context,has_explanation,"`getApplicationContext ()` returns the application context of the entire application life cycle,when application will destroy then it will destroy also.",llm_quote_grounded,"The KU explains the differences between various Context references like getApplicationContext, this, and getBaseContext.",,,
text:KU:android.content.Context:TEXT-0008,text:API:android.content.Context,has_guidance,"but in your case it will refers to the `Spinner` instance because we are using this within `onItemSelected(AdapterViewarg0, View arg1, int arg2, long arg3)` method",llm_quote_grounded,The KU guides on why 'this' might fail in certain contexts (like inner classes) and what to use instead.,,,
text:KU:android.text.InputType:TEXT-0009,text:API:android.text.InputType,has_example,MyEditor.setInputType(InputType.TYPE_NULL); // disable soft input,llm_quote_grounded,The KU provides a code example using InputType.TYPE_NULL to disable soft input.,,,
text:KU:java.lang.CharSequence:TEXT-0010,text:API:java.lang.CharSequence,has_example,"protected void onTextChanged(final CharSequence text, final int start, final int before, final int after)",llm_quote_grounded,The KU contains code overriding onTextChanged which accepts a CharSequence parameter.,,,
text:KU:android.widget.TextView:TEXT-0199,text:API:android.widget.TextView,has_example,public class AutoResizeTextView extends TextView {,llm_quote_grounded,The KU provides a full implementation of a custom TextView subclass (AutoResizeTextView).,,,
text:KU:android.widget.TextView:TEXT-0199,text:API:android.widget.TextView,has_guidance,I think that the requirements from such a textView should be:,llm_quote_grounded,The KU discusses requirements and issues with auto-fitting text in TextViews.,,,
text:KU:android.view.View:TEXT-0011,text:API:android.view.View,has_example,bind.setOnClickListener(new View.OnClickListener() {,llm_quote_grounded,The KU uses View.OnClickListener and findViewById which are core View APIs.,,,
text:KU:android.view.View:TEXT-0012,text:API:android.view.View,has_example,public void onClick(View widget) {,llm_quote_grounded,The KU demonstrates setting an OnClickListener on a View widget within a ClickableSpan.,,,
text:KU:java.lang.CharSequence:TEXT-0013,text:API:java.lang.CharSequence,has_example,"public void onTextChanged(CharSequence s, int start, int before, int count)",llm_quote_grounded,The KU shows a TextWatcher implementation where onTextChanged receives a CharSequence.,,,
text:KU:java.lang.CharSequence:TEXT-0014,text:API:java.lang.CharSequence,has_example,"public void beforeTextChanged(CharSequence s, int start, int count, int after)",llm_quote_grounded,The KU includes code snippets for TextWatcher methods that take CharSequence arguments.,,,
text:KU:android.view.inputmethod.EditorInfo:TEXT-0157,text:API:android.view.inputmethod.EditorInfo,has_example,messageBody.setImeOptions(EditorInfo.IME_ACTION_DONE);,llm_quote_grounded,The KU demonstrates setting IME options using EditorInfo constants.,,,
text:KU:android.view.View:TEXT-0015,text:API:android.view.View,has_example,caseno.setOnFocusChangeListener(new OnFocusChangeListener() {,llm_quote_grounded,The KU uses View.OnFocusChangeListener and requestFocus/clearFocus methods.,,,
text:KU:java.lang.CharSequence:TEXT-0016,text:API:java.lang.CharSequence,has_example,"public void setText(CharSequence text, BufferType type)",llm_quote_grounded,The KU overrides setText method which takes a CharSequence argument.,,,
text:KU:android.text.InputType:TEXT-0017,text:API:android.text.InputType,has_example,mAboutMeBox.setInputType(InputType.TYPE_CLASS_TEXT | InputType.TYPE_TEXT_FLAG_MULTI_LINE);,llm_quote_grounded,The KU provides a specific code example of using InputType constants to enable multi-line text in an EditText.,,,
text:KU:android.view.View:TEXT-0018,text:API:android.view.View,has_example,editText.setOnFocusChangeListener(new View.OnFocusChangeListener() {,llm_quote_grounded,"The KU demonstrates how to use View's focus change listener interface to dynamically update UI elements, which is a common pattern for customizing View behavior.",,,
text:KU:android.content.ClipboardManager:TEXT-0019,text:API:android.content.ClipboardManager,has_guidance,"You do not instantiate this class directly; instead, you get a reference to it by invoking `getSystemService(CLIPBOARD_SERVICE)`.",llm_quote_grounded,The KU explains the correct way to obtain an instance of ClipboardManager via getSystemService rather than direct instantiation.,,,
text:KU:android.app.Service:TEXT-0020,text:API:android.app.Service,has_constraint,Note: You must implement all aspects of spell checking as asynchronous and thread-safe.,llm_quote_grounded,"The KU specifies that spell checker implementations must be asynchronous and thread-safe, relating to the Service lifecycle and threading model.",,,
text:KU:android.view.textservice.SentenceSuggestionsInfo:TEXT-0166,text:API:android.view.textservice.SentenceSuggestionsInfo,has_explanation,This method returns an array of `SentenceSuggestionsInfo` containing suggestions for the sentences passed to it.,llm_quote_grounded,The KU describes what SentenceSuggestionsInfo contains (suggestions for sentences) and its role in the return value of the spell checking method.,,,
text:KU:android.service.textservice.SpellCheckerService:TEXT-0167,text:API:android.service.textservice.SpellCheckerService,has_explanation,A subclass of `SpellCheckerService` The `SpellCheckerService` implements both the `Service` class and the spelling checker framework interface.,llm_quote_grounded,The KU defines SpellCheckerService as a base class combining Service and the spelling checker framework interface.,,,
text:KU:android.service.textservice.SpellCheckerService:TEXT-0167,text:API:android.service.textservice.SpellCheckerService,has_guidance,"Within your subclass, you must implement the following method: `createSession()`",llm_quote_grounded,The KU instructs developers on which methods they are required to implement within their subclass.,,,
text:KU:android.service.textservice.SpellCheckerService.Session:TEXT-0212,text:API:android.service.textservice.SpellCheckerService.Session,has_explanation,"An object that the spelling checker service provides to clients, to let them pass text to the spelling checker and receive suggestions.",llm_quote_grounded,The KU explains the purpose of the Session object as the interface provided to clients for submitting text and receiving suggestions.,,,
text:KU:android.service.textservice.SpellCheckerService.Session:TEXT-0212,text:API:android.service.textservice.SpellCheckerService.Session,has_guidance,"Within this class, you must implement the following methods: `onCreate()` Called by the system in response to `createSession()`.",llm_quote_grounded,The KU lists the specific methods that must or can be implemented in the Session class.,,,
text:KU:android.widget.TextView:TEXT-0021,text:API:android.widget.TextView,has_example,@Override protected void onDraw(Canvas canvas){ TextPaint textPaint = getPaint(); textPaint.setColor(getCurrentTextColor());,llm_quote_grounded,The KU provides a code snippet showing how to override TextView's onDraw method to achieve vertical text rendering.,,,
text:KU:android.content.Context:TEXT-0022,text:API:android.content.Context,has_example,public static Context getAppContext() { return (Context)mContext; },llm_quote_grounded,The KU shows a code implementation of storing and retrieving a Context instance statically via an Application subclass.,,,
text:KU:android.content.Context:TEXT-0022,text:API:android.content.Context,has_constraint,this is what i came up with... public class MyBakingAppContext extends Application { private static Object mContext;,llm_quote_grounded,"The KU warns that certain ways of holding Context can cause memory leaks, implying a constraint on how Context should be managed.",,,
text:KU:android.widget.TextView:TEXT-0023,text:API:android.widget.TextView,has_explanation,`CheckBox` (which inherits from `Button` and thus `TextView`),llm_quote_grounded,The KU clarifies the inheritance hierarchy of CheckBox relative to TextView and Button.,,,
text:KU:android.widget.TextView:TEXT-0023,text:API:android.widget.TextView,has_guidance,You probably want to just use a regular `CheckBox`,llm_quote_grounded,The KU suggests using a regular CheckBox instead of CheckedTextView for manual checkmark control.,,,
text:KU:android.view.KeyEvent:TEXT-0024,text:API:android.view.KeyEvent,has_example,if ((event.getAction() == KeyEvent.ACTION_DOWN) && (keyCode == KeyEvent.KEYCODE_ENTER)) {,llm_quote_grounded,"The KU provides code demonstrating how to listen for key events, specifically checking for ACTION_DOWN and KEYCODE_ENTER.",,,
text:KU:android.view.View:TEXT-0025,text:API:android.view.View,has_example,int mStart = -1; // Bold onClickListener public void onClick(View view) { if(mStart == -1) mStart = mEditText.getText().length(); else mStart = -1; },llm_quote_grounded,The KU provides code examples for implementing a toggle style feature using View-related APIs like onClick and TextWatcher.,,,
text:KU:java.lang.CharSequence:TEXT-0083,text:API:java.lang.CharSequence,has_example,"// TextWatcher onTextChanged(CharSequence s, int start, int before, int count) {",llm_quote_grounded,"The KU demonstrates the use of CharSequence in the onTextChanged method signature, showing how text content is passed to listeners.",,,
text:KU:android.widget.TextView:TEXT-0026,text:API:android.widget.TextView,has_guidance,Dynamically you can set the fontfamily similar to android:fontFamily in xml by using this,llm_quote_grounded,"The KU explains how to set font family dynamically, referencing the XML attribute equivalent.",,,
text:KU:android.widget.TextView:TEXT-0026,text:API:android.widget.TextView,has_example,"TextView tv = ((TextView) v.findViewById(R.id.select_item_title)); Typeface face=Typeface.createFromAsset(getAssets(),""fonts/mycustomfont.ttf""); tv.setTypeface(face);",llm_quote_grounded,The KU provides code snippets for setting custom and default typefaces on a TextView instance.,,,
text:KU:android.widget.TextView:TEXT-0027,text:API:android.widget.TextView,has_example,"Spannable spannable = new SpannableString(text2); spannable.setSpan(new ForegroundColorSpan(Color.WHITE), text.length(), (text + CepVizyon.getPhoneCode()).length(), Spannable.SPAN_EXCLUSIVE_EXCLUSIVE); myTextView.setText(spannable, TextView.BufferType.SPANNABLE);",llm_quote_grounded,The KU shows how to apply color spans to specific parts of text within a TextView using SpannableString.,,,
text:KU:android.widget.TextView:TEXT-0028,text:API:android.widget.TextView,has_guidance,You can do it in code by finding and replacing the `URLSpan` instances with versions that don't underline.,llm_quote_grounded,The KU suggests a method to remove underlines from links in a TextView by replacing URLSpans.,,,
text:KU:android.widget.TextView:TEXT-0028,text:API:android.widget.TextView,has_example,"private void stripUnderlines(TextView textView) { Spannable s = new SpannableString(textView.getText()); URLSpan[] spans = s.getSpans(0, s.length(), URLSpan.class); for (URLSpan span: spans) { int start = s.getSpanStart(span); int end = s.getSpanEnd(span); s.removeSpan(span); span = new URLSpanNoUnderline(span.getURL()); s.setSpan(span, start, end, 0); } textView.setText(s); }",llm_quote_grounded,The KU provides a complete code example including a helper function and a custom class to strip underlines.,,,
text:KU:android.widget.TextView:TEXT-0029,text:API:android.widget.TextView,has_example,"public void setView() { TextView t=(TextView) findViewById(R.id.textView3); t.setText(Html.fromHtml("" UrduSMS "")); t.setTextColor(Color.BLACK); t.setGravity(Gravity.CENTER); t.setMovementMethod(LinkMovementMethod.getInstance()); Spannable s = (Spannable) t.getText(); URLSpan[] spans = s.getSpans(0, s.length(), URLSpan.class); for (URLSpan span: spans) { int start = s.getSpanStart(span); int end = s.getSpanEnd(span); s.removeSpan(span); span = new URLSpanline_none(span.getURL()); s.setSpan(span, start, end, 0); } t.setText(s); }",llm_quote_grounded,The KU provides a code block demonstrating how to configure a TextView to display HTML links without underlines.,,,
text:KU:android.widget.TextView:TEXT-0030,text:API:android.widget.TextView,has_example,TextView textresult = (TextView)findViewById(R.id.textView1); textresult.setTextColor(Color.GREEN);,llm_quote_grounded,The KU provides a simple code snippet showing how to set the text color of a TextView programmatically.,,,
text:KU:android.view.View:TEXT-0031,text:API:android.view.View,has_example,"Button clearButton = (Button)findViewById(R.id.clear); clearButton.setOnClickListener(new Button.OnClickListener() { public void onClick(View v) { number = (EditText) findViewById(R.id.text_reading); number.setText(""""); } });",llm_quote_grounded,"The KU provides a code example for clearing an EditText field, which is a subclass of View, using a button click listener.",,,
text:KU:android.widget.TextView:TEXT-0032,text:API:android.widget.TextView,has_guidance,Put below line of code after `setContentView` in your activity and remove from send method TextView rcv = (TextView)findViewById(R.id.rcvMsg);,llm_quote_grounded,The KU advises moving the TextView initialization outside the update method to fix the issue where it only updates once.,,,
text:KU:android.view.View:TEXT-0033,text:API:android.view.View,has_explanation,First you need to call `setContentView(R.layout.main)` then all other initialization.,llm_quote_grounded,Explains the cause of the crash (initializing views before setContentView) and provides the correct order.,,,
text:KU:android.view.View:TEXT-0033,text:API:android.view.View,has_guidance,public class Trackfolio extends Activity implements OnClickListener { /** Called when the activity is first created. */ public EditText editText; @Override public void onCreate(Bundle savedInstanceState) { super.onCreate(savedInstanceState); setContentView(R.layout.main); editText = (EditText) findViewById(R.id.editText1); editText.setOnClickListener(this); },llm_quote_grounded,Provides specific steps/code to fix the issue by moving findViewById after setContentView.,,,
text:KU:android.widget.TextView:TEXT-0034,text:API:android.widget.TextView,has_example,public class Typewriter extends TextView { private CharSequence mText; private int mIndex; private long mDelay = 500; //Default 500ms delay public Typewriter(Context context) { super(context); },llm_quote_grounded,Shows a complete implementation of a custom TextView subclass for typewriter animation.,,,
text:KU:android.widget.TextView:TEXT-0034,text:API:android.widget.TextView,has_guidance,"If you want some animation effects with each letter added, perhaps look at subclassing `TextSwitcher` instead.",llm_quote_grounded,Suggests an alternative approach using TextSwitcher for more complex effects.,,,
text:KU:android.text.InputType:TEXT-0035,text:API:android.text.InputType,has_example,`password.setInputType(InputType.TYPE_CLASS_TEXT | InputType.TYPE_TEXT_VARIATION_PASSWORD);`,llm_quote_grounded,Demonstrates how to combine InputType flags to correctly set password visibility.,,,
text:KU:android.text.InputType:TEXT-0035,text:API:android.text.InputType,has_constraint,"Because, when you change the input type, the cursor will be automatically set to the starting point.",llm_quote_grounded,"Notes that changing input type resets cursor position, requiring manual adjustment.",,,
text:KU:android.widget.TextView:TEXT-0036,text:API:android.widget.TextView,has_example,"SpannableString content = new SpannableString(""Content""); content.setSpan(new UnderlineSpan(), 0, content.length(), 0); tv.setText(content);",llm_quote_grounded,Shows code to underline text programmatically using SpannableString.,,,
text:KU:android.widget.TextView:TEXT-0036,text:API:android.widget.TextView,has_guidance,"If you are using a string resource xml file (supports HTML tags), it can be done using` `, ` ` and ` `.",llm_quote_grounded,Explains how to achieve underlining via XML string resources using HTML tags.,,,
text:KU:android.content.Context:TEXT-0037,text:API:android.content.Context,has_example,"((TextView) v).setTypeface(Typeface.createFromAsset(context.getAssets(), ""font.ttf""));",llm_quote_grounded,Uses Context.getAssets() within a recursive function to load fonts for all TextViews.,,,
text:KU:android.content.Context:TEXT-0037,text:API:android.content.Context,has_guidance,you can subclass the TextView class with your custom font and use it instead of textview.,llm_quote_grounded,Suggests subclassing TextView and using Context in the constructor/init to apply fonts globally.,,,
text:KU:android.widget.TextView:TEXT-0038,text:API:android.widget.TextView,has_guidance,Just to point out that by using `android.R.layout.simple_dropdown_item_1line` it will give you the same issue you encountered above.,llm_quote_grounded,Advises against using the default simple_dropdown_item_1line layout due to visibility issues.,,,
text:KU:android.widget.TextView:TEXT-0038,text:API:android.widget.TextView,has_example,So you're better off just creating your own `TextView` in an `.xml` file.,llm_quote_grounded,Recommends creating a custom TextView XML file as a solution.,,,
text:KU:android.view.View:TEXT-0039,text:API:android.view.View,has_example,"InputEditText.requestFocus(); InputEditText.setFocusableInTouchMode(true); InputMethodManager imm = (InputMethodManager) getSystemService(Context.INPUT_METHOD_SERVICE); imm.showSoftInput(InputEditText, InputMethodManager.SHOW_FORCED);",llm_quote_grounded,Shows code to make an EditText focusable and show the soft keyboard on button click.,,,
text:KU:android.view.View:TEXT-0039,text:API:android.view.View,has_constraint,"Edited: So, EditText is not focusable be default.",llm_quote_grounded,Notes that EditText is not focusable by default in this scenario.,,,
text:KU:android.view.View:TEXT-0040,text:API:android.view.View,has_explanation,Here the edittext field txt1 - I want to access it in a function public void clr() How can I do it? Is it possible or am doing something wrong?,llm_quote_grounded,Explains that local variables inside onCreate are not accessible in other methods like clr().,,,
text:KU:android.view.View:TEXT-0040,text:API:android.view.View,has_guidance,Try the following: TextView res; EditText txt1; EditText txt2;,llm_quote_grounded,Directs the user to declare views as instance variables to share them across methods.,,,
text:KU:android.view.View:TEXT-0040,text:API:android.view.View,has_example,res=(TextView)findViewById(R.id.textView1); txt1 =(EditText) findViewById(R.id.editText1); txt2 =(EditText) findViewById(R.id.editText2);,llm_quote_grounded,Provides corrected code showing instance variable declaration and usage.,,,
text:KU:android.view.View:TEXT-0041,text:API:android.view.View,has_explanation,"because your code is executed but, at that time it has no value so, you not get anything.",llm_quote_grounded,"Explains why the EditText value is null when retrieved in onCreate, relating to the view lifecycle and data availability.",,,
text:KU:android.view.View:TEXT-0041,text:API:android.view.View,has_guidance,If You want the edit-text data when you click on button. than put code for getting data from edit-text in button's click listener.,llm_quote_grounded,Provides specific instructions on where to place the code for retrieving text from the EditText field.,,,
text:KU:android.view.KeyEvent:TEXT-0042,text:API:android.view.KeyEvent,has_explanation,This method in `DragLayer` uses the `@Override` notation however did not call `super.dispatchKeyEvent(event)`.,llm_quote_grounded,Identifies the root cause of the input issue as a missing super call in the dispatchKeyEvent method within a custom ViewGroup.,,,
text:KU:android.view.KeyEvent:TEXT-0042,text:API:android.view.KeyEvent,has_guidance,"After adding this line of code, then the event of clicking a digit on the keyboard did not get consumed and all works now.",llm_quote_grounded,Instructs the developer to add the missing super call to resolve the key event consumption issue.,,,
text:KU:android.content.Context:TEXT-0043,text:API:android.content.Context,has_example,InputMethodManager imm = (InputMethodManager)activity.getSystemService(Context.INPUT_METHOD_SERVICE);,llm_quote_grounded,Shows how to use Context.getSystemService to obtain the InputMethodManager instance required to hide the keyboard.,,,
text:KU:android.widget.TextView:TEXT-0044,text:API:android.widget.TextView,has_example,tidiTekst.setVisibility((tidiTekst.getVisibility() == View.Visible) ? View.GONE : View.VISIBLE);,llm_quote_grounded,Demonstrates how to toggle the visibility of a TextView using setVisibility and getVisibility methods.,,,
text:KU:android.view.View:TEXT-0045,text:API:android.view.View,has_explanation,This is probably to the ListView itself gaining focus after the resizing process.,llm_quote_grounded,Explains that the focus loss is likely caused by the ListView gaining focus after resizing due to softkeyboard appearance.,,,
text:KU:android.view.View:TEXT-0045,text:API:android.view.View,has_guidance,Have you considered having the `ListView` rows be just a styled `TextView` and then displaying a `Dialog` with an `EditText` when a row is clicked,llm_quote_grounded,Suggests an alternative architectural approach to avoid the focus issues associated with EditText inside ListView.,,,
text:KU:android.content.Intent:TEXT-0046,text:API:android.content.Intent,has_example,"IntentFilter portIntentFilter = new IntentFilter(""android.intent.action.DATA_SMS_RECEIVED"");",llm_quote_grounded,Shows how to create an IntentFilter with specific action and data schemes to register a broadcast receiver programmatically.,,,
text:KU:android.widget.TextView:TEXT-0047,text:API:android.widget.TextView,has_example,someTextView.setPaintFlags(someTextView.getPaintFlags() | Paint.STRIKE_THRU_TEXT_FLAG);,llm_quote_grounded,Provides code to apply a strike-through effect to a TextView by modifying its paint flags.,,,
text:KU:android.widget.TextView:TEXT-0048,text:API:android.widget.TextView,has_guidance,It is necessary to disable the long-click in the EditText as well.,llm_quote_grounded,Instructs on disabling long-click functionality to prevent context menu appearance.,,,
text:KU:android.widget.TextView:TEXT-0048,text:API:android.widget.TextView,has_example,mEditEext.setCustomSelectionActionModeCallback(new ActionMode.Callback() {,llm_quote_grounded,Shows how to implement a callback to block the selection action mode.,,,
text:KU:android.content.Context:TEXT-0163,text:API:android.content.Context,has_example,"public MenuHidingEditText(Context context) {
 super(context);
 this.mContext = context;",llm_quote_grounded,Demonstrates passing Context to the constructor of a custom EditText subclass.,,,
text:KU:android.content.ClipData.Item:TEXT-0049,text:API:android.content.ClipData.Item,has_explanation,"A `ClipData.Item` object contains the text, URI, or Intent data",llm_quote_grounded,"Explains that ClipData.Item contains specific data types like text, URI, or Intent.",,,
text:KU:android.content.ClipData.Item:TEXT-0049,text:API:android.content.ClipData.Item,has_guidance,"you create a separate `ClipData.Item` for each list item, and then you add the `ClipData.Item` objects to the `ClipData` object.",llm_quote_grounded,Guides on how to create multiple items for a single clip.,,,
text:KU:android.content.ClipDescription:TEXT-0077,text:API:android.content.ClipDescription,has_explanation,A `ClipDescription` object contains metadata about the clip.,llm_quote_grounded,Explains that ClipDescription holds metadata about the clip.,,,
text:KU:android.content.ClipDescription:TEXT-0077,text:API:android.content.ClipDescription,has_explanation,"In particular, it contains an array of available MIME types for the clip's data.",llm_quote_grounded,Details that it contains an array of MIME types.,,,
text:KU:android.net.Uri:TEXT-0164,text:API:android.net.Uri,has_explanation,"URI A `Uri`. This usually contains a content provider URI, although any URI is allowed.",llm_quote_grounded,Describes the content of a Uri in this context.,,,
text:KU:android.net.Uri:TEXT-0164,text:API:android.net.Uri,has_guidance,Applications that want to paste the data get the URI from the clipboard and use it to access the content provider (or other data source) and retrieve the data.,llm_quote_grounded,Explains the workflow for pasting URI data.,,,
text:KU:android.content.ClipData:TEXT-0165,text:API:android.content.ClipData,has_guidance,"To add data to the clipboard, you create a `ClipData` object that contains both a description of the data and the data itself.",llm_quote_grounded,Instructions on creating a ClipData object.,,,
text:KU:android.content.ClipData:TEXT-0165,text:API:android.content.ClipData,has_constraint,The clipboard holds only one `ClipData` at a time.,llm_quote_grounded,States the limitation of holding only one ClipData at a time.,,,
text:KU:android.content.ClipData:TEXT-0165,text:API:android.content.ClipData,has_explanation,A `ClipData` contains a `ClipDescription` object and one or more `ClipData.Item` objects.,llm_quote_grounded,Describes the composition of a ClipData object.,,,
text:KU:android.content.Intent:TEXT-0266,text:API:android.content.Intent,has_explanation,Intent An `Intent`. This data type allows you to copy an application shortcut to the clipboard.,llm_quote_grounded,Explains the purpose of Intent data in a ClipData.Item.,,,
text:KU:android.view.inputmethod.BaseInputConnection:TEXT-0050,text:API:android.view.inputmethod.BaseInputConnection,has_explanation,Defines the communication channel from an `InputMethod` back to the application that is receiving its input.,llm_quote_grounded,Defines the role of BaseInputConnection.,,,
text:KU:android.view.inputmethod.BaseInputConnection:TEXT-0050,text:API:android.view.inputmethod.BaseInputConnection,has_guidance,Applications should extend this class rather than implementing the base interface `InputConnection`.,llm_quote_grounded,Advises extending this class.,,,
text:KU:android.view.inputmethod.InputMethod:TEXT-0107,text:API:android.view.inputmethod.InputMethod,has_explanation,"The central part of an IME is a service component, a class that extends `InputMethodService`.",llm_quote_grounded,Contextualizes InputMethod within IME services.,,,
text:KU:android.view.KeyEvent:TEXT-0141,text:API:android.view.KeyEvent,has_explanation,The `KeyEvent` class is important for handling keyboard characters.,llm_quote_grounded,Highlights importance of KeyEvent for keyboard handling.,,,
text:KU:android.view.View:TEXT-0188,text:API:android.view.View,has_explanation,An extension of `View` that renders a keyboard and responds to user input events.,llm_quote_grounded,Describes KeyboardView as an extension of View.,,,
text:KU:android.inputmethodservice.KeyboardView:TEXT-0239,text:API:android.inputmethodservice.KeyboardView,has_explanation,"renders a keyboard and responds to user input events. The keyboard layout is specified by an instance of `Keyboard`, which you can define in an XML file.",llm_quote_grounded,Explains what KeyboardView does.,,,
text:KU:android.inputmethodservice.InputMethodService:TEXT-0267,text:API:android.inputmethodservice.InputMethodService,has_explanation,"By default, the `InputMethodService` class provides most of the implementation for managing the state and visibility of the IME and communicating with the current input field.",llm_quote_grounded,Describes default behavior of InputMethodService.,,,
text:KU:android.view.View:TEXT-0052,text:API:android.view.View,has_guidance,"You may use animation to move a view. Animation a = new TranslateAnimation((oldPos), newPos, 0.0f, 0.0f);",llm_quote_grounded,Suggests using animation to move a view when padding doesn't move background.,,,
text:KU:android.view.KeyEvent:TEXT-0053,text:API:android.view.KeyEvent,has_example,"if(keyCode == 66) { Toast.makeText(S_PCode.this, ""Enter Key"", Toast.LENGTH_LONG).show(); //tNPCode.setFocusable(true); } return false;",llm_quote_grounded,Shows code checking for Enter key code (66).,,,
text:KU:android.content.Context:TEXT-0054,text:API:android.content.Context,has_explanation,"As the name suggests, it's the context of current state of the application/object. It lets newly-created objects understand what has been going on.",llm_quote_grounded,Defines Context as the state of the application/object.,,,
text:KU:android.content.Context:TEXT-0054,text:API:android.content.Context,has_guidance,"You can get the context by invoking `getApplicationContext()`, `getContext()`, `getBaseContext()` or `this`",llm_quote_grounded,Lists methods to obtain context.,,,
text:KU:android.app.Service:TEXT-0055,text:API:android.app.Service,has_explanation,"such as the Application, Activity, Service and IntentService classes",llm_quote_grounded,Mentions Service as a class extending Context.,,,
text:KU:android.widget.TextView:TEXT-0084,text:API:android.widget.TextView,has_example,TextView tv = new TextView(getContext());,llm_quote_grounded,Shows creating a TextView using context.,,,
text:KU:android.view.View:TEXT-0056,text:API:android.view.View,has_example,View view = LayoutInflater.from(HelloTabWidget.this).inflate(R.layout.text); // Setup the view here return view;,llm_quote_grounded,Provides code example for inflating a view in TabContentFactory.,,,
text:KU:android.view.View:TEXT-0056,text:API:android.view.View,has_guidance,It sounds like you want #3. What you need to do is something like this: setContent(new TabHost.TabContentFactory() {,llm_quote_grounded,Recommends using Custom views built in a TabContentFactory.,,,
text:KU:android.content.Intent:TEXT-0057,text:API:android.content.Intent,has_example,"Intent i = new Intent(getContext(), ItemSelection.class); startActivity(i);",llm_quote_grounded,Shows creating an Intent with getContext().,,,
text:KU:android.content.Intent:TEXT-0057,text:API:android.content.Intent,has_example,"Intent intent = new Intent(RegistrationActivity.this, RegistrationActivity.class); startActivity(intent);",llm_quote_grounded,Shows correct way to start activity from dialog using Activity context.,,,
text:KU:android.view.View:TEXT-0058,text:API:android.view.View,has_example,"public void onClick(View v) { if(mEditText.length() != 4) { // check if 4 digits Toast.makeText(this, ""Input must be 4 digits and numeric"", Toast.LENGTH_SHORT).show(); } }",llm_quote_grounded,Shows onClick handler for View v.,,,
text:KU:android.view.View:TEXT-0059,text:API:android.view.View,has_explanation,The `OnTouchListener` is called inside the View from `dispatchTouchEvent` which in turn has been called from `ViewGroup` or a `TouchDelegate`. If you call the listener from your view it simply does what ever you have there and then returns. It doesn't magically delegate the touch event anywhere.,llm_quote_grounded,"Explains why calling onTouch directly does not delegate the event, contrasting with dispatchTouchEvent.",,,
text:KU:android.view.View:TEXT-0059,text:API:android.view.View,has_guidance,Instead Call `dispatchTouchEvent()` on your view to get the correct result.,llm_quote_grounded,Instructs the user to use dispatchTouchEvent instead of manually invoking the listener.,,,
text:KU:android.text.InputType:TEXT-0060,text:API:android.text.InputType,has_example,vendorId.setInputType(android.text.InputType.TYPE_CLASS_TEXT | android.text.InputType.TYPE_TEXT_VARIATION_VISIBLE_PASSWORD);,llm_quote_grounded,"Provides code examples using InputType constants to configure EditText behavior, specifically disabling suggestions via visible password variation.",,,
text:KU:android.view.View:TEXT-0061,text:API:android.view.View,has_example,if(editText1.getText().length() == 5) editText2.requestFocus();,llm_quote_grounded,Shows how to programmatically change focus between views using requestFocus().,,,
text:KU:android.content.Intent:TEXT-0062,text:API:android.content.Intent,has_example,"Intent svc=new Intent(this, BackgroundSoundService.class); startService(svc);",llm_quote_grounded,Demonstrates creating an Intent to start a background service.,,,
text:KU:android.widget.TextView:TEXT-0063,text:API:android.widget.TextView,has_example,txtText.setText(text.get(0));,llm_quote_grounded,Shows setting text content on a TextView instance obtained via findViewById.,,,
text:KU:android.content.Intent:TEXT-0096,text:API:android.content.Intent,has_example,Intent intent = new Intent( RecognizerIntent.ACTION_RECOGNIZE_SPEECH);,llm_quote_grounded,Shows constructing an Intent for speech recognition action.,,,
text:KU:android.view.View:TEXT-0064,text:API:android.view.View,has_constraint,"It is important that they all have their own ClickableSpan! That is where I went wrong the first time testing it. If they have the same ClickableSpan instance, only the last set span is remembered.",llm_quote_grounded,States that multiple clickable parts require unique ClickableSpan instances; sharing one causes only the last to work.,,,
text:KU:android.view.View:TEXT-0064,text:API:android.view.View,has_guidance,the setMovementMehthod is also mandatory: textView.setMovementMethod(LinkMovementMethod.getInstance());,llm_quote_grounded,Mandates setting the movement method for links to function.,,,
text:KU:android.view.View:TEXT-0065,text:API:android.view.View,has_example,textView.setMovementMethod(LinkMovementMethod.getInstance()); textView.setHighlightColor(Color.TRANSPARENT);,llm_quote_grounded,Provides code snippet showing how to attach a ClickableSpan to a TextView and enable link movement.,,,
text:KU:android.content.Intent:TEXT-0067,text:API:android.content.Intent,has_example,intent = new Intent(BROADCAST_ACTION);,llm_quote_grounded,The KU provides code examples showing how to instantiate and use Intent objects within a Service.,,,
text:KU:android.content.Intent:TEXT-0067,text:API:android.content.Intent,has_example,"intent.putExtra(""Latitude"", loc.getLatitude());",llm_quote_grounded,The KU shows an example of adding extra data to an Intent object.,,,
text:KU:android.widget.TextView:TEXT-0068,text:API:android.widget.TextView,has_guidance,"I can make it selectable using `setTextIsSelectable(true)`, but when I enable links to be clicked via `setMovementMethod(LinkMovementMethod.getInstance())`, it is no longer selectable.",llm_quote_grounded,"The KU explains the conflict between making a TextView selectable and enabling links, providing context for the solution.",,,
text:KU:android.widget.TextView:TEXT-0068,text:API:android.widget.TextView,has_example,textView.setMovementMethod(new CustomMovementMethod());,llm_quote_grounded,The KU provides a code snippet demonstrating how to set a custom movement method on a TextView.,,,
text:KU:android.view.View:TEXT-0227,text:API:android.view.View,has_example,if ((dir & (View.FOCUS_FORWARD | View.FOCUS_DOWN)) != 0) {,llm_quote_grounded,"The KU uses View constants (FOCUS_FORWARD, FOCUS_DOWN) in the implementation of the custom movement method.",,,
text:KU:android.content.Intent:TEXT-0069,text:API:android.content.Intent,has_example,Intent intent = new Intent(Settings.ACTION_LOCATION_SOURCE_SETTINGS);,llm_quote_grounded,The KU demonstrates creating an Intent to open system location settings.,,,
text:KU:android.content.Intent:TEXT-0069,text:API:android.content.Intent,has_example,mContext.startActivity(intent);,llm_quote_grounded,The KU shows starting an activity with the constructed Intent.,,,
text:KU:android.view.View:TEXT-0130,text:API:android.view.View,has_guidance,"Focus movement is based on an algorithm which finds the nearest neighbor in a given direction. In rare cases, the default algorithm may not match the intended behavior of the developer.",llm_quote_grounded,The KU explains how focus movement works and suggests XML attributes to override default behavior.,,,
text:KU:android.view.View:TEXT-0130,text:API:android.view.View,has_guidance,"Change default behaviour of directional navigation by using following XML attributes: android:nextFocusDown=""@+id/.."" android:nextFocusLeft=""@+id/.."" android:nextFocusRight=""@+id/.."" android:nextFocusUp=""@+id/..""",llm_quote_grounded,The KU lists specific XML attributes available on Views to control next focus targets.,,,
text:KU:android.view.View:TEXT-0130,text:API:android.view.View,has_guidance,"To get a particular view to take focus, call view.requestFocus()",llm_quote_grounded,The KU advises using requestFocus() to programmatically set focus on a view.,,,
text:KU:android.view.KeyEvent:TEXT-0254,text:API:android.view.KeyEvent,has_example,"public boolean onEditorAction(TextView v, int actionId, KeyEvent event)",llm_quote_grounded,The KU includes KeyEvent in the signature of the OnEditorActionListener callback method.,,,
text:KU:android.content.Context:TEXT-0071,text:API:android.content.Context,has_guidance,So I notice that your implementation doesnt necessarily have reference to a context so you will need to do something like this.,llm_quote_grounded,The KU explains that accessing resources requires a Context instance.,,,
text:KU:android.content.Context:TEXT-0071,text:API:android.content.Context,has_example,return applicationContext.getResources().getString(R.string.something);,llm_quote_grounded,The KU shows how to use Context to retrieve string resources.,,,
text:KU:android.view.View:TEXT-0072,text:API:android.view.View,has_constraint,Because you have wrong method signature. You have one extra parameter `Context` that no matches with method signature inherited from super class.,llm_quote_grounded,The KU highlights that the getView method signature must match the inherited abstract method exactly.,,,
text:KU:android.view.View:TEXT-0072,text:API:android.view.View,has_guidance,Remove Context parameter from method signature and it'll work.,llm_quote_grounded,The KU instructs to remove the extra parameter to fix the compilation error.,,,
text:KU:android.content.Context:TEXT-0159,text:API:android.content.Context,has_example,public ImgAdapter(Context c) { mContext = c;,llm_quote_grounded,The KU demonstrates storing a Context passed into the adapter constructor.,,,
text:KU:android.content.Context:TEXT-0159,text:API:android.content.Context,has_example,imageView = new ImageView(mContext);,llm_quote_grounded,The KU shows using the stored Context to create a new ImageView.,,,
text:KU:android.content.Context:TEXT-0159,text:API:android.content.Context,has_guidance,Just note that you are able to access your mContext variable and you can do that: SharedPreferences pref = mContext.getSharedPreferences(...);,llm_quote_grounded,The KU advises using the member variable Context instead of trying to pass it as a method argument.,,,
text:KU:android.widget.TextView:TEXT-0073,text:API:android.widget.TextView,has_example,greetingText.setTextSize(updatedSize);,llm_quote_grounded,The KU shows setting text size on a TextView programmatically.,,,
text:KU:android.widget.TextView:TEXT-0073,text:API:android.widget.TextView,has_example,size = (int) sizeOfText.getTextSize();,llm_quote_grounded,The KU demonstrates retrieving the current text size from a TextView.,,,
text:KU:android.view.View:TEXT-0137,text:API:android.view.View,has_example,"View view = inflater.inflate(R.layout.my_custom_layout, container, false);",llm_quote_grounded,The KU shows inflating a layout into a View object.,,,
text:KU:android.view.View:TEXT-0137,text:API:android.view.View,has_example,increase = (Button)view.findViewById(R.id.inc);,llm_quote_grounded,The KU demonstrates finding views within the inflated View hierarchy.,,,
text:KU:android.view.View:TEXT-0074,text:API:android.view.View,has_guidance,You don't need to make Custom Touch Listner. You can achieve it by following code,llm_quote_grounded,The KU suggests reusing a single OnTouchListener instance for multiple views instead of creating separate classes.,,,
text:KU:android.view.View:TEXT-0074,text:API:android.view.View,has_example,tv1.setOnTouchListener(onTouchListener); tv2=(TextView)findViewById(R.id.textView2); tv2.setOnTouchListener(onTouchListener);,llm_quote_grounded,The KU shows attaching the same listener to different TextViews.,,,
text:KU:android.view.View:TEXT-0074,text:API:android.view.View,has_example,switch (v.getId()){ case R.id.textView1: break; case R.id.textView2: break; case R.id.textView3: break; },llm_quote_grounded,The KU demonstrates using the View ID inside the touch listener to distinguish which view was touched.,,,
text:KU:android.content.Intent:TEXT-0075,text:API:android.content.Intent,has_explanation,Intent An `Intent`. This supports copying application shortcuts.,llm_quote_grounded,Explains the role of Intent in the clipboard framework for copying application shortcuts.,,,
text:KU:android.content.Intent:TEXT-0075,text:API:android.content.Intent,has_guidance,"To copy data, you create an Intent, put it into a clip object, and put the clip object onto the clipboard. To paste the data, you get the clip object and then copy the Intent object into your application's memory area.",llm_quote_grounded,Provides steps on how to copy and paste data using an Intent object with the clipboard.,,,
text:KU:android.net.Uri:TEXT-0210,text:API:android.net.Uri,has_explanation,URI A `Uri` object representing any form of URI. This is primarily for copying complex data from a content provider.,llm_quote_grounded,Describes Uri as a form of clip object used primarily for complex data from content providers.,,,
text:KU:android.net.Uri:TEXT-0210,text:API:android.net.Uri,has_guidance,"To copy data, you put a `Uri` object into a clip object and put the clip object onto the clipboard. To paste the data, you get the clip object, get the `Uri` object, resolve it to a data source such as a content provider, and copy the data from the source into your application's storage.",llm_quote_grounded,Outlines the process of copying and pasting data using a Uri object via the clipboard.,,,
text:KU:android.content.ContentResolver:TEXT-0076,text:API:android.content.ContentResolver,has_explanation,"If the URI is a content URI ( `Uri.getScheme()` returns `content:`), the method uses the `ContentResolver` object provided in `resolver` to retrieve the available MIME types from the content provider and store them in `ClipDescription`.",llm_quote_grounded,Explains that ContentResolver is used to retrieve MIME types when creating a ClipData from a content URI.,,,
text:KU:java.lang.CharSequence:TEXT-0078,text:API:java.lang.CharSequence,has_example,"public CharSequence filter(CharSequence src, int start, int end, Spanned dst, int dstart, int dend) { return src.length() < 1 ? dst.subSequence(dstart, dend) : """"; }",llm_quote_grounded,Shows CharSequence being used as the return type and parameter type in an InputFilter implementation.,,,
text:KU:android.content.Context:TEXT-0079,text:API:android.content.Context,has_guidance,"Generally speaking, your approach is excellent: it's good practice to use an `Activity's` `Context` within that `Activity`, and the `Application Context` when passing a context beyond the scope of an `Activity` to avoid memory leaks.",llm_quote_grounded,Advises on best practices for using Activity Context vs Application Context to avoid leaks and exceptions.,,,
text:KU:android.content.Context:TEXT-0079,text:API:android.content.Context,has_constraint,"For example, if you pass the application Context into the `LayoutInflater` you will get an Exception.",llm_quote_grounded,Warns that passing Application Context to certain GUI components like LayoutInflater causes an Exception.,,,
text:KU:android.content.Context:TEXT-0080,text:API:android.content.Context,has_example,"public VerticalTextView(Context context, AttributeSet attrs){ super(context, attrs);",llm_quote_grounded,Shows Context being passed as a constructor argument in a custom TextView subclass.,,,
text:KU:android.widget.TextView:TEXT-0240,text:API:android.widget.TextView,has_example,public class VerticalTextView extends TextView{,llm_quote_grounded,Demonstrates extending TextView to create a custom vertical text view.,,,
text:KU:android.widget.TextView:TEXT-0240,text:API:android.widget.TextView,has_guidance,"By default, rotated text is from top to bottom. If you set android:gravity=""bottom"", then it's drawn from bottom to top.",llm_quote_grounded,Explains how gravity attributes affect the drawing direction of the rotated text.,,,
text:KU:android.view.View:TEXT-0081,text:API:android.view.View,has_explanation,"Unlike most other controls, `EditText`s are focusable while the system is in 'touch mode'. The first click event focuses the control, while the second click event actually fires the `OnClickListener`.",llm_quote_grounded,Explains the behavior of EditText regarding focus and click events in touch mode.,,,
text:KU:android.view.View:TEXT-0081,text:API:android.view.View,has_guidance,"If you disable touch-mode focus with the `android:focusableInTouchMode` View attribute, the `OnClickListener` should fire as expected.",llm_quote_grounded,Suggests disabling touch-mode focus to ensure OnClickListener fires immediately.,,,
text:KU:android.widget.TextView:TEXT-0082,text:API:android.widget.TextView,has_guidance,"To make them active, you need to // call setMovementMethod() on the TextView object. TextView t2 = (TextView) findViewById(R.id.text2); t2.setMovementMethod(LinkMovementMethod.getInstance());",llm_quote_grounded,Instructs to call setMovementMethod to make links in a TextView clickable.,,,
text:KU:android.widget.TextView:TEXT-0082,text:API:android.widget.TextView,has_constraint,"Important: Don't forget to remove `autoLink=""web""` if you are calling `setMovementMethod()`.",llm_quote_grounded,Warns against using autoLink attribute when manually setting MovementMethod.,,,
text:KU:android.content.Intent:TEXT-0085,text:API:android.content.Intent,has_example,"Intent myIntent = new Intent(this.getContext(), AddStocksActivity.class); startActivityForResult(myIntent, 0);",llm_quote_grounded,Shows code snippet creating an Intent to launch a new activity.,,,
text:KU:android.widget.TextView:TEXT-0086,text:API:android.widget.TextView,has_example,"TextView tv = new TextView(this); tv.setText("""" + 4);",llm_quote_grounded,Provides code snippet demonstrating how to set an integer value in TextView by converting it to a string.,,,
text:KU:android.widget.TextView:TEXT-0087,text:API:android.widget.TextView,has_explanation,"In documentation, it says `int`, but is it a resource reference value or anything else?",llm_quote_grounded,"Explains the difference between passing a resource ID and a parsed color value to setTextColor, clarifying why one results in an unexpected color.",,,
text:KU:android.widget.TextView:TEXT-0087,text:API:android.widget.TextView,has_example,"textView.setTextColor(Color.parseColor(""#ff6363""));",llm_quote_grounded,Shows code examples for setting text color using both resource IDs (which failed) and Color.parseColor (which worked).,,,
text:KU:android.view.View:TEXT-0089,text:API:android.view.View,has_example,"Typeface a = Typeface.createFromAsset(getApplicationContext(), ""fontawesome-webfont.ttf""); // Set unicode font to menu item itemuser.setTypeface(a);",llm_quote_grounded,Demonstrates how to apply a custom Typeface to a View (specifically a Button acting as a menu item) within an Activity.,,,
text:KU:android.view.View:TEXT-0090,text:API:android.view.View,has_guidance,As @pcans suggested you can do this overriding `dispatchTouchEvent(MotionEvent event)` in your activity.,llm_quote_grounded,Advises on overriding dispatchTouchEvent to detect touches outside a specific view and handle focus loss accordingly.,,,
text:KU:android.view.View:TEXT-0090,text:API:android.view.View,has_example,if (!((touchX >= viewX1 && touchX <= viewX2) && (touchY >= viewY1 && touchY <= viewY2))) { Do what you want...,llm_quote_grounded,Provides a code implementation for checking touch coordinates against view bounds to determine if a touch occurred outside the view.,,,
text:KU:android.widget.TextView:TEXT-0091,text:API:android.widget.TextView,has_example,"meditText.setOnEditorActionListener(new TextView.OnEditorActionListener() { @Override public boolean onEditorAction(TextView v, int actionId, KeyEvent event) { if (actionId == EditorInfo.IME_ACTION_DONE) {",llm_quote_grounded,Shows how to use OnEditorActionListener to detect when the user presses the 'Done' button on the soft keyboard.,,,
text:KU:android.view.View:TEXT-0092,text:API:android.view.View,has_explanation,"Because you are creating an Anonymous Inner Class (by doing `new View.OnClickListener`) you are no longer operating in the UI thread (your Activity class), so the context menu does not load",llm_quote_grounded,Explains that context menus may fail to show if registered/opened from an anonymous inner class not operating on the UI thread.,,,
text:KU:android.view.View:TEXT-0092,text:API:android.view.View,has_guidance,activityClassName.this.registerForContextMenu(v); activityClassName.this.openContextMenu(v);,llm_quote_grounded,Recommends referencing the Activity class explicitly to ensure context menu operations occur on the correct thread/context.,,,
text:KU:android.content.Context:TEXT-0093,text:API:android.content.Context,has_example,public Points(MyActivity _context){ context = _context; } public void displayMsg( final String msg){ context.runOnUiThread(new Runnable() {,llm_quote_grounded,Demonstrates passing an Activity context to a helper class to allow it to access UI elements via runOnUiThread.,,,
text:KU:android.widget.TextView:TEXT-0094,text:API:android.widget.TextView,has_example,"public boolean onEditorAction(TextView v, int actionId, KeyEvent event)",llm_quote_grounded,The KU provides a code example using TextView in an OnEditorActionListener callback.,,,
text:KU:android.view.inputmethod.EditorInfo:TEXT-0149,text:API:android.view.inputmethod.EditorInfo,has_example,if (actionId == EditorInfo.IME_ACTION_SEARCH || actionId == EditorInfo.IME_ACTION_DONE,llm_quote_grounded,The KU uses EditorInfo constants to check for specific IME actions like Search or Done.,,,
text:KU:android.widget.TextView:TEXT-0095,text:API:android.widget.TextView,has_guidance,if( view instanceof TextView ) { TextView textView = (TextView) view; //Do your stuff },llm_quote_grounded,The KU advises checking if the View instance is a TextView before casting it.,,,
text:KU:android.view.View:TEXT-0098,text:API:android.view.View,has_example,yourTextView.setVisibility(View.VISIBLE); else yourTextView.setVisibility(View.GONE);,llm_quote_grounded,The KU shows how to change the visibility of a View (TextView) based on a checkbox state.,,,
text:KU:android.view.View:TEXT-0099,text:API:android.view.View,has_guidance,Move this: text1 = edittext1.getEditableText().toString().trim(); Here: button1.setOnClickListener(new View.OnClickListener(),llm_quote_grounded,The KU explains that retrieving text from a View/EditText should happen inside an onClick listener rather than onCreate.,,,
text:KU:android.widget.TextView:TEXT-0100,text:API:android.widget.TextView,has_explanation,"User cannot change something in TextView but program can(After user input correct user name you can set text for another TextView by the program saying that ""Details correct"" if you want that you have to write it in your program code. User can't make it appear).",llm_quote_grounded,The KU explains the conceptual difference between TextView and EditText regarding user interaction.,,,
text:KU:android.content.Context:TEXT-0101,text:API:android.content.Context,has_example,public NoScrollTextView(Context context) { super(context); },llm_quote_grounded,The KU includes constructors for a custom TextView subclass that accept a Context parameter.,,,
text:KU:android.widget.TextView:TEXT-0232,text:API:android.widget.TextView,has_example,public class NoScrollTextView extends TextView {,llm_quote_grounded,The KU demonstrates creating a custom TextView class to override scrolling behavior.,,,
text:KU:android.widget.TextView:TEXT-0102,text:API:android.widget.TextView,has_example,public class MongolTextView extends TextView {,llm_quote_grounded,The KU provides extensive code examples of extending TextView to create a custom MongolTextView.,,,
text:KU:android.content.Context:TEXT-0135,text:API:android.content.Context,has_example,"public MongolTextView(Context context, AttributeSet attrs, int defStyle) { super(context, attrs, defStyle); init(); }",llm_quote_grounded,The KU uses Context in the constructors of the custom TextView classes.,,,
text:KU:android.view.View:TEXT-0234,text:API:android.view.View,has_example,"public class InputWindowTouchListener implements OnTouchListener { @Override public boolean onTouch(View view, MotionEvent event) {",llm_quote_grounded,The KU implements OnTouchListener for a View to handle touch events in the custom text view.,,,
text:KU:android.view.View:TEXT-0184,text:API:android.view.View,has_example,"View view = inflater.inflate(R.layout.my_custom_layout, container, false);",llm_quote_grounded,The KU demonstrates inflating a layout into a View object within a DialogFragment.,,,
text:KU:android.view.View:TEXT-0104,text:API:android.view.View,has_example,itemLayout.findViewById(R.id.custom_check_box) .setBackgroundResource(R.drawable.custom_check_box_selected);,llm_quote_grounded,"The KU provides Java code examples using View methods like findViewById, setBackgroundResource, and setPadding to implement selection highlighting.",,,
text:KU:android.view.View:TEXT-0104,text:API:android.view.View,has_guidance,"// use existing Views when we can if(convertView == null) { LayoutInflater inflater = (LayoutInflater) getContext().getSystemService(Context.LAYOUT_INFLATER_SERVICE); itemLayout = (RelativeLayout) inflater.inflate(R.layout.grid_item, null); } else { itemLayout = (RelativeLayout) convertView; }",llm_quote_grounded,The KU offers advice on handling view recycling in adapters by reusing convertView and managing state within getView.,,,
text:KU:android.content.Intent:TEXT-0105,text:API:android.content.Intent,has_explanation,"If `ClipData.Item` is an Intent ( `getIntent()` is not null), `coerceToText()` converts it to an Intent URI and returns it.",llm_quote_grounded,The KU explains how the coerceToText method handles Intent data types by converting them to an Intent URI string representation.,,,
text:KU:android.content.ClipboardManager:TEXT-0106,text:API:android.content.ClipboardManager,has_example,ClipboardManager clipboard = (ClipboardManager) getSystemService(Context.CLIPBOARD_SERVICE);,llm_quote_grounded,The KU provides a code snippet demonstrating how to obtain a handle to the ClipboardManager service.,,,
text:KU:android.content.ClipboardManager:TEXT-0106,text:API:android.content.ClipboardManager,has_guidance,// Set the clipboard's primary clip. clipboard.setPrimaryClip(clip);,llm_quote_grounded,"The KU outlines the steps for copying data, specifically instructing to put the new clip object on the clipboard using setPrimaryClip.",,,
text:KU:android.content.Context:TEXT-0108,text:API:android.content.Context,has_example,public static Context getContext() { return instance; },llm_quote_grounded,The KU shows a code example of a static method returning a Context instance from an Application subclass.,,,
text:KU:android.content.Context:TEXT-0108,text:API:android.content.Context,has_guidance,"I like it, but I would suggest a singleton instead:",llm_quote_grounded,The KU suggests using a singleton pattern for the ApplicationContext to manage the Context instance.,,,
text:KU:android.view.View:TEXT-0109,text:API:android.view.View,has_guidance,"Before you call child.layout, call measureChild(child, View.MeasureSpec.makeMeasureSpec(childWidth, View.MeasureSpec.EXACTLY), View.MeasureSpec.makeMeasureSpec(childHeight, View.MeasureSpec.EXACTLY));",llm_quote_grounded,The KU advises measuring child views again if dimensions change after initial measurement in custom ViewGroups.,,,
text:KU:android.view.View:TEXT-0110,text:API:android.view.View,has_guidance,"edittext.setOnFocusChangeListener(new View.OnFocusChangeListener() { @Override public void onFocusChange(View v, boolean hasFocus) { if (!hasFocus) { hideKeyboard(v); } } });",llm_quote_grounded,The KU instructs setting focus change listeners on EditText views to hide the keyboard when focus is lost.,,,
text:KU:android.view.View:TEXT-0110,text:API:android.view.View,has_constraint,Because above solution will show your keyboard but it will not vanish if you click anywhere other that `EditText`.,llm_quote_grounded,"The KU notes that without proper configuration, the keyboard may not vanish when clicking outside the EditText.",,,
text:KU:android.content.Context:TEXT-0111,text:API:android.content.Context,has_example,InputMethodManager inputManager = (InputMethodManager)getSystemService(Context.INPUT_METHOD_SERVICE);,llm_quote_grounded,The KU demonstrates retrieving the InputMethodManager service using the Context's getSystemService method.,,,
text:KU:android.view.View:TEXT-0112,text:API:android.view.View,has_explanation,"`setItemsCanFocus(true)`: selector is never displayed, but the `EditText` can get focus when using the arrows.",llm_quote_grounded,The KU explains the behavior of ListView regarding focusable children and selector display based on setItemsCanFocus.,,,
text:KU:android.view.View:TEXT-0112,text:API:android.view.View,has_guidance,"Another simple solution is to define your onClickListener, in the getView(..) method, of your ListAdapter.",llm_quote_grounded,The KU suggests defining onClickListeners within the adapter's getView method to handle clicks on inner views.,,,
text:KU:android.widget.TextView:TEXT-0113,text:API:android.widget.TextView,has_explanation,"The big takeaway I found is that `TextView.setTextSize(float)` applies the font scaling, so if you pass in a dimen thats already labelled as SP instead of DP, then it will receive the font scaling twice.",llm_quote_grounded,Explains the behavior of setTextSize regarding font scaling and double application when using SP units.,,,
text:KU:android.widget.TextView:TEXT-0113,text:API:android.widget.TextView,has_guidance,"textView.setTextSize(TypedValue.COMPLEX_UNIT_PX, scaledTextSize); // 30, because font size is scaled",llm_quote_grounded,Guides on how to correctly set text size by specifying the unit type to avoid double scaling.,,,
text:KU:android.widget.TextView:TEXT-0114,text:API:android.widget.TextView,has_guidance,txt.setMovementMethod(new ScrollingMovementMethod()); and you will be ok.,llm_quote_grounded,Provides code snippet to make TextView scrollable in an Activity context.,,,
text:KU:android.widget.TextView:TEXT-0114,text:API:android.widget.TextView,has_constraint,"Putting a `ScrollView` around the `TextView` also does not work, because I get an `InflateException`: android.view.InflateException: Binary XML file line #23: Error inflating class ScrollView",llm_quote_grounded,States that ScrollView cannot be used around TextView in AppWidgetProvider due to InflateException.,,,
text:KU:android.widget.TextView:TEXT-0115,text:API:android.widget.TextView,has_example,TextView textlInfo = (TextView) v.findViewById(R.id.info); textlInfo.setText(o.getName());,llm_quote_grounded,Shows how to find a TextView within a custom list item view and set its text.,,,
text:KU:android.widget.TextView:TEXT-0116,text:API:android.widget.TextView,has_explanation,Using `getEllipsisCount` won't work with text that has empty lines within it.,llm_quote_grounded,Explains why getEllipsisCount might fail with empty lines and proposes checking line count instead.,,,
text:KU:android.widget.TextView:TEXT-0116,text:API:android.widget.TextView,has_guidance,"Make sure not to set a `maxLineCount` in your XML. Then you can check for the `lineCount` in your code and if it is greater than a certain number, you can return false to cancel the drawing of the `TextView` and set the line count as well as a flag to save whether the text view is too long or not.",llm_quote_grounded,Advises against setting maxLineCount in XML to allow programmatic detection of ellipsization.,,,
text:KU:android.content.Intent:TEXT-0117,text:API:android.content.Intent,has_example,Intent intent = new Intent(TMLIntentService.ACTION_SILENCE_RINGER); mContext.startService(intent);,llm_quote_grounded,The KU provides a code example demonstrating how to create and use an Intent to start a service.,,,
text:KU:android.text.InputType:TEXT-0118,text:API:android.text.InputType,has_guidance,"Earlier it used to be `android:capitalize=""words""`, which is now deprecated. The recommended alternative is to use `android:inputType=""textCapWords""`",llm_quote_grounded,The KU advises using the recommended alternative attribute for capitalization instead of the deprecated one.,,,
text:KU:android.text.InputType:TEXT-0118,text:API:android.text.InputType,has_example,`setInputType(InputType.TYPE_CLASS_TEXT | InputType.TYPE_TEXT_FLAG_CAP_WORDS);`,llm_quote_grounded,The KU provides a code snippet showing how to set the input type programmatically.,,,
text:KU:android.widget.TextView:TEXT-0119,text:API:android.widget.TextView,has_guidance,"try setting `android:singleLine=""true""` and `android:imeOptions=""actionNext""`",llm_quote_grounded,Provides specific XML attribute settings to achieve the desired behavior of moving focus to the next field.,,,
text:KU:android.widget.TextView:TEXT-0119,text:API:android.widget.TextView,has_explanation,"`singleLine` is deprecated now, but you can leave it out. It's the default behavior for editable text as long as you don't explicitly set `android:inputType=""textMultiLine""`, and `inputType` overrides the suggested `singleLine` replacement of `maxLines=""1""` for editable text anyways.",llm_quote_grounded,Explains the current status of the `singleLine` attribute and how it interacts with `inputType` and `maxLines`.,,,
text:KU:android.view.View:TEXT-0120,text:API:android.view.View,has_guidance,If you want to force a redraw of the UI from a thread call `View.invalidate()`.,llm_quote_grounded,Instructs on which method to call to force a UI redraw when updating views from a background thread.,,,
text:KU:android.view.View:TEXT-0120,text:API:android.view.View,has_guidance,you would want to all `View.postInvalidate()` to force a UI redraw.,llm_quote_grounded,Instructs on which method to call to force a UI redraw when updating views from the main thread (though discouraged).,,,
text:KU:android.view.View:TEXT-0121,text:API:android.view.View,has_example,"ListView lv = (ListView)view.findViewById(android.R.id.list); ViewGroup parent = (ViewGroup)lv.getParent(); parent.setPadding(0, 100, 0, 0);",llm_quote_grounded,The KU provides a code example where a ListView (a subclass of View) is retrieved and its parent ViewGroup's padding is modified.,,,
text:KU:android.view.KeyEvent:TEXT-0122,text:API:android.view.KeyEvent,has_example,"public boolean onKeyPreIme(int keyCode, KeyEvent event) { if (keyCode == KeyEvent.KEYCODE_BACK && event.getAction() == KeyEvent.ACTION_UP) {",llm_quote_grounded,The KU demonstrates how to use KeyEvent in an onKeyPreIme override to detect the back key press.,,,
text:KU:android.view.View:TEXT-0124,text:API:android.view.View,has_example,"public View getDropDownView(int position, View convertView,ViewGroup parent) { View v = super.getDropDownView(position, convertView,parent); ((TextView) v).setGravity(Gravity.CENTER); return v; }",llm_quote_grounded,"The KU shows how to customize a Spinner adapter by overriding getView and getDropDownView which return View objects, and applying gravity to them.",,,
text:KU:java.lang.CharSequence:TEXT-0125,text:API:java.lang.CharSequence,has_example,"public void onTextChanged(CharSequence s, int start, int before, int count){ if(s != null && s.length() > 0 && edittext.getErrorMessage() != null) {",llm_quote_grounded,The KU includes a TextWatcher implementation where the onTextChanged method receives a CharSequence parameter.,,,
text:KU:android.view.View:TEXT-0126,text:API:android.view.View,has_guidance,your problem is that you cannot just attach a view directly to an Activity window without supplying `LayoutParams` as well.,llm_quote_grounded,"The KU explains that attaching a view directly to an Activity window without LayoutParams causes it to fill the screen, and advises using WRAP_CONTENT.",,,
text:KU:android.view.View:TEXT-0126,text:API:android.view.View,has_example,"setContentView(idInput, new ViewGroup.LayoutParams(LayoutParams.WRAP_CONTENT, LayoutParams.WRAP_CONTENT));",llm_quote_grounded,The KU provides code showing how to set content view with specific LayoutParams to control size.,,,
text:KU:android.view.KeyEvent:TEXT-0220,text:API:android.view.KeyEvent,has_example,if ((event.getAction() == KeyEvent.ACTION_DOWN) && (keyCode == KeyEvent.KEYCODE_ENTER)) {,llm_quote_grounded,The KU contains an OnKeyListener implementation that checks for KeyEvent actions and codes.,,,
text:KU:android.widget.TextView:TEXT-0128,text:API:android.widget.TextView,has_example,"String text = ""You answered :"" + "" "" + correct + ""correct\\\\\\\\n"" +""You answered: "" + "" "" + wrong + ""incorrect""; TextView.setText(text);",llm_quote_grounded,"The KU demonstrates setting text on a TextView, including handling newlines to display multiple lines.",,,
text:KU:android.view.KeyEvent:TEXT-0129,text:API:android.view.KeyEvent,has_example,if (keyCode == KeyEvent.KEYCODE_DEL) keyDel = 1;,llm_quote_grounded,The KU uses KeyEvent within an OnKeyListener to detect the delete key press.,,,
text:KU:android.widget.TextView:TEXT-0132,text:API:android.widget.TextView,has_example,"TextView debitTxtView = (TextView) view.findViewById(R.id.txtViewclientDebit); final Spannable clientsDebit= new SpannableString(mContext.getString(R.string.clients_debit)); clientsDebit.setSpan(new ForegroundColorSpan(mContext.getResources().getColor(R.color.blue)), 0, clientsDebit.length(), Spannable.SPAN_EXCLUSIVE_EXCLUSIVE); debitTxtView.setText(clientsDebit); debitTxtView.append("" "" + file.getDebit());",llm_quote_grounded,"The KU provides a code snippet demonstrating how to use TextView methods (setText, append) with SpannableString to achieve colored text.",,,
text:KU:android.content.Context:TEXT-0133,text:API:android.content.Context,has_example,"Intent restartServiceIntent = new Intent(getApplicationContext(), this.getClass()); restartServiceIntent.setPackage(getPackageName()); PendingIntent restartServicePendingIntent = PendingIntent.getService(getApplicationContext(), 1, restartServiceIntent, PendingIntent.FLAG_ONE_SHOT); AlarmManager alarmService = (AlarmManager) getApplicationContext().getSystemService(Context.ALARM_SERVICE);",llm_quote_grounded,The KU shows how to use Context methods like getApplicationContext() and getSystemService() within the workaround code for restarting a service.,,,
text:KU:android.view.View:TEXT-0134,text:API:android.view.View,has_example,add = (Button) this.findViewById(R.id.add); sub = (Button) this.findViewById(R.id.sub); result = (TextView) this.findViewById(R.id.result); range = (EditText) this.findViewById(R.id.range);,llm_quote_grounded,The KU demonstrates using View methods like findViewById() to retrieve UI elements such as EditText and Button from the layout.,,,
text:KU:android.view.View:TEXT-0136,text:API:android.view.View,has_example,"rowView = mInflater.inflate(R.layout.rowlayout, null); // configure view holder holder.text = (TextView) rowView.findViewById(R.id.label); holder.text.setTextColor(Color.WHITE); holder.text.setSingleLine(); holder.text.setTextSize(15); holder.text.setEllipsize(TextUtils.TruncateAt.END); holder.text.setPadding(2, 2, 6, 2);",llm_quote_grounded,"The KU provides code examples showing how to inflate views, find child views by ID, and manipulate view properties like padding and text color.",,,
text:KU:java.lang.CharSequence:TEXT-0138,text:API:java.lang.CharSequence,has_example,"@Override public void beforeTextChanged(CharSequence s, int start, int count, int after) { } @Override public void onTextChanged(CharSequence text, int start, int lengthBefore, int lengthAfter) { }",llm_quote_grounded,"The KU includes code snippets where CharSequence is used as a parameter type in TextWatcher callbacks (beforeTextChanged, onTextChanged).",,,
text:KU:android.view.View:TEXT-0139,text:API:android.view.View,has_example,pass = (EditText)v.findViewById(R.id.pass); cpass = (EditText)v.findViewById(R.id.cpass);,llm_quote_grounded,The KU demonstrates using View's findViewById method to locate EditText fields within a Fragment's inflated layout.,,,
text:KU:android.widget.TextView:TEXT-0140,text:API:android.widget.TextView,has_example,"TextView textView = (TextView) findViewById(R.id.textView); String str1 = ""substring""; String str2 = ""Find a substring and make it bold""; if (str2.contains(str1)) { SpannableString spannable = new SpannableString(str2); spannable.setSpan(new StyleSpan(android.graphics.Typeface.BOLD), str2.indexOf(str1), str2.indexOf(str1) + str1.length(), Spannable.SPAN_INCLUSIVE_INCLUSIVE); textView.setText(spannable); } else { textView.setText(str2); }",llm_quote_grounded,The KU provides a code example showing how to set text on a TextView using a SpannableString to apply bold styling to a substring.,,,
text:KU:android.net.Uri:TEXT-0143,text:API:android.net.Uri,has_example,"Uri data = getIntent().getData(); In my example, I could simply check `data` for null values, because when ever it isn't null, I'll know it was invoked by means of such a link.",llm_quote_grounded,The KU shows how to retrieve a Uri object from an Intent's data field to handle custom scheme links clicked in a TextView.,,,
text:KU:java.lang.CharSequence:TEXT-0145,text:API:java.lang.CharSequence,has_example,"public void beforeTextChanged(CharSequence s, int start, int count, int after) {}",llm_quote_grounded,The KU provides code examples showing how CharSequence is used as a parameter in TextWatcher methods.,,,
text:KU:android.view.View:TEXT-0146,text:API:android.view.View,has_guidance,"You'd need to create an OnKeyListener for your EditText, something like this:",llm_quote_grounded,The KU suggests using an OnKeyListener for the EditText (a View subclass) to manually prevent newlines as a workaround.,,,
text:KU:android.view.inputmethod.EditorInfo:TEXT-0192,text:API:android.view.inputmethod.EditorInfo,has_guidance,You would also want to call `editText.setImeOptions(EditorInfo.IME_ACTION_NEXT)` to avoid showing the return key.,llm_quote_grounded,"The KU advises setting IME options on the view to control the keyboard behavior, specifically hiding the return key.",,,
text:KU:android.view.View:TEXT-0147,text:API:android.view.View,has_example,someButton.setOnClickListener(new View.OnClickListener() {,llm_quote_grounded,The KU demonstrates implementing and using View.OnClickListener with a Button.,,,
text:KU:android.content.Intent:TEXT-0148,text:API:android.content.Intent,has_explanation,Services that handle asynchronous requests (expressed as Intents) on demand.,llm_quote_grounded,The KU explains that IntentService handles asynchronous requests expressed as Intents.,,,
text:KU:android.content.Intent:TEXT-0148,text:API:android.content.Intent,has_explanation,Clients send requests through `startService(Intent)` calls;,llm_quote_grounded,The KU describes how clients send requests to the service using startService with an Intent.,,,
text:KU:android.view.View:TEXT-0150,text:API:android.view.View,has_guidance,use `myTextView.setVisible(View.INVISIBLE);` instead of myTextView.setVisible(View.GONE);,llm_quote_grounded,The KU recommends using View.INVISIBLE instead of View.GONE to maintain layout space.,,,
text:KU:android.view.View:TEXT-0151,text:API:android.view.View,has_example,super.appView.setOnLongClickListener(new View.OnLongClickListener() {,llm_quote_grounded,The KU shows code setting an OnLongClickListener on a View to disable text selection.,,,
text:KU:android.content.Context:TEXT-0152,text:API:android.content.Context,has_example,"myapp.bmodel.getApplicationContext().getSharedPreferences(""myPrefs_capture_gps_per_hour"", Context.MODE_PRIVATE);",llm_quote_grounded,The KU provides code demonstrating how to get Shared Preferences using the application context.,,,
text:KU:android.content.Context:TEXT-0153,text:API:android.content.Context,has_example,"public CenterImageTextButton(Context context, AttributeSet attrs, int defStyle) {",llm_quote_grounded,The KU includes a custom View class constructor that accepts a Context parameter.,,,
text:KU:android.view.View:TEXT-0154,text:API:android.view.View,has_example,"public CharSequence getTransformation(CharSequence source, View view)",llm_quote_grounded,The KU provides a code example using View in the method signature of getTransformation.,,,
text:KU:android.widget.TextView:TEXT-0156,text:API:android.widget.TextView,has_example,TextView view = new TextView(contx); view.setText(text);,llm_quote_grounded,The KU demonstrates creating and configuring a TextView instance for a marquee effect.,,,
text:KU:android.view.View:TEXT-0200,text:API:android.view.View,has_example,"view.measure(View.MeasureSpec.UNSPECIFIED, View.MeasureSpec.UNSPECIFIED);",llm_quote_grounded,The KU uses View methods like measure() and getMeasuredWidth() to calculate dimensions for animation.,,,
text:KU:android.content.Context:TEXT-0158,text:API:android.content.Context,has_example,(AlarmManager)getSystemService(Context.ALARM_SERVICE),llm_quote_grounded,The KU shows how to use Context to retrieve the AlarmManager system service.,,,
text:KU:android.content.Intent:TEXT-0178,text:API:android.content.Intent,has_guidance,intent.addFlags(Intent.FLAG_RECEIVER_FOREGROUND);,llm_quote_grounded,The KU advises adding specific flags to the Intent to prevent service killing.,,,
text:KU:android.content.Intent:TEXT-0178,text:API:android.content.Intent,has_constraint,If you leave any of those steps out it will not work.,llm_quote_grounded,The KU states that omitting the flag or using a zero request code will cause the solution to fail.,,,
text:KU:android.view.View:TEXT-0160,text:API:android.view.View,has_example,time_statusTV.setFocusable(true); time_statusTV.requestFocus();,llm_quote_grounded,The KU provides code examples calling focus-related methods on a View (EditText).,,,
text:KU:android.view.View:TEXT-0161,text:API:android.view.View,has_explanation,"This happens because the views get recycled and reused. So when the view gets recycled, it retains properties of the ""old"" view if you don't change them again.",llm_quote_grounded,The KU explains why visual changes persist incorrectly due to View recycling in RecyclerView.,,,
text:KU:android.view.View:TEXT-0162,text:API:android.view.View,has_example,v.setVisibility(View.GONE);,llm_quote_grounded,The KU shows how to set visibility constants on a View object.,,,
text:KU:android.view.View:TEXT-0162,text:API:android.view.View,has_explanation,"""View.GONE"" takes a view right out of the layout. View.INVISIBLE makes the view just invisible but still exists.",llm_quote_grounded,The KU explains the difference between GONE and INVISIBLE regarding layout participation.,,,
text:KU:android.view.View:TEXT-0169,text:API:android.view.View,has_example,textView1.setOnClickListener(new View.OnClickListener() { @Override public void onClick(final View arg0) { textView1.setMaxLines(5); textView1.showDropDown(); } });,llm_quote_grounded,The KU provides a complete Java code snippet demonstrating how to implement an OnClickListener for an AutoCompleteTextView (a subclass of View) to show suggestions.,,,
text:KU:android.view.View:TEXT-0170,text:API:android.view.View,has_example,"editText.setOnFocusChangeListener(new View.OnFocusChangeListener() { @Override public void onFocusChange(View v, boolean hasFocus) { EditText editText = (EditText) v; String text = editText.getText().toString(); if (hasFocus) { editText.setText(text.replace("","", ""."")); } else { if (!text.isEmpty()) { Double doubleValue = Double.valueOf(text.replace("","", ""."")); editText.setText(someDecimalFormatter.format(doubleValue)); } } } });",llm_quote_grounded,"The KU provides a code example using `View.OnFocusChangeListener` to handle focus changes on an EditText, which is a specific implementation detail related to the View class's event handling capabilities.",,,
text:KU:android.view.View:TEXT-0171,text:API:android.view.View,has_constraint,but textView.getLayout() can't call before the view(layout) set.,llm_quote_grounded,"The KU explicitly states a constraint regarding the timing of calling `getLayout()` on a TextView (a View), noting it cannot be called before the view layout is set.",,,
text:KU:android.view.View:TEXT-0172,text:API:android.view.View,has_example,"childItem.setOnFocusChangeListener(new View.OnFocusChangeListener() { @Override public void onFocusChange(View v, boolean hasFocus) { //Log.d(""NNN"", ""Has focus "" + hasFocus); if (hasFocus) { Toast.makeText(ctx.getApplicationContext(), ""got the focus"", Toast.LENGTH_LONG).show(); } else { Toast.makeText(ctx.getApplicationContext(), ""loss the focus"", Toast.LENGTH_SHORT).show(); } return; });",llm_quote_grounded,"The KU provides code examples showing how to attach `OnClickListener` and `OnFocusChangeListener` to views (EditText), illustrating the event handling mechanisms described in the API documentation.",,,
text:KU:android.view.View:TEXT-0173,text:API:android.view.View,has_example,"@Override public boolean onTouch(View v, MotionEvent event) { switch(v.getId()) { case R.id.more: //update List Method Call.. more.setText(""Click to view More..""); adapter.notifyDataSetChanged(); } // TODO Auto-generated method stub return false; }",llm_quote_grounded,"The KU provides a code example implementing `onTouch` for a View, demonstrating touch event handling within a list activity context.",,,
text:KU:java.lang.CharSequence:TEXT-0175,text:API:java.lang.CharSequence,has_example,protected FilterResults performFiltering(CharSequence constraint) { if(constraint != null) { suggestions.clear(); for (Customer customer : itemsAll) { if(customer.getName().toLowerCase().startsWith(constraint.toString().toLowerCase())){ suggestions.add(customer); } } FilterResults filterResults = new FilterResults(); filterResults.values = suggestions; filterResults.count = suggestions.size(); return filterResults; } else { return new FilterResults(); } },llm_quote_grounded,"The KU contains code where `CharSequence` is used as a parameter type in the `performFiltering` method of a custom Filter, demonstrating its usage in Android text APIs.",,,
text:KU:android.view.View:TEXT-0176,text:API:android.view.View,has_guidance,"In order to use ActionBarSherlock, replace the default Android-callbacks to the ActionBarSherlock-edited callbacks (e.g. instead of `Android.View.ActionMode`, use `com.actionbarsherlock.view.ActionMode`).",llm_quote_grounded,"The KU advises on how to handle compatibility issues with ActionBarSherlock by replacing default Android callbacks, specifically mentioning `Android.View.ActionMode`.",,,
text:KU:android.view.View:TEXT-0177,text:API:android.view.View,has_guidance,Make sure your TextView is ready for listening the states you are applying for.,llm_quote_grounded,The KU provides specific advice on configuring the View to handle state changes.,,,
text:KU:android.view.View:TEXT-0177,text:API:android.view.View,has_example,"android:clickable=""true""",llm_quote_grounded,The KU shows an XML attribute example required for the View to function correctly with selectors.,,,
text:KU:android.view.View:TEXT-0179,text:API:android.view.View,has_example,Then using a for loop assign each one a tag of integer - it's position textViewArray.setTag(i),llm_quote_grounded,The KU demonstrates how to use View tags to identify which view was clicked in a loop.,,,
text:KU:android.view.View:TEXT-0179,text:API:android.view.View,has_guidance,int position = (Integer) view.getTag() ///Do more code here - your processing,llm_quote_grounded,The KU advises on retrieving the tag from the View object within the click listener.,,,
text:KU:android.view.View:TEXT-0180,text:API:android.view.View,has_example,TextView tv=(TextView)findViewById(R.id.tv); tv.setOnCreateContextMenuListener(this);,llm_quote_grounded,The KU provides code examples showing how to attach context menu listeners to Views.,,,
text:KU:android.content.Context:TEXT-0206,text:API:android.content.Context,has_example,"MenuInflater m = getMenuInflater(); m.inflate(R.menu.our_context_menu, menu);",llm_quote_grounded,The KU uses Context methods like getMenuInflater and registerForContextMenu within an Activity (which extends Context).,,,
text:KU:android.view.View:TEXT-0181,text:API:android.view.View,has_example,if(ed.getVisibility()==View.INVISIBLE) { ed.setVisibility(View.VISIBLE); },llm_quote_grounded,The KU shows Java code using View visibility constants and methods.,,,
text:KU:android.view.View:TEXT-0181,text:API:android.view.View,has_guidance,I'll say that you should else-if condition:,llm_quote_grounded,The KU suggests a logical structure for toggling View visibility.,,,
text:KU:android.app.Service:TEXT-0182,text:API:android.app.Service,has_guidance,Bind the `Service` to your activity and not the `Fragment`.,llm_quote_grounded,The KU explicitly advises binding the Service to the Activity rather than Fragments.,,,
text:KU:android.app.Service:TEXT-0182,text:API:android.app.Service,has_explanation,When you bind a `Service` to an `Activity` you are tying its lifecycle to that of the `Activity`.,llm_quote_grounded,The KU explains why binding to the Activity is preferred due to lifecycle management.,,,
text:KU:java.lang.CharSequence:TEXT-0183,text:API:java.lang.CharSequence,has_example,"public void beforeTextChanged(CharSequence s, int start, int count, int after)",llm_quote_grounded,The KU provides a code snippet where CharSequence is used as a parameter type in TextWatcher methods.,,,
text:KU:android.view.View:TEXT-0185,text:API:android.view.View,has_example,et_space.setOnFocusChangeListener(new View.OnFocusChangeListener() {,llm_quote_grounded,The KU demonstrates setting an OnFocusChangeListener on a View.,,,
text:KU:android.view.View:TEXT-0185,text:API:android.view.View,has_guidance,"First I would like to say you have to use ""OnFocusListener"" and then you have to use Handler like this;",llm_quote_grounded,The KU recommends using Focus Listener over Touch or Click for this specific scrolling behavior.,,,
text:KU:android.view.View:TEXT-0186,text:API:android.view.View,has_example,return (View) popupListViewField.get(popup);,llm_quote_grounded,The KU shows how to retrieve a reference to a popup View via reflection.,,,
text:KU:android.view.View:TEXT-0186,text:API:android.view.View,has_guidance,"Override a method `layoutDependsOn`: @Override public boolean layoutDependsOn(CoordinatorLayout parent, AutoCompleteTextView child, View dependency) { return dependency instanceof Snackbar.SnackbarLayout; }",llm_quote_grounded,The KU advises on overriding layoutDependsOn to check for Snackbar dependency.,,,
text:KU:java.lang.CharSequence:TEXT-0187,text:API:java.lang.CharSequence,has_example,"public void beforeTextChanged(CharSequence s, int start, int count, int after) {}",llm_quote_grounded,The KU provides a code example using CharSequence in the TextWatcher's beforeTextChanged method.,,,
text:KU:java.lang.CharSequence:TEXT-0187,text:API:java.lang.CharSequence,has_guidance,"editText.setText(s.toString().replaceAll(NOT_ALLOWED_CHARS, """"))",llm_quote_grounded,The KU demonstrates how to retrieve text content as a String from a CharSequence for processing.,,,
text:KU:android.content.ClipboardManager:TEXT-0189,text:API:android.content.ClipboardManager,has_guidance,Get the global `ClipboardManager` object using `getSystemService(CLIPBOARD_SERVICE)`.,llm_quote_grounded,The KU outlines steps to get the global ClipboardManager object and use it to check clipboard contents.,,,
text:KU:android.content.ClipboardManager:TEXT-0189,text:API:android.content.ClipboardManager,has_example,ClipboardManager clipboard = (ClipboardManager) getSystemService(Context.CLIPBOARD_SERVICE);,llm_quote_grounded,The KU provides code snippets showing how to instantiate ClipboardManager and call its methods like hasPrimaryClip and getPrimaryClip.,,,
text:KU:android.view.KeyEvent:TEXT-0190,text:API:android.view.KeyEvent,has_example,"mEditText.setImeActionLabel(""Custom text"", KeyEvent.KEYCODE_ENTER);",llm_quote_grounded,The KU shows an example of using KeyEvent.KEYCODE_ENTER as a parameter for setting an IME action label.,,,
text:KU:android.widget.TextView:TEXT-0213,text:API:android.widget.TextView,has_guidance,"You will want to look at the `android:imeActionId` and `android:imeOptions` attributes, plus the `setOnEditorActionListener()` method, all on `TextView`.",llm_quote_grounded,The KU advises looking at specific attributes and methods on TextView to handle Enter key presses and change button labels.,,,
text:KU:java.lang.CharSequence:TEXT-0191,text:API:java.lang.CharSequence,has_example,"public CharSequence filter(CharSequence source, int start, int end, Spanned dest, int dstart, int dend) {",llm_quote_grounded,The KU provides a code example implementing InputFilter where CharSequence is used as the source parameter to filter input characters.,,,
text:KU:android.text.InputType:TEXT-0193,text:API:android.text.InputType,has_example,editor.setInputType(InputType.TYPE_CLASS_TEXT | InputType.TYPE_TEXT_FLAG_CAP_SENTENCES);,llm_quote_grounded,The KU provides a programmatic example of combining InputType flags to enable sentence capitalization.,,,
text:KU:android.text.InputType:TEXT-0193,text:API:android.text.InputType,has_guidance,you have to include `InputType.TYPE_CLASS_TEXT` in the `InputType` of the `EditText`,llm_quote_grounded,The KU explains that TYPE_CLASS_TEXT must be included when setting InputType programmatically for this feature.,,,
text:KU:android.content.Intent:TEXT-0194,text:API:android.content.Intent,has_explanation,"Can't you parse the ""pdus"" from the Intent directly in the smsShower onCreate() instead?",llm_quote_grounded,The KU discusses the role of Intent in passing data (like SMS messages) between components and resolving URIs.,,,
text:KU:android.content.Intent:TEXT-0194,text:API:android.content.Intent,has_constraint,You create a new `smsShower` on the second line within the function but that is no guarantee that it's the same Activity that was previously started.,llm_quote_grounded,"The KU highlights a potential issue with creating new Activity instances via Intent/Context rather than reusing existing ones, implying constraints on how Intents should be handled in BroadcastReceivers.",,,
text:KU:android.content.Context:TEXT-0195,text:API:android.content.Context,has_guidance,`getApplicationContext()` is almost always wrong. Ms. Hackborn (among others) have been very explicit that you only use `getApplicationContext()` when you know why you are using `getApplicationContext()` and only when you need to use `getApplicationContext()`.,llm_quote_grounded,"The KU provides guidance on when to use application context versus activity context, specifically warning against overuse of getApplicationContext().",,,
text:KU:android.content.Context:TEXT-0195,text:API:android.content.Context,has_explanation,"It's not a complete `Context`, supporting everything that `Activity` does. Various things you will try to do with this `Context` will fail, mostly related to the GUI.",llm_quote_grounded,"The KU explains the differences between Context types, noting that Application context is not a complete Context and can cause memory leaks if not cleaned up properly.",,,
text:KU:android.content.Context:TEXT-0195,text:API:android.content.Context,has_example,"I use `getApplicationContext()`, for example, in `WakefulIntentService`, for the static `WakeLock` to be used for the service.",llm_quote_grounded,"The KU gives examples of scenarios where using getApplicationContext() is appropriate, such as for static WakeLocks or Service bindings.",,,
text:KU:android.view.View:TEXT-0196,text:API:android.view.View,has_example,TextView title = (TextView)vi.findViewById(R.id.title); // For this Textview I want to set Typeface.,llm_quote_grounded,The KU provides a code example showing how to find a View by ID and set properties on it (specifically Typeface on a TextView which extends View).,,,
text:KU:android.view.View:TEXT-0196,text:API:android.view.View,has_guidance,"Typeface font = Typeface.createFromAsset( activity.getAssets(), ""fonts/androidnation.ttf""); title .setTypeface(font);",llm_quote_grounded,The KU guides the user on how to implement custom fonts by loading assets and applying them to views within an adapter.,,,
text:KU:android.text.InputType:TEXT-0197,text:API:android.text.InputType,has_example,myEditText.setInputType(InputType.TYPE_CLASS_NUMBER | InputType.TYPE_NUMBER_VARIATION_PASSWORD);,llm_quote_grounded,The KU provides a specific code example using InputType constants to achieve the desired keyboard behavior.,,,
text:KU:android.view.View:TEXT-0198,text:API:android.view.View,has_example,"in.hideSoftInputFromWindow(v.getWindowToken(), 0); return true; } }); XML for custom list Use `OnItemClickListener`. Hope this works :) AutoCompleteTextView text = (AutoCompleteTextView) findViewById(R.id.auto_insert_meds); text.setOnItemClickListener(new OnItemClickListener() { @Override public void onItemClick(AdapterView arg0, View arg1, int arg2, long arg3) { InputMethodManager in = (InputMethodManager) getSystemService(Context.INPUT_METHOD_SERVICE); in.hideSoftInputFromWindow(arg1.getWindowToken(), 0); } });",llm_quote_grounded,The KU demonstrates how to use View methods (getWindowToken) within an OnTouchListener and OnItemClickListener to hide the soft keyboard.,,,
text:KU:android.view.View:TEXT-0201,text:API:android.view.View,has_guidance,"editText.setOnTouchListener(new OnTouchListener() { @Override public boolean onTouch(View v, MotionEvent event) { editText.setFocusableInTouchMode(true); return false; } });",llm_quote_grounded,The KU suggests setting focusableInTouchMode on the view to resolve keyboard visibility issues in a custom EditText.,,,
text:KU:android.content.Intent:TEXT-0202,text:API:android.content.Intent,has_explanation,"Solved I deleted the period in the beginning of the package name in the manifest and it worked, in another words: This doesn't work: .yourPackage.YourClass But this does work: yourPackage.YourClass",llm_quote_grounded,The KU explains why the Intent failed to find the service due to package name formatting in the manifest.,,,
text:KU:android.content.Intent:TEXT-0202,text:API:android.content.Intent,has_example,"Intent intent = new Intent(this, MoodyService.class); this.startService(intent);",llm_quote_grounded,The KU provides code examples for creating and starting a service with an Intent.,,,
text:KU:android.content.Intent:TEXT-0203,text:API:android.content.Intent,has_example,"serviceIntent = new Intent(MainActivity.this, MyService.class); setViewsWidgets(); } private void setViewsWidgets() { toggleButton = (ToggleButton)findViewById(R.id.toggleButton); toggleButton.setOnClickListener(btListener); tbStartTask = (ToggleButton)findViewById(R.id.tbStartServiceTask); tbStartTask.setOnClickListener(btListener); tvServiceState = (TextView)findViewById(R.id.tvServiceState); tvServiceOutput = (TextView)findViewById(R.id.tvServiceOutput); } private ServiceConnection mConnection = new ServiceConnection() { @Override public void onServiceConnected(ComponentName className, IBinder service) { Toast.makeText(MainActivity.this, ""onServiceConnected called"", Toast.LENGTH_SHORT).show(); // We've binded to LocalService, cast the IBinder and get LocalService instance MyService.LocalBinder binder = (MyService.LocalBinder) service; myService = binder.getServiceInstance(); //Get instance of your service! myService.registerClient(MainActivity.this); //Activity register in the service as client for callabcks! tvServiceState.setText(""Connected to service...""); tbStartTask.setEnabled(true); } @Override public void onServiceDisconnected(ComponentName arg0) { Toast.makeText(MainActivity.this, ""onServiceDisconnected called"", Toast.LENGTH_SHORT).show(); tvServiceState.setText(""Service disconnected""); tbStartTask.setEnabled(false); } }; View.OnClickListener btListener = new View.OnClickListener() { @Override public void onClick(View v) { if(v == toggleButton){ if(toggleButton.isChecked()){ startService(serviceIntent); //Starting the service bindService(serviceIntent, mConnection, Context.BIND_AUTO_CREATE); //Binding to the service!",llm_quote_grounded,The KU shows how to create an Intent to start and bind to a service.,,,
text:KU:android.app.Service:TEXT-0204,text:API:android.app.Service,has_example,"public class MyService extends Service { NotificationManager notificationManager; NotificationCompat.Builder mBuilder; Callbacks activity; private long startTime = 0; private long millis = 0; private final IBinder mBinder = new LocalBinder(); Handler handler = new Handler(); Runnable serviceRunnable = new Runnable() { @Override public void run() { millis = System.currentTimeMillis() - startTime; activity.updateClient(millis); //Update Activity (client) by the implementd callback handler.postDelayed(this, 1000); } }; @Override public int onStartCommand(Intent intent, int flags, int startId) { //Do what you need in onStartCommand when service has been started return START_NOT_STICKY; } @Override public IBinder onBind(Intent intent) { return mBinder; } //returns the instance of the service public class LocalBinder extends Binder{ public MyService getServiceInstance(){ return MyService.this; } } //Here Activity register to the service as Callbacks client public void registerClient(Activity activity){ this.activity = (Callbacks)activity; } public void startCounter(){ startTime = System.currentTimeMillis(); handler.postDelayed(serviceRunnable, 0); Toast.makeText(getApplicationContext(), ""Counter started"", Toast.LENGTH_SHORT).show(); } public void stopCounter(){ handler.removeCallbacks(serviceRunnable); } //callbacks interface for communication with service clients! public interface Callbacks{ public void updateClient(long data); } }",llm_quote_grounded,The KU provides a complete implementation of a Service that communicates with an Activity via Binder and Callbacks.,,,
text:KU:android.content.Context:TEXT-0205,text:API:android.content.Context,has_example,LayoutInflater inflater = (LayoutInflater) getApplicationContext().getSystemService(Context.LAYOUT_INFLATER_SERVICE);,llm_quote_grounded,The KU uses Context.getSystemService to obtain the LayoutInflater for dynamic view creation.,,,
text:KU:android.view.View:TEXT-0229,text:API:android.view.View,has_example,"View dynamicEntryView = inflater.inflate(R.layout.player_entry_item, null); maalContainer.addView(dynamicEntryView, params); TextView playerName = (TextView) dynamicEntryView.findViewById(R.id.player_name_textview); playerName.setText(""Player :"" + (i + 1)); maalText[i] = (EditText) dynamicEntryView.findViewById(R.id.player_item_edittext_maal); points[i] = (EditText) dynamicEntryView.findViewById(R.id.player_item_edittext_point); result[i] = (TextView) dynamicEntryView.findViewById(R.id.player_item_textview_result);",llm_quote_grounded,The KU demonstrates inflating views and finding child views by ID within dynamically created layouts.,,,
text:KU:android.view.View:TEXT-0207,text:API:android.view.View,has_guidance,Try this. Get the `EditText` text inside `ClickListener` like below btnInput.setOnClickListener(new OnClickListener() { @Override public void onClick(View arg0) { // TODO Auto-generated method stub strInput = editTextInput.getText().toString();,llm_quote_grounded,The KU advises retrieving the EditText value inside the click listener rather than caching it at initialization.,,,
text:KU:android.widget.TextView:TEXT-0258,text:API:android.widget.TextView,has_example,textViewResult.setText(strInput);,llm_quote_grounded,The KU shows how to update a TextView's content based on user input.,,,
text:KU:android.view.View:TEXT-0208,text:API:android.view.View,has_example,"first do this, image_text.cancelLongPress(); which apparently cancels any inherited click, not just the long click, i.e. it shows the cursor, and it doesn't select any text, but it also doesn't bring up the keyboard, but that's easy: View v = activity.getWindow().getCurrentFocus(); if (v != null) { InputMethodManager imm = (InputMethodManager) activity.getSystemService(Context.INPUT_METHOD_SERVICE); imm.showSoftInput(v, 0); }",llm_quote_grounded,The KU provides code to cancel long press events on a view and manually show the soft keyboard.,,,
text:KU:android.view.View:TEXT-0209,text:API:android.view.View,has_explanation,`colorControlNormal` is an attr of the theme while `android:textColor` is a style attribute.,llm_quote_grounded,Explains why the styling attempt failed by distinguishing between theme attributes and style attributes.,,,
text:KU:android.view.View:TEXT-0209,text:API:android.view.View,has_guidance,"To actually change the value of `colorControlNormal`, you have to change it in a theme. To do that without changing the activity's theme, you can: 1/ Create a ThemeOverlay with only the theme attributes that you wish to change: 2/ Use it only in the your `EditText` view:",llm_quote_grounded,Provides specific steps to solve the problem using ThemeOverlay.,,,
text:KU:android.content.Intent:TEXT-0211,text:API:android.content.Intent,has_example,"<intent-filter> <action android:name=""android.view.InputMethod"" /> </intent-filter>",llm_quote_grounded,"Shows XML snippets for declaring IME components, including intent filters which are core to Intent usage.",,,
text:KU:android.content.Intent:TEXT-0211,text:API:android.content.Intent,has_guidance,"The application's manifest file must declare the service, request the necessary permissions, provide an intent filter that matches the action `action.view.InputMethod`, and provide metadata that defines characteristics of the IME.",llm_quote_grounded,Instructs on what must be declared in the manifest for an IME service.,,,
text:KU:android.widget.TextView:TEXT-0214,text:API:android.widget.TextView,has_example,"I put this attribute: android:inputType=""textMultiLine"" into my TextView and it has wrapping line and user can ""Enter"" for a new line.",llm_quote_grounded,Provides a specific XML attribute example to fix text wrapping.,,,
text:KU:android.widget.TextView:TEXT-0214,text:API:android.widget.TextView,has_guidance,"When you come to this post, you may want to create a Big TextView which can display multiple lines so these attributes may also needed android:layout_height=""Xdp"" //where X is a number depends on how big Textview you want android:gravity=""top"" //in order to make your text start from the top of your TextView.",llm_quote_grounded,Suggests additional attributes needed for creating a large multi-line TextView.,,,
text:KU:android.widget.TextView:TEXT-0215,text:API:android.widget.TextView,has_example,"TextView tv = new TextView(getContext()); ListAdapter adapter = new SimpleCursorAdapter(getApplicationContext(), ...);",llm_quote_grounded,Shows code examples of creating views (including TextView) using Context.,,,
text:KU:android.widget.TextView:TEXT-0215,text:API:android.widget.TextView,has_explanation,"They are both instances of Context, but the application instance is tied to the lifecycle of the application, while the Activity instance is tied to the lifecycle of an Activity.",llm_quote_grounded,Explains the difference between Activity Context and Application Context regarding lifecycle.,,,
text:KU:android.widget.TextView:TEXT-0216,text:API:android.widget.TextView,has_example,"public class HRArrayAdapter extends BaseAdapter implements Filterable { /** * Contains the list of objects that represent the data of this ArrayAdapter. * The content of this list is referred to as ""the array"" in the documentation. */ private List mObjects;",llm_quote_grounded,Provides a full Java class implementation (HRArrayAdapter) that extends BaseAdapter and uses TextView internally.,,,
text:KU:android.widget.TextView:TEXT-0216,text:API:android.widget.TextView,has_guidance,Use this class as an ArrayAdapter (in this case it's for HR but it can be for any character).,llm_quote_grounded,Instructs on how to use the provided class to handle diacritics in AutoCompleteTextView.,,,
text:KU:android.content.Context:TEXT-0217,text:API:android.content.Context,has_example,this.inputMethodManager = (InputMethodManager)context.getSystemService(Context.INPUT_METHOD_SERVICE);,llm_quote_grounded,Shows how to retrieve InputMethodManager service using Context.,,,
text:KU:android.content.Context:TEXT-0217,text:API:android.content.Context,has_guidance,You can also create a custom extension of the EditText that knows to open the soft keyboard when it receives focus. That's what I've ended up doing.,llm_quote_grounded,Suggests creating a custom EditText extension to manage keyboard visibility based on focus.,,,
text:KU:android.widget.TextView:TEXT-0218,text:API:android.widget.TextView,has_guidance,Have you tried to set `android:maxLength` property for TextView element in xml or to set filter `new InputFilter.LengthFilter(maxlength)`?,llm_quote_grounded,Suggests setting maxLength property or using InputFilter to address text length issues.,,,
text:KU:android.view.View:TEXT-0219,text:API:android.view.View,has_example,"firstClass.getsAlertDialog(selectpath, v.getContext());",llm_quote_grounded,Shows code snippet passing context from View to another class to show AlertDialog.,,,
text:KU:android.view.View:TEXT-0219,text:API:android.view.View,has_guidance,"I believe you need to show dialogs from the Activity you are currently in, so you would need to the put AlertDialog code in BrowserFile. I'm not sure if this would work, but you could try passing the context from BrowserFile to SqliteFun and showing it there.",llm_quote_grounded,Advises on showing dialogs from the current Activity or passing context explicitly.,,,
text:KU:android.content.Context:TEXT-0221,text:API:android.content.Context,has_example,ClipboardManager cm = (ClipboardManager)context.getSystemService(Context.CLIPBOARD_SERVICE);,llm_quote_grounded,The KU provides a code snippet demonstrating how to use Context.getSystemService to access the ClipboardManager.,,,
text:KU:android.widget.TextView:TEXT-0222,text:API:android.widget.TextView,has_guidance,add a `TextWatcher` to a TextView for watching text changes in TextView as:,llm_quote_grounded,The KU instructs the user on how to monitor text changes in a TextView by adding a TextWatcher.,,,
text:KU:android.widget.TextView:TEXT-0222,text:API:android.widget.TextView,has_example,TextView textView=(TextView)findViewById(R.id.txtview); textView.addTextChangedListener(new TextWatcher() {,llm_quote_grounded,The KU provides a code example showing how to implement the TextWatcher interface for a TextView.,,,
text:KU:android.content.Intent:TEXT-0223,text:API:android.content.Intent,has_example,"Intent i = new Intent(getApplicationContext(), Login.class); startActivity(i);",llm_quote_grounded,The KU shows code using Intent to launch another Activity after validation passes.,,,
text:KU:java.lang.CharSequence:TEXT-0224,text:API:java.lang.CharSequence,has_example,"public void onTextChanged(CharSequence s, int start, int before, int count)",llm_quote_grounded,The KU includes code where CharSequence is used as a parameter type in the onTextChanged method of a TextWatcher.,,,
text:KU:android.widget.TextView:TEXT-0225,text:API:android.widget.TextView,has_example,texta.setOnClickListener(new OnClickListener() { public void onClick(View v) { textb.setClickable(false);,llm_quote_grounded,The KU provides code examples setting click listeners and modifying clickable state for TextViews.,,,
text:KU:android.widget.TextView:TEXT-0226,text:API:android.widget.TextView,has_example,// update TextView here!,llm_quote_grounded,The KU demonstrates updating a TextView's content within a Runnable executed on the UI thread.,,,
text:KU:android.widget.TextView:TEXT-0228,text:API:android.widget.TextView,has_guidance,"you can simply add: android:fontFeatureSettings=""smcp"" to your `TextView` declaration in XML",llm_quote_grounded,The KU explains how to apply small caps styling to a TextView using XML attributes or runtime methods.,,,
text:KU:android.widget.TextView:TEXT-0228,text:API:android.widget.TextView,has_constraint,"Of course, this only works for API 21 and up",llm_quote_grounded,The KU notes that the font feature settings approach requires API level 21 or higher.,,,
text:KU:android.widget.TextView:TEXT-0230,text:API:android.widget.TextView,has_example,textview.setOnClickListener(new View.OnClickListener() { @Override public void onClick(View arg0) {,llm_quote_grounded,The KU contains code snippets attempting to set an OnClickListener on a TextView found via findViewById.,,,
text:KU:android.view.View:TEXT-0231,text:API:android.view.View,has_example,tvRQPoint.setVisibility(View.INVISIBLE);,llm_quote_grounded,The KU provides a code snippet demonstrating how to use the setVisibility method with View.INVISIBLE.,,,
text:KU:android.view.View:TEXT-0231,text:API:android.view.View,has_guidance,Set `View visibility` with view.setVisibility(View.INVISIBLE|View.VISIBLE|View.GONE);,llm_quote_grounded,The KU advises on which visibility constants to use for hiding views.,,,
text:KU:android.widget.TextView:TEXT-0233,text:API:android.widget.TextView,has_example,totalamnt.setText(value_to_be_set);,llm_quote_grounded,The KU shows an example of setting text on a TextView using setText.,,,
text:KU:android.view.View:TEXT-0235,text:API:android.view.View,has_example,v.setOnCreateContextMenuListener(this);,llm_quote_grounded,The KU demonstrates implementing OnCreateContextMenuListener on a View within a ViewHolder.,,,
text:KU:android.view.View:TEXT-0235,text:API:android.view.View,has_constraint,"you can't directly implement these method like onClickListener, OnContextMenuListener etc. because RecycleView extends android.view.ViewGroup",llm_quote_grounded,The KU explains that RecyclerView (a ViewGroup) does not directly support certain listener methods like onClickListener or OnContextMenuListener.,,,
text:KU:android.view.View:TEXT-0236,text:API:android.view.View,has_example,TextView t = ((TextView)v); String str = t.getText().toString();,llm_quote_grounded,The KU provides code showing how to cast a View to a TextView and retrieve its text in an OnClickListener.,,,
text:KU:android.database.Cursor:TEXT-0237,text:API:android.database.Cursor,has_explanation,ContentProvider miss entirely data mapping as it returns a `Cursor`. This is very bad because a client (who uses a ContentProvider to access data) has to do the mapping of Cursor to domain object.,llm_quote_grounded,"The KU discusses the nature of Cursor objects returned by ContentProviders, noting they are not domain objects and require client-side mapping.",,,
text:KU:java.lang.CharSequence:TEXT-0238,text:API:java.lang.CharSequence,has_explanation,`getTextBeforeCursor()` Returns a `CharSequence` containing the number of requested characters before the current cursor position.,llm_quote_grounded,"The KU describes what getTextBeforeCursor and getTextAfterCursor return, specifically identifying them as CharSequence objects.",,,
text:KU:java.lang.CharSequence:TEXT-0238,text:API:java.lang.CharSequence,has_example,"ic.commitText(""Hello"", 1);",llm_quote_grounded,The KU shows an example of committing a string (which implements CharSequence) to a text field.,,,
text:KU:android.view.View:TEXT-0241,text:API:android.view.View,has_example,view.requestFocus(); view.requestFocusFromTouch();,llm_quote_grounded,The KU provides code snippets showing how to request focus on a View programmatically.,,,
text:KU:android.view.View:TEXT-0241,text:API:android.view.View,has_constraint,"calling `editTextView.requestFocus()` returns true, but in fact does not give the EditText focus.",llm_quote_grounded,The KU notes that calling requestFocus() might return true but fail to actually give focus under certain ListView configurations.,,,
text:KU:android.widget.TextView:TEXT-0242,text:API:android.widget.TextView,has_example,"put your `EditText` inside a `FrameLayout` alongside with another `TextView` with `text=""0000""` and `visibility=invisible.`",llm_quote_grounded,The KU suggests using a TextView with invisible visibility as a hack to enforce minimum width for an EditText.,,,
text:KU:android.content.Intent:TEXT-0243,text:API:android.content.Intent,has_example,"Intent i = new Intent(context, MyService.class);",llm_quote_grounded,The KU provides a concrete code snippet demonstrating how to instantiate an Intent to start a service.,,,
text:KU:android.view.View:TEXT-0245,text:API:android.view.View,has_example,okButton = (Button) findViewById(R.id.button_ok); okButton.setOnClickListener(this);,llm_quote_grounded,The KU contains Java code showing the usage of View methods like findViewById and setOnClickListener within a custom dialog class.,,,
text:KU:android.view.View:TEXT-0246,text:API:android.view.View,has_example,findViewById(R.id.someview).getLocationInWindow(loc);,llm_quote_grounded,The KU provides code snippets using View methods such as getLocationInWindow and getHitRect to handle scrolling issues.,,,
text:KU:android.content.Context:TEXT-0247,text:API:android.content.Context,has_guidance,"i think you can get color in: **public VerticalTextView(Context context, AttributeSet attrs) { super(context, attrs); }**",llm_quote_grounded,The KU suggests using the Context parameter in the constructor to retrieve attributes (like color) for the view.,,,
text:KU:android.view.View:TEXT-0248,text:API:android.view.View,has_example,mDateDisplay.setOnClickListener(new View.OnClickListener() {,llm_quote_grounded,The KU shows code setting click listeners on a View (EditText) to trigger a dialog.,,,
text:KU:android.widget.TextView:TEXT-0249,text:API:android.widget.TextView,has_example,"txtChannelName.setBackgroundColor(Color.parseColor(""#ffffff""));",llm_quote_grounded,The KU provides specific method calls to change the background color of a TextView instance.,,,
text:KU:java.lang.CharSequence:TEXT-0250,text:API:java.lang.CharSequence,has_explanation,"It passes the current field contents and the proposed change (which can be insert/append, delete, or replace). The change is represented by a source `CharSequence source`",llm_quote_grounded,"The KU explains the role of CharSequence parameters in the InputFilter mechanism, specifically regarding source and destination text.",,,
text:KU:java.lang.CharSequence:TEXT-0250,text:API:java.lang.CharSequence,has_example,private CharSequence mText;,llm_quote_grounded,The KU includes code defining a private CharSequence variable and using it in validation logic.,,,
text:KU:java.lang.CharSequence:TEXT-0251,text:API:java.lang.CharSequence,has_example,"public void beforeTextChanged(CharSequence s, int start, int count, int after) {}",llm_quote_grounded,The KU provides a code snippet showing the signature of TextWatcher methods which accept CharSequence arguments.,,,
text:KU:android.view.View:TEXT-0252,text:API:android.view.View,has_explanation,"GREEN is usually when user is tapping on it, and GRAY, probably, when we want to request a focus manually",llm_quote_grounded,Explains the difference in visual state (border color) between user-initiated focus and programmatic focus.,,,
text:KU:android.view.View:TEXT-0252,text:API:android.view.View,has_guidance,Sufficient condition for appearing of soft keyboard that use of both clearFocus() and requestFocus() methods.,llm_quote_grounded,Provides a specific code pattern to resolve the issue of the soft keyboard not appearing after manual focus changes.,,,
text:KU:android.widget.TextView:TEXT-0253,text:API:android.widget.TextView,has_example,"tv1.setText(Html.fromHtml("""" + l.getLeftString() + """")); tv1.setClickable(true); tv1.setMovementMethod (LinkMovementMethod.getInstance());",llm_quote_grounded,Shows working code to make TextView text clickable and linkable using HTML and movement methods.,,,
text:KU:java.lang.CharSequence:TEXT-0255,text:API:java.lang.CharSequence,has_example,"public void onTextChanged(CharSequence cs, int arg1, int arg2, int arg3) { // When user changed the Text MainActivity.this.adapter.getFilter().filter(cs); }",llm_quote_grounded,Demonstrates passing a CharSequence from an EditText's TextWatcher to an adapter filter.,,,
text:KU:android.widget.TextView:TEXT-0257,text:API:android.widget.TextView,has_guidance,"You forget to add `android:layout_weight=""1""` for below two `TextView` Use `android:singleLine=""true""` for all `TextView`",llm_quote_grounded,Recommends specific XML attributes to fix alignment issues in TextViews.,,,
text:KU:android.widget.TextView:TEXT-0259,text:API:android.widget.TextView,has_guidance,"You can keep the two buttons in a `RelativeLayout` and place that `RelativeLayout` in another `RelativeLayout`, then put the `TextView` as `alignLeft` of `RelativeLayout`:",llm_quote_grounded,Suggests a layout structure to handle dynamic width constraints relative to other views.,,,
text:KU:java.lang.CharSequence:TEXT-0260,text:API:java.lang.CharSequence,has_constraint,copiedText.setText((CharSequence) enteredText); } Replace it as public void onClick(View v){ copiedText.setText(enteredText.getText().toString();); },llm_quote_grounded,Identifies incorrect casting of an EditText object to CharSequence as a source of errors.,,,
text:KU:android.widget.TextView:TEXT-0261,text:API:android.widget.TextView,has_guidance,"In the xml for each textView set the onClick to the same method android:onClick= ""itemtapped""",llm_quote_grounded,Proposes using XML attributes to define click handlers for multiple TextViews efficiently.,,,
text:KU:android.widget.TextView:TEXT-0263,text:API:android.widget.TextView,has_guidance,"View header = LayoutInflater.from(this).inflate(R.layout.nav_header_main, null);",llm_quote_grounded,The KU suggests inflating the header view separately to access its TextViews.,,,
text:KU:android.content.Intent:TEXT-0264,text:API:android.content.Intent,has_constraint,"`ACTION_SEND` supports either `EXTRA_TEXT` or `EXTRA_STREAM` in one `Intent`, not both",llm_quote_grounded,"The KU explains that ACTION_SEND typically supports either EXTRA_TEXT or EXTRA_STREAM, not both simultaneously.",,,
text:KU:android.content.Intent:TEXT-0264,text:API:android.content.Intent,has_explanation,Facebook perhaps chose to stick with the documented protocol and only use one.,llm_quote_grounded,The KU explains why Facebook might ignore the text when sharing an image via Intent.,,,
text:KU:android.view.View:TEXT-0265,text:API:android.view.View,has_constraint,Never use `Nested Linear Layouts` because it is bad for Performance.,llm_quote_grounded,The KU warns against using nested LinearLayouts due to performance issues.,,,
text:KU:android.app.Service:TEXT-0055,text:KU:android.content.ClipboardManager:TEXT-0019,complements,,llm_quote_grounded,"The left KU explains the general mechanism of using Context to access system services, while the right KU provides a specific example of obtaining the ClipboardManager service via that mechanism.",Accessing system services through Context,context.getSystemService(LAYOUT_INFLATER_SERVICE),you get a reference to it by invoking `getSystemService(CLIPBOARD_SERVICE)`
text:KU:android.app.Service:TEXT-0055,text:KU:android.content.Context:TEXT-0079,constrains,,llm_quote_grounded,"The left KU lists methods to obtain Context, including `getApplicationContext()`. The right KU constrains the usage of Application Context, warning against using it for GUI operations like LayoutInflater, which limits the scope of the general advice in the left KU.",Usage limitations of Application Context vs Activity Context,You can get the context by invoking `getApplicationContext()`,if you pass the application Context into the `LayoutInflater` you will get an Exception.
text:KU:android.app.Service:TEXT-0055,text:KU:android.content.Context:TEXT-0152,task_related,,llm_quote_grounded,"Both KUs address the task of accessing SharedPreferences within a Service context. The left KU provides the general API pattern (`getApplicationContext().getSharedPreferences`), and the right KU applies this specifically inside a Service implementation.",Accessing SharedPreferences from a Service,"getApplicationContext().getSharedPreferences(*name*, *mode*);","Inside a service we call the following method to get the shared preferences myapp.bmodel.getApplicationContext().getSharedPreferences(""myPrefs_capture_gps_per_hour"", Context.MODE_PRIVATE);"
text:KU:android.app.Service:TEXT-0055,text:KU:android.content.Intent:TEXT-0057,task_related,,llm_quote_grounded,"Both KUs involve creating Intents using a Context. The left KU describes Context's role in implicit component access (Intents), and the right KU demonstrates explicitly constructing an Intent using `getContext()` (which returns a Context) to start an activity.",Creating and using Intents with Context,"Regarding content providers, broadcasts, intent getApplicationContext().getContentResolver().query(uri, ...);","Intent i = new Intent(getContext(), ItemSelection.class);"
text:KU:android.app.Service:TEXT-0144,text:KU:android.app.Service:TEXT-0182,contrasts_with,,llm_quote_grounded,"The left KU demonstrates starting a service via `startService` for background tasks (like batch uploads) triggered by broadcasts, while the right KU advises binding a service to an Activity (`bindService`) to manage lifecycle and UI interaction, specifically warning against binding to Fragments.",Comparison of Service initiation methods (Start vs Bind) and their appropriate use cases regarding lifecycle management.,Starting a service on android platform I am starting a service using startService(Intent intent) method.,"Bind the `Service` to your activity and not the `Fragment`. The description of your application, one activity with multiple `Fragment` that are swapped in and out, makes this the most (and really only) practical approach. When you bind a `Service` to an `Activity` you are tying its lifecycle to that of the `Activity`."
text:KU:android.app.Service:TEXT-0144,text:KU:android.app.Service:TEXT-0204,complements,,llm_quote_grounded,"The left KU shows how to start a service from a BroadcastReceiver using `startService`, which is useful for triggering background work without UI. The right KU complements this by showing how to establish bidirectional communication between an Activity and a Service using `bindService` and callbacks, covering the interaction aspect missing in the simple start pattern.",Combining service startup mechanisms (from broadcast) with service interaction mechanisms (binding/callbacks).,"Intent newinIntent = new Intent(context, service.class); context.startService(newinIntent);","I have implemented communication between Activity and Service using Bind and Callbacks interface. For sending data to the service I used Binder which retruns the Service instace to the Activity, and then the Activity can access public methods in the Service."
text:KU:android.app.Service:TEXT-0144,text:KU:android.content.Context:TEXT-0158,constrains,,llm_quote_grounded,"The left KU provides code examples of services started via `startService` and returning `START_STICKY` (implied by standard usage or explicit return codes like 1/START_STICKY constants often used). The right KU constrains this by explaining that `START_STICKY` behavior is buggy/unreliable on Android KitKat/Jelly Bean when the app is swiped away, requiring specific workarounds like `FLAG_RECEIVER_FOREGROUND`.",Reliability of Service restart mechanisms (`START_STICKY`) across different Android versions and scenarios (swipe-to-dismiss).,"public int onStartCommand(Intent intent, int flags, int startId) { //Log.i(TAG, ""Received start id "" + startId + "": "" + intent); Log.e(TAG, ""call me redundant BABY! onStartCommand service""); // this service is NOT supposed to execute anything when it is called // because it may be called inumerous times in repetition // all of its action is in the onCreate - so as to force it to happen ONLY once return 1; }",One of my apps has a backgrouod service that uses the `START_STICKY` return code from `onStartCommand` to automatically restart when the system kills it. It seems that this is no longer working on Android KitKat.
text:KU:android.app.Service:TEXT-0144,text:KU:android.content.Context:TEXT-0195,constrains,,llm_quote_grounded,"The left KU uses `context.startService()` within a BroadcastReceiver's `onReceive` method. The right KU constrains the choice of Context passed to such calls, advising that `getApplicationContext()` should generally be avoided unless necessary for global scope or preventing leaks, implying that the `Context` provided in `onReceive` (which is often the Application context or a special receiver context) must be handled carefully regarding lifecycle and memory.",Selection of appropriate Context instance when invoking Service methods like `startService`.,"if (info.isConnected()) { Intent newinIntent = new Intent(context, service.class); context.startService(newinIntent); }",`getApplicationContext()` is almost always wrong. Ms. Hackborn (among others) have been very explicit that you only use `getApplicationContext()` when you know why you are using `getApplicationContext()` and only when you need to use `getApplicationContext()`.
text:KU:android.app.Service:TEXT-0144,text:KU:android.content.Intent:TEXT-0062,task_related,,llm_quote_grounded,"Both KUs address the task of managing background operations using Android Services. The left KU focuses on starting a service from a broadcast receiver for connectivity checks/uploads, while the right KU focuses on starting a service for playing background music. They share the common pattern of creating an Intent and calling `startService`.",General usage patterns for initiating Services via Intents.,"Intent newinIntent = new Intent(context, service.class); context.startService(newinIntent);","If you are so serious about doing it with services using mediaplayer Intent svc=new Intent(this, BackgroundSoundService.class); startService(svc);"
text:KU:android.app.Service:TEXT-0182,text:KU:android.content.Intent:TEXT-0243,complements,,llm_quote_grounded,"The left KU discusses the architectural decision of *where* to bind a service (Activity vs Fragment), while the right KU provides the basic implementation steps for creating and starting a service using Intents, complementing the high-level advice with low-level setup instructions.","Implementation of Android Services, covering both binding architecture and basic creation/startup.",What would be a better way to bind a service with an activity with multiple child fragments(each of which would be using the service)? Bind the `Service` to your activity and not the `Fragment`.,"To start the service: From an activity's onCreate method (or a broadcast receiver's onReceive method): Intent i = new Intent(context, MyService.class); context.startService(i);"
text:KU:android.app.Service:TEXT-0182,text:KU:android.service.textservice.SpellCheckerService.Session:TEXT-0212,complements,,llm_quote_grounded,The general advice to bind a Service to an Activity is complemented by the specific implementation details of how a SpellCheckerService provides its functionality via Session objects.,When implementing or consuming a spell checking service within an Android application architecture.,Bind the `Service` to your activity and not the `Fragment`.,"An object that the spelling checker service provides to clients, to let them pass text to the spelling checker and receive suggestions."
text:KU:android.app.Service:TEXT-0182,text:KU:android.service.textservice.SpellCheckerService:TEXT-0167,constrains,,llm_quote_grounded,"The general rule of binding Services to Activities applies to specialized services like SpellCheckerService, which must be implemented as subclasses of Service.",Implementation of background services in Android apps where lifecycle management is critical.,When you bind a `Service` to an `Activity` you are tying its lifecycle to that of the `Activity`.,The `SpellCheckerService` implements both the `Service` class and the spelling checker framework interface.
text:KU:android.app.Service:TEXT-0182,text:KU:android.view.textservice.SentenceSuggestionsInfo:TEXT-0166,complements,,llm_quote_grounded,The right KU provides a concrete implementation pattern (SpellCheckerService) for the general concept of binding services discussed in the left KU.,"When implementing a custom service that requires client interaction, such as spell checking.","Bind the `Service` to your activity and not the `Fragment`. The description of your application, one activity with multiple `Fragment` that are swapped in and out, makes this the most (and really only) practical approach.",Define the service and session object with the following classes: A subclass of `SpellCheckerService` The `SpellCheckerService` implements both the `Service` class and the spelling checker framework interface.
text:KU:android.app.Service:TEXT-0182,text:KU:android.widget.TextView:TEXT-0215,task_related,,llm_quote_grounded,"Both KUs discuss Android component lifecycles and context usage. The left KU focuses on Service binding to Activity lifecycle, while the right KU explains Context types (Activity vs Application) which is fundamental to understanding why Services bind to Activities.",Understanding Android component architecture and lifecycle management.,When you bind a `Service` to an `Activity` you are tying its lifecycle to that of the `Activity`.,"Difference between Activity Context and Application Context: They are both instances of Context, but the application instance is tied to the lifecycle of the application, while the Activity instance is tied to the lifecycle of an Activity."
text:KU:android.app.Service:TEXT-0204,text:KU:android.content.Context:TEXT-0133,constrains,,llm_quote_grounded,"The right KU highlights a constraint/issue where starting a service via startService() does not guarantee process survival if the app is killed, which impacts the communication strategy described in the left KU.",Background service persistence and lifecycle when the host application is terminated.,I have implemented communication between Activity and Service using Bind and Callbacks interface.,"Why does the process of the service gets killed when I start it using startService() ?? edit The service used to re-start earlier after i closed the app from the application tray. But now suddenly with the SAME code, it doesn't."
text:KU:android.app.Service:TEXT-0204,text:KU:android.content.Context:TEXT-0195,task_related,,llm_quote_grounded,"Both KUs address the implementation of binding an Activity to a Service, with TEXT-0195 providing specific guidance on using Application Context during this process.",Android Service binding and Context management,"bindService(serviceIntent, mConnection, Context.BIND_AUTO_CREATE);",Use `getApplicationContext()` when you bind to a `Service` from an `Activity`
text:KU:android.app.Service:TEXT-0204,text:KU:android.content.Intent:TEXT-0051,task_related,,llm_quote_grounded,Both KUs demonstrate starting a background service using an Intent and handling the onStartCommand lifecycle method.,Starting Android Services via Intents,startService(serviceIntent); //Starting the service,context.startService(newinIntent);
text:KU:android.app.Service:TEXT-0204,text:KU:android.content.Intent:TEXT-0062,task_related,,llm_quote_grounded,"Both KUs provide code examples for implementing a music playback service in Android, involving MediaPlayer and Service lifecycle methods.",Implementing background music services,I am trying to make my own MusicPlayer for android.,"I want to play background music, and I want to use service for that."
text:KU:android.app.Service:TEXT-0204,text:KU:android.content.Intent:TEXT-0067,task_related,,llm_quote_grounded,Both KUs illustrate the pattern of running long-term tasks (music/timer vs location) in a Service while communicating results back to the UI or other components.,Background processing in Android Services,Where i came to a problem is running some things in background.,When my application starts I want to start a Service which should check my location
text:KU:android.app.Service:TEXT-0204,text:KU:android.content.Intent:TEXT-0202,task_related,,llm_quote_grounded,"Both KUs deal with the mechanics of starting a Service using an Intent, specifically focusing on the correct instantiation and invocation of startService.",Starting Services via Intent,"serviceIntent = new Intent(MainActivity.this, MyService.class);","Intent intent = new Intent(this, MoodyService.class); this.startService(intent);"
text:KU:android.content.ClipData.Item:TEXT-0049,text:KU:android.content.ClipboardManager:TEXT-0106,complements,,llm_quote_grounded,"The left KU defines the data structure (ClipData.Item) and its contents, while the right KU provides the procedural steps for using that structure with ClipboardManager to copy data.",Clipboard operations involving ClipData creation and management.,A `ClipData` contains a `ClipDescription` object and one or more `ClipData.Item` objects.,"create a `ClipData` object, add a `ClipDescription` and one or more `ClipData.Item` objects to it, and add the finished `ClipData` object to the `ClipboardManager` object."
text:KU:android.content.ClipData.Item:TEXT-0049,text:KU:android.content.ClipboardManager:TEXT-0189,complements,,llm_quote_grounded,"The left KU describes the internal structure of ClipData.Item (containing text/URI), which is necessary to understand how the right KU retrieves data from it during a paste operation.",Pasting plain text from the clipboard.,"A `ClipData.Item` object contains the text, URI, or Intent data: Text A `CharSequence`.",ClipData.Item item = clipboard.getPrimaryClip().getItemAt(0); // Gets the clipboard as text. pasteData = item.getText();
text:KU:android.content.ClipData.Item:TEXT-0049,text:KU:android.content.Intent:TEXT-0075,complements,,llm_quote_grounded,The left KU specifies that ClipData.Item can contain an Intent object; the right KU elaborates on this capability by describing the workflow for copying and pasting Intents via the clipboard framework.,Using the clipboard to transfer application shortcuts (Intents).,Intent An `Intent`. This data type allows you to copy an application shortcut to the clipboard.,"Intent An `Intent`. This supports copying application shortcuts. To copy data, you create an Intent, put it into a clip object, and put the clip object onto the clipboard."
text:KU:android.content.ClipData.Item:TEXT-0049,text:KU:android.content.Intent:TEXT-0105,complements,,llm_quote_grounded,"The left KU defines ClipData.Item as a container for Intent data, while the right KU explains how to coerce that specific Intent data into text using ClipData.Item.coerceToText().","Handling clipboard data types, specifically converting Intent items to text.","A `ClipData.Item` object contains the text, URI, or Intent data","If `ClipData.Item` is an Intent ( `getIntent()` is not null), `coerceToText()` converts it to an Intent URI and returns it."
text:KU:android.content.ClipData.Item:TEXT-0049,text:KU:android.net.Uri:TEXT-0210,task_related,,llm_quote_grounded,"Both KUs describe the structure and usage of clipboard items containing URIs. The left KU details the ClipData.Item class holding URI data, while the right KU describes the broader Clipboard Framework where a clip object can take the form of a Uri.",Android clipboard framework implementation involving URI data.,"URI A `Uri`. This usually contains a content provider URI, although any URI is allowed.",URI A `Uri` object representing any form of URI. This is primarily for copying complex data from a content provider.
text:KU:android.content.ClipData.Item:TEXT-0155,text:KU:android.view.inputmethod.EditorInfo:TEXT-0157,task_related,,llm_quote_grounded,"Both KUs deal with implementing logic inside `afterTextChanged` of a TextWatcher, specifically addressing issues where the callback triggers multiple times or requires state management (flags) to prevent duplicate actions like showing dialogs or updating views.",Handling side effects in TextWatcher callbacks.,public void afterTextChanged(Editable s) {,public void afterTextChanged(Editable s) {
text:KU:android.content.ClipData.Item:TEXT-0155,text:KU:android.widget.TextView:TEXT-0222,complements,,llm_quote_grounded,"The right KU provides the general mechanism for detecting text changes in a TextView/EditText using TextWatcher, which is the specific component used in the left KU's problematic code.",General usage of TextWatcher on TextViews.,public class MtQtyWatcher implements TextWatcher,add a `TextWatcher` to a TextView for watching text changes in TextView as:
text:KU:android.content.ClipData.Item:TEXT-0155,text:KU:java.lang.CharSequence:TEXT-0004,task_related,,llm_quote_grounded,Both KUs involve manipulating EditText properties (content vs hint color) based on text change events captured by a TextWatcher.,Responding to text input changes in EditText.,public void afterTextChanged(Editable s) {,editText.addTextChangedListener(new TextWatcher() {
text:KU:android.content.ClipData.Item:TEXT-0155,text:KU:java.lang.CharSequence:TEXT-0014,contrasts_with,,llm_quote_grounded,"The left KU demonstrates a failure case (StackOverflowError) caused by calling setText within afterTextChanged, while the right KU demonstrates a common pitfall (multiple dialog shows) handled by adding a flag check within afterTextChanged. Both highlight different risks associated with performing actions in this specific callback.",Best practices and pitfalls in TextWatcher.afterTextChanged.,java.lang.StackOverflowError,it show two alert box when it reach 10 character
text:KU:android.content.ClipData:TEXT-0165,text:KU:android.content.ClipboardManager:TEXT-0189,complements,,llm_quote_grounded,"The left KU describes the internal structure of ClipData items (Text/URI), which is necessary to understand how the right KU retrieves and processes this data during a paste operation via ClipboardManager.",Android Clipboard Paste Operation,"A `ClipData.Item` object contains the text, URI, or Intent data",ClipData.Item item = clipboard.getPrimaryClip().getItemAt(0); // Gets the clipboard as text. pasteData = item.getText();
text:KU:android.content.ClipData:TEXT-0165,text:KU:android.content.Intent:TEXT-0105,complements,,llm_quote_grounded,"The left KU defines ClipData.Item's ability to hold various data types, while the right KU explains the specific mechanism (`coerceToText`) for converting those held items (like Intents) into text representations.",Handling non-text clipboard data,"A `ClipData.Item` object contains the text, URI, or Intent data","Even if your application only handles text, you can copy non-text data from the clipboard by converting it with the method `ClipData.Item.coerceToText()`."
text:KU:android.content.ClipData:TEXT-0165,text:KU:android.net.Uri:TEXT-0210,complements,,llm_quote_grounded,"The ClipData KU defines the structure of a clip containing URI data, while the Uri KU describes the specific workflow for copying and pasting that URI data via the clipboard framework.",Clipboard operations involving URI data types,"A `ClipData.Item` object contains the text, URI, or Intent data",URI A `Uri` object representing any form of URI. This is primarily for copying complex data from a content provider.
text:KU:android.content.ClipDescription:TEXT-0077,text:KU:android.content.ClipboardManager:TEXT-0106,constrains,,llm_quote_grounded,"The definition of ClipDescription (containing MIME types) constrains how ClipboardManager handles data, as the manager requires adding a ClipDescription to the ClipData before setting it on the clipboard.",Copying data to the clipboard,A `ClipData` contains a `ClipDescription` object and one or more `ClipData.Item` objects.,"create a `ClipData` object, add a `ClipDescription` and one or more `ClipData.Item` objects to it, and add the finished `ClipData` object to the `ClipboardManager` object."
text:KU:android.content.ClipDescription:TEXT-0077,text:KU:android.content.ClipboardManager:TEXT-0189,task_related,,llm_quote_grounded,"Both KUs are related to the task of handling clipboard data; ClipDescription provides the metadata (MIME types) needed to determine if data can be handled, which is used by ClipboardManager during the paste operation.",Pasting data from the clipboard,"When you put a clip on the clipboard, this array is available to pasting applications, which can examine it to see if they can handle any of available the MIME types.",else if (!(clipboard.getPrimaryClipDescription().hasMimeType(MIMETYPE_TEXT_PLAIN))) {
text:KU:android.content.ClipDescription:TEXT-0077,text:KU:android.content.ContentResolver:TEXT-0076,constrains,,llm_quote_grounded,"The ContentResolver is required to populate the ClipDescription with MIME types when creating a clip from a content URI, thus constraining the creation process defined in the ClipDescription context.",Creating ClipData objects with URIs,"A `ClipDescription` object contains metadata about the clip. In particular, it contains an array of available MIME types for the clip's data.","If the URI is a content URI ( `Uri.getScheme()` returns `content:`), the method uses the `ContentResolver` object provided in `resolver` to retrieve the available MIME types from the content provider and store them in `ClipDescription`."
text:KU:android.content.ClipDescription:TEXT-0077,text:KU:android.content.Intent:TEXT-0075,complements,,llm_quote_grounded,"The ClipDescription KU explains that clips contain metadata including MIME types, while the Intent KU details the specific 'Intent' data form supported by the clipboard, showing how Intents fit into the broader clipboard structure described by ClipDescription/ClipData.",Clipboard data forms,"A `ClipData.Item` object contains the text, URI, or Intent data","Intent An `Intent`. This supports copying application shortcuts. To copy data, you create an Intent, put it into a clip object, and put the clip object onto the clipboard."
text:KU:android.content.ClipDescription:TEXT-0077,text:KU:android.net.Uri:TEXT-0210,complements,,llm_quote_grounded,"The left KU describes the structure of ClipData/ClipDescription, while the right KU details the specific handling and forms (including URI) of data within the clipboard framework, providing complementary implementation context.",Clipboard framework usage and data types,A `ClipData` contains a `ClipDescription` object and one or more `ClipData.Item` objects.,URI A `Uri` object representing any form of URI. This is primarily for copying complex data from a content provider.
text:KU:android.content.ClipboardManager:TEXT-0019,text:KU:android.content.ClipboardManager:TEXT-0106,complements,,llm_quote_grounded,"The left KU defines how to obtain the ClipboardManager instance, while the right KU provides the detailed procedure for using that instance to copy data to the clipboard.",Clipboard initialization and copy operation,you get a reference to it by invoking `getSystemService(CLIPBOARD_SERVICE)`,to copy data to the clipboard you get a handle to the global `ClipboardManager` object
text:KU:android.content.ClipboardManager:TEXT-0019,text:KU:android.content.ClipboardManager:TEXT-0189,complements,,llm_quote_grounded,"The left KU explains how to acquire the ClipboardManager service, which is a prerequisite for the paste operations described in the right KU.",Clipboard service acquisition and paste workflow,you get a reference to it by invoking `getSystemService(CLIPBOARD_SERVICE)`,Get the global `ClipboardManager` object using `getSystemService(CLIPBOARD_SERVICE)`.
text:KU:android.content.ClipboardManager:TEXT-0019,text:KU:android.content.Context:TEXT-0054,constrains,,llm_quote_grounded,"Obtaining the ClipboardManager requires a Context instance to invoke getSystemService, as defined in the Context KU.",Service retrieval dependency,you get a reference to it by invoking `getSystemService(CLIPBOARD_SERVICE)`,"Accessing standard common resources: Services like LAYOUT_INFLATER_SERVICE, SharedPreferences: context.getSystemService(LAYOUT_INFLATER_SERVICE)"
text:KU:android.content.ClipboardManager:TEXT-0019,text:KU:android.content.Context:TEXT-0221,complements,,llm_quote_grounded,The right KU provides a concrete code example demonstrating the retrieval method described in the left KU.,"When implementing clipboard access, specifically for copy operations on TextViews.",you get a reference to it by invoking `getSystemService(CLIPBOARD_SERVICE)`,ClipboardManager cm = (ClipboardManager)context.getSystemService(Context.CLIPBOARD_SERVICE);
text:KU:android.content.ClipboardManager:TEXT-0106,text:KU:android.content.ClipboardManager:TEXT-0189,task_related,,llm_quote_grounded,Both KUs describe complementary steps in the clipboard data flow: copying data to the clipboard and pasting data from it.,Implementing full copy-paste functionality in an Android application.,## Copying to the Clipboard,### Pasting plain text
text:KU:android.content.ClipboardManager:TEXT-0106,text:KU:android.content.Context:TEXT-0054,complements,,llm_quote_grounded,"The ClipboardManager procedure relies on Context to retrieve the clipboard service, which is a primary use case of Context described in the other KU.",Retrieving system services via Context,ClipboardManager clipboard = (ClipboardManager) getSystemService(Context.CLIPBOARD_SERVICE);,"Accessing standard common resources: Services like LAYOUT_INFLATER_SERVICE, SharedPreferences: context.getSystemService(LAYOUT_INFLATER_SERVICE)"
text:KU:android.content.ClipboardManager:TEXT-0106,text:KU:android.content.Intent:TEXT-0075,task_related,,llm_quote_grounded,Both KUs describe the process of copying an Intent object to the clipboard as part of the Android Clipboard Framework.,Copying Intents to the clipboard,"// Creates a clip object with the Intent in it. Its label is ""Intent"" and its data is // the Intent object created previously ClipData clip = ClipData.newIntent(""Intent"",appIntent);","Intent An `Intent`. This supports copying application shortcuts. To copy data, you create an Intent, put it into a clip object, and put the clip object onto the clipboard."
text:KU:android.content.ClipboardManager:TEXT-0106,text:KU:android.net.Uri:TEXT-0164,complements,,llm_quote_grounded,"The first KU shows how to create a ClipData object using a URI, while the second KU details the role of URIs within ClipData.Item objects for accessing content providers.",URI handling in clipboard operations,"ClipData clip = ClipData.newUri(getContentResolver(),""URI"",copyUri);","URI A `Uri`. This usually contains a content provider URI, although any URI is allowed. The application that provides the data puts the URI on the clipboard."
text:KU:android.content.ClipboardManager:TEXT-0189,text:KU:android.content.Intent:TEXT-0075,complements,,llm_quote_grounded,"The Intent KU describes the general clipboard framework and data forms (Text, URI, Intent), while the ClipboardManager KU provides the specific implementation steps for pasting plain text.",General clipboard architecture vs. specific text paste procedure,"To paste plain text, first get the global clipboard and verify that it can return plain text.","When you use the clipboard framework, you put data into a clip object, and then put the clip object on the system-wide clipboard."
text:KU:android.content.ClipboardManager:TEXT-0189,text:KU:android.content.Intent:TEXT-0105,complements,,llm_quote_grounded,"The ClipboardManager KU shows manual handling of text/URI in paste logic, while the Intent KU introduces `coerceToText()` as an alternative method to convert non-text clipboard data to text.",Manual paste logic vs. coercion utility,You do not yet know if it contains a text string or a URI that points to plain text.,"Even if your application only handles text, you can copy non-text data from the clipboard by converting it with the method `ClipData.Item.coerceToText()`."
text:KU:android.content.ClipboardManager:TEXT-0189,text:KU:android.content.Intent:TEXT-0266,complements,,llm_quote_grounded,"The ClipboardManager KU uses `ClipData.Item` methods (`getText`, `getUri`) during paste, while the Intent KU defines the structure and content types of `ClipData.Item` objects stored on the clipboard.",Usage of ClipData.Item in paste vs. definition of ClipData.Item,ClipData.Item item = clipboard.getPrimaryClip().getItemAt(0);,"A `ClipData.Item` object contains the text, URI, or Intent data:"
text:KU:android.content.ClipboardManager:TEXT-0189,text:KU:android.net.Uri:TEXT-0164,complements,,llm_quote_grounded,"The ClipboardManager KU handles URIs retrieved from the clipboard, while the Uri KU explains how URIs are stored in `ClipData.Item` and used to access content providers.",Paste handling of URIs vs. Storage/Definition of URIs in clips,Uri pasteUri = item.getUri();,"URI A `Uri`. This usually contains a content provider URI, although any URI is allowed."
text:KU:android.content.ContentResolver:TEXT-0076,text:KU:android.content.Intent:TEXT-0105,complements,,llm_quote_grounded,"The ContentResolver KU describes creating `ClipData` with specific MIME types, while the Intent KU describes coercing existing `ClipData.Item` objects to text, covering different stages of clipboard data manipulation (creation vs. consumption/conversion).",Clip creation vs. Clip coercion,Use `newPlainText()` to create a clip from a text string.,"Even if your application only handles text, you can copy non-text data from the clipboard by converting it with the method `ClipData.Item.coerceToText()`."
text:KU:android.content.Context:TEXT-0001,text:KU:android.content.Intent:TEXT-0117,complements,,llm_quote_grounded,"The left KU demonstrates the correct pattern of starting a service via Context.startService, which ensures onCreate is called before onStartCommand. The right KU explains that getSystemService fails if the service is not properly initialized by the framework (i.e., started via startService/bindService), complementing the left KU's example with the underlying lifecycle constraint.",Android Service lifecycle initialization and context availability,context.startService(newinIntent),The call to `getSystemService(...)` will not work before `onCreate()` is called by the Android framework. This happens when the service is started (i.e. by [Context#bindService(...)][1] or Context#startService(...)).
text:KU:android.content.Context:TEXT-0001,text:KU:android.content.Intent:TEXT-0202,task_related,,llm_quote_grounded,"Both KUs address the task of starting an Android Service using `startService` with an Intent, discussing lifecycle callbacks (`onCreate`, `onStartCommand`) and potential issues.",Android Service startup via Context.startService(Intent),Starting a service on android platform I am starting a service using startService(Intent intent) method.,Unable to start service Intent: not found
text:KU:android.content.Context:TEXT-0001,text:KU:android.content.Intent:TEXT-0203,task_related,,llm_quote_grounded,"Both KUs discuss managing Android Services, specifically focusing on the interaction between Activities/Receivers and Services (starting/binding) and the service lifecycle methods.",Android Service management and communication,Starting a service on android platform I am starting a service using startService(Intent intent) method.,Communication between Activity and Service
text:KU:android.content.Context:TEXT-0001,text:KU:android.view.View:TEXT-0011,task_related,,llm_quote_grounded,"Both KUs deal with Android Service lifecycle and state management, specifically addressing when services are created, started, bound, or destroyed.",Android Service lifecycle and binding,When i call this function it reaches the onCreate of service but it is unable to call onStartCommand.,Is the Android service still alive even after the onDestroy() be called?
text:KU:android.content.Context:TEXT-0002,text:KU:android.content.Context:TEXT-0008,complements,,llm_quote_grounded,"The left KU provides a high-level conceptual definition and critique of the Context class, while the right KU provides specific practical guidance on choosing between different Context instances (`this`, `getBaseContext()`, `getApplicationContext()`).",Understanding and using Android Context instances,"What is 'Context' on Android? In Android programming, what exactly is a `Context` class and what is it used for?",Android: why must use getBaseContext() instead of this
text:KU:android.content.Context:TEXT-0002,text:KU:android.content.Context:TEXT-0054,complements,,llm_quote_grounded,"TEXT-0002 provides a critical overview of Context's nature and pitfalls, while TEXT-0054 details the specific methods to obtain it and its typical use cases.",General understanding and practical usage of Android Context,"Actual context used by Android system to dispatch permissions, resources, preferences, services, broadcasts, styles, showing dialogs and inflating layout.","You can get the context by invoking `getApplicationContext()`, `getContext()`, `getBaseContext()` or `this`"
text:KU:android.content.Context:TEXT-0002,text:KU:android.content.Context:TEXT-0079,constrains,,llm_quote_grounded,"TEXT-0002 warns that different Context instances are needed for separate things (like dialogs), which constrains the approach in TEXT-0079 where using Application context everywhere is discussed as potentially problematic for GUI elements.",Usage of Application vs Activity Context for UI components,"obviously, you can't show a dialog from an application or service context",if you pass the application Context into the `LayoutInflater` you will get an Exception.
text:KU:android.content.Context:TEXT-0002,text:KU:android.content.Context:TEXT-0195,constrains,,llm_quote_grounded,"TEXT-0002 notes that Contexts are a common source of memory leaks. TEXT-0195 elaborates on this constraint by explaining why `getApplicationContext()` should be used sparingly to avoid holding onto resources longer than necessary, contrasting with Activity contexts.",Memory management and lifecycle implications of Context selection,Common source of memory leaks.,"It can create memory leaks, if the `Context` from `getApplicationContext()` holds onto something created by your calls on it that you don't clean up."
text:KU:android.content.Context:TEXT-0002,text:KU:android.widget.TextView:TEXT-0084,complements,,llm_quote_grounded,"The right KU provides concrete code examples and specific methods for obtaining Context, which complements the abstract definition and usage description in the left KU.",Understanding how to acquire and use Context instances in Android development.,"Actual context used by Android system to dispatch permissions, resources, preferences, services, broadcasts, styles, showing dialogs and inflating layout.","You can get the context by invoking `getApplicationContext()`, `getContext()`, `getBaseContext()` or `this` (when in a class that extends from `Context`, such as the Application, Activity, Service and IntentService classes)."
text:KU:android.content.Context:TEXT-0002,text:KU:android.widget.TextView:TEXT-0215,complements,,llm_quote_grounded,"The right KU elaborates on the distinction between Activity and Application contexts mentioned in the left KU, providing detailed lifecycle information and design rationale.",Differentiating Context types and understanding their lifecycle implications.,"And you need different `Context` instances for some separate things (obviously, you can't show a dialog from an application or service context; layouts inflated from application and activity contexts may differ).","Difference between Activity Context and Application Context: They are both instances of Context, but the application instance is tied to the lifecycle of the application, while the Activity instance is tied to the lifecycle of an Activity."
text:KU:android.content.Context:TEXT-0005,text:KU:java.lang.CharSequence:TEXT-0125,complements,,llm_quote_grounded,"The left KU demonstrates overriding `setError` to manage icons via `setCompoundDrawables` within a custom class, while the right KU explains the default behavior of `setError` (clearing on key events) and suggests using `TextWatcher` to manually clear errors, providing complementary context on managing the lifecycle of error states.",Managing EditText error state visibility and persistence,"@Override public void setError(CharSequence error, Drawable icon) { setCompoundDrawables(null, null, icon, null); }",The icon and error message will be reset to null when any key events cause changes to the TextView's text.
text:KU:android.content.Context:TEXT-0005,text:KU:java.lang.CharSequence:TEXT-0224,task_related,,llm_quote_grounded,"Both KUs demonstrate the use of `TextWatcher` on an `EditText` to handle text changes, although for different purposes (validation icon vs. debounced filtering).",Android EditText text change handling using TextWatcher interface.,et.addTextChangedListener(new TextWatcher() {,editText.addTextChangedListener( new TextWatcher() {
text:KU:android.content.Context:TEXT-0005,text:KU:java.lang.CharSequence:TEXT-0250,task_related,,llm_quote_grounded,Both KUs implement validation logic within the `afterTextChanged` method of a `TextWatcher` attached to an `EditText`.,EditText input validation via TextWatcher.afterTextChanged.,"public void afterTextChanged(Editable s) { if(s.toString().length()>6){ et.setError("""", null); }else{ et.setError("""", errorIcon); } }","public void afterTextChanged(Editable s) { Pattern mPattern = Pattern.compile(""^([1-9][0-9]{0,2})?(\\\\\\\\\\\\\\\\.[0-9]?)?$""); Matcher matcher = mPattern.matcher(s.toString()); if(!matcher.find()) { weightEditText.setText(); // dont know what to place } }"
text:KU:android.content.Context:TEXT-0005,text:KU:java.lang.CharSequence:TEXT-0255,task_related,,llm_quote_grounded,"Both KUs attach a `TextWatcher` to an `EditText` to react to user input, though one triggers validation icons and the other triggers list filtering.",Reacting to EditText text changes using TextWatcher.,et.addTextChangedListener(new TextWatcher() {,inputSearch.addTextChangedListener(new TextWatcher() {
text:KU:android.content.Context:TEXT-0008,text:KU:android.content.Context:TEXT-0054,complements,,llm_quote_grounded,"The right KU provides a general definition of `Context` and lists `getBaseContext()` as a way to obtain it, which complements the left KU's specific explanation of why `getBaseContext()` works when `this` does not in certain scopes.",Definition and retrieval methods for Android Context.,"`getBaseContext()` is the method of `ContextWrapper`. And `ContextWrapper` is, ""Proxying implementation of Context that simply delegates all of its calls to another Context.","You can get the context by invoking `getApplicationContext()`, `getContext()`, `getBaseContext()` or `this` (when in a class that extends from `Context`, such as the Application, Activity, Service and IntentService classes)."
text:KU:android.content.Context:TEXT-0008,text:KU:android.content.Context:TEXT-0079,complements,,llm_quote_grounded,"TEXT-0008 explains the technical distinction between Activity context and Application context, while TEXT-0079 provides best practices on when to use each (Activity for GUI, Application for non-GUI/long-lived) to avoid leaks.",General Android Context usage guidelines,`getApplicationContext ()` returns the application context of the entire application life cycle,"it's good practice to use an `Activity's` `Context` within that `Activity`, and the `Application Context` when passing a context beyond the scope of an `Activity` to avoid memory leaks."
text:KU:android.content.Context:TEXT-0008,text:KU:android.content.Intent:TEXT-0057,task_related,,llm_quote_grounded,"Both KUs address the common task of resolving 'Context' availability issues within non-Activity classes (inner listeners in TEXT-0008, Dialogs in TEXT-0057) to satisfy API requirements like Toast.makeText or Intent constructors.",Handling Context references in Android components that are not Activities.,"At above code, when I change `getBaseContext()` to `this` will receive error.",How can I get the context to set it as first argument of my Intent constructor?
text:KU:android.content.Context:TEXT-0008,text:KU:android.view.View:TEXT-0072,complements,,llm_quote_grounded,"The left KU explains the general principle of why `this` fails in inner classes (referencing the wrong object type) and how to fix it using `getBaseContext()` or `Activity.this`. The right KU provides a concrete implementation example where an adapter stores a `Context` reference (`mContext`) passed from outside, allowing methods like `getView` to access context-dependent services (SharedPreferences) without relying on `this` inside the view creation logic.","Android UI components (Adapters, Listeners) requiring Context access within non-Activity scopes.","but in your case it will refers to the `Spinner` instance because we are using this within `onItemSelected(AdapterViewarg0, View arg1, int arg2, long arg3)` method which is from `Spinner` class",Just note that you are able to access your mContext variable and you can do that: SharedPreferences pref = mContext.getSharedPreferences(...);
text:KU:android.content.Context:TEXT-0008,text:KU:android.view.View:TEXT-0092,task_related,,llm_quote_grounded,"Both KUs address the problem of referencing the correct Activity/Context instance when working inside anonymous inner classes (like Listeners). The left KU discusses `Toast.makeText` failing with `this` in a Spinner listener; the right KU discusses `registerForContextMenu` failing in a View.OnClickListener due to similar scoping issues, suggesting explicit activity references.",Handling Context/Activity references within Android event listeners and inner classes.,or we can also pass 'Activity.this' because `Activity` class is subclass of `ContextWrapper` class,Something like this: activityClassName.this.registerForContextMenu(v); activityClassName.this.openContextMenu(v);
text:KU:android.content.Context:TEXT-0008,text:KU:android.view.View:TEXT-0147,contrasts_with,,llm_quote_grounded,"The left KU advocates for using `getBaseContext()` or `Activity.this` to resolve context errors in inner classes. The right KU contrasts this by suggesting that storing `mContext = this` in `onCreate` is a valid alternative pattern, and explicitly states that `ActivityName.this` can be used instead of a stored member variable in listeners.",Strategies for managing Context references in Android Activities and their inner classes.,why must use getBaseContext() instead of this `this` often to reference to current context,You can use `this` instead. Even in an OnClickListener or other subclasses you use `ActivityName.this` like this:
text:KU:android.content.Context:TEXT-0008,text:KU:android.view.View:TEXT-0219,complements,,llm_quote_grounded,"The left KU explains the general requirement for a valid Context object (specifically that `this` in a non-Context class fails), while the right KU provides a concrete solution to this problem by passing the context from an Activity/View (`v.getContext()`) to a helper class.",When instantiating UI components like AlertDialog or Toast in classes that do not extend Context.,so we are not able to pass an activity or class context means `this` to `Toast.makeText` which don't have a subclass of either `Context` or `ContextWrapper` class.,"firstClass.getsAlertDialog(selectpath, v.getContext());"
text:KU:android.content.Context:TEXT-0022,text:KU:android.content.Context:TEXT-0054,task_related,,llm_quote_grounded,"Both KUs address the retrieval and usage of Android Context objects, with one providing a specific static implementation pattern and the other defining the general concept and standard access methods.",General Android development context management,Static way to get 'Context' on Android?,"You can get the context by invoking `getApplicationContext()`, `getContext()`, `getBaseContext()` or `this`"
text:KU:android.content.Context:TEXT-0022,text:KU:android.content.Context:TEXT-0079,constrains,,llm_quote_grounded,"The right KU warns about potential problems (like GUI exceptions) when passing application context everywhere, which constrains the utility of the static context approach shown in the left KU for certain UI-related tasks.",Usage limitations of static application context,public static Context getAppContext() { return (Context)mContext; },"For example, if you pass the application Context into the `LayoutInflater` you will get an Exception."
text:KU:android.content.Context:TEXT-0022,text:KU:android.content.Context:TEXT-0152,task_related,,llm_quote_grounded,"Both KUs involve accessing the application context statically or globally. The left KU defines the mechanism to get it, and the right KU demonstrates its practical use case (accessing SharedPreferences from a service).",Accessing application-level resources from non-UI components,public static Context getAppContext() { return (Context)mContext; },"Inside a service we call the following method to get the shared preferences myapp.bmodel.getApplicationContext().getSharedPreferences(""myPrefs_capture_gps_per_hour"", Context.MODE_PRIVATE);"
text:KU:android.content.Context:TEXT-0022,text:KU:android.content.Context:TEXT-0168,contrasts_with,,llm_quote_grounded,"Both KUs address the same problem (static Context access) but propose different implementation details: TEXT-0022 uses a private static Object with casting to avoid memory leaks, while TEXT-0168 uses a public static Context field directly.",Implementation of static Context retrieval in Android Application subclass,return (Context)mContext;,return MyApplication.context;
text:KU:android.content.Context:TEXT-0022,text:KU:android.view.View:TEXT-0245,task_related,,llm_quote_grounded,"Both KUs address the challenge of obtaining or managing a Context instance in Android, specifically focusing on static access patterns and passing context to components like Dialogs.",Android application architecture involving Context lifecycle and accessibility from non-Activity classes.,Static way to get 'Context' on Android? Is there a way to get the current 'Context' instance by using a static method?,How can I get the context to set it as first argument of my Intent constructor?
text:KU:android.content.Context:TEXT-0037,text:KU:android.content.Context:TEXT-0079,constrains,,llm_quote_grounded,"The font-setting solution relies on accessing assets via Context, while the other KU warns that using Application Context for GUI-related operations (like inflating views which might involve fonts) can cause exceptions, thus constraining how the Context should be chosen in the first KU's approach.",Usage of Context types (Application vs Activity) when performing UI modifications like setting typefaces.,"Typeface.createFromAsset(context.getAssets(), ""font.ttf"")",if you pass the application Context into the `LayoutInflater` you will get an Exception.
text:KU:android.content.Context:TEXT-0037,text:KU:android.content.Context:TEXT-0080,complements,,llm_quote_grounded,"Both KUs provide solutions for customizing TextView behavior/appearance. The first handles global font styling, while the second handles layout/rotation styling. They complement each other as different aspects of TextView customization requiring similar Context-based asset/resource access.",Customization of Android TextView widgets.,Set font for all textViews in activity?,Vertical (rotated) label in Android
text:KU:android.content.Context:TEXT-0037,text:KU:android.view.View:TEXT-0196,task_related,,llm_quote_grounded,"Both KUs address the task of setting a custom Typeface (font) for TextViews in Android, with one providing global/subclass solutions and the other providing an adapter-specific solution.",Android UI development involving TextView styling and font customization.,Set font for all textViews in activity?,How can I set a typeface in Android?
text:KU:android.content.Context:TEXT-0037,text:KU:android.widget.TextView:TEXT-0026,task_related,,llm_quote_grounded,Both KUs address the task of setting a custom font (Typeface) on TextViews in Android.,Setting typeface for single or multiple TextViews using assets.,Set font for all textViews in activity?,"set font at runtime, Textview"
text:KU:android.content.Context:TEXT-0043,text:KU:android.content.Context:TEXT-0054,complements,,llm_quote_grounded,"The first KU provides a specific code solution using Context to hide the keyboard, while the second KU explains the general concept and typical uses of Context, including accessing system services like InputMethodManager.",Understanding how Context is used to access system services for UI manipulation.,InputMethodManager inputManager = (InputMethodManager)getSystemService(Context.INPUT_METHOD_SERVICE);,"Accessing standard common resources: Services like LAYOUT_INFLATER_SERVICE, SharedPreferences: context.getSystemService(LAYOUT_INFLATER_SERVICE)"
text:KU:android.content.Context:TEXT-0043,text:KU:android.content.Context:TEXT-0111,contrasts_with,,llm_quote_grounded,"The left KU provides code to hide the soft keyboard, while the right KU provides code to show/toggle the soft keyboard.",Soft keyboard visibility management in Android activities/dialogs.,"inputManager.hideSoftInputFromWindow(getCurrentFocus().getWindowToken(),InputMethodManager.HIDE_NOT_ALWAYS);","inputManager.toggleSoftInput(InputMethodManager.SHOW_FORCED,InputMethodManager.SHOW_IMPLICIT);"
text:KU:android.content.Context:TEXT-0043,text:KU:android.content.Context:TEXT-0217,contrasts_with,,llm_quote_grounded,"The left KU focuses on hiding the keyboard when focus is lost (button click), whereas the right KU focuses on showing the keyboard when an EditText gains focus.",Automatic synchronization of soft keyboard state with EditText focus.,I want the EditText to be no more in focus i.e. the keyboard hides til the user clicks again on the EditText.,I want to automatically show the soft-keyboard when an `EditText` is focused
text:KU:android.content.Context:TEXT-0043,text:KU:android.inputmethodservice.Keyboard:TEXT-0127,contrasts_with,,llm_quote_grounded,"The left KU provides a solution to hide the soft keyboard and remove focus from an EditText, while the right KU provides a solution to show the soft keyboard and force focus onto an EditText.",Soft keyboard visibility and EditText focus management in Android Activities,I want the EditText to be no more in focus i.e. the keyboard hides,I want when click first button: to open soft keybord and edit text in EditText field
text:KU:android.content.Context:TEXT-0043,text:KU:android.view.View:TEXT-0039,contrasts_with,,llm_quote_grounded,"The left KU addresses hiding the soft keyboard and clearing focus from an EditText, whereas the right KU addresses showing the soft keyboard and setting focus on an EditText.",Programmatic control of soft keyboard state and view focus,I want the EditText to be no more in focus i.e. the keyboard hides,I want when click first button: to open soft keybord and edit text in EditText field
text:KU:android.content.Context:TEXT-0043,text:KU:android.view.View:TEXT-0110,task_related,,llm_quote_grounded,"Both KUs address the management of the soft keyboard visibility in relation to EditText focus states, specifically using InputMethodManager to hide the keyboard.",Android UI interaction involving EditText and soft keyboard visibility control.,"inputManager.hideSoftInputFromWindow(getCurrentFocus().getWindowToken(),InputMethodManager.HIDE_NOT_ALWAYS);","inputMethodManager.hideSoftInputFromWindow(view.getWindowToken(),InputMethodManager.HIDE_IMPLICIT_ONLY );"
text:KU:android.content.Context:TEXT-0043,text:KU:android.view.View:TEXT-0160,task_related,,llm_quote_grounded,"Both KUs provide solutions for programmatically hiding the soft keyboard when an EditText loses focus or a button is clicked, utilizing InputMethodManager.",Android development tasks requiring manual control over soft keyboard visibility tied to view focus events.,"imm.hideSoftInputFromWindow(view.getApplicationWindowToken(), 0);","imm.hideSoftInputFromWindow( time_statusTV.getWindowToken(), 0);"
text:KU:android.content.Context:TEXT-0043,text:KU:android.view.View:TEXT-0198,task_related,,llm_quote_grounded,"Both KUs describe methods to hide the soft keyboard from a specific window token using InputMethodManager, typically triggered by user interaction with views like buttons or list items.",Controlling soft keyboard visibility via InputMethodManager in Android activities.,"inputManager.hideSoftInputFromWindow(getCurrentFocus().getWindowToken(),InputMethodManager.HIDE_NOT_ALWAYS);","in.hideSoftInputFromWindow(v.getWindowToken(), 0);"
text:KU:android.content.Context:TEXT-0043,text:KU:android.view.View:TEXT-0208,contrasts_with,,llm_quote_grounded,"The left KU focuses on hiding the keyboard to remove focus/interaction, while the right KU focuses on showing the keyboard explicitly after canceling long-press selection behavior.",Different intents regarding soft keyboard visibility (hiding vs. forcing show) in response to touch/focus events.,"inputManager.hideSoftInputFromWindow(getCurrentFocus().getWindowToken(),InputMethodManager.HIDE_NOT_ALWAYS);","imm.showSoftInput(v, 0);"
text:KU:android.content.Context:TEXT-0043,text:KU:java.lang.CharSequence:TEXT-0145,task_related,,llm_quote_grounded,"Both KUs address managing EditText focus state in Android, with one hiding the keyboard upon losing focus and the other checking focus to distinguish between multiple EditTexts.",Android UI interaction involving EditText components and soft keyboard/focus management.,I want the EditText to be no more in focus i.e. the keyboard hides,identify that in which `EditText` field the `SoftKeyboard` is currently focused
text:KU:android.content.Context:TEXT-0054,text:KU:android.content.Context:TEXT-0079,constrains,,llm_quote_grounded,"TEXT-0054 lists typical uses of Context including creating views, but TEXT-0079 clarifies that using Application Context for GUI-related tasks like LayoutInflater causes exceptions, thus constraining the scope of where Application Context is appropriate.",Usage of Application Context in UI components,"Typical uses of context: * Creating new objects: Creating new views, adapters, listeners","For example, if you pass the application Context into the `LayoutInflater` you will get an Exception."
text:KU:android.content.Context:TEXT-0054,text:KU:android.content.Context:TEXT-0152,task_related,,llm_quote_grounded,"Both KUs address how to obtain and use Context in different Android components; TEXT-0054 explains the general mechanism, while TEXT-0152 applies it specifically within a Service to access SharedPreferences.",Accessing Context in Services vs General Definition,"You can get the context by invoking `getApplicationContext()`, `getContext()`, `getBaseContext()` or `this`","Inside a service we call the following method to get the shared preferences myapp.bmodel.getApplicationContext().getSharedPreferences(""myPrefs_capture_gps_per_hour"", Context.MODE_PRIVATE);"
text:KU:android.content.Context:TEXT-0054,text:KU:android.content.Intent:TEXT-0057,task_related,,llm_quote_grounded,"TEXT-0054 defines Context as necessary for accessing components implicitly (like Intents), and TEXT-0057 demonstrates a practical task where Context is required to construct an Intent to start an Activity from a Dialog.",Using Context to launch Activities via Intents,"Accessing components implicitly: Regarding content providers, broadcasts, intent","Intent i = new Intent(getContext(), ItemSelection.class); startActivity(i);"
text:KU:android.content.Context:TEXT-0054,text:KU:android.content.Intent:TEXT-0243,complements,,llm_quote_grounded,"The Context KU explains that Context is used to access components implicitly via intents, while the Intent KU provides a concrete example of using a context to start a service with an intent.",When starting services or activities where a Context instance is required by the API.,"Accessing components implicitly: Regarding content providers, broadcasts, intent","Intent i = new Intent(context, MyService.class); context.startService(i);"
text:KU:android.content.Context:TEXT-0054,text:KU:android.view.View:TEXT-0245,constrains,,llm_quote_grounded,"The Context KU defines Context as the handle for accessing resources and components. The View KU demonstrates a constraint where a Dialog (which has a Context) cannot directly call startActivity without casting to Activity, highlighting the specific type requirements for UI navigation methods.",Starting activities from non-Activity contexts like Dialogs.,Typically you call it to get information regarding another part of your program (activity and package/application).,startActivity(i); //The method startActivity(Intent) is undefined for the type CustomDialog
text:KU:android.content.Context:TEXT-0054,text:KU:android.widget.TextView:TEXT-0215,task_related,,llm_quote_grounded,"Both KUs address the fundamental question 'What is Context on Android?' and provide similar definitions and use cases, such as creating views and accessing resources.",General understanding of the Context class in Android development.,"What is 'Context' on Android? In Android programming, what exactly is a `Context` class and what is it used for?","What is 'Context' on Android? In Android programming, what exactly is a `Context` class and what is it used for?"
text:KU:android.content.Context:TEXT-0066,text:KU:android.content.Context:TEXT-0079,contrasts_with,,llm_quote_grounded,"The first KU suggests using a static Application context to avoid redundant pointers, while the second KU warns against using Application context for GUI-related tasks (like LayoutInflater) due to potential exceptions, advocating for Activity context within Activities.",Choosing between Application Context and Activity Context for different operations.,we should be able somehow to have just one somewhere and a getter function...,"In particular you should be careful when dealing with anything that deals with the `GUI` that requires a `Context`. For example, if you pass the application Context into the `LayoutInflater` you will get an Exception."
text:KU:android.content.Context:TEXT-0066,text:KU:android.content.Context:TEXT-0168,complements,,llm_quote_grounded,"TEXT-0066 discusses the general problem of accessing Context statically and mentions Application class, while TEXT-0168 provides a concrete implementation pattern for static context access using Application.onCreate().",Static Context Access patterns in Android,"You can use `Application` class(public class in android.application package),that is: > Base class for those who need to maintain global application state.",public class MyApplication extends Application { private static Context context; public void onCreate() { super.onCreate(); MyApplication.context = getApplicationContext(); } public static Context getAppContext() { return MyApplication.context; } }
text:KU:android.content.Context:TEXT-0066,text:KU:android.content.Context:TEXT-0195,constrains,,llm_quote_grounded,"TEXT-0066 suggests using Application/Global Context for efficiency, but TEXT-0195 constrains this by warning that `getApplicationContext()` is often wrong and should only be used when necessary to avoid memory leaks or functional issues.",Usage of Application vs Activity Context,"If your singleton needs a global context (for example to register broadcast receivers), the function to retrieve it can be given a Context which internally uses Context.getApplicationContext() when first constructing the singleton.",`getApplicationContext()` is almost always wrong. Ms. Hackborn (among others) have been very explicit that you only use `getApplicationContext()` when you know why you are using `getApplicationContext()` and only when you need to use `getApplicationContext()`.
text:KU:android.content.Context:TEXT-0066,text:KU:android.content.Intent:TEXT-0057,task_related,,llm_quote_grounded,"Both KUs address the task of obtaining a valid Context instance to perform operations (like starting an Activity via Intent in TEXT-0057, or general usage in TEXT-0066).",Obtaining Context for Android operations,"How to get my activity context? I don't really get the idea behind how this whole thing works really, so if I have some class `A` that need the context of a class `B` which extends `Activity`, how do i get that context?",How can I get the context to set it as first argument of my Intent constructor?
text:KU:android.content.Context:TEXT-0066,text:KU:android.view.View:TEXT-0072,task_related,,llm_quote_grounded,Both KUs address the problem of obtaining or managing a Context instance within non-Activity classes (specifically Adapters in the right KU) to perform operations like accessing SharedPreferences.,"Android development, specifically context management in UI components and adapters.","How to get my activity context? I don't really get the idea behind how this whole thing works really, so if I have some class `A` that need the context of a class `B` which extends `Activity`, how do i get that context?","Getting context in adapter I'm wondering how to get context in adapter? I'm trying to use SharedPreferences in my adapter, however I need to get context so it will work."
text:KU:android.content.Context:TEXT-0066,text:KU:android.view.View:TEXT-0219,task_related,,llm_quote_grounded,Both KUs discuss strategies for passing or retrieving a Context object to/from helper classes or activities to enable functionality that requires a Context (like creating dialogs or global state access).,"Android application architecture, specifically context propagation between components.",I'm searching for a more efficient way then giving the context as a parameter to class `A` constructor,you could try passing the context from BrowserFile to SqliteFun and showing it there
text:KU:android.content.Context:TEXT-0066,text:KU:android.view.View:TEXT-0245,task_related,,llm_quote_grounded,"Both KUs focus on the necessity of having a valid Activity/Context reference to perform actions like starting an Intent or accessing application state, highlighting common pitfalls when using generic Contexts vs Activity contexts.",Android UI interaction and component lifecycle management.,"if I have some class `A` that need the context of a class `B` which extends `Activity`, how do i get that context?",Shall I pass the activity calling the dialog to the dialog's constructor? Is it the usual way to start an activity by clicking a dialog?
text:KU:android.content.Context:TEXT-0108,text:KU:android.content.Context:TEXT-0071,complements,,llm_quote_grounded,"TEXT-0108 provides a pattern for obtaining a global application context, which can be used to satisfy the requirement in TEXT-0071 for passing a Context to access resources.","When an Activity or other component needs to access resources (like strings) but does not have a direct reference to a valid Context, or when passing context explicitly is cumbersome.",public static Context getContext() { return instance; },applicationContext.getResources().getString(R.string.something)
text:KU:android.content.Context:TEXT-0159,text:KU:android.content.Context:TEXT-0071,task_related,,llm_quote_grounded,Both KUs address the common Android development task of accessing system services or resources (SharedPreferences vs Resources/Strings) by correctly managing and utilizing a Context object within non-Activity classes (Adapters vs Helper methods).,Accessing Context-dependent APIs from classes that do not inherently extend Context.,Just note that you are able to access your mContext variable and you can do that: SharedPreferences pref = mContext.getSharedPreferences(...);,"So I notice that your implementation doesnt necessarily have reference to a context so you will need to do something like this. //method called to update textview strings. public String getMyString(final int variable, final Context applicationContext){ switch(variable){ case 1: return applicationContext.getResources().getString(R.string.something); break;"
text:KU:android.content.Context:TEXT-0071,text:KU:android.view.View:TEXT-0072,complements,,llm_quote_grounded,"The left KU demonstrates obtaining a Context to access resources, while the right KU addresses the common problem of accessing that Context within a View adapter where it is not directly available.",Android UI development involving resource retrieval and adapter implementation.,"public String getMyString(final int variable, final Context applicationContext){",I'm wondering how to get context in adapter?
text:KU:android.content.Context:TEXT-0071,text:KU:android.view.View:TEXT-0147,constrains,,llm_quote_grounded,"The left KU shows passing Context as a parameter to methods for resource access, which constrains or informs the discussion in the right KU about whether storing Context in a member variable (mContext) is acceptable practice.",Best practices for managing Android Context lifecycle and references in Activities/Views.,"public String getMyString(final int variable, final Context applicationContext){","Is it OK to use ""mContext"" (initialized at onCreate)?"
text:KU:android.content.Context:TEXT-0071,text:KU:android.widget.TextView:TEXT-0132,complements,,llm_quote_grounded,"The left KU establishes the necessity of a Context to retrieve string resources, while the right KU demonstrates applying those retrieved strings (and colors) to a TextView using that same Context.",When displaying localized or resource-based text in a UI component.,applicationContext.getResources().getString(R.string.something),mContext.getString(R.string.clients_debit)
text:KU:android.content.Context:TEXT-0079,text:KU:android.content.Context:TEXT-0108,complements,,llm_quote_grounded,"TEXT-0079 validates the general approach of using Application context but warns about GUI limitations, while TEXT-0108 provides a specific singleton implementation pattern for that same approach.",Implementation of static Application context accessors in Android apps.,"Generally speaking, your approach is excellent","I like it, but I would suggest a singleton instead"
text:KU:android.content.Context:TEXT-0079,text:KU:android.content.Context:TEXT-0152,task_related,,llm_quote_grounded,Both KUs address the usage and retrieval of Application Context (`getApplicationContext()`) in different scenarios (general best practices vs. accessing Shared Preferences in a Service).,Usage of `getApplicationContext()` method.,calling `getApplicationContext()` on a `Context` object,myapp.bmodel.getApplicationContext().getSharedPreferences
text:KU:android.content.Context:TEXT-0079,text:KU:android.content.Context:TEXT-0168,complements,,llm_quote_grounded,"TEXT-0079 discusses the pros/cons of a static Application instance pattern, while TEXT-0168 provides a concrete code example of implementing that static context getter using `onCreate`.",Implementing a static accessor for Application Context.,public static Context getContext() { return instance; },public static Context getAppContext() { return MyApplication.context; }
text:KU:android.content.Context:TEXT-0079,text:KU:android.view.View:TEXT-0092,constrains,,llm_quote_grounded,"The Context KU advises against using Application Context for GUI components, and the View KU shows a failure case where context menu registration fails because the operation is not performed in the correct Activity/UI thread context.",When interacting with View methods like registerForContextMenu or openContextMenu.,"Generally speaking, your approach is excellent: it's good practice to use an `Activity's` `Context` within that `Activity`, and the `Application Context` when passing a context beyond the scope of an `Activity` to avoid memory leaks.","Because you are creating an Anonymous Inner Class (by doing `new View.OnClickListener`) you are no longer operating in the UI thread (your Activity class), so the context menu does not load when you want to `registerForContextMenu` and `openContextMenu`."
text:KU:android.content.Context:TEXT-0079,text:KU:android.widget.TextView:TEXT-0084,complements,,llm_quote_grounded,"The Context KU discusses best practices for obtaining and using Context (Activity vs Application), while the TextView KU defines what Context is and lists methods to retrieve it (getApplicationContext, getContext), providing foundational knowledge that complements the practical advice.",Understanding the definition and retrieval mechanisms of the Context object.,"Also, as an alternative to your pattern you can use the shortcut of calling `getApplicationContext()` on a `Context` object (such as an Activity) to get the Application Context.","You can get the context by invoking `getApplicationContext()`, `getContext()`, `getBaseContext()` or `this` (when in a class that extends from `Context`, such as the Application, Activity, Service and IntentService classes)."
text:KU:android.content.Context:TEXT-0080,text:KU:android.content.Context:TEXT-0135,complements,,llm_quote_grounded,The vertical TextView implementation in TEXT-0080 provides the rendering logic (canvas rotation) that is adapted and extended in TEXT-0135 to create a functional vertical EditText with cursor support.,Custom view implementations for vertical text rendering in Android.,"Here is my elegant and simple vertical text implementation, extending TextView.",I have successfully made (with much help from SO users) a custom EditText view that is both rotated and flipped. This was done by overriding the onDraw method.
text:KU:android.content.Context:TEXT-0080,text:KU:android.content.Context:TEXT-0163,constrains,,llm_quote_grounded,"The vertical text rendering approach described in TEXT-0080 leads to UI issues like incorrect context menu positioning, which necessitates the workarounds for disabling system menus detailed in TEXT-0163.",Implementing vertical text views where standard system UI components (like context menus) do not rotate correctly.,"Technically, it fools underlying TextView to think that it's normal rotation (swapping width/height in few places), while drawing it rotated.",I need to create a completely custom context menu because the system one does not support vertical text and is also not rotated when the `ViewGroup` is rotated.
text:KU:android.content.Context:TEXT-0080,text:KU:android.content.Context:TEXT-0247,contrasts_with,,llm_quote_grounded,"TEXT-0080 presents a robust solution that preserves standard TextView features (including styles/colors via getPaint()), whereas TEXT-0247 describes a naive implementation that fails to apply XML-specified text colors.",Implementation strategies for custom vertical TextViews regarding style inheritance.,"This means that all standard styles of TextView may be used, because it is extended TextView.","As you can see, I'm specifying both the text color (blue) and the text style (italic), but only the style is applied, as the text is printed in black."
text:KU:android.content.Context:TEXT-0080,text:KU:android.view.View:TEXT-0234,complements,,llm_quote_grounded,"The left KU provides a basic implementation for rotating TextViews, while the right KU addresses the complex interaction issues (touch events, cursor) that arise when applying similar rotation logic to EditTexts.",Implementing rotated text views in Android,"Here is my elegant and simple vertical text implementation, extending TextView.","However, the cursor and highlighting are gone and a longtouch event still indicates the original text position. Basically, the view was redrawn but the touch events were not."
text:KU:android.content.Context:TEXT-0080,text:KU:android.widget.TextView:TEXT-0021,complements,,llm_quote_grounded,The right KU offers a specific refinement (horizontal centering) to the general vertical text implementation provided in the left KU.,Adjusting layout of custom VerticalTextView,public class VerticalTextView extends TextView{,"Following Pointer Null's answer, I've been able to center the text horizontally by modifying the `onDraw` method this way:"
text:KU:android.content.Context:TEXT-0080,text:KU:android.widget.TextView:TEXT-0102,contrasts_with,,llm_quote_grounded,"The left KU presents a working solution for static vertical labels using TextView, whereas the right KU details the failure of similar approaches when applied to interactive EditText components due to broken touch/cursor handling.",Feasibility of rotating standard widgets vs custom implementations,It works fine also when used in an xml layout.,"Basically, the view was redrawn but the touch events were not. How do I get the touch events, highlighting, and cursor to also be rotated and flipped?"
text:KU:android.content.Context:TEXT-0093,text:KU:android.content.Context:TEXT-0108,contrasts_with,,llm_quote_grounded,"The left KU demonstrates passing an Activity context to a helper class to access UI elements, while the right KU discusses using a static Application context singleton for general services, highlighting different strategies for context management.",Context acquisition and usage patterns in Android applications,Points myPoints = new Points(this);,public static Context getContext() { return instance; }
text:KU:android.content.Context:TEXT-0093,text:KU:android.content.Context:TEXT-0168,contrasts_with,,llm_quote_grounded,"The left KU shows injecting an Activity context into a class constructor to interact with specific UI views, whereas the right KU proposes a static method to retrieve the global Application context, representing two distinct approaches to obtaining Context instances.",Methods for retrieving or providing Context objects,public Points(MyActivity _context){ context = _context; },public static Context getAppContext() { return MyApplication.context; }
text:KU:android.content.Context:TEXT-0093,text:KU:android.content.Intent:TEXT-0046,task_related,,llm_quote_grounded,Both KUs address the challenge of accessing Activity-specific functionality (UI updates or methods) from non-Activity classes by managing Context references appropriately.,Interacting with Activity components from external classes,How do I use the UI objects in my class (which does not extend an Activity)? Should I pass some context to my Points class?,How can I get activity context in reciever to call my method??
text:KU:android.content.Context:TEXT-0093,text:KU:android.widget.TextView:TEXT-0034,task_related,,llm_quote_grounded,"Both KUs demonstrate how to update a TextView's content from code, with the left KU focusing on accessing UI elements from a non-Activity class via Context and runOnUiThread, while the right KU shows updating text within a custom TextView subclass.",Updating TextView text programmatically in Android,context.myView.setText(msg);,"setText(mText.subSequence(0, mIndex++));"
text:KU:android.content.Context:TEXT-0093,text:KU:android.widget.TextView:TEXT-0044,task_related,,llm_quote_grounded,"Both KUs involve manipulating TextView properties (text vs visibility) within an Activity context, addressing common UI update tasks.",Modifying TextView state in Android Activities,context.myView.setText(msg);,tidiTekst.setVisibility(View.VISIBLE);
text:KU:android.content.Context:TEXT-0093,text:KU:android.widget.TextView:TEXT-0226,complements,,llm_quote_grounded,"The left KU establishes the pattern of using `runOnUiThread` to safely update UI elements like TextViews from background threads or non-UI classes. The right KU applies this exact pattern (`runOnUiThread`) to periodically update a TextView, demonstrating the practical implementation of the constraint/method described in the left KU.",Thread-safe UI updates for TextViews,context.runOnUiThread(new Runnable() {,runOnUiThread(new Runnable() {
text:KU:android.content.Context:TEXT-0101,text:KU:android.widget.TextView:TEXT-0034,task_related,,llm_quote_grounded,Both KUs describe solutions involving creating a custom subclass of TextView to modify its default behavior (scrolling vs. text animation).,Custom View implementation patterns for TextView.,My solution is create a NoScrollTextView extends TextView,the simplest is probably a quick subclass of `TextView`
text:KU:android.content.Context:TEXT-0108,text:KU:android.content.Context:TEXT-0111,complements,,llm_quote_grounded,"The left KU establishes a pattern for obtaining a global Application Context, which the right KU utilizes to access system services like InputMethodManager via getSystemService.",Accessing Android system services using a persistent context reference.,public static Context getContext() { return instance; },InputMethodManager inputManager = (InputMethodManager)getSystemService(Context.INPUT_METHOD_SERVICE);
text:KU:android.content.Context:TEXT-0108,text:KU:android.content.Context:TEXT-0168,task_related,,llm_quote_grounded,"Both KUs address the task of obtaining a global or static Context instance in Android to avoid passing it explicitly, using an Application subclass.","Android application architecture, specifically managing Context lifecycle and accessibility.",public class MyApp extends android.app.Application { private static MyApp instance; public MyApp() { instance = this; } public static Context getContext() { return instance; } },public class MyApplication extends Application { private static Context context; public void onCreate() { super.onCreate(); MyApplication.context = getApplicationContext(); } public static Context getAppContext() { return MyApplication.context; } }
text:KU:android.content.Context:TEXT-0108,text:KU:android.view.View:TEXT-0147,contrasts_with,,llm_quote_grounded,"The left KU advocates for using a static Application context singleton to avoid leaks and simplify passing context, while the right KU suggests using `ActivityName.this` (activity context) directly in listeners to ensure correct scoping and avoid potential issues with static references or incorrect context types.",Context management strategies in Android activities and views,"I like it, but I would suggest a singleton instead",You can use `this` instead. Even in an OnClickListener or other subclasses you use `ActivityName.this` like this
text:KU:android.content.Context:TEXT-0108,text:KU:android.view.View:TEXT-0245,constrains,,llm_quote_grounded,"The left KU discusses the general pattern of using Application context via a singleton. The right KU demonstrates that for starting activities from a Dialog, one must often pass the Activity context explicitly because the Dialog's context (which might be the Application context if not careful, or just a generic Context) does not have `startActivity`. This constrains the 'use Application context everywhere' idea by showing cases where Activity context is required.",Starting activities from UI components like Dialogs,pass it everywhere (e.g. SQLiteOpenHelper) where context is required,Shall I pass the activity calling the dialog to the dialog's constructor?
text:KU:android.content.Context:TEXT-0111,text:KU:android.content.Context:TEXT-0168,task_related,,llm_quote_grounded,"Both KUs address how to obtain or manage `Context` instances in Android. The left uses `getSystemService(Context.INPUT_METHOD_SERVICE)` which requires a valid context, and the right provides a static way to get the application context (`MyApplication.getAppContext()`) which could be used to retrieve such system services globally.",Retrieving system services and managing context availability,InputMethodManager inputManager = (InputMethodManager)getSystemService(Context.INPUT_METHOD_SERVICE);,Now everywhere call `MyApplication.getAppContext()` to get your application context statically.
text:KU:android.content.Context:TEXT-0111,text:KU:android.content.Context:TEXT-0217,complements,,llm_quote_grounded,"The left KU provides a procedural solution (hide then toggle) for showing the soft keyboard when a dialog appears. The right KU provides a robust, object-oriented solution (custom EditText subclass) that handles focus changes automatically. Together they offer different approaches to the same problem of auto-showing keyboards.",Automatically showing soft keyboard on focus/dialog display,Then simply call to toggle soft input.,You can also create a custom extension of the EditText that knows to open the soft keyboard when it receives focus.
text:KU:android.content.Context:TEXT-0111,text:KU:android.inputmethodservice.Keyboard:TEXT-0127,task_related,,llm_quote_grounded,"Both KUs address the task of programmatically showing the soft keyboard for an EditText, with TEXT-0127 providing a specific solution involving focus management and `showSoftInput` that complements the general problem statement in TEXT-0111.","Android development, specifically managing InputMethodManager visibility for EditText fields.",How do I make the soft keyboard automatically show when the dialog is shown?,I want when click first button: to open soft keybord and edit text in EditText field.
text:KU:android.content.Context:TEXT-0111,text:KU:android.view.View:TEXT-0039,task_related,,llm_quote_grounded,"Both KUs discuss the challenge of triggering the soft keyboard display for an EditText. TEXT-0039 provides a concrete implementation using `requestFocus()` and `showSoftInput()`, which is directly relevant to the problem posed in TEXT-0111.","Android UI interaction, specifically keyboard visibility control via View focus and InputMethodManager.",How do I make the soft keyboard automatically show when the dialog is shown?,I want when click first button: to open soft keybord and edit text in EditText field.
text:KU:android.content.Context:TEXT-0111,text:KU:android.view.View:TEXT-0110,complements,,llm_quote_grounded,"TEXT-0111 solves how to *show* the keyboard automatically. TEXT-0110 addresses the complementary issue of ensuring the keyboard *hides* correctly when focus is lost, noting that the previous solution might leave the keyboard visible if not handled properly.",Complete lifecycle management of the soft keyboard visibility (show/hide) in relation to EditText focus.,How do I make the soft keyboard automatically show when the dialog is shown?,Because above solution will show your keyboard but it will not vanish if you click anywhere other that `EditText`. So you need to do something to make the keybaord disappear when `EditText` loses focus.
text:KU:android.content.Context:TEXT-0111,text:KU:android.view.View:TEXT-0160,task_related,,llm_quote_grounded,Both KUs deal with programmatically controlling the soft keyboard's visibility (showing and hiding) in response to user actions or focus changes on an EditText.,Programmatic control of InputMethodManager for showing and hiding the soft keyboard.,How do I make the soft keyboard automatically show when the dialog is shown?,I have one edit text and i want to set focus on it once a button is clicked and after editing my status when enter or done is pressed for soft keyboard i want to remove focus again
text:KU:android.content.Context:TEXT-0111,text:KU:android.view.View:TEXT-0208,task_related,,llm_quote_grounded,"Both KUs involve using `InputMethodManager` to explicitly show the soft keyboard for an EditText/View, addressing the common need to trigger keyboard visibility programmatically.",Using InputMethodManager.showSoftInput to force keyboard appearance.,"inputManager.toggleSoftInput(InputMethodManager.SHOW_FORCED,InputMethodManager.SHOW_IMPLICIT);","imm.showSoftInput(v, 0);"
text:KU:android.content.Context:TEXT-0133,text:KU:android.content.Context:TEXT-0158,task_related,,llm_quote_grounded,Both KUs address the problem of Android services being killed when the application is removed from the recent apps list (application tray) and provide workarounds involving `onTaskRemoved` and `AlarmManager`.,"Android service lifecycle management, specifically handling process termination on task removal.",The process of the service is killed after the application is removed from the application tray,START_STICKY does not work on Android KitKat One of my apps has a backgrouod service that uses the `START_STICKY` return code from `onStartCommand` to automatically restart when the system kills it.
text:KU:android.content.Context:TEXT-0135,text:KU:android.content.Context:TEXT-0163,task_related,,llm_quote_grounded,"Both KUs address the implementation of a custom vertical/rotated EditText for Mongolian script, with TEXT-0163 specifically addressing the context menu issues arising from the rotation described in TEXT-0135.",Custom view implementation for vertical text rendering and interaction handling.,I want to make a rotated and flipped EditText view that has all of the properties of a normal EditText view.,I am making a vertical `EditText` for traditional Mongolian. I have successfully implemented it by embedding a slightly modified `EditText` inside of a rotated `ViewGroup`.
text:KU:android.content.Context:TEXT-0135,text:KU:android.widget.TextView:TEXT-0048,task_related,,llm_quote_grounded,"Both KUs address the challenges of creating custom vertical/rotated EditText views for Mongolian script, specifically dealing with system UI elements (touch events/cursor in left, context menu in right) that do not respect the rotation.",Custom vertical EditText implementation issues,I want to make a rotated and flipped EditText view,I am making a vertical `EditText` for traditional Mongolian.
text:KU:android.content.Context:TEXT-0135,text:KU:android.widget.TextView:TEXT-0240,complements,,llm_quote_grounded,"The left KU's `MongolTextView` uses a similar pattern to the right KU's `VerticalTextView`: extending TextView, swapping dimensions in `onMeasure`, and rotating the canvas in `onDraw`. The right KU provides a cleaner/generalized version of this logic.",Implementation of rotated TextView subclasses,"super.onMeasure(heightMeasureSpec, widthMeasureSpec); setMeasuredDimension(getMeasuredHeight(), getMeasuredWidth());","super.onMeasure(heightMeasureSpec, widthMeasureSpec); setMeasuredDimension(getMeasuredHeight(), getMeasuredWidth());"
text:KU:android.content.Context:TEXT-0168,text:KU:android.content.Context:TEXT-0152,complements,,llm_quote_grounded,The static context retrieval pattern described in TEXT-0168 is the mechanism used to access SharedPreferences from a Service in TEXT-0152.,Accessing application-level data (SharedPreferences) from non-UI components (Services).,public static Context getAppContext() { return MyApplication.context; },"myapp.bmodel.getApplicationContext().getSharedPreferences(""myPrefs_capture_gps_per_hour"", Context.MODE_PRIVATE);"
text:KU:android.content.Context:TEXT-0153,text:KU:android.widget.TextView:TEXT-0021,task_related,,llm_quote_grounded,Both KUs describe solutions for customizing text rendering in Android widgets by overriding the `onDraw` method to manually calculate positions and draw text/images.,Custom view drawing logic involving manual text measurement and canvas manipulation.,@Override public void onDraw(Canvas canvas) {,"Following Pointer Null's answer, I've been able to center the text horizontally by modifying the `onDraw` method this way:"
text:KU:android.content.Context:TEXT-0153,text:KU:android.widget.TextView:TEXT-0240,task_related,,llm_quote_grounded,Both KUs involve creating custom TextView/Button subclasses that override drawing methods (`onDraw` or `draw`) to achieve specific visual layouts (centering image/text vs rotating text).,Implementation of custom Android views with modified rendering behavior.,public class CenterImageTextButton extends Button {,"Here is my elegant and simple vertical text implementation, extending TextView."
text:KU:android.content.Context:TEXT-0158,text:KU:android.content.Intent:TEXT-0051,task_related,,llm_quote_grounded,"Both KUs address the lifecycle and reliability of Android Services, specifically focusing on how services are started via Intents and their subsequent behavior (START_STICKY vs onCreate/onStartCommand).",Android Service lifecycle management and Intent-based service invocation.,One of my apps has a backgrouod service that uses the `START_STICKY` return code from `onStartCommand` to automatically restart when the system kills it.,I am starting a service using startService(Intent intent) method. When i call this function it reaches the onCreate of service but it is unable to call onStartCommand.
text:KU:android.content.Context:TEXT-0159,text:KU:android.view.View:TEXT-0219,task_related,,llm_quote_grounded,"Both KUs address the problem of obtaining or passing a valid Context instance to perform UI operations (SharedPreferences in an Adapter, AlertDialog in a helper class) where the default context is unavailable or incorrect.","Android development scenarios involving non-Activity classes (Adapters, Helper classes) needing Context for system services or UI components.","I'm trying to use SharedPreferences in my adapter, however I need to get context so it will work.","However, I have some issue on the context of the alertdialog object."
text:KU:android.content.Context:TEXT-0163,text:KU:android.content.Context:TEXT-0195,contrasts_with,,llm_quote_grounded,"The first KU deals with disabling a specific UI feature (context menu) on a View/EditText, while the second KU discusses the architectural choice between Activity and Application contexts for memory management and service binding.","Different aspects of Android Context usage: one is about suppressing system-generated UI interactions, the other is about lifecycle and scope of the Context object itself.",So I want to disable the system context menu altogether.,When to call activity context OR application context?
text:KU:android.content.Context:TEXT-0163,text:KU:android.content.Context:TEXT-0206,contrasts_with,,llm_quote_grounded,"The first KU focuses on preventing the display of the standard text selection context menu, whereas the second KU demonstrates how to manually trigger and handle a custom context menu on a view via long-click listeners.",Management of context menus in Android views: suppression vs. implementation.,So I want to disable the system context menu altogether.,How can I make my app to show Context menu on Long item Click?
text:KU:android.content.Context:TEXT-0163,text:KU:android.view.View:TEXT-0090,complements,,llm_quote_grounded,"The left KU provides a custom EditText implementation that clears focus on touch, while the right KU discusses the general problem of clearing EditText focus when touching outside. The left solution (using `setOnTouchListener` to call `clearFocus`) is a specific technique that addresses the issue described in the right KU.",Android UI interaction handling for EditText focus management,"this.setOnTouchListener(new OnTouchListener() {
            @Override
            public boolean onTouch(View v, MotionEvent event) {
                MenuHidingEditText.this.clearFocus();
                return false;
            }
        });",The task is to make `EditText` lose focus when user touches something outside of it.
text:KU:android.content.Context:TEXT-0163,text:KU:android.view.View:TEXT-0234,task_related,,llm_quote_grounded,"Both KUs address the implementation of a custom vertical/rotated EditText for traditional Mongolian script, with one focusing on disabling the system context menu and the other on handling touch events and cursor positioning in a rotated view.",Android UI development for non-standard text orientations (vertical/Mongolian).,I am making a vertical `EditText` for traditional Mongolian.,Traditional Mongolian is written vertically in left to right columns.
text:KU:android.content.Context:TEXT-0163,text:KU:android.widget.TextView:TEXT-0102,task_related,,llm_quote_grounded,"Both KUs discuss the challenges of creating a custom EditText for vertical Mongolian text, specifically regarding rotation, touch events, and system behaviors like context menus or selection.",Custom Android View implementation for vertical text scripts.,I am making a vertical `EditText` for traditional Mongolian.,Traditional Mongolian is written vertically in left to right columns.
text:KU:android.content.Context:TEXT-0168,text:KU:android.view.View:TEXT-0245,complements,,llm_quote_grounded,"The Context KU provides a static method to retrieve the application context, which can be used in the View/Dialog scenario described in the Intent KU where obtaining a valid context for an Intent is necessary.",When needing a global or static access to Context within UI components like Dialogs that lack direct Activity references.,Now everywhere call `MyApplication.getAppContext()` to get your application context statically.,How can I get the context to set it as first argument of my Intent constructor?
text:KU:android.content.Context:TEXT-0195,text:KU:android.content.Intent:TEXT-0051,constrains,,llm_quote_grounded,"The Context KU advises using `getApplicationContext()` specifically when binding to services or handling long-lived objects to avoid memory leaks, which directly informs how one should manage the Context passed to `startService` in the Intent KU.",Service lifecycle management and avoiding Activity context leaks when starting services from broadcast receivers or other non-UI contexts.,"Use `getApplicationContext()` when you bind to a `Service` from an `Activity`, if you wish to pass the `ServiceConnection` (i.e., the handle to the binding) between `Activity` instances via `onRetainNonConfigurationInstance()`.","Intent newinIntent = new Intent(context, service.class); context.startService(newinIntent);"
text:KU:android.content.Context:TEXT-0195,text:KU:android.widget.TextView:TEXT-0215,complements,,llm_quote_grounded,"The right KU provides a general definition and examples of Context usage (including creating Views), while the left KU provides specific best practices for choosing between Activity and Application contexts.",General Android development involving Context and View creation.,When to call activity context OR application context?,"In Android programming, what exactly is a `Context` class and what is it used for?"
text:KU:android.content.Context:TEXT-0205,text:KU:android.widget.TextView:TEXT-0256,task_related,,llm_quote_grounded,Both KUs address the task of creating and accessing dynamically generated UI elements (EditText/TextView) in Android.,Dynamic view creation and data retrieval from those views.,How to get data from dynamically created EditText using LayoutInflater in android?,Access Dynamic text filed values android
text:KU:android.content.Context:TEXT-0206,text:KU:android.content.Intent:TEXT-0085,task_related,,llm_quote_grounded,"Both KUs involve handling user interactions with menu items (context menu vs options menu) to trigger actions, such as navigating to a new activity or modifying list items.",Menu item selection handling in Android activities.,Context menu on Button long click? How can I make my app to show Context menu on Long item Click?,How to switch to new Activity from menu? I have a menu and would like to open a new Activity when the user clicks on the menu item
text:KU:android.content.Context:TEXT-0206,text:KU:android.widget.TextView:TEXT-0115,task_related,,llm_quote_grounded,"Both KUs address the implementation of context menus in Android, specifically dealing with ListViews and custom adapters.",Android UI development involving context menus on list items.,Context menu on Button long click? How can I make my app to show Context menu on Long item Click?,Custom ListView and context menu. How to get it?
text:KU:android.content.Context:TEXT-0217,text:KU:android.content.Context:TEXT-0247,complements,,llm_quote_grounded,"The first KU provides a solution for managing soft keyboard visibility via focus events in a custom EditText subclass, while the second KU discusses issues with text rendering (color/style) in a custom TextView subclass. Both involve extending standard View classes to handle specific UI behaviors, complementing each other as examples of custom view logic.",Custom Android View subclasses handling input or drawing logic.,You can also create a custom extension of the EditText that knows to open the soft keyboard when it receives focus.,I'm trying to implement a subclass of TextView that prints the text vertically rotated
text:KU:android.content.Context:TEXT-0217,text:KU:android.inputmethodservice.Keyboard:TEXT-0070,complements,,llm_quote_grounded,The first KU focuses on automatically showing/hiding the soft keyboard based on EditText focus state. The second KU details how to handle IME actions (like 'Next' or 'Done') and focus movement between fields using `imeOptions` and listeners. Together they cover comprehensive management of user interaction with the soft keyboard.,Soft keyboard visibility and action handling in Android forms.,How to show soft-keyboard when edittext is focused,Move to another EditText when Soft Keyboard Next is clicked on Android
text:KU:android.content.Context:TEXT-0217,text:KU:android.inputmethodservice.Keyboard:TEXT-0127,task_related,,llm_quote_grounded,"Both KUs address the task of programmatically showing the soft keyboard for an EditText, with one using a custom view override and the other using explicit method calls in a click listener.",Android UI development involving EditText focus and InputMethodManager interaction.,How to show soft-keyboard when edittext is focused,Android: How to open keyboard for editing EditText when click button?
text:KU:android.content.Context:TEXT-0217,text:KU:android.text.InputType:TEXT-0009,contrasts_with,,llm_quote_grounded,"The left KU focuses on automatically showing the keyboard upon focus, while the right KU focuses on disabling the keyboard (keeping the cursor) for custom input scenarios.",Management of soft keyboard visibility relative to EditText state.,I want to automatically show the soft-keyboard when an `EditText` is focused,But I want to disable the `Keyboard` when users click on the `EditText`.
text:KU:android.content.Context:TEXT-0217,text:KU:android.view.View:TEXT-0039,task_related,,llm_quote_grounded,"Both KUs solve the problem of triggering the soft keyboard display for an EditText, differing in implementation strategy (custom view vs. event handler).",Programmatic control of InputMethodManager.showSoftInput.,How to show soft-keyboard when edittext is focused,Android: How to open keyboard for editing EditText when click button?
text:KU:android.content.Context:TEXT-0217,text:KU:android.view.View:TEXT-0090,complements,,llm_quote_grounded,"The left KU handles showing the keyboard on focus, while the right KU provides a solution for clearing focus (and implicitly hiding the keyboard) when touching outside, completing the lifecycle management.",Full cycle of keyboard visibility synchronization with EditText focus state.,keep the keyboard sync with my `EditText` state (focused / not focused),The task is to make `EditText` lose focus when user touches something outside of it.
text:KU:android.content.Context:TEXT-0217,text:KU:android.view.View:TEXT-0110,task_related,,llm_quote_grounded,Both KUs address the task of automatically showing and hiding the soft keyboard in sync with EditText focus state.,Android UI interaction involving EditText and InputMethodManager,How to show soft-keyboard when edittext is focused,Android: show soft keyboard automatically when focus is on an EditText
text:KU:android.content.Context:TEXT-0217,text:KU:android.view.View:TEXT-0160,task_related,,llm_quote_grounded,Both KUs discuss programmatically managing the visibility of the soft keyboard relative to EditText focus events.,Android input method management for text fields,I want to automatically show the soft-keyboard when an `EditText` is focused,I have one edit text and i want to set focus on it once a button is clicked and after editing my status when enter or done is pressed for soft keyboard i want to remove focus again
text:KU:android.content.Context:TEXT-0217,text:KU:android.view.View:TEXT-0185,task_related,,llm_quote_grounded,"Both KUs involve handling EditText focus changes, specifically dealing with the side effects of the soft keyboard appearing (syncing state vs scrolling view).",Android EditText focus listeners and keyboard interactions,keep the keyboard sync with my `EditText` state (focused / not focused),When I click my edittext; keyboard opened and scrollview scrolled to top at the same time
text:KU:android.content.Context:TEXT-0217,text:KU:android.view.View:TEXT-0198,task_related,,llm_quote_grounded,Both KUs deal with controlling the soft keyboard's visibility based on user interaction with text input views (EditText/AutoCompleteTextView).,Android InputMethodManager usage for showing/hiding keyboards,"inputMethodManager.showSoftInput(editText, InputMethodManager.SHOW_FORCED)","in.hideSoftInputFromWindow(v.getWindowToken(), 0)"
text:KU:android.content.Context:TEXT-0217,text:KU:android.view.View:TEXT-0201,task_related,,llm_quote_grounded,Both KUs address the issue of custom EditText subclasses failing to trigger the soft keyboard automatically upon focus/touch.,Custom EditText implementation and keyboard triggering,You can also create a custom extension of the EditText that knows to open the soft keyboard when it receives focus.,Custom EditText is not showing keyboard on focus
text:KU:android.content.Context:TEXT-0217,text:KU:android.view.View:TEXT-0208,task_related,,llm_quote_grounded,Both KUs involve using InputMethodManager to explicitly control the soft keyboard's appearance in relation to EditText focus states.,Programmatic keyboard visibility control,"inputMethodManager.showSoftInput(self, InputMethodManager.SHOW_FORCED)","imm.showSoftInput(v, 0)"
text:KU:android.content.Context:TEXT-0221,text:KU:android.view.View:TEXT-0147,complements,,llm_quote_grounded,"The left KU demonstrates a specific implementation of using Context within an OnClickListener, while the right KU provides general best practices and alternatives for passing Context in that same scenario.",Usage of Context inside View.OnClickListener implementations.,textView.setOnClickListener(new View.OnClickListener() { @Override public void onClick(View view) { ClipboardManager cm = (ClipboardManager)context.getSystemService(Context.CLIPBOARD_SERVICE);,"Because this cannot be applied (because of the View.OnClickListener()). someButton = (Button) findViewById(R.id.someButton); someButton.setOnClickListener(new View.OnClickListener() { @Override public void onClick(View v) { Toast.makeText(mContext, mContext.getString(R.string.warning), Toast.LENGTH_LONG).show(); } }); You can use `this` instead. Even in an OnClickListener or other subclasses you use `ActivityName.this`"
text:KU:android.widget.TextView:TEXT-0021,text:KU:android.content.Context:TEXT-0247,complements,,llm_quote_grounded,"The right KU provides a working code snippet for drawing rotated text that correctly handles color by calling `setCurrentTextColor()`, which addresses the specific bug described in the left KU where custom drawing ignored XML-specified colors.","When implementing custom TextView subclasses with manual canvas rotation and drawing, specifically to ensure text color attributes from XML are respected.","TextPaint textPaint = getPaint();
 textPaint.setColor(getCurrentTextColor());","I'm specifying both the text color (blue) and the text style (italic), but only the style is applied, as the text is printed in black."
text:KU:android.content.Context:TEXT-0247,text:KU:android.widget.TextView:TEXT-0240,complements,,llm_quote_grounded,"The right KU provides a robust implementation of VerticalTextView that correctly handles text color and gravity, addressing the specific bug (color not applying) described in the left KU.",Implementing vertical text views in Android where standard XML attributes like textColor are ignored by custom onDraw implementations.,"I'm specifying both the text color (blue) and the text style (italic), but only the style is applied, as the text is printed in black.","TextPaint textPaint = getPaint();
		textPaint.setColor(getCurrentTextColor());"
text:KU:android.content.Intent:TEXT-0046,text:KU:android.content.Intent:TEXT-0051,task_related,,llm_quote_grounded,"Both KUs address the challenge of communicating from a BroadcastReceiver to other components (Activity or Service) using Intents and Context, specifically dealing with lifecycle and initialization issues.",Android application development involving BroadcastReceivers and component communication.,Call activity method from broadcast receiver android?,Starting a service on android platform
text:KU:android.content.Intent:TEXT-0046,text:KU:android.content.Intent:TEXT-0057,task_related,,llm_quote_grounded,"Both KUs deal with obtaining the correct Context to perform actions like calling methods or starting activities/services, often facing restrictions in non-Activity contexts (Receiver/Dialog).",Android Context usage in non-Activity components.,How can I get activity context in reciever to call my method??,How can I get the context to set it as first argument of my Intent constructor?
text:KU:android.content.Intent:TEXT-0046,text:KU:android.content.Intent:TEXT-0062,task_related,,llm_quote_grounded,"Both KUs involve starting services or interacting with background components via Intents from different entry points (Receiver vs Activity), highlighting the use of `startService` and Intent construction.",Android Service initiation and Intent usage.,"registerReceiver(smsReceiver, portIntentFilter);","Intent svc=new Intent(this, BackgroundSoundService.class); startService(svc);"
text:KU:android.content.Intent:TEXT-0046,text:KU:android.content.Intent:TEXT-0067,task_related,,llm_quote_grounded,"Both KUs discuss managing background tasks and communication between components (Receiver/Service) using Intents, focusing on lifecycle events and data passing.",Android Service and Receiver interaction patterns.,Call activity method from broadcast receiver android?,Android location updates in a Service
text:KU:android.content.Intent:TEXT-0046,text:KU:android.content.Intent:TEXT-0117,constrains,,llm_quote_grounded,"The right KU explains that system services cannot be accessed before `onCreate`, which constrains how one might attempt to interact with services or contexts from a receiver as discussed in the left KU.",Initialization order of Android Services and access to System Services.,((VerifyActivity)context).msgReceived(msg);,The call to `getSystemService(...)` will not work before `onCreate()` is called by the Android framework.
text:KU:android.content.Intent:TEXT-0051,text:KU:android.content.Intent:TEXT-0062,task_related,,llm_quote_grounded,"Both KUs demonstrate the pattern of starting an Android Service using an Intent and implementing its lifecycle methods (onCreate, onStartCommand).",Android service initialization via startService(Intent),"Intent newinIntent = new Intent(context, service.class); context.startService(newinIntent);","Intent svc=new Intent(this, BackgroundSoundService.class); startService(svc);"
text:KU:android.content.Intent:TEXT-0051,text:KU:android.content.Intent:TEXT-0067,task_related,,llm_quote_grounded,Both KUs involve creating a background Service in Android that is started via an Intent and implements onStartCommand.,Android Service implementation with Intent-based startup,"public int onStartCommand(Intent intent, int flags, int startId) { Toast.makeText(this, ""onStartCommand..."", Toast.LENGTH_LONG).show(); return 1; }","public int onStartCommand(final Intent intent, final int flags, final int startId) { super.onStartCommand(intent, flags, startId); return Service.START_STICKY; }"
text:KU:android.content.Intent:TEXT-0051,text:KU:android.content.Intent:TEXT-0117,constrains,,llm_quote_grounded,"The right KU explains that calling getSystemService on a manually instantiated Service object fails because the framework hasn't initialized it, constraining how services must be accessed compared to the standard startService flow shown in the left KU.",Service instantiation and system service access in Android,context.startService(newinIntent);,"You're simply calling `(new TMLService()).ManageIncomingCall(incomingNumber)`, which doesn't allow Android to initialize your service, which is the root cause of this NPE."
text:KU:android.content.Intent:TEXT-0051,text:KU:android.content.Intent:TEXT-0178,contrasts_with,,llm_quote_grounded,"The left KU shows a basic service start returning 1 from onStartCommand, while the right KU discusses the failure of START_STICKY behavior on newer Android versions, contrasting simple service usage with complex lifecycle management issues.",Android Service lifecycle stability and restart behavior,"public int onStartCommand(Intent intent, int flags, int startId) { Toast.makeText(this, ""onStartCommand..."", Toast.LENGTH_LONG).show(); return 1; }",One of my apps has a backgrouod service that uses the `START_STICKY` return code from `onStartCommand` to automatically restart when the system kills it. It seems that this is no longer working on Android KitKat.
text:KU:android.content.Intent:TEXT-0202,text:KU:android.content.Intent:TEXT-0051,constrains,,llm_quote_grounded,"TEXT-0202 identifies a specific configuration error (leading period in manifest service name) that prevents the Intent from resolving, which is a prerequisite for the successful execution of startService described in TEXT-0051.",When defining services in AndroidManifest.xml and starting them via Intent.,Solved I deleted the period in the beginning of the package name in the manifest and it worked,I am starting a service using startService(Intent intent) method.
text:KU:android.content.Intent:TEXT-0203,text:KU:android.content.Intent:TEXT-0051,contrasts_with,,llm_quote_grounded,"TEXT-0203 demonstrates bidirectional communication between Activity and Service using bindService and callbacks, whereas TEXT-0051 focuses on unidirectional service initiation via startService from a BroadcastReceiver without binding or direct interaction.",Android Service lifecycle and inter-component communication patterns.,I have implemented communication between Activity and Service using Bind and Callbacks interface.,I am starting a service using startService(Intent intent) method.
text:KU:android.content.Intent:TEXT-0243,text:KU:android.content.Intent:TEXT-0051,complements,,llm_quote_grounded,"TEXT-0243 provides the basic steps to create and start a service, which complements the troubleshooting context in TEXT-0051 where a user attempts to start a service but encounters issues with onStartCommand not being called.",Basic service creation and startup procedures in Android.,"To start the service: From an activity's onCreate method (or a broadcast receiver's onReceive method): Intent i = new Intent(context, MyService.class); context.startService(i);",I am starting a service using startService(Intent intent) method. When i call this function it reaches the onCreate of service but it is unable to call onStartCommand.
text:KU:android.view.View:TEXT-0011,text:KU:android.content.Intent:TEXT-0051,task_related,,llm_quote_grounded,"Both KUs address the management of Android Service lifecycles, specifically focusing on how services are started, bound, and destroyed, though TEXT-0011 deals with bound services and TEXT-0051 with started services.",Android Service lifecycle management (start vs bind).,"A service will shut down after all `bindService()` calls have had their corresponding `unbindService()` calls. If there are no bound clients, then the service will also need stopService() if and only if somebody called startService() on the service.",I am starting a service using startService(Intent intent) method.
text:KU:android.content.Intent:TEXT-0057,text:KU:android.content.Intent:TEXT-0062,task_related,,llm_quote_grounded,Both KUs demonstrate the use of `Intent` to trigger Android components (Activity vs Service) via context-aware methods (`startActivity` vs `startService`).,General usage of Intent for component launching in Android.,"Intent i = new Intent(getContext(), ItemSelection.class); startActivity(i);","Intent svc=new Intent(this, BackgroundSoundService.class); startService(svc);"
text:KU:android.content.Intent:TEXT-0057,text:KU:android.content.Intent:TEXT-0069,task_related,,llm_quote_grounded,Both KUs illustrate creating an `Intent` with a specific Context and target class to launch an Activity or perform an action within the application lifecycle.,Intent construction and activity launching.,"Intent intent = new Intent(RegistrationActivity.this, RegistrationActivity.class); startActivity(intent);",Intent intent = new Intent(Settings.ACTION_LOCATION_SOURCE_SETTINGS); mContext.startActivity(intent);
text:KU:android.content.Intent:TEXT-0057,text:KU:android.content.Intent:TEXT-0085,complements,,llm_quote_grounded,TEXT-0085 provides a solution for obtaining the correct Context (`mContext = this`) which is required by TEXT-0057 to successfully instantiate an Intent when `getContext()` is unavailable or undefined in certain scopes.,Resolving Context availability for Intent creation.,"I can create the intent using `getContext()`, but I can't call `startActivity`. Shall I pass the activity calling the dialog to the dialog's constructor?",In your activity class do Context mContext; In your onCreate() do mContext = this
text:KU:android.content.Intent:TEXT-0057,text:KU:android.content.Intent:TEXT-0096,contrasts_with,,llm_quote_grounded,"TEXT-0057 focuses on explicit Intents targeting a specific local Activity class, whereas TEXT-0096 uses an implicit Intent with a system Action (`RecognizerIntent.ACTION_RECOGNIZE_SPEECH`) that may fail if no handler exists.",Explicit vs Implicit Intent usage and failure modes.,"Intent i = new Intent(getContext(), ItemSelection.class);",Intent intent = new Intent( RecognizerIntent.ACTION_RECOGNIZE_SPEECH);
text:KU:android.content.Intent:TEXT-0057,text:KU:android.view.View:TEXT-0012,task_related,,llm_quote_grounded,Both KUs address the task of triggering navigation to a new Activity via user interaction (clicking a dialog button vs. clicking text in a TextView).,Android UI event handling leading to activity launch.,start a new activity when OK is clicked,"when user clicks on each id, it will open a separate activity corresponding to this id"
text:KU:android.content.Intent:TEXT-0057,text:KU:android.view.View:TEXT-0184,task_related,,llm_quote_grounded,"Both KUs address the task of navigating between activities or UI components using Intents and startActivity, specifically in the context of user interaction (clicking buttons/menu items).",Android Activity Navigation via Intent,"Intent intent = new Intent(RegistrationActivity.this, RegistrationActivity.class); startActivity(intent);","Intent intent= new Intent(this,CustomSetting.class); startActivity(intent);"
text:KU:android.content.Intent:TEXT-0057,text:KU:android.view.View:TEXT-0219,complements,,llm_quote_grounded,"The left KU provides a working example of creating an AlertDialog with an OnClickListener that starts an activity. The right KU discusses the common pitfall of passing Context incorrectly to AlertDialog.Builder from non-Activity classes, which complements the left KU's correct usage pattern.",AlertDialog Construction and Context Handling,AlertDialog.Builder dialog = new AlertDialog.Builder(RegistrationActivity.this);,new AlertDialog.Builder(context) .setMessage(filepath)
text:KU:android.content.Intent:TEXT-0057,text:KU:android.view.View:TEXT-0245,contrasts_with,,llm_quote_grounded,"The left KU suggests using AlertDialog.Builder to handle clicks and start activities, while the right KU provides a solution for custom Dialogs by passing an Activity reference to call startActivity on it.",Starting an activity from within a dialog context in Android.,I suggest you use this. It makes it so simple: AlertDialog.Builder dialog = new AlertDialog.Builder(RegistrationActivity.this);,public CustomDialog(Activity activity) { super(activity); mActivity = activity;
text:KU:android.widget.TextView:TEXT-0084,text:KU:android.content.Intent:TEXT-0057,complements,,llm_quote_grounded,"The right KU explains how to obtain a Context (via getContext() or Activity reference), which is required as the first argument for the Intent constructor used in the left KU's code examples.",Providing the necessary Context object for creating an Intent.,"You can get the context by invoking `getApplicationContext()`, `getContext()`, `getBaseContext()` or `this`","Intent i = new Intent(getContext(), ItemSelection.class);"
text:KU:android.widget.TextView:TEXT-0261,text:KU:android.content.Intent:TEXT-0057,complements,,llm_quote_grounded,"The right KU provides a specific implementation pattern for starting an Activity from a TextView click listener, which complements the general problem of starting activities from UI components discussed in the left KU.",When handling clicks on TextViews within a ListView to navigate to new Activities.,"Intent intent = new Intent(MainActivity.this, YourTargetActivity.class); startActivity(intent);",How to start an activity from a dialog in Android
text:KU:android.content.Intent:TEXT-0062,text:KU:android.content.Intent:TEXT-0067,task_related,,llm_quote_grounded,"Both KUs address the task of managing background services in Android, specifically using Intents to start and interact with Service components.",Android application development involving long-running background tasks (music playback vs location tracking).,"Intent svc=new Intent(this, BackgroundSoundService.class); startService(svc);",public class LocationService extends Service
text:KU:android.content.Intent:TEXT-0062,text:KU:android.content.Intent:TEXT-0148,contrasts_with,,llm_quote_grounded,"The left KU demonstrates a long-running background music service using `Service` and `startService`, while the right KU explains that `IntentService` is for 'fire and forget' operations, contrasting the appropriate use cases for these two service types.",Comparison of Service vs IntentService usage patterns in Android.,public class BackgroundSoundService extends Service,"while an IntentService is useful for ""fire and forget"" operations"
text:KU:android.content.Intent:TEXT-0062,text:KU:android.content.Intent:TEXT-0202,task_related,,llm_quote_grounded,"Both KUs address the task of starting a background service using an Intent. The left KU provides a working example of `startService(svc)`, while the right KU discusses troubleshooting common errors (like package name mismatches) when calling `startService(intent)`.",Starting Android Services via Intent.,"Intent svc=new Intent(this, BackgroundSoundService.class); startService(svc);","Intent intent = new Intent(this, MoodyService.class); this.startService(intent);"
text:KU:android.content.Intent:TEXT-0062,text:KU:android.content.Intent:TEXT-0203,complements,,llm_quote_grounded,"The left KU shows how to start a service for background music but lacks communication mechanisms. The right KU complements this by providing a detailed implementation of bidirectional communication between an Activity and a Service using Binders and Callbacks, which is often needed for controlling such services.",Implementing Activity-Service communication for background tasks.,"I want to play background music, and I want to use service for that.",I have implemented communication between Activity and Service using Bind and Callbacks interface.
text:KU:android.content.Intent:TEXT-0062,text:KU:android.content.Intent:TEXT-0243,task_related,,llm_quote_grounded,"Both KUs describe the process of creating and starting a background service in Android using Intents. The left KU provides a specific code example for a music service, while the right KU gives general steps for creating any service and starting it with `context.startService(i)`.",General procedure for implementing Android Services.,"Intent svc=new Intent(this, BackgroundSoundService.class); startService(svc);","Intent i = new Intent(context, MyService.class); context.startService(i);"
text:KU:android.content.Intent:TEXT-0067,text:KU:android.content.Intent:TEXT-0069,task_related,,llm_quote_grounded,"Both KUs address the implementation of background location tracking services in Android, with TEXT-0067 focusing on service lifecycle management and TEXT-0069 providing a concrete GPSTracker service implementation.",Android background services for location updates,When my application starts I want to start a Service which should check my location,I am using Service class to get the current location latitude and longitude in my application.
text:KU:android.content.Intent:TEXT-0067,text:KU:android.content.Intent:TEXT-0178,constrains,,llm_quote_grounded,"TEXT-0178 identifies a specific bug/limitation where START_STICKY (used in TEXT-0067) fails to keep services alive on KitKat when triggered by broadcasts, constraining the reliability of the service pattern shown in TEXT-0067.",Service persistence on Android KitKat with broadcast triggers,return Service.START_STICKY;,One of my apps has a backgrouod service that uses the `START_STICKY` return code from `onStartCommand` to automatically restart when the system kills it. It seems that this is no longer working on Android KitKat.
text:KU:android.content.Intent:TEXT-0067,text:KU:android.content.Intent:TEXT-0202,task_related,,llm_quote_grounded,"Both KUs address the task of starting and managing an Android Service using Intent, with TEXT-0067 providing implementation code and TEXT-0202 troubleshooting a specific 'not found' error related to Intent configuration.",Android Service lifecycle management via Intent,When my application starts I want to start a Service which should check my location,Unable to start service Intent: not found
text:KU:android.content.Intent:TEXT-0067,text:KU:android.content.Intent:TEXT-0203,complements,,llm_quote_grounded,"TEXT-0067 demonstrates a background Service that communicates results via Broadcast Intents (sendBroadcast), while TEXT-0203 provides a complementary pattern for direct Activity-Service communication using Bound Services and IBinder, addressing the limitation of one-way broadcast communication.",Communication patterns between Android Components (Activity/Service),sendBroadcast(intent);,I have implemented communication between Activity and Service using Bind and Callbacks interface.
text:KU:android.content.Intent:TEXT-0067,text:KU:android.content.Intent:TEXT-0243,task_related,,llm_quote_grounded,"Both KUs focus on the task of creating and starting an Android Service. TEXT-0067 provides a complex example with location logic, while TEXT-0243 offers basic steps for service creation and starting it via Intent.",Basic Android Service creation and invocation,How should my Service which checks for my location look like?,what I dunno is how to create a service nor how to connect to it whatsoever.
text:KU:android.content.Intent:TEXT-0075,text:KU:android.content.Intent:TEXT-0105,complements,,llm_quote_grounded,"The first KU introduces the concept of coercing clipboard data to text, and the second KU provides the specific implementation details and behavior of that coercion.",Clipboard framework usage where non-text data needs to be pasted as text.,"To do this, you can force the clipboard data into a text representation, and then paste this text. This is described in the section Coercing the clipboard to text.","### Coercing the clipboard data to text Even if your application only handles text, you can copy non-text data from the clipboard by converting it with the method `ClipData.Item.coerceToText()`."
text:KU:android.content.Intent:TEXT-0266,text:KU:android.content.Intent:TEXT-0075,complements,,llm_quote_grounded,"TEXT-0266 provides the specific API classes (ClipData, ClipDescription) and structural details that implement the general clipboard framework concepts described in TEXT-0075.",Android Clipboard Framework implementation details,"To add data to the clipboard, you create a `ClipData` object that contains both a description of the data and the data itself.","When you use the clipboard framework, you put data into a clip object, and then put the clip object on the system-wide clipboard."
text:KU:android.net.Uri:TEXT-0164,text:KU:android.content.Intent:TEXT-0075,complements,,llm_quote_grounded,"TEXT-0164 details the `Uri` component within `ClipData.Item`, complementing the high-level description of URI-based clipboard operations in TEXT-0075.",Handling URIs in Android Clipboard,"URI A `Uri`. This usually contains a content provider URI, although any URI is allowed. The application that provides the data puts the URI on the clipboard.","URI A `Uri` object representing any form of URI. This is primarily for copying complex data from a content provider. To copy data, you put a `Uri` object into a clip object and put the clip object onto the clipboard."
text:KU:android.content.Intent:TEXT-0085,text:KU:android.view.View:TEXT-0245,task_related,,llm_quote_grounded,"Both KUs address the task of launching a new Activity using an Intent, specifically dealing with obtaining the correct Context to pass to the Intent constructor.",Android application development involving navigation between components via Intents and Context management.,"Intent myIntent = new Intent(this.getContext(), AddStocksActivity.class); startActivityForResult(myIntent, 0);","Intent i = new Intent(getContext(), ItemSelection.class); startActivity(i);"
text:KU:android.content.Intent:TEXT-0105,text:KU:android.content.Intent:TEXT-0266,complements,,llm_quote_grounded,"TEXT-0105 describes how to coerce clipboard data (including Intents) to text, while TEXT-0266 defines the structure of ClipData and its items, including Intent data.",Clipboard framework operations involving Intent data,"Intent If `ClipData.Item` is an Intent ( `getIntent()` is not null), `coerceToText()` converts it to an Intent URI and returns it.",Intent An `Intent`. This data type allows you to copy an application shortcut to the clipboard.
text:KU:android.content.Intent:TEXT-0105,text:KU:android.net.Uri:TEXT-0164,complements,,llm_quote_grounded,"TEXT-0105 explains coercing Intent data in ClipData.Item to text, while TEXT-0164 defines ClipData.Item's ability to hold Intent data.",Handling Intent data within the clipboard framework,"Intent If `ClipData.Item` is an Intent ( `getIntent()` is not null), `coerceToText()` converts it to an Intent URI and returns it.",Intent An `Intent`. This data type allows you to copy an application shortcut to the clipboard.
text:KU:android.content.Intent:TEXT-0105,text:KU:android.net.Uri:TEXT-0210,complements,,llm_quote_grounded,"TEXT-0105 details the coercion of Intent data from the clipboard, while TEXT-0210 provides the general overview of the clipboard framework where Intent is one of the three clip forms.",Clipboard framework usage with Intent objects,"Intent If `ClipData.Item` is an Intent ( `getIntent()` is not null), `coerceToText()` converts it to an Intent URI and returns it.","Intent An `Intent`. This supports copying application shortcuts. To copy data, you create an Intent, put it into a clip object, and put the clip object onto the clipboard."
text:KU:android.content.Intent:TEXT-0117,text:KU:android.content.Intent:TEXT-0148,task_related,,llm_quote_grounded,"TEXT-0117 discusses using IntentService for background tasks like silencing a ringer, while TEXT-0148 defines the difference between Service and IntentService, supporting the choice made in TEXT-0117.",Android service implementation patterns,I've heard that IntentService is an easier way to do stuff in a service without the complexity of AIDL.,"In short, a Service is a broader implementation for the developer to set up background operations, while an IntentService is useful for ""fire and forget"" operations"
text:KU:android.content.Intent:TEXT-0148,text:KU:android.content.Intent:TEXT-0202,constrains,,llm_quote_grounded,The general definition of how clients send requests to a Service via startService(Intent) is constrained by the specific manifest configuration requirements (package naming) needed for that Intent resolution to succeed.,When declaring services in AndroidManifest.xml and starting them via Intent.,Clients send requests through `startService(Intent)` calls,Solved I deleted the period in the beginning of the package name in the manifest and it worked
text:KU:android.content.Intent:TEXT-0148,text:KU:android.content.Intent:TEXT-0243,complements,,llm_quote_grounded,The conceptual distinction between Service and IntentService is complemented by practical implementation steps for creating and starting a standard Service using an Intent.,Implementing background services in Android applications.,"In short, a Service is a broader implementation for the developer to set up background operations","Intent i = new Intent(context, MyService.class); context.startService(i);"
text:KU:android.content.Intent:TEXT-0178,text:KU:android.content.Intent:TEXT-0202,task_related,,llm_quote_grounded,"Both KUs address issues related to starting and maintaining Android Services, specifically involving `START_STICKY` behavior and service lifecycle management.",Android Service lifecycle and startup configuration,One of my apps has a backgrouod service that uses the `START_STICKY` return code from `onStartCommand`,Unable to start service Intent { act=.connections.MoodyService } U=0: not found
text:KU:android.content.Intent:TEXT-0178,text:KU:android.content.Intent:TEXT-0203,task_related,,llm_quote_grounded,"Both KUs discuss strategies for managing background services in Android, with TEXT-0178 focusing on keeping a service alive via START_STICKY/foreground flags and TEXT-0203 focusing on communication between an Activity and a running Service.",Android Service implementation and lifecycle,One of my apps has a backgrouod service that uses the `START_STICKY` return code from `onStartCommand`,I wanted to separate GUI and music playing classes. I want to put music managing part in Service
text:KU:android.content.Intent:TEXT-0178,text:KU:android.content.Intent:TEXT-0243,complements,,llm_quote_grounded,"TEXT-0243 provides basic instructions on how to create and start a service using an Intent, which complements the advanced troubleshooting in TEXT-0178 regarding why a started service might fail to persist or restart correctly.",Basic service creation vs. advanced service persistence issues,One of my apps has a backgrouod service that uses the `START_STICKY` return code from `onStartCommand`,"To start the service: From an activity's onCreate method (or a broadcast receiver's onReceive method): Intent i = new Intent(context, MyService.class); context.startService(i);"
text:KU:android.content.Intent:TEXT-0194,text:KU:android.content.Intent:TEXT-0203,contrasts_with,,llm_quote_grounded,"The left KU demonstrates a failed attempt to communicate from a BroadcastReceiver to an Activity by instantiating the Activity directly, while the right KU provides a correct pattern for Activity-Service communication using binding and callbacks.",Communication patterns between Android components (Activity vs Service/BroadcastReceiver),You create a new `smsShower` on the second line within the function but that is no guarantee that it's the same Activity that was previously started.,I have implemented communication between Activity and Service using Bind and Callbacks interface.
text:KU:android.content.Intent:TEXT-0194,text:KU:android.view.View:TEXT-0099,task_related,,llm_quote_grounded,"Both KUs address the issue of attempting to access or modify UI elements (TextView/EditText) at an incorrect lifecycle stage, leading to null pointers or empty values.",Android Activity lifecycle and UI initialization timing,"the Textview which i am trying to setText on, is getting me a Nullpointer",You get nothing from the `EditText` because you're examining its contents right after it's created.
text:KU:android.content.Intent:TEXT-0194,text:KU:android.widget.TextView:TEXT-0263,task_related,,llm_quote_grounded,Both KUs address the task of updating a TextView's text and encountering NullPointerExceptions due to incorrect view reference retrieval.,"Android UI development, specifically setting text on TextViews within Activity contexts.","the Textview which i am trying to setText on, is getting me a Nullpointer",java.lang.NullPointerException: Attempt to invoke virtual method 'void android.widget.TextView.setText(java.lang.CharSequence)' on a null object reference
text:KU:android.content.Intent:TEXT-0202,text:KU:android.content.Intent:TEXT-0243,complements,,llm_quote_grounded,"TEXT-0243 provides the standard, correct method for creating and starting a service using an Intent with a class reference, which complements TEXT-0202's troubleshooting of a failed attempt using a string action.",When implementing or debugging service startup via Intent in Android.,"Intent intent = new Intent(this, MoodyService.class); this.startService(intent);","Intent i = new Intent(context, MyService.class); context.startService(i);"
text:KU:android.content.Intent:TEXT-0211,text:KU:android.content.Intent:TEXT-0243,complements,,llm_quote_grounded,"The left KU provides the manifest declaration and intent filter required for a specific type of service (IME), while the right KU provides the general code implementation for creating and starting a service.",Android Service lifecycle and setup,"<service android:name=""FastInputIME"" android:label=""@string/fast_input_label"" android:permission=""android.permission.BIND_INPUT_METHOD"">","Intent i = new Intent(context, MyService.class); context.startService(i);"
text:KU:android.content.Intent:TEXT-0211,text:KU:android.inputmethodservice.InputMethodService:TEXT-0267,constrains,,llm_quote_grounded,"The left KU specifies that an IME application must declare a service in the manifest with specific permissions and intent filters, which constrains how the InputMethodService described in the right KU is registered and exposed to the system.",IME Service Declaration,"The application's manifest file must declare the service, request the necessary permissions, provide an intent filter that matches the action `action.view.InputMethod`","The central part of an IME is a service component, a class that extends `InputMethodService`."
text:KU:android.content.Intent:TEXT-0211,text:KU:android.inputmethodservice.KeyboardView:TEXT-0239,task_related,,llm_quote_grounded,"Both KUs are part of the process of implementing an Input Method Editor (IME). The left KU covers the manifest configuration for the IME service, while the right KU describes the UI component (KeyboardView) used within that service.",IME Implementation,"In the Android system, an IME is an Android application that contains a special IME service.",`KeyboardView` An extension of `View` that renders a keyboard and responds to user input events.
text:KU:android.content.Intent:TEXT-0211,text:KU:android.view.KeyEvent:TEXT-0141,task_related,,llm_quote_grounded,"Both KUs relate to the implementation of an Input Method Editor (IME). The left KU defines the service structure, while the right KU identifies KeyEvent as important for handling input within that service.",IME Input Handling,"In the Android system, an IME is an Android application that contains a special IME service.",The `KeyEvent` class is important for handling keyboard characters.
text:KU:android.content.Intent:TEXT-0211,text:KU:android.view.View:TEXT-0188,task_related,,llm_quote_grounded,"Both KUs describe different aspects of implementing an Input Method Editor (IME): one covers manifest declaration and intent filters, the other covers the service class structure and UI components.",Android IME development,"In the Android system, an IME is an Android application that contains a special IME service.","The central part of an IME is a service component, a class that extends `InputMethodService`."
text:KU:android.content.Intent:TEXT-0211,text:KU:android.view.inputmethod.BaseInputConnection:TEXT-0050,task_related,,llm_quote_grounded,"Both KUs are part of the workflow for creating an Android IME. The first defines how to declare the IME in the manifest, while the second describes the core classes (`BaseInputConnection`) used within the IME implementation.",Android IME development,"In the Android system, an IME is an Android application that contains a special IME service.",Classes specific to IMEs are found in the `android.inputmethodservice` and `android.view.inputmethod` packages.
text:KU:android.content.Intent:TEXT-0211,text:KU:android.view.inputmethod.InputMethod:TEXT-0107,task_related,,llm_quote_grounded,"Both KUs address the creation of an Input Method Editor (IME). One focuses on the manifest configuration required to register the IME, while the other details the API classes involved in the IME's runtime behavior.",Android IME development,"In the Android system, an IME is an Android application that contains a special IME service.",Classes specific to IMEs are found in the `android.inputmethodservice` and `android.view.inputmethod` packages.
text:KU:android.content.Intent:TEXT-0223,text:KU:android.view.View:TEXT-0012,task_related,,llm_quote_grounded,"Both KUs involve navigating between Activities using Intents triggered by user interactions with Views. The first validates input before starting an Activity, while the second makes text clickable to start separate Activities.",Android UI navigation via Intent,"Intent i = new Intent(getApplicationContext(), Login.class); startActivity(i);",This will allow you to make each of the ID's clickable where each one goes to a separate `Activity` if that's what you want
text:KU:android.content.Intent:TEXT-0223,text:KU:android.view.View:TEXT-0058,task_related,,llm_quote_grounded,Both KUs address the task of validating user input in an EditText field before proceeding with a subsequent action (navigation or calculation).,Android UI development involving form validation.,"I have validation for `editText`. If the `editText` field is empty it should fail validation and stop the user moving on to another `Activity`, as a value is required.",Display Validation Message I have an XML layout file that contains an `EditText` and a `Button`. I would like to display the following validation message to provide feedback to the user
text:KU:android.content.Intent:TEXT-0223,text:KU:android.view.View:TEXT-0245,complements,,llm_quote_grounded,"The left KU provides the logic for conditional navigation using Intent, while the right KU addresses a specific implementation detail (context handling) required to successfully call startActivity from a non-Activity context like a Dialog.",When starting an Activity via Intent from within a custom View or Dialog component.,"Intent i = new Intent(getApplicationContext(), Login.class); startActivity(i);",The method startActivity(Intent) is undefined for the type CustomDialog
text:KU:android.inputmethodservice.InputMethodService:TEXT-0267,text:KU:android.inputmethodservice.Keyboard:TEXT-0070,complements,,llm_quote_grounded,"The InputMethodService documentation describes the Keyboard class as a component for defining layouts, while the Keyboard KU provides specific implementation details on handling keyboard actions (like 'Next') and focus movement within an IME context.",Implementation of custom Input Method Editors (IMEs) involving keyboard layout definition and action handling.,"The keyboard layout is specified by an instance of `Keyboard`, which you can define in an XML file.",You can use `android:imeOptions` for handling that extra button on your keyboard.
text:KU:android.inputmethodservice.InputMethodService:TEXT-0267,text:KU:android.view.KeyEvent:TEXT-0254,task_related,,llm_quote_grounded,"Both KUs address the handling of keyboard input events within the Android text/input method ecosystem. The left KU identifies KeyEvent as important for IMEs, while the right KU demonstrates using KeyEvent in an editor action listener to handle soft keyboard interactions.",Handling user input via keyboard events in text fields and IMEs.,The `KeyEvent` class is important for handling keyboard characters.,"public boolean onEditorAction(TextView v, int actionId, KeyEvent event)"
text:KU:android.inputmethodservice.InputMethodService:TEXT-0267,text:KU:android.view.View:TEXT-0130,task_related,,llm_quote_grounded,"Both KUs relate to managing focus and interaction between UI components and the Input Method Editor (IME). The left KU describes IME communication with the focused field, while the right KU details how to manage focus movement between views (EditTexts) triggered by IME actions.",Focus management and IME integration in Android UI.,delivering text to the field that currently has focus,"To get a particular view to take focus, call view.requestFocus()"
text:KU:android.inputmethodservice.InputMethodService:TEXT-0267,text:KU:java.lang.CharSequence:TEXT-0238,complements,,llm_quote_grounded,"The left KU introduces BaseInputConnection as the channel for IME-to-app communication, while the right KU provides specific implementation details for methods within BaseInputConnection that return or accept CharSequence objects for text manipulation.",Implementation of text editing operations via BaseInputConnection.,`BaseInputConnection` Defines the communication channel from an `InputMethod` back to the application that is receiving its input.,some of the more useful methods in `BaseInputConnection` are: `getTextBeforeCursor()` Returns a `CharSequence` containing the number of requested characters before the current cursor position.
text:KU:android.inputmethodservice.Keyboard:TEXT-0070,text:KU:android.inputmethodservice.Keyboard:TEXT-0127,task_related,,llm_quote_grounded,Both KUs address the management of focus and soft keyboard visibility for EditText fields in Android.,Handling user input interactions involving focus changes and keyboard display/hide logic.,"To get a particular view to take focus, call view.requestFocus()","InputEditText.requestFocus(); InputEditText.setFocusableInTouchMode(true); InputMethodManager imm = (InputMethodManager) getSystemService(Context.INPUT_METHOD_SERVICE); imm.showSoftInput(InputEditText, InputMethodManager.SHOW_FORCED);"
text:KU:android.text.InputType:TEXT-0009,text:KU:android.inputmethodservice.Keyboard:TEXT-0070,constrains,,llm_quote_grounded,"The right KU describes methods to disable or suppress the soft keyboard, which constrains the ability to use the IME options and focus navigation described in the left KU.",When an EditText is configured to not show the soft keyboard.,But I want to disable the `Keyboard` when users click on the `EditText`.,You can use `android:imeOptions` for handling that extra button on your keyboard.
text:KU:android.view.KeyEvent:TEXT-0190,text:KU:android.inputmethodservice.Keyboard:TEXT-0070,complements,,llm_quote_grounded,"The right KU provides specific implementation details for handling IME actions (like 'Next' or 'Done') using listeners, which complements the general description of imeOptions in the left KU.",Implementing custom behavior for keyboard action buttons.,"You will want to look at the `android:imeActionId` and `android:imeOptions` attributes, plus the `setOnEditorActionListener()` method",If you want to listen to imeoptions events use a `TextView.OnEditorActionListener`.
text:KU:android.inputmethodservice.Keyboard:TEXT-0070,text:KU:android.view.View:TEXT-0039,complements,,llm_quote_grounded,"The left KU provides the general mechanism for moving focus between EditTexts (using `requestFocus` and IME options), while the right KU demonstrates a specific implementation pattern where a button click triggers `requestFocus` and explicitly shows the soft keyboard, complementing the navigation logic.",Android UI interaction involving EditText focus management and soft keyboard visibility.,"To get a particular view to take focus, call view.requestFocus()","InputEditText.requestFocus(); InputEditText.setFocusableInTouchMode(true); InputMethodManager imm = (InputMethodManager) getSystemService(Context.INPUT_METHOD_SERVICE); imm.showSoftInput(InputEditText, InputMethodManager.SHOW_FORCED);"
text:KU:android.inputmethodservice.Keyboard:TEXT-0070,text:KU:android.view.View:TEXT-0081,constrains,,llm_quote_grounded,"The left KU assumes standard focus behavior where clicking an EditText allows input or moves focus. The right KU explains that EditTexts are focusable in touch mode, meaning the first click only sets focus (and potentially shows the keyboard) rather than triggering an OnClickListener immediately, constraining how developers must handle interactions described in the left KU.",Interaction patterns for EditText views regarding focus acquisition versus click events.,"When I press the 'Next', the focus on the User EditText must be move to the Password.","Unlike most other controls, `EditText`s are focusable while the system is in 'touch mode'. The first click event focuses the control, while the second click event actually fires the `OnClickListener`."
text:KU:android.inputmethodservice.Keyboard:TEXT-0070,text:KU:android.view.View:TEXT-0110,complements,,llm_quote_grounded,"The left KU details how to handle keyboard actions (like 'Next') to move focus. The right KU complements this by providing a solution to automatically show the soft keyboard when an EditText gains focus (e.g., in a dialog), which is often necessary for the flow described in the left KU to function smoothly without manual user intervention.",Automating soft keyboard visibility in response to focus changes.,"ActionNext : > the action key performs a ""next"" operation, taking the user to the next field that will accept text.","edittext.setOnFocusChangeListener(new View.OnFocusChangeListener() { @Override public void onFocusChange(View v, boolean hasFocus) { if (!hasFocus) { hideKeyboard(v); } } });"
text:KU:android.inputmethodservice.Keyboard:TEXT-0070,text:KU:android.view.View:TEXT-0146,task_related,,llm_quote_grounded,"Both KUs address configuring the behavior of the soft keyboard's action key (IME Options). The left KU uses `IME_ACTION_NEXT` for navigation, while the right KU suggests setting `IME_ACTION_NEXT` as part of a workaround to prevent newlines in single-line EditTexts, linking them through the shared task of customizing keyboard input behavior.",Configuring `imeOptions` to control keyboard action keys.,You can use `android:imeOptions` for handling that extra button on your keyboard.,You would also want to call `editText.setImeOptions(EditorInfo.IME_ACTION_NEXT)` to avoid showing the return key.
text:KU:android.inputmethodservice.Keyboard:TEXT-0070,text:KU:android.view.View:TEXT-0160,complements,,llm_quote_grounded,"The left KU explains moving focus programmatically (`requestFocus`). The right KU complements this by showing how to pair `requestFocus` with explicit `showSoftInput` calls to ensure the keyboard appears when focus is set programmatically, addressing a common gap in the basic focus movement logic.",Programmatic focus and keyboard visibility synchronization.,"To get a particular view to take focus, call view.requestFocus()","time_statusTV.requestFocus(); InputMethodManager imm = (InputMethodManager)this.getSystemService(Service.INPUT_METHOD_SERVICE); imm.showSoftInput( time_statusTV, 0);"
text:KU:android.inputmethodservice.Keyboard:TEXT-0070,text:KU:android.view.inputmethod.EditorInfo:TEXT-0149,task_related,,llm_quote_grounded,Both KUs address handling IME action events (Next/Done) on EditText fields using OnEditorActionListener and EditorInfo constants.,Handling soft keyboard action keys in Android applications.,"If you want to listen to imeoptions events use a `TextView.OnEditorActionListener`. editText.setOnEditorActionListener(new TextView.OnEditorActionListener() { @Override public boolean onEditorAction(TextView v, int actionId, KeyEvent event) { if (actionId == EditorInfo.IME_ACTION_SEARCH) { performSearch(); return true; } return false; } });","((EditText)findViewById(R.id.youredittext)).setOnEditorActionListener( new EditText.OnEditorActionListener() { @Override public boolean onEditorAction(TextView v, int actionId, KeyEvent event) { if (actionId == EditorInfo.IME_ACTION_SEARCH || actionId == EditorInfo.IME_ACTION_DONE || event.getAction() == KeyEvent.ACTION_DOWN && event.getKeyCode() == KeyEvent.KEYCODE_ENTER) { if (!event.isShiftPressed()) { // the user is done typing. return true; // consume. } } return false; // pass on to other listeners. } });"
text:KU:android.inputmethodservice.Keyboard:TEXT-0070,text:KU:android.view.inputmethod.InputConnection:TEXT-0244,complements,,llm_quote_grounded,"The left KU describes standard usage of IME actions (like Done/Next), while the right KU provides a workaround for cases where the platform restricts these actions (specifically for multi-line EditTexts), complementing the general guidance with specific edge-case handling.",Configuring IME options and action labels for EditText views.,You can use `android:imeOptions` for handling that extra button on your keyboard.,My solution is to subclass `EditText` and adjust the IME options after letting the platform configure them: @Override public InputConnection onCreateInputConnection(EditorInfo outAttrs) { InputConnection connection = super.onCreateInputConnection(outAttrs); int imeActions = outAttrs.imeOptions&EditorInfo.IME_MASK_ACTION; if ((imeActions&EditorInfo.IME_ACTION_DONE) != 0) { // clear the existing action outAttrs.imeOptions ^= imeActions; // set the DONE action outAttrs.imeOptions |= EditorInfo.IME_ACTION_DONE; } if ((outAttrs.imeOptions&EditorInfo.IME_FLAG_NO_ENTER_ACTION) != 0) { outAttrs.imeOptions &= ~EditorInfo.IME_FLAG_NO_ENTER_ACTION; } return connection; }
text:KU:android.inputmethodservice.Keyboard:TEXT-0070,text:KU:android.widget.TextView:TEXT-0003,constrains,,llm_quote_grounded,"The right KU explains that TextView (and thus EditText) automatically sets IME_FLAG_NO_ENTER_ACTION for multi-line text views, which constrains or overrides the simple 'Done' action behavior described in the left KU unless manually adjusted.",Behavior of IME action buttons on multi-line text inputs.,"ActionDone : > the action key performs a ""done"" operation, typically meaning there is nothing more to input and the IME will be closed.","Well, after re-reading the `TextView` and `EditorInfo` docs, it has become clear that the platform is going to force `IME_FLAG_NO_ENTER_ACTION` for multi-line text views. > Note that `TextView` will automatically set this flag for you on multi-line text views."
text:KU:android.inputmethodservice.Keyboard:TEXT-0070,text:KU:android.widget.TextView:TEXT-0091,complements,,llm_quote_grounded,"The Keyboard KU explains the general mechanism of IME action buttons (Next/Done) and how to listen for them using OnEditorActionListener, while the TextView KU provides a specific implementation example for detecting when editing is 'done' to trigger logic.",Handling soft keyboard action events on EditText/TextView fields.,If you want to listen to imeoptions events use a `TextView.OnEditorActionListener`.,meditText.setOnEditorActionListener(new TextView.OnEditorActionListener() {
text:KU:android.inputmethodservice.Keyboard:TEXT-0070,text:KU:android.widget.TextView:TEXT-0094,complements,,llm_quote_grounded,"The Keyboard KU describes the concept of IME actions like 'Done' and the listener interface, whereas the TextView KU demonstrates a robust implementation that handles multiple completion signals (IME_ACTION_DONE, Enter key) to detect when typing finishes.",Detecting the end of user input in an EditText via keyboard actions.,"ActionDone : > the action key performs a ""done"" operation",if (actionId == EditorInfo.IME_ACTION_SEARCH || actionId == EditorInfo.IME_ACTION_DONE || event.getAction() == KeyEvent.ACTION_DOWN && event.getKeyCode() == KeyEvent.KEYCODE_ENTER)
text:KU:android.inputmethodservice.Keyboard:TEXT-0070,text:KU:android.widget.TextView:TEXT-0213,complements,,llm_quote_grounded,"The Keyboard KU introduces `android:imeOptions` and the listener pattern for handling keyboard buttons. The TextView KU complements this by showing how to customize the button label (`setImeActionLabel`) and handle specific keys like Enter, extending the basic functionality described in the first KU.",Customizing and handling virtual keyboard action buttons on TextViews/EditTexts.,You can use `android:imeOptions` for handling that extra button on your keyboard.,"mEditText.setImeActionLabel(""Custom text"", KeyEvent.KEYCODE_ENTER);"
text:KU:android.inputmethodservice.Keyboard:TEXT-0127,text:KU:android.view.View:TEXT-0081,constrains,,llm_quote_grounded,"The solution in TEXT-0127 relies on enabling focusability to show the keyboard, which is constrained by the touch-mode focus behavior described in TEXT-0081 where EditTexts are focusable and clicks may trigger focus instead of listeners.",When managing EditText focus and click events in touch mode.,InputEditText.setFocusableInTouchMode(true);,"Unlike most other controls, `EditText`s are focusable while the system is in 'touch mode'."
text:KU:android.inputmethodservice.Keyboard:TEXT-0127,text:KU:android.view.View:TEXT-0110,task_related,,llm_quote_grounded,Both KUs address the task of programmatically showing or hiding the soft keyboard associated with an EditText using InputMethodManager.,Soft keyboard visibility management for EditText fields.,"imm.showSoftInput(InputEditText, InputMethodManager.SHOW_FORCED);","inputMethodManager.hideSoftInputFromWindow(view.getWindowToken(),InputMethodManager.HIDE_IMPLICIT_ONLY );"
text:KU:android.inputmethodservice.Keyboard:TEXT-0127,text:KU:android.view.View:TEXT-0130,complements,,llm_quote_grounded,"TEXT-0127 shows how to force the keyboard open for editing, while TEXT-0130 provides complementary configuration (imeOptions) to handle keyboard action buttons like 'Next' for navigation between fields.",Enhancing user input flow when a soft keyboard is active.,open soft keybord and edit text in EditText field,You can use `android:imeOptions` for handling that extra button on your keyboard.
text:KU:android.inputmethodservice.Keyboard:TEXT-0127,text:KU:android.view.View:TEXT-0160,complements,,llm_quote_grounded,"The left KU provides the code to show the soft keyboard, while the right KU provides the complementary code to hide it and clear focus.",Managing soft keyboard visibility and EditText focus state programmatically.,"imm.showSoftInput(InputEditText, InputMethodManager.SHOW_FORCED);","imm.hideSoftInputFromWindow(your edittext.getWindowToken(), 0);"
text:KU:android.inputmethodservice.KeyboardView:TEXT-0239,text:KU:android.view.KeyEvent:TEXT-0254,task_related,,llm_quote_grounded,"Both KUs address the handling of keyboard input events within the Android Input Method framework. The left KU identifies KeyEvent as important for handling characters in IMEs, while the right KU demonstrates using KeyEvent (via OnEditorActionListener) to handle specific key actions like 'Next' or 'Done'.",Handling user input and key events in text fields/IMEs.,The `KeyEvent` class is important for handling keyboard characters.,"public boolean onEditorAction(TextView v, int actionId, KeyEvent event)"
text:KU:android.net.Uri:TEXT-0143,text:KU:android.widget.TextView:TEXT-0068,task_related,,llm_quote_grounded,"Both KUs address the task of handling clickable links within a TextView, with one focusing on intercepting the link click via Intents/URIs and the other on enabling selection alongside links.",Android UI interaction with hyperlinks in TextViews.,"What I want is to be able to handle a link click directly from within the app, rather than having the link open a browser window.","I can make it selectable using `setTextIsSelectable(true)`, but when I enable links to be clicked via `setMovementMethod(LinkMovementMethod.getInstance())`, it is no longer selectable."
text:KU:android.net.Uri:TEXT-0164,text:KU:android.net.Uri:TEXT-0210,complements,,llm_quote_grounded,"The left KU details the internal structure of ClipData (ClipDescription and ClipData.Item), while the right KU describes the high-level workflow of using these objects in the Clipboard Framework.",Android Clipboard API usage,A `ClipData` contains a `ClipDescription` object and one or more `ClipData.Item` objects.,"When you use the clipboard framework, you put data into a clip object, and then put the clip object on the system-wide clipboard."
text:KU:android.service.textservice.SpellCheckerService.Session:TEXT-0212,text:KU:android.view.KeyEvent:TEXT-0141,task_related,,llm_quote_grounded,"Both KUs describe components involved in text input processing: SpellCheckerService handles suggestions for text, while InputMethodService/KeyEvent handles the actual input delivery.",Android Text Input Services,"An object that the spelling checker service provides to clients, to let them pass text to the spelling checker and receive suggestions.","The central part of an IME is a service component, a class that extends `InputMethodService`. In addition to implementing the normal service lifecycle, this class has callbacks for providing your IME's UI, handling user input, and delivering text to the field that currently has focus."
text:KU:android.service.textservice.SpellCheckerService.Session:TEXT-0212,text:KU:android.view.View:TEXT-0188,task_related,,llm_quote_grounded,"Both KUs relate to Android text input services; one defines the spell checking backend logic, and the other defines the Input Method Editor (IME) frontend infrastructure.",Android Text Input Services,Define the service and session object with the following classes: A subclass of `SpellCheckerService`,Classes specific to IMEs are found in the `android.inputmethodservice` and `android.view.inputmethod` packages.
text:KU:android.service.textservice.SpellCheckerService.Session:TEXT-0212,text:KU:android.view.inputmethod.BaseInputConnection:TEXT-0050,task_related,,llm_quote_grounded,Both KUs describe distinct but complementary services within the Android text input ecosystem: spell checking and input connection management.,Android Text Input Services,"An implementation of `SpellCheckerService.Session` An object that the spelling checker service provides to clients, to let them pass text to the spelling checker and receive suggestions.",`BaseInputConnection` Defines the communication channel from an `InputMethod` back to the application that is receiving its input.
text:KU:android.text.InputType:TEXT-0009,text:KU:android.text.InputType:TEXT-0017,contrasts_with,,llm_quote_grounded,"The first KU discusses disabling the keyboard/input type (using TYPE_NULL) to prevent soft input, while the second KU discusses enabling multi-line text input by setting specific InputType flags.",Configuration of EditText input behavior via InputType constants,MyEditor.setInputType(InputType.TYPE_NULL); // disable soft input,mAboutMeBox.setInputType(InputType.TYPE_CLASS_TEXT | InputType.TYPE_TEXT_FLAG_MULTI_LINE);
text:KU:android.text.InputType:TEXT-0009,text:KU:android.text.InputType:TEXT-0035,task_related,,llm_quote_grounded,Both KUs address programmatically changing the `InputType` of an `EditText` to alter its behavior or appearance (disabling keyboard vs. toggling password visibility).,Programmatic modification of EditText input types,MyEditor.setInputType(InputType.TYPE_NULL); // disable soft input,password.setInputType(InputType.TYPE_TEXT_VARIATION_VISIBLE_PASSWORD);
text:KU:android.text.InputType:TEXT-0009,text:KU:android.text.InputType:TEXT-0060,task_related,,llm_quote_grounded,Both KUs involve using `setInputType` with specific `InputType` constants to control aspects of the text input field's behavior (disabling keyboard/suggestions).,Controlling input suggestions and keyboard visibility via InputType flags,MyEditor.setInputType(InputType.TYPE_NULL); // disable soft input,setInputType(InputType.TYPE_CLASS_TEXT | InputType.TYPE_TEXT_FLAG_NO_SUGGESTIONS);
text:KU:android.text.InputType:TEXT-0009,text:KU:android.view.View:TEXT-0039,contrasts_with,,llm_quote_grounded,"The left KU discusses methods to disable or suppress the soft keyboard (IME) for an EditText, while the right KU discusses methods to explicitly show and force the soft keyboard to appear for editing.",Soft keyboard visibility control in Android EditText views,But I want to disable the `Keyboard` when users click on the `EditText`.,So I want when click first button: to open soft keybord and edit text in EditText field.
text:KU:android.text.InputType:TEXT-0009,text:KU:android.view.View:TEXT-0090,task_related,,llm_quote_grounded,"Both KUs address the management of soft keyboard visibility and focus state in EditText components, specifically dealing with hiding the keyboard when interaction moves away from or is disabled on the input field.",Android UI development involving EditText and InputMethodManager/View interactions,But I want to disable the `Keyboard` when users click on the `EditText`.,"When I click somewhere outside of the `EditText`, it still has the focus (it shouldn't)."
text:KU:android.text.InputType:TEXT-0009,text:KU:android.view.View:TEXT-0110,complements,,llm_quote_grounded,"The left KU discusses disabling the keyboard/input type for an EditText, while the right KU provides a specific implementation pattern using View methods (getWindowToken) and InputMethodManager to hide the soft keyboard, which complements the goal of controlling keyboard visibility mentioned in the left KU.",Controlling soft keyboard visibility via View and InputMethodManager APIs,It will reference to the `getWindowToken` inside of `View` and `hideSoftInputFromWindow()` for `InputMethodManager`,"inputMethodManager.hideSoftInputFromWindow(view.getWindowToken(),InputMethodManager.HIDE_IMPLICIT_ONLY );"
text:KU:android.text.InputType:TEXT-0009,text:KU:android.view.View:TEXT-0160,complements,,llm_quote_grounded,"The left KU mentions using `getWindowToken` from `View` to hide the soft input, and the right KU demonstrates this exact usage (`time_statusTV.getWindowToken()`) within a code snippet to manage keyboard visibility, providing a concrete implementation example for the concept referenced in the left KU.",Using View.getWindowToken() with InputMethodManager to control soft keyboard,It will reference to the `getWindowToken` inside of `View` and `hideSoftInputFromWindow()` for `InputMethodManager`,"imm.hideSoftInputFromWindow( time_statusTV.getWindowToken(), 0);"
text:KU:android.text.InputType:TEXT-0009,text:KU:android.view.View:TEXT-0198,task_related,,llm_quote_grounded,"Both KUs address the task of controlling the visibility of the soft keyboard (IME) for text input views, using similar mechanisms involving View touch events and InputMethodManager.",Android UI interaction regarding keyboard visibility,But I want to disable the `Keyboard` when users click on the `EditText`.,I want once once I touch the suggestion list to hide the soft keyboard.
text:KU:android.text.InputType:TEXT-0009,text:KU:android.view.View:TEXT-0201,contrasts_with,,llm_quote_grounded,"The left KU discusses intentionally disabling the keyboard via InputType or touch consumption, while the right KU describes an unintended failure where the keyboard does not show up due to focus/touch handling issues in a custom view.",Keyboard visibility behavior in EditText/View subclasses,MyEditor.setInputType(InputType.TYPE_NULL); // disable soft input,However now when i click on the editText the android keyboard does not pop up anymore...
text:KU:android.text.InputType:TEXT-0017,text:KU:android.text.InputType:TEXT-0035,task_related,,llm_quote_grounded,Both KUs describe configuring EditText behavior programmatically using setInputType with bitwise OR combinations of InputType constants.,Programmatic configuration of android.text.InputType for EditText views.,mAboutMeBox.setInputType(InputType.TYPE_CLASS_TEXT | InputType.TYPE_TEXT_FLAG_MULTI_LINE);,password.setInputType(InputType.TYPE_CLASS_TEXT | InputType.TYPE_TEXT_VARIATION_PASSWORD);
text:KU:android.text.InputType:TEXT-0017,text:KU:android.text.InputType:TEXT-0060,task_related,,llm_quote_grounded,Both KUs involve setting the input type of an EditText programmatically to control specific text behaviors (multiline vs no suggestions).,Programmatic use of setInputType on EditText.,mAboutMeBox.setInputType(InputType.TYPE_CLASS_TEXT | InputType.TYPE_TEXT_FLAG_MULTI_LINE);,setInputType(InputType.TYPE_CLASS_TEXT | InputType.TYPE_TEXT_FLAG_NO_SUGGESTIONS);
text:KU:android.text.InputType:TEXT-0017,text:KU:android.text.InputType:TEXT-0118,task_related,,llm_quote_grounded,"Both KUs demonstrate how to configure EditText properties via setInputType, specifically combining TYPE_CLASS_TEXT with flags for multiline and capitalization respectively.",Programmatic configuration of EditText input types.,mAboutMeBox.setInputType(InputType.TYPE_CLASS_TEXT | InputType.TYPE_TEXT_FLAG_MULTI_LINE);,setInputType(InputType.TYPE_CLASS_TEXT | InputType.TYPE_TEXT_FLAG_CAP_WORDS);
text:KU:android.text.InputType:TEXT-0017,text:KU:android.text.InputType:TEXT-0174,task_related,,llm_quote_grounded,Both KUs show examples of setting the EditText input type programmatically using setInputType with combined constants.,Programmatic configuration of EditText input types.,mAboutMeBox.setInputType(InputType.TYPE_CLASS_TEXT | InputType.TYPE_TEXT_FLAG_MULTI_LINE);,Password.setInputType(InputType.TYPE_CLASS_TEXT | InputType.TYPE_TEXT_VARIATION_PASSWORD);
text:KU:android.text.InputType:TEXT-0017,text:KU:android.text.InputType:TEXT-0193,task_related,,llm_quote_grounded,Both KUs provide code snippets for programmatically setting the input type of an EditText to achieve specific formatting behaviors (multiline vs sentence capitalization).,Programmatic configuration of EditText input types.,mAboutMeBox.setInputType(InputType.TYPE_CLASS_TEXT | InputType.TYPE_TEXT_FLAG_MULTI_LINE);,editor.setInputType(InputType.TYPE_CLASS_TEXT | InputType.TYPE_TEXT_FLAG_CAP_SENTENCES);
text:KU:android.text.InputType:TEXT-0017,text:KU:android.text.InputType:TEXT-0197,task_related,,llm_quote_grounded,"Both KUs illustrate configuring EditText input types programmatically using setInputType, though targeting different classes (Text vs Number) and variations.",Programmatic configuration of EditText input types.,mAboutMeBox.setInputType(InputType.TYPE_CLASS_TEXT | InputType.TYPE_TEXT_FLAG_MULTI_LINE);,myEditText.setInputType(InputType.TYPE_CLASS_NUMBER | InputType.TYPE_NUMBER_VARIATION_PASSWORD);
text:KU:android.text.InputType:TEXT-0017,text:KU:android.view.inputmethod.EditorInfo:TEXT-0149,complements,,llm_quote_grounded,"The left KU uses EditorInfo constants to configure IME behavior for multi-line EditText, while the right KU demonstrates how to listen for those specific IME actions (Done/Enter) to detect when editing is finished.",Configuring and handling IME actions on EditText fields,mAboutMeBox.setImeOptions(EditorInfo.IME_FLAG_NO_ENTER_ACTION);,if (actionId == EditorInfo.IME_ACTION_SEARCH || actionId == EditorInfo.IME_ACTION_DONE
text:KU:android.text.InputType:TEXT-0017,text:KU:android.view.inputmethod.EditorInfo:TEXT-0192,task_related,,llm_quote_grounded,"Both KUs address configuring EditText behavior regarding line breaks and IME options, specifically using `setImeOptions` with `EditorInfo` flags to control keyboard/action button behavior in single vs multi-line contexts.",EditText configuration involving IME options and line constraints,mAboutMeBox.setImeOptions(EditorInfo.IME_FLAG_NO_ENTER_ACTION);,You would also want to call `editText.setImeOptions(EditorInfo.IME_ACTION_NEXT)` to avoid showing the return key.
text:KU:android.text.InputType:TEXT-0035,text:KU:android.text.InputType:TEXT-0174,task_related,,llm_quote_grounded,Both KUs address the problem of programmatically setting an EditText to password mode (masking input) using InputType constants.,Programmatic configuration of EditText input types for password fields.,password.setInputType(InputType.TYPE_CLASS_TEXT | InputType.TYPE_TEXT_VARIATION_PASSWORD);,Password.setInputType(InputType.TYPE_CLASS_TEXT | InputType.TYPE_TEXT_VARIATION_PASSWORD);
text:KU:android.text.InputType:TEXT-0035,text:KU:android.widget.TextView:TEXT-0119,constrains,,llm_quote_grounded,"The InputType KU demonstrates setting specific input variations (PASSWORD), while the TextView KU explains that `inputType` overrides other attributes like `singleLine` and defines default behaviors for editable text, constraining how input types interact with layout properties.","When configuring EditText/TextView behavior programmatically or via XML, specifically regarding the precedence of `inputType` over `singleLine`/`maxLines`.",password.setInputType(InputType.TYPE_CLASS_TEXT | InputType.TYPE_TEXT_VARIATION_PASSWORD);,"`inputType` overrides the suggested `singleLine` replacement of `maxLines=""1""` for editable text anyways."
text:KU:android.text.InputType:TEXT-0060,text:KU:android.text.InputType:TEXT-0118,task_related,,llm_quote_grounded,"Both KUs discuss configuring EditText behavior programmatically using InputType flags, specifically addressing keyboard/input characteristics (disabling suggestions vs. enabling capitalization).",Programmatic configuration of android.text.InputType for EditText views.,setInputType(InputType.TYPE_CLASS_TEXT | InputType.TYPE_TEXT_FLAG_NO_SUGGESTIONS);,setInputType(InputType.TYPE_CLASS_TEXT | InputType.TYPE_TEXT_FLAG_CAP_WORDS);
text:KU:android.text.InputType:TEXT-0060,text:KU:android.text.InputType:TEXT-0174,complements,,llm_quote_grounded,"The left KU suggests using `TYPE_TEXT_VARIATION_VISIBLE_PASSWORD` as a workaround to disable autocomplete on specific devices. The right KU provides the standard method (`TYPE_TEXT_VARIATION_PASSWORD`) for setting password masking, which is the functional opposite/standard case that the left KU's workaround deviates from.",Configuring password-related input types in EditText.,vendorId.setInputType(android.text.InputType.TYPE_CLASS_TEXT | android.text.InputType.TYPE_TEXT_VARIATION_VISIBLE_PASSWORD);,Password.setInputType(InputType.TYPE_CLASS_TEXT | InputType.TYPE_TEXT_VARIATION_PASSWORD);
text:KU:android.text.InputType:TEXT-0060,text:KU:android.text.InputType:TEXT-0193,task_related,,llm_quote_grounded,Both KUs demonstrate how to combine `TYPE_CLASS_TEXT` with other flags via `setInputType` to modify EditText text entry behavior (suggestions vs. capitalization).,Programmatic use of InputType constants for EditText.,setInputType(InputType.TYPE_CLASS_TEXT | InputType.TYPE_TEXT_FLAG_NO_SUGGESTIONS);,editor.setInputType(InputType.TYPE_CLASS_TEXT | InputType.TYPE_TEXT_FLAG_CAP_SENTENCES);
text:KU:android.text.InputType:TEXT-0060,text:KU:android.text.InputType:TEXT-0197,contrasts_with,,llm_quote_grounded,"The left KU uses `TYPE_TEXT_VARIATION_VISIBLE_PASSWORD` (text class) to prevent word prediction while keeping text visible. The right KU uses `TYPE_NUMBER_VARIATION_PASSWORD` (number class) to get a numeric keyboard but requires a custom transformation to keep numbers visible, contrasting the approach to achieving 'visible' input with restricted keyboards/suggestions.",Achieving visible text/numbers while restricting input methods or suggestions.,textVisiblePassword seems to prevent word prediction.,myEditText.setInputType(InputType.TYPE_CLASS_NUMBER | InputType.TYPE_NUMBER_VARIATION_PASSWORD);
text:KU:android.text.InputType:TEXT-0118,text:KU:android.text.InputType:TEXT-0174,task_related,,llm_quote_grounded,"Both KUs address configuring EditText behavior via InputType flags, specifically capitalization and password masking.",Android EditText configuration using android.text.InputType constants.,setInputType(InputType.TYPE_CLASS_TEXT | InputType.TYPE_TEXT_FLAG_CAP_WORDS);,Password.setInputType(InputType.TYPE_CLASS_TEXT | InputType.TYPE_TEXT_VARIATION_PASSWORD);
text:KU:android.text.InputType:TEXT-0118,text:KU:android.text.InputType:TEXT-0193,contrasts_with,,llm_quote_grounded,"The two KUs propose different capitalization flags for the same task: TEXT-0118 uses TYPE_TEXT_FLAG_CAP_WORDS (capitalize every word), while TEXT-0193 uses TYPE_TEXT_FLAG_CAP_SENTENCES (capitalize first letter of sentences).",Configuring EditText input type for automatic capitalization.,setInputType(InputType.TYPE_CLASS_TEXT | InputType.TYPE_TEXT_FLAG_CAP_WORDS);,editor.setInputType(InputType.TYPE_CLASS_TEXT | InputType.TYPE_TEXT_FLAG_CAP_SENTENCES);
text:KU:android.text.InputType:TEXT-0118,text:KU:android.view.inputmethod.InputConnection:TEXT-0244,task_related,,llm_quote_grounded,"Both KUs address configuring the behavior of an EditText widget, specifically regarding how input is handled and displayed (capitalization vs. IME action labels).",Android EditText configuration for text input behavior.,First letter capitalization for EditText,Multiline EditText with Done SoftInput Action Label on 2.3
text:KU:android.text.InputType:TEXT-0118,text:KU:android.widget.TextView:TEXT-0003,task_related,,llm_quote_grounded,Both KUs discuss configuring EditText/TextView properties related to user input handling (capitalization flags vs. multi-line IME actions).,Android TextView/EditText input configuration.,First letter capitalization for EditText,Multiline EditText with Done SoftInput Action Label on 2.3
text:KU:android.text.InputType:TEXT-0118,text:KU:android.widget.TextView:TEXT-0119,task_related,,llm_quote_grounded,"Both KUs address configuring EditText behavior via XML attributes or programmatic methods, specifically dealing with input types and IME options.",Configuration of EditText input behavior in Android,"The recommended alternative is to use `android:inputType=""textCapWords""`","try setting `android:singleLine=""true""` and `android:imeOptions=""actionNext""`"
text:KU:android.text.InputType:TEXT-0118,text:KU:android.widget.TextView:TEXT-0242,task_related,,llm_quote_grounded,Both KUs discuss using the `android:inputType` attribute to configure specific behaviors for an EditText (capitalization vs numeric restriction).,Usage of android:inputType attribute in XML layout,"The recommended alternative is to use `android:inputType=""textCapWords""`","The first 2 are accomplished with: android:inputType=""number"""
text:KU:android.text.InputType:TEXT-0118,text:KU:java.lang.CharSequence:TEXT-0006,contrasts_with,,llm_quote_grounded,"The left KU recommends using InputType flags for capitalization, while the right KU presents a manual workaround using TextWatcher/CharSequence because the InputType method failed for the user's specific case.",Methods for enforcing text capitalization in EditText,"To do this programatically, use the following method: `setInputType(InputType.TYPE_CLASS_TEXT | InputType.TYPE_TEXT_FLAG_CAP_WORDS);`",I have used this: > edittext.setInputType(InputType.TYPE_TEXT_FLAG_CAP_CHARACTERS); But it is not working.
text:KU:android.text.InputType:TEXT-0118,text:KU:java.lang.CharSequence:TEXT-0191,complements,,llm_quote_grounded,"The left KU describes using InputType for formatting (capitalization), while the right KU describes using InputFilter for content restriction, as InputType alone was insufficient for complex character filtering.",Configuring EditText input constraints and formatting,"The recommended alternative is to use `android:inputType=""textCapWords""`",Setting inputtype I can limit to digits but I cannot figure out the ways of Inputfilter looking through the docs.
text:KU:android.text.InputType:TEXT-0174,text:KU:android.text.InputType:TEXT-0193,task_related,,llm_quote_grounded,"Both KUs address configuring EditText behavior via InputType flags, specifically handling password masking versus sentence capitalization.",Android EditText configuration using android.text.InputType constants.,Password.setInputType(InputType.TYPE_CLASS_TEXT | InputType.TYPE_TEXT_VARIATION_PASSWORD);,editor.setInputType(InputType.TYPE_CLASS_TEXT | InputType.TYPE_TEXT_FLAG_CAP_SENTENCES);
text:KU:android.text.InputType:TEXT-0174,text:KU:android.text.InputType:TEXT-0197,task_related,,llm_quote_grounded,"Both KUs involve setting input types for password fields in EditText, dealing with the interaction between InputType and TransformationMethod to control visibility (dots vs numbers/text).",Configuring password input modes in Android EditText.,Password.setInputType(InputType.TYPE_CLASS_TEXT | InputType.TYPE_TEXT_VARIATION_PASSWORD);,myEditText.setInputType(InputType.TYPE_CLASS_NUMBER | InputType.TYPE_NUMBER_VARIATION_PASSWORD);
text:KU:android.text.InputType:TEXT-0193,text:KU:android.text.InputType:TEXT-0197,task_related,,llm_quote_grounded,Both KUs address configuring the `InputType` of an `EditText` to control keyboard behavior and text display properties (capitalization vs. numeric-only/password masking).,Android EditText configuration via InputType flags.,"Programmatically: you have to include `InputType.TYPE_CLASS_TEXT` in the `InputType` of the `EditText`, e.g. EditText editor = new EditText(this); editor.setInputType(InputType.TYPE_CLASS_TEXT | InputType.TYPE_TEXT_FLAG_CAP_SENTENCES);",I'm setting the keyboard values programmatically like that myEditText.setInputType(InputType.TYPE_CLASS_NUMBER | InputType.TYPE_NUMBER_VARIATION_PASSWORD);
text:KU:android.text.InputType:TEXT-0193,text:KU:android.view.inputmethod.InputConnection:TEXT-0244,task_related,,llm_quote_grounded,"Both KUs address configuring EditText behavior via InputType flags, specifically dealing with how input types interact with IME actions and keyboard features.",EditText configuration involving InputType constants and their effect on the soft keyboard/IME.,editor.setInputType(InputType.TYPE_CLASS_TEXT | InputType.TYPE_TEXT_FLAG_CAP_SENTENCES);,class = `TYPE_CLASS_TEXT | TYPE_TEXT_VARIATION_NORMAL` * flags = `InputType.TYPE_TEXT_FLAG_MULTI_LINE`
text:KU:android.text.InputType:TEXT-0193,text:KU:android.widget.TextView:TEXT-0119,complements,,llm_quote_grounded,"The left KU provides the specific InputType flags required to enable sentence capitalization, which is a prerequisite for the single-line text behavior described in the right KU where inputType overrides other attributes.",Configuring EditText/TextView for text input behaviors involving capitalization and line handling.,editor.setInputType(InputType.TYPE_CLASS_TEXT | InputType.TYPE_TEXT_FLAG_CAP_SENTENCES);,"`inputType` overrides the suggested `singleLine` replacement of `maxLines=""1""` for editable text anyways."
text:KU:android.text.InputType:TEXT-0193,text:KU:android.widget.TextView:TEXT-0214,contrasts_with,,llm_quote_grounded,"The left KU demonstrates using InputType for text formatting (capitalization) on standard text, while the right KU shows using InputType specifically to force multi-line wrapping behavior when default TextView settings fail.",Usage of android:inputType attribute on TextView/EditText for different layout and formatting goals.,"set `android:inputType=""textCapSentences""` on your `EditText`.","I put this attribute: android:inputType=""textMultiLine"" into my TextView and it has wrapping line"
text:KU:android.text.InputType:TEXT-0193,text:KU:android.widget.TextView:TEXT-0242,task_related,,llm_quote_grounded,Both KUs address configuring EditText properties via XML attributes or programmatic calls to control input behavior and appearance.,General configuration of EditText widgets in Android layouts.,"Statically (i.e. in your layout XML file): set `android:inputType=""textCapSentences""` on your `EditText`.","The first 2 are accomplished with: android:inputType=""number"" and android:maxLength=""4""."
text:KU:android.text.InputType:TEXT-0193,text:KU:java.lang.CharSequence:TEXT-0006,contrasts_with,,llm_quote_grounded,"The left KU uses InputType flags for automatic keyboard-based capitalization, whereas the right KU discusses a manual workaround using CharSequence methods because the InputType flag failed to work as expected.",Implementing all-caps or capitalized text entry in EditText.,Can be combined with text and its variations to request capitalization of the first character of every sentence.,edittext.setInputType(InputType.TYPE_TEXT_FLAG_CAP_CHARACTERS); But it is not working.
text:KU:android.text.InputType:TEXT-0197,text:KU:android.view.View:TEXT-0154,task_related,,llm_quote_grounded,"Both KUs address the customization of EditText text display using TransformationMethod, specifically dealing with password masking or character visibility.",Android EditText configuration and text transformation logic,myEditText.setTransformationMethod(new NumericKeyBoardTransformationMethod());,text.setTransformationMethod(new AsteriskPasswordTransformationMethod());
text:KU:android.text.InputType:TEXT-0197,text:KU:java.lang.CharSequence:TEXT-0006,task_related,,llm_quote_grounded,"Both KUs address configuring EditText input behavior, specifically using `setInputType` to control how text is entered or displayed (numeric visibility vs. capitalization).",EditText configuration via InputType flags.,myEditText.setInputType(InputType.TYPE_CLASS_NUMBER | InputType.TYPE_NUMBER_VARIATION_PASSWORD);,edittext.setInputType(InputType.TYPE_TEXT_FLAG_CAP_CHARACTERS);
text:KU:android.view.KeyEvent:TEXT-0024,text:KU:android.view.KeyEvent:TEXT-0042,contrasts_with,,llm_quote_grounded,"The left KU demonstrates a working implementation of capturing Enter key events to save data, while the right KU describes a scenario where key events (specifically digits) are not accepted due to an upstream ViewGroup consuming them without calling super.",Handling KeyEvent in EditText within complex view hierarchies vs. simple adapters.,"et.setOnKeyListener(new OnKeyListener() { public boolean onKey(View v, int keyCode, KeyEvent event) { if ((event.getAction() == KeyEvent.ACTION_DOWN) && (keyCode == KeyEvent.KEYCODE_ENTER)) { vals[pos] = et.getText().toString(); return true; } return false; } });","The `DragLayer` class implemented an `Interface` called `DragController.DragListener` which has a method `dispatchKeyEvent(KeyEvent event)`. This method in `DragLayer` uses the `@Override` notation however did not call `super.dispatchKeyEvent(event)`. After adding this line of code, then the event of clicking a digit on the keyboard did not get consumed and all works now."
text:KU:android.view.KeyEvent:TEXT-0024,text:KU:android.view.KeyEvent:TEXT-0053,task_related,,llm_quote_grounded,"Both KUs address handling the 'Enter' key press in an EditText using OnKeyListener, but for different outcomes: saving data in the left KU and moving focus in the right KU.",Using KeyEvent.KEYCODE_ENTER or keyCode 66 in setOnKeyListener.,if ((event.getAction() == KeyEvent.ACTION_DOWN) && (keyCode == KeyEvent.KEYCODE_ENTER)) { vals[pos] = et.getText().toString(); return true; },"tCNPCode.setOnKeyListener(new OnKeyListener() { public boolean onKey(View v, int keyCode, KeyEvent event) { // TODO Auto-generated method stub if(keyCode == 66) { Toast.makeText(S_PCode.this, ""Enter Key"", Toast.LENGTH_LONG).show(); //tNPCode.setFocusable(true); } return false; } });"
text:KU:android.view.KeyEvent:TEXT-0024,text:KU:android.view.KeyEvent:TEXT-0122,complements,,llm_quote_grounded,"The left KU shows how to capture the Enter key to trigger logic (saving text), while the right KU provides a workaround for UI issues (error popup positioning) that occur when the keyboard is dismissed via the Back key, complementing the input flow management.",Managing EditText state and UI feedback during keyboard interactions.,"et.setOnKeyListener(new OnKeyListener() { public boolean onKey(View v, int keyCode, KeyEvent event) { if ((event.getAction() == KeyEvent.ACTION_DOWN) && (keyCode == KeyEvent.KEYCODE_ENTER)) { vals[pos] = et.getText().toString(); return true; } return false; } });","public boolean onKeyPreIme(int keyCode, KeyEvent event) { if (keyCode == KeyEvent.KEYCODE_BACK && event.getAction() == KeyEvent.ACTION_UP) { revalidateEditText(); return false; } return super.dispatchKeyEvent(event); }"
text:KU:android.view.KeyEvent:TEXT-0024,text:KU:android.view.KeyEvent:TEXT-0129,task_related,,llm_quote_grounded,"Both KUs utilize OnKeyListener with KeyEvent to intercept specific keys (Enter in the left, Delete in the right) to control EditText behavior and data formatting/storage.",Intercepting key events in EditText to modify text content or state.,"et.setOnKeyListener(new OnKeyListener() { public boolean onKey(View v, int keyCode, KeyEvent event) { if ((event.getAction() == KeyEvent.ACTION_DOWN) && (keyCode == KeyEvent.KEYCODE_ENTER)) { vals[pos] = et.getText().toString(); return true; } return false; } });","txt_HomeNo.setOnKeyListener(new OnKeyListener() { @Override public boolean onKey(View v, int keyCode, KeyEvent event) { if (keyCode == KeyEvent.KEYCODE_DEL) keyDel = 1; return false; } });"
text:KU:android.view.KeyEvent:TEXT-0024,text:KU:android.view.KeyEvent:TEXT-0141,constrains,,llm_quote_grounded,"The right KU explains the underlying IME architecture and how InputMethodService delivers text/key events to fields, providing the theoretical context for why the OnKeyListener approach in the left KU works for capturing user input like Enter.",Understanding the source of KeyEvent delivery in Android IMEs.,"et.setOnKeyListener(new OnKeyListener() { public boolean onKey(View v, int keyCode, KeyEvent event) { if ((event.getAction() == KeyEvent.ACTION_DOWN) && (keyCode == KeyEvent.KEYCODE_ENTER)) { vals[pos] = et.getText().toString(); return true; } return false; } });","The `KeyEvent` class is important for handling keyboard characters. The central part of an IME is a service component, a class that extends `InputMethodService`. In addition to implementing the normal service lifecycle, this class has callbacks for providing your IME's UI, handling user input, and delivering text to the field that currently has focus."
text:KU:android.view.KeyEvent:TEXT-0024,text:KU:android.view.KeyEvent:TEXT-0190,contrasts_with,,llm_quote_grounded,"The left KU uses OnKeyListener to handle the Enter key, whereas the right KU suggests using imeOptions and setOnEditorActionListener as the preferred/alternative method for handling action keys like Done/Enter.",Methods for detecting user completion actions in EditText.,"et.setOnKeyListener(new OnKeyListener() { public boolean onKey(View v, int keyCode, KeyEvent event) { if ((event.getAction() == KeyEvent.ACTION_DOWN) && (keyCode == KeyEvent.KEYCODE_ENTER)) { vals[pos] = et.getText().toString(); return true; } return false; } });","You will want to look at the `android:imeActionId` and `android:imeOptions` attributes, plus the `setOnEditorActionListener()` method, all on `TextView`."
text:KU:android.view.KeyEvent:TEXT-0024,text:KU:android.view.KeyEvent:TEXT-0220,task_related,,llm_quote_grounded,Both KUs demonstrate the exact same pattern of using OnKeyListener to detect the Enter key press (ACTION_DOWN + KEYCODE_ENTER) to perform an action (saving to array vs showing toast/hiding view).,Capturing Enter key press in programmatically created EditTexts.,"et.setOnKeyListener(new OnKeyListener() { public boolean onKey(View v, int keyCode, KeyEvent event) { if ((event.getAction() == KeyEvent.ACTION_DOWN) && (keyCode == KeyEvent.KEYCODE_ENTER)) { vals[pos] = et.getText().toString(); return true; } return false; } });","idInput.setOnKeyListener(new OnKeyListener() { public boolean onKey(View v, int keyCode, KeyEvent event) { // If the event is a key-down event on the ""enter"" button if ((event.getAction() == KeyEvent.ACTION_DOWN) && (keyCode == KeyEvent.KEYCODE_ENTER)) { // Perform action on key press Toast.makeText(MainActivity.this, idInput.getText(), Toast.LENGTH_SHORT).show(); idInput.setVisibility(0x04); return true; } return false; } });"
text:KU:android.view.KeyEvent:TEXT-0024,text:KU:android.view.KeyEvent:TEXT-0254,task_related,,llm_quote_grounded,"Both KUs address handling user input events in EditText fields, specifically using KeyEvent to detect actions like Enter or Next to trigger logic (saving data vs moving focus).",Handling keyboard events in Android EditText components.,"et.setOnKeyListener(new OnKeyListener() { public boolean onKey(View v, int keyCode, KeyEvent event) { if ((event.getAction() == KeyEvent.ACTION_DOWN) && (keyCode == KeyEvent.KEYCODE_ENTER))","editText.setOnEditorActionListener(new TextView.OnEditorActionListener() { @Override public boolean onEditorAction(TextView v, int actionId, KeyEvent event) {"
text:KU:android.view.KeyEvent:TEXT-0024,text:KU:android.view.View:TEXT-0061,task_related,,llm_quote_grounded,Both KUs demonstrate how to use `setOnKeyListener` with `KeyEvent` to react to specific key presses (Enter or length check) and perform an action (save text or change focus).,Using View.OnKeyListener for EditText interaction.,"et.setOnKeyListener(new OnKeyListener() { public boolean onKey(View v, int keyCode, KeyEvent event) {","editView1.setOnKeyListener(new OnKeyListener() { @Override public boolean onKey(View v, int keyCode, KeyEvent event) {"
text:KU:android.view.KeyEvent:TEXT-0024,text:KU:android.view.View:TEXT-0160,task_related,,llm_quote_grounded,Both KUs provide code examples using `setOnKeyListener` and checking for `KeyEvent.ACTION_DOWN` with `KEYCODE_ENTER` to handle completion of input in an EditText.,Detecting Enter key press in EditText via OnKeyListener.,if ((event.getAction() == KeyEvent.ACTION_DOWN) && (keyCode == KeyEvent.KEYCODE_ENTER)),if ((event.getAction() == KeyEvent.ACTION_DOWN) && (keyCode == KeyEvent.KEYCODE_ENTER))
text:KU:android.view.KeyEvent:TEXT-0024,text:KU:android.view.inputmethod.EditorInfo:TEXT-0149,contrasts_with,,llm_quote_grounded,"The left KU uses a low-level `OnKeyListener` to detect the Enter key, while the right KU recommends using `OnEditorActionListener` with `IME_ACTION_DONE`/`SEARCH` as a more robust way to detect finished typing.",Methods for detecting when a user finishes editing an EditText.,"et.setOnKeyListener(new OnKeyListener() { public boolean onKey(View v, int keyCode, KeyEvent event) { if ((event.getAction() == KeyEvent.ACTION_DOWN) && (keyCode == KeyEvent.KEYCODE_ENTER))","((EditText)findViewById(R.id.youredittext)).setOnEditorActionListener( new EditText.OnEditorActionListener() { @Override public boolean onEditorAction(TextView v, int actionId, KeyEvent event) { if (actionId == EditorInfo.IME_ACTION_SEARCH || actionId == EditorInfo.IME_ACTION_DONE"
text:KU:android.view.KeyEvent:TEXT-0024,text:KU:android.widget.TextView:TEXT-0091,contrasts_with,,llm_quote_grounded,"Left KU handles input completion via `OnKeyListener` checking for Enter key; Right KU handles it via `OnEditorActionListener` checking for `IME_ACTION_DONE`, representing different API approaches for the same goal.",Detecting end-of-input in EditText.,"et.setOnKeyListener(new OnKeyListener() { public boolean onKey(View v, int keyCode, KeyEvent event) { if ((event.getAction() == KeyEvent.ACTION_DOWN) && (keyCode == KeyEvent.KEYCODE_ENTER))","meditText.setOnEditorActionListener(new TextView.OnEditorActionListener() { @Override public boolean onEditorAction(TextView v, int actionId, KeyEvent event) { if (actionId == EditorInfo.IME_ACTION_DONE)"
text:KU:android.view.KeyEvent:TEXT-0024,text:KU:android.widget.TextView:TEXT-0094,contrasts_with,,llm_quote_grounded,"Left KU uses `OnKeyListener` to catch `KEYCODE_ENTER`; Right KU uses `OnEditorActionListener` which can also catch `KEYCODE_ENTER` but is designed for IME actions, offering a more comprehensive solution for 'finished typing'.",Strategies for detecting when editing is complete.,"et.setOnKeyListener(new OnKeyListener() { public boolean onKey(View v, int keyCode, KeyEvent event) { if ((event.getAction() == KeyEvent.ACTION_DOWN) && (keyCode == KeyEvent.KEYCODE_ENTER))","((EditText)findViewById(R.id.youredittext)).setOnEditorActionListener( new EditText.OnEditorActionListener() { @Override public boolean onEditorAction(TextView v, int actionId, KeyEvent event) { if (actionId == EditorInfo.IME_ACTION_SEARCH || actionId == EditorInfo.IME_ACTION_DONE || event.getAction() == KeyEvent.ACTION_DOWN && event.getKeyCode() == KeyEvent.KEYCODE_ENTER)"
text:KU:android.view.View:TEXT-0146,text:KU:android.view.KeyEvent:TEXT-0042,complements,,llm_quote_grounded,"The View KU provides a workaround for EditText behavior using KeyEvent interception, which complements the debugging context of EditText input issues in the KeyEvent KU.",Workaround for single-line/hint display issues in EditText involving key events.,"public boolean onKey(View v, int keyCode, KeyEvent event)",EditText does not accept digits as input
text:KU:android.view.KeyEvent:TEXT-0053,text:KU:android.view.KeyEvent:TEXT-0122,task_related,,llm_quote_grounded,"Both KUs address handling the 'Enter' key event in EditText fields, though for different specific outcomes (focus movement vs. error popup repositioning).",Android EditText interaction with soft keyboard Enter key.,"In edittext, after typing 'Enter' key, system make a new line inside it.",When the user performs the 'Enter' action.
text:KU:android.view.KeyEvent:TEXT-0053,text:KU:android.view.KeyEvent:TEXT-0129,task_related,,llm_quote_grounded,Both KUs involve intercepting or reacting to key events within an EditText to modify input behavior (changing focus vs. auto-formatting text).,Customizing EditText input handling via KeyListeners or TextWatchers.,I also caputer key code in setOnKeyListener,txt_HomeNo.setOnKeyListener(new OnKeyListener() {
text:KU:android.view.KeyEvent:TEXT-0053,text:KU:android.view.KeyEvent:TEXT-0141,complements,,llm_quote_grounded,"The left KU provides a specific implementation of handling a KeyEvent (Enter) in an app, while the right KU explains the underlying Input Method API architecture that delivers such events.",Understanding KeyEvent handling from application level to IME service level.,"public boolean onKey(View v, int keyCode, KeyEvent event)",The `KeyEvent` class is important for handling keyboard characters.
text:KU:android.view.KeyEvent:TEXT-0053,text:KU:android.view.KeyEvent:TEXT-0190,contrasts_with,,llm_quote_grounded,"The left KU uses a low-level OnKeyListener to handle the Enter key, whereas the right KU suggests using higher-level IME options and EditorActionListeners for similar goals.",Methods for handling 'Enter' or 'Done' actions in Android EditTexts.,tCNPCode.setOnKeyListener(new OnKeyListener(),"You will want to look at the `android:imeActionId` and `android:imeOptions` attributes, plus the `setOnEditorActionListener()` method"
text:KU:android.view.KeyEvent:TEXT-0053,text:KU:android.view.KeyEvent:TEXT-0254,complements,,llm_quote_grounded,"The left KU shows a manual way to move focus using requestFocus in a key listener, while the right KU describes declarative XML attributes and IME options for managing focus navigation.",Strategies for moving focus between EditTexts upon user input.,txtCNPCode.requestFocus();,"To get a particular view to take focus, call view.requestFocus()"
text:KU:android.view.KeyEvent:TEXT-0053,text:KU:android.view.View:TEXT-0061,task_related,,llm_quote_grounded,Both KUs address the task of programmatically moving focus to another EditText view in response to a key event.,Android UI interaction involving EditTexts and OnKeyListener implementations.,I'd like to focus on next edittext,Change Focus to EditText Android
text:KU:android.view.KeyEvent:TEXT-0053,text:KU:android.view.View:TEXT-0160,task_related,,llm_quote_grounded,Both KUs involve managing focus state (setting or clearing) on an EditText triggered by keyboard events.,Android soft keyboard interaction and View focus management.,focus on next edittext,set focus on it once a button is clicked and after editing my status when enter or done is pressed for soft keyboard i want to remove focus again
text:KU:android.view.KeyEvent:TEXT-0053,text:KU:android.view.inputmethod.EditorInfo:TEXT-0149,contrasts_with,,llm_quote_grounded,"The left KU uses a low-level OnKeyListener with raw key codes, while the right KU recommends using OnEditorActionListener with EditorInfo constants for handling 'Done'/'Enter' actions.",Strategies for detecting user completion of text input in Android.,"tCNPCode.setOnKeyListener(new OnKeyListener() { public boolean onKey(View v, int keyCode, KeyEvent event) { if(keyCode == 66)","((EditText)findViewById(R.id.youredittext)).setOnEditorActionListener( new EditText.OnEditorActionListener() { @Override public boolean onEditorAction(TextView v, int actionId, KeyEvent event) { if (actionId == EditorInfo.IME_ACTION_SEARCH || actionId == EditorInfo.IME_ACTION_DONE"
text:KU:android.view.KeyEvent:TEXT-0053,text:KU:android.widget.TextView:TEXT-0091,contrasts_with,,llm_quote_grounded,"The left KU handles Enter via OnKeyListener, whereas the right KU demonstrates handling the Done action via OnEditorActionListener, representing different API approaches for similar goals.",Detecting end-of-input events in Android TextView/EditText components.,tCNPCode.setOnKeyListener(new OnKeyListener(),meditText.setOnEditorActionListener(new TextView.OnEditorActionListener()
text:KU:android.view.KeyEvent:TEXT-0053,text:KU:android.widget.TextView:TEXT-0213,contrasts_with,,llm_quote_grounded,"The left KU uses a low-level key listener to intercept the Enter key and manually move focus, while the right KU recommends using high-level IME action listeners (`setOnEditorActionListener`) and attributes for handling Enter/Done actions.",Handling 'Enter' or 'Done' key presses in EditText fields.,"tCNPCode.setOnKeyListener(new OnKeyListener() { public boolean onKey(View v, int keyCode, KeyEvent event) { if(keyCode == 66) { txtCNPCode.requestFocus(); } return false; } });","You will want to look at the `android:imeActionId` and `android:imeOptions` attributes, plus the `setOnEditorActionListener()` method, all on `TextView`."
text:KU:android.view.KeyEvent:TEXT-0053,text:KU:java.lang.CharSequence:TEXT-0013,contrasts_with,,llm_quote_grounded,"The left KU demonstrates moving focus based on a specific key code (Enter), whereas the right KU discusses moving focus based on text length changes and explicitly advises against using `onKeyListener` in favor of `TextWatcher` for better edit handling.",Automatically moving focus between EditTexts.,if(keyCode == 66) { txtCNPCode.requestFocus(); },"Try TextWatcher instead of onKeyListener B'coz if want to edit your password, in that case TextWatcher will give you more method to dealt with.."
text:KU:android.view.KeyEvent:TEXT-0122,text:KU:android.view.KeyEvent:TEXT-0190,task_related,,llm_quote_grounded,"Both KUs address handling user input events in EditText fields. The left KU handles validation triggered by the 'Enter' action (and keyboard dismissal), while the right KU provides the standard mechanism (`setOnEditorActionListener`) for detecting the 'Enter'/'Done' action itself.",Detecting and responding to the 'Enter' key press in an EditText.,I am validating the EditText's content when 1. The view loses focus 2. When the user performs the 'Enter' action.,"You will want to look at the `android:imeActionId` and `android:imeOptions` attributes, plus the `setOnEditorActionListener()` method, all on `TextView`."
text:KU:android.view.KeyEvent:TEXT-0122,text:KU:android.view.KeyEvent:TEXT-0254,complements,,llm_quote_grounded,"The left KU describes a workaround for error popups persisting after keyboard dismissal by overriding `onKeyPreIme`. The right KU explains the standard way to handle keyboard actions (like Next/Enter) using `imeOptions` and `OnEditorActionListener`, which is the proper context for triggering such validations or UI updates.",Managing soft keyboard interactions and focus/validation logic in EditTexts.,"Override when the keyboard disappears: public boolean onKeyPreIme(int keyCode, KeyEvent event) { if (keyCode == KeyEvent.KEYCODE_BACK && event.getAction() == KeyEvent.ACTION_UP) { revalidateEditText(); return false; } return super.dispatchKeyEvent(event); }","To listen to imeoptions events use a `TextView.OnEditorActionListener`. editText.setOnEditorActionListener(new TextView.OnEditorActionListener() { @Override public boolean onEditorAction(TextView v, int actionId, KeyEvent event) { if (actionId == EditorInfo.IME_ACTION_SEARCH) { performSearch(); return true; } return false; } });"
text:KU:android.view.KeyEvent:TEXT-0122,text:KU:android.view.View:TEXT-0015,task_related,,llm_quote_grounded,"Both KUs address the task of validating EditText content and displaying error messages using `setError()`, though they focus on different aspects (popup positioning vs. validation logic).",Android UI development involving EditText validation and error display.,"Upon validation, if the value is not valid I am calling setError(CharSequence error) on the EditText","if(edttxtDescription.getText().toString().trim().equals("""")) { edttxtDescription.setError(""Please provide description""); }"
text:KU:android.view.KeyEvent:TEXT-0122,text:KU:java.lang.CharSequence:TEXT-0125,contrasts_with,,llm_quote_grounded,"The first KU describes a bug where the error popup does not move with the EditText when the keyboard hides, while the second KU explains that the error message is automatically cleared by key events (which implies it should disappear or reset), highlighting a discrepancy between expected behavior (clearing on change) and observed behavior (stale position).",Android EditText error popup behavior during soft keyboard visibility changes.,"the popup doesn't follow the EditText down when the keyboard goes away, it stays where it was first displayed",The icon and error message will be reset to null when any key events cause changes to the TextView's text.
text:KU:android.view.KeyEvent:TEXT-0129,text:KU:android.view.View:TEXT-0061,task_related,,llm_quote_grounded,"Both KUs address the task of managing EditText input flow and state based on character count or key events, specifically using OnKeyListener to detect specific conditions (length limits or deletion) to trigger UI changes.",Android EditText input handling involving length checks and key event listeners,"txt_HomeNo.setOnKeyListener(new OnKeyListener() { @Override public boolean onKey(View v, int keyCode, KeyEvent event) { if (keyCode == KeyEvent.KEYCODE_DEL) keyDel = 1; return false; } });","editView1.setOnKeyListener(new OnKeyListener() { @Override public boolean onKey(View v, int keyCode, KeyEvent event) { if(editView1.getText().length() == 5) editView2.requestFocus(); return false; } });"
text:KU:android.view.KeyEvent:TEXT-0129,text:KU:android.view.View:TEXT-0160,task_related,,llm_quote_grounded,Both KUs involve implementing logic within an `OnKeyListener` for an EditText to handle specific key codes (`KEYCODE_DEL` vs `KEYCODE_ENTER`) to manage text state or focus/keyboard visibility.,Handling specific key inputs in Android EditText via OnKeyListener,if (keyCode == KeyEvent.KEYCODE_DEL) keyDel = 1;,if ((event.getAction() == KeyEvent.ACTION_DOWN) && (keyCode == KeyEvent.KEYCODE_ENTER)) { // My code time_statusTV.clearFocus(); }
text:KU:android.view.KeyEvent:TEXT-0129,text:KU:android.view.inputmethod.EditorInfo:TEXT-0157,complements,,llm_quote_grounded,"The left KU demonstrates handling text input formatting and deletion detection using TextWatcher and OnKeyListener. The right KU addresses a common pitfall in TextWatcher implementation (multiple triggers) and shows how to use EditorInfo to control IME actions when limits are reached, complementing the robustness concerns raised in the left KU's context.",Implementing reliable TextWatcher logic for EditText constraints and IME options,"txt_HomeNo.addTextChangedListener(new TextWatcher() { @Override public void onTextChanged(CharSequence s, int start, int before, int count) {",messageBody.setImeOptions(EditorInfo.IME_ACTION_DONE);
text:KU:android.view.KeyEvent:TEXT-0129,text:KU:java.lang.CharSequence:TEXT-0013,contrasts_with,,llm_quote_grounded,"Both KUs address EditText input handling but propose different listener mechanisms (TextWatcher vs OnKeyListener) for similar tasks, with one explicitly recommending TextWatcher over OnKeyListener.",Android EditText text input and cursor management logic,txt_HomeNo.addTextChangedListener(new TextWatcher(),Try TextWatcher instead of onKeyListener
text:KU:android.view.KeyEvent:TEXT-0141,text:KU:android.view.KeyEvent:TEXT-0190,complements,,llm_quote_grounded,"The left KU describes the IME architecture and how `KeyEvent` is used to handle input, while the right KU provides a concrete implementation example of handling a specific key event (`Enter`) and customizing the IME action label using `KeyEvent.KEYCODE_ENTER`.","Handling keyboard input in Android applications, specifically mapping architectural concepts to code implementation.",The `KeyEvent` class is important for handling keyboard characters.,"mEditText.setImeActionLabel(""Custom text"", KeyEvent.KEYCODE_ENTER);"
text:KU:android.view.KeyEvent:TEXT-0141,text:KU:android.view.KeyEvent:TEXT-0220,task_related,,llm_quote_grounded,"Both KUs address the task of handling keyboard input events in Android. The left KU explains the underlying mechanism (IME/KeyEvent), and the right KU demonstrates a practical application of listening for a specific key press (`KEYCODE_ENTER`) via an `OnKeyListener`.",Keyboard event handling in Android UI components.,The `KeyEvent` class is important for handling keyboard characters.,if ((event.getAction() == KeyEvent.ACTION_DOWN) && (keyCode == KeyEvent.KEYCODE_ENTER))
text:KU:android.view.KeyEvent:TEXT-0141,text:KU:android.view.KeyEvent:TEXT-0254,complements,,llm_quote_grounded,The left KU defines the role of `InputMethodService` and `KeyEvent` in delivering text and handling input. The right KU complements this by showing how to configure IME options (`imeOptions`) and listen for editor actions (which involve `KeyEvent`) to control focus movement between fields.,Configuring Input Method behavior and handling user interaction with soft keyboards.,"handling user input, and delivering text to the field that currently has focus.","public boolean onEditorAction(TextView v, int actionId, KeyEvent event)"
text:KU:android.view.KeyEvent:TEXT-0141,text:KU:android.view.View:TEXT-0130,complements,,llm_quote_grounded,"The left KU explains the IME framework where `KeyEvent` handles input delivery. The right KU details how `View` (specifically `TextView`) interacts with the IME through `imeOptions` and `OnEditorActionListener`, which receives `KeyEvent` objects, thus completing the picture of input flow from service to view.",Interaction between Input Method Services and View components regarding keyboard events.,communicating with the current input field.,"onEditorAction(TextView v, int actionId, KeyEvent event)"
text:KU:android.view.KeyEvent:TEXT-0190,text:KU:android.view.KeyEvent:TEXT-0254,complements,,llm_quote_grounded,"TEXT-0190 provides the specific API call to customize the IME action label and key code, while TEXT-0254 explains the broader context of handling IME actions (like 'Next' or 'Done') via listeners and XML attributes.",Handling virtual keyboard actions in EditText/TextView,"mEditText.setImeActionLabel(""Custom text"", KeyEvent.KEYCODE_ENTER);",You can use `android:imeOptions` for handling that extra button on your keyboard.
text:KU:android.view.KeyEvent:TEXT-0190,text:KU:android.view.View:TEXT-0130,complements,,llm_quote_grounded,"TEXT-0190 focuses on customizing the IME action label/key, whereas TEXT-0130 details how to handle the resulting IME actions (like moving focus) using OnEditorActionListener and imeOptions.",Implementing custom keyboard behavior and navigation,"You will want to look at the `android:imeActionId` and `android:imeOptions` attributes, plus the `setOnEditorActionListener()` method",If you want to listen to imeoptions events use a `TextView.OnEditorActionListener`.
text:KU:android.view.KeyEvent:TEXT-0190,text:KU:android.view.View:TEXT-0160,contrasts_with,,llm_quote_grounded,"TEXT-0190 recommends using `setOnEditorActionListener` and `imeOptions` for handling Enter/Done, while TEXT-0160 demonstrates an alternative approach using `setOnKeyListener` to detect `KeyEvent.KEYCODE_ENTER` directly.",Methods for detecting Enter key press in EditText,"plus the `setOnEditorActionListener()` method, all on `TextView`.","time_statusTV.setOnKeyListener(new OnKeyListener() { @Override public boolean onKey(View v, int keyCode, KeyEvent event) { // TODO Auto-generated method stub if ((event.getAction() == KeyEvent.ACTION_DOWN) && (keyCode == KeyEvent.KEYCODE_ENTER)) {"
text:KU:android.view.KeyEvent:TEXT-0190,text:KU:android.view.inputmethod.EditorInfo:TEXT-0149,task_related,,llm_quote_grounded,"Both KUs address handling the 'Enter' or 'Done' key press in an EditText. TEXT-0190 suggests the listener setup, and TEXT-0149 provides the implementation logic checking against EditorInfo constants and KeyEvents.",Detecting user completion of input in EditText,handle the user pressing `Enter` while typing in an `EditText`,if (actionId == EditorInfo.IME_ACTION_SEARCH || actionId == EditorInfo.IME_ACTION_DONE || event.getAction() == KeyEvent.ACTION_DOWN && event.getKeyCode() == KeyEvent.KEYCODE_ENTER)
text:KU:android.view.KeyEvent:TEXT-0190,text:KU:android.widget.TextView:TEXT-0094,task_related,,llm_quote_grounded,"Both KUs describe the mechanism for handling Enter/Done keys in TextView/EditText. TEXT-0190 identifies the necessary APIs (`setOnEditorActionListener`, `imeOptions`), and TEXT-0094 shows the concrete code implementation using those APIs.",Implementing editor action listeners for keyboard events,"plus the `setOnEditorActionListener()` method, all on `TextView`.","((EditText)findViewById(R.id.youredittext)).setOnEditorActionListener( new EditText.OnEditorActionListener() { @Override public boolean onEditorAction(TextView v, int actionId, KeyEvent event) {"
text:KU:android.view.KeyEvent:TEXT-0190,text:KU:android.widget.TextView:TEXT-0119,complements,,llm_quote_grounded,"TEXT-0190 discusses customizing the IME action label and handling Enter, while TEXT-0119 provides a simpler configuration-based approach (`imeOptions=""actionNext""`) to handle navigation between fields without complex key sniffing.",Configuring EditText behavior for multi-field forms,You will want to look at the `android:imeActionId` and `android:imeOptions` attributes,"try setting `android:singleLine=""true""` and `android:imeOptions=""actionNext""`"
text:KU:android.view.View:TEXT-0146,text:KU:android.view.KeyEvent:TEXT-0220,complements,,llm_quote_grounded,"The View KU provides a workaround for EditText layout issues using an OnKeyListener to intercept key events, which complements the KeyEvent KU's discussion of handling key presses in EditText.",When attempting to prevent newlines in an EditText without using XML attributes that break hint visibility.,if (keyCode == KeyEvent.KEYCODE_ENTER && event.getAction() == KeyEvent.ACTION_DOWN) {,if ((event.getAction() == KeyEvent.ACTION_DOWN) && (keyCode == KeyEvent.KEYCODE_ENTER)) {
text:KU:android.view.View:TEXT-0160,text:KU:android.view.KeyEvent:TEXT-0220,task_related,,llm_quote_grounded,Both KUs involve setting up an OnKeyListener on an EditText to detect when the Enter key is pressed to trigger specific actions (clearing focus vs. showing a toast).,Handling user input completion via the Enter key in Android EditText fields.,if ((event.getAction() == KeyEvent.ACTION_DOWN) && (keyCode == KeyEvent.KEYCODE_ENTER)) {,if ((event.getAction() == KeyEvent.ACTION_DOWN) && (keyCode == KeyEvent.KEYCODE_ENTER)) {
text:KU:android.view.inputmethod.EditorInfo:TEXT-0192,text:KU:android.view.KeyEvent:TEXT-0220,complements,,llm_quote_grounded,"The EditorInfo KU provides a workaround for single-line behavior using KeyEvent, which complements the general EditText usage in the KeyEvent KU.",When implementing manual single-line constraints on an EditText where XML attributes fail or are not desired.,if (keyCode == KeyEvent.KEYCODE_ENTER && event.getAction() == KeyEvent.ACTION_DOWN) { // do nothing return true; },if ((event.getAction() == KeyEvent.ACTION_DOWN) && (keyCode == KeyEvent.KEYCODE_ENTER)) {
text:KU:android.view.View:TEXT-0110,text:KU:android.view.KeyEvent:TEXT-0254,complements,,llm_quote_grounded,"TEXT-0110 provides the mechanism to hide the soft keyboard when focus is lost, which complements TEXT-0254's focus movement logic by ensuring the IME state is consistent with the active EditText.",When managing focus transitions between EditTexts where the keyboard should not remain visible on unfocused fields.,"edittext.setOnFocusChangeListener(new View.OnFocusChangeListener() { @Override public void onFocusChange(View v, boolean hasFocus) { if (!hasFocus) { hideKeyboard(v); } } });",To listen to certain changing focus events use a `View.OnFocusChangeListener`
text:KU:android.view.View:TEXT-0146,text:KU:android.view.KeyEvent:TEXT-0254,constrains,,llm_quote_grounded,"TEXT-0146 suggests using `setImeOptions(EditorInfo.IME_ACTION_NEXT)` as a workaround for single-line behavior, which constrains or modifies the default IME action handling described in TEXT-0254.","In scenarios where standard XML attributes cause bugs (like hint visibility), programmatic IME options are used to enforce navigation behavior.",You would also want to call `editText.setImeOptions(EditorInfo.IME_ACTION_NEXT)` to avoid showing the return key.,"Value example ActionNext : > the action key performs a ""next"" operation, taking the user to the next field that will accept text."
text:KU:android.view.View:TEXT-0160,text:KU:android.view.KeyEvent:TEXT-0254,task_related,,llm_quote_grounded,"Both KUs address the task of managing focus and keyboard visibility during text input interactions, specifically linking button clicks or key presses to focus changes and IME actions.",Handling user input flow where focus must be programmatically set/cleared and keyboard shown/hidden based on events.,"time_statusTV.setFocusable(true); time_statusTV.requestFocus(); InputMethodManager imm = (InputMethodManager)this.getSystemService(Service.INPUT_METHOD_SERVICE); imm.showSoftInput( time_statusTV, 0);","To get a particular view to take focus, call view.requestFocus()"
text:KU:android.view.inputmethod.EditorInfo:TEXT-0149,text:KU:android.view.KeyEvent:TEXT-0254,task_related,,llm_quote_grounded,Both KUs demonstrate how to handle specific IME actions (Done/Next) using `OnEditorActionListener` and `EditorInfo` constants to control user flow after text entry.,Detecting when a user finishes editing or moves to the next field via keyboard action buttons.,if (actionId == EditorInfo.IME_ACTION_SEARCH || actionId == EditorInfo.IME_ACTION_DONE || event.getAction() == KeyEvent.ACTION_DOWN && event.getKeyCode() == KeyEvent.KEYCODE_ENTER) {,if (actionId == EditorInfo.IME_ACTION_SEARCH) { performSearch(); return true; }
text:KU:android.view.inputmethod.InputMethod:TEXT-0107,text:KU:android.view.KeyEvent:TEXT-0254,constrains,,llm_quote_grounded,"The InputMethod API documentation establishes that KeyEvent is the mechanism for handling keyboard characters, which constrains how IME actions (like Next/Done) described in the other KU are technically delivered and processed.",General IME architecture and event handling,The `KeyEvent` class is important for handling keyboard characters.,"If you want to listen to imeoptions events use a `TextView.OnEditorActionListener`. editText.setOnEditorActionListener(new TextView.OnEditorActionListener() { @Override public boolean onEditorAction(TextView v, int actionId, KeyEvent event) {"
text:KU:android.widget.TextView:TEXT-0003,text:KU:android.view.KeyEvent:TEXT-0254,constrains,,llm_quote_grounded,"The right KU explains that TextView automatically sets IME_FLAG_NO_ENTER_ACTION for multi-line views, which constrains the ability of the left KU's 'Done' or 'Next' IME options to function as expected without manual override.",Multi-line EditText behavior regarding IME actions,Note that `TextView` will automatically set this flag for you on multi-line text views.,"ActionDone : > the action key performs a ""done"" operation, typically meaning there is nothing more to input and the IME will be closed."
text:KU:android.view.KeyEvent:TEXT-0254,text:KU:android.widget.TextView:TEXT-0032,task_related,,llm_quote_grounded,"Both KUs involve using `TextView.OnEditorActionListener` with `KeyEvent` to handle specific IME actions (Search/Next vs Send), demonstrating similar implementation patterns for different user intents.",Handling IME editor actions via listeners,"editText.setOnEditorActionListener(new TextView.OnEditorActionListener() { @Override public boolean onEditorAction(TextView v, int actionId, KeyEvent event) { if (actionId == EditorInfo.IME_ACTION_SEARCH) {","sendText.setOnEditorActionListener(new OnEditorActionListener() { public boolean onEditorAction(TextView v, int actionId, KeyEvent event){ if(actionId == EditorInfo.IME_ACTION_SEND){"
text:KU:android.view.KeyEvent:TEXT-0254,text:KU:android.widget.TextView:TEXT-0091,task_related,,llm_quote_grounded,"Both KUs describe using `OnEditorActionListener` to detect when a user finishes editing or moves focus, specifically checking for `IME_ACTION_DONE` or similar completion signals.",Detecting end-of-input or focus change via IME actions,"ActionDone : > the action key performs a ""done"" operation, typically meaning there is nothing more to input and the IME will be closed.","meditText.setOnEditorActionListener(new TextView.OnEditorActionListener() { @Override public boolean onEditorAction(TextView v, int actionId, KeyEvent event) { if (actionId == EditorInfo.IME_ACTION_DONE) {"
text:KU:android.view.KeyEvent:TEXT-0254,text:KU:android.widget.TextView:TEXT-0094,task_related,,llm_quote_grounded,Both KUs provide code examples for listening to IME actions (Done/Search) using `OnEditorActionListener` and `KeyEvent` to trigger logic when the user finishes typing.,Implementing 'finished typing' detection via IME listeners,"editText.setOnEditorActionListener(new TextView.OnEditorActionListener() { @Override public boolean onEditorAction(TextView v, int actionId, KeyEvent event) { if (actionId == EditorInfo.IME_ACTION_SEARCH) {","((EditText)findViewById(R.id.youredittext)).setOnEditorActionListener( new EditText.OnEditorActionListener() { @Override public boolean onEditorAction(TextView v, int actionId, KeyEvent event) { if (actionId == EditorInfo.IME_ACTION_SEARCH || actionId == EditorInfo.IME_ACTION_DONE"
text:KU:android.view.KeyEvent:TEXT-0254,text:KU:android.widget.TextView:TEXT-0213,complements,,llm_quote_grounded,"The left KU describes standard IME actions like Done/Next, while the right KU complements this by showing how to customize the label and ID of these actions (e.g., changing 'Done' to 'Go') using `setImeActionLabel`.",Customizing IME action buttons beyond default constants,"Value example ActionNext : > the action key performs a ""next"" operation, taking the user to the next field that will accept text. ActionDone : > the action key performs a ""done"" operation,","For changing the text of the ""Done"" button to a custom string, use: mEditText.setImeActionLabel(""Custom text"", KeyEvent.KEYCODE_ENTER);"
text:KU:android.view.View:TEXT-0012,text:KU:android.view.View:TEXT-0064,task_related,,llm_quote_grounded,Both KUs describe the implementation of clickable text segments within a TextView using ClickableSpan and LinkMovementMethod.,"Android UI development, specifically making parts of text interactive.",you'll have to create add your own `Span` class. Here's an example implementation. First define your own span by extending from `ClickableSpan`,I finally figured it out how to have multiple clickable parts in a TextView. It is important that they all have their own ClickableSpan!
text:KU:android.view.View:TEXT-0012,text:KU:android.view.View:TEXT-0065,task_related,,llm_quote_grounded,Both KUs address the task of making specific portions of text in a TextView clickable by utilizing ClickableSpan and setting the movement method.,Android TextView interaction handling.,First define your own span by extending from `ClickableSpan`: static class MyClickableSpan extends ClickableSpan,"`android.text.style.ClickableSpan` can solve your problem. SpannableString ss = new SpannableString(""Android is a Software stack""); ClickableSpan clickableSpan = new ClickableSpan()"
text:KU:android.view.View:TEXT-0012,text:KU:android.view.View:TEXT-0179,contrasts_with,,llm_quote_grounded,"TEXT-0012 uses ClickableSpan for granular interaction within a single TextView, while TEXT-0179 uses individual OnClickListeners on multiple TextViews.",Implementation strategy for handling clicks on text elements in Android views.,"if you want to make each of the ID's you're printing clickable separately (ie. each one goes somewhere else), you'll have to create add your own `Span` class.",I have a number of textviews and have set onClickListeners to each of them..
text:KU:android.view.View:TEXT-0012,text:KU:android.view.View:TEXT-0227,constrains,,llm_quote_grounded,"TEXT-0012 relies on LinkMovementMethod to enable clicking spans, but TEXT-0227 notes that this method disables text selection, requiring a custom subclass to support both.",Using LinkMovementMethod on a TextView when text selectability is also required.,"Finally, to enable clicking, you need to add the `LinkMovementMethod` to your `TextView` as follows:","but when I enable links to be clicked via `setMovementMethod(LinkMovementMethod.getInstance())`, it is no longer selectable."
text:KU:android.view.View:TEXT-0012,text:KU:android.widget.TextView:TEXT-0027,complements,,llm_quote_grounded,Both KUs demonstrate using SpannableString and setSpan to apply specific behaviors or styles to parts of a TextView's content.,Applying spans to modify text appearance or interactivity in TextViews.,mySpan.setSpan(new MyClickableSpan(new OnClickListener() {,"spannable.setSpan(new ForegroundColorSpan(Color.WHITE), text.length(), (text + CepVizyon.getPhoneCode()).length(), Spannable.SPAN_EXCLUSIVE_EXCLUSIVE);"
text:KU:android.view.View:TEXT-0012,text:KU:android.widget.TextView:TEXT-0028,task_related,,llm_quote_grounded,Both KUs address making text in a TextView interactive/clickable by managing URLSpans or ClickableSpans.,Implementing clickable links or spans within a TextView.,"Now i want to make these ids clickable such that when user clicks on each id, it will open a separate activity corresponding to this id.",You can do it in code by finding and replacing the `URLSpan` instances with versions that don't underline.
text:KU:android.view.View:TEXT-0012,text:KU:android.widget.TextView:TEXT-0029,task_related,,llm_quote_grounded,Both KUs involve configuring a TextView to handle link clicks using LinkMovementMethod and manipulating spans.,Enabling and customizing clickable links in a TextView.,"Finally, to enable clicking, you need to add the `LinkMovementMethod` to your `TextView` as follows:",t.setMovementMethod(LinkMovementMethod.getInstance());
text:KU:android.view.View:TEXT-0012,text:KU:android.widget.TextView:TEXT-0068,contrasts_with,,llm_quote_grounded,"The first KU uses LinkMovementMethod to enable clickable spans, while the second KU explains that this method disables text selection, requiring a custom subclass to support both.",When attempting to have both clickable links/spans and selectable text in a TextView.,setNote.setMovementMethod(LinkMovementMethod.getInstance());,"when I enable links to be clicked via `setMovementMethod(LinkMovementMethod.getInstance())`, it is no longer selectable."
text:KU:android.view.View:TEXT-0015,text:KU:android.view.View:TEXT-0039,task_related,,llm_quote_grounded,"Both KUs deal with managing focus and user interaction with EditText fields, specifically involving requestFocus() and keyboard/input handling.",Android UI interaction with EditText components.,caseno.requestFocus();,InputEditText.requestFocus();
text:KU:android.view.View:TEXT-0015,text:KU:android.view.View:TEXT-0130,complements,,llm_quote_grounded,"The first KU manually handles focus movement between EditTexts upon validation failure, while the second KU describes standard XML attributes and listeners for defining focus navigation order.",Managing focus transitions between input fields.,caseno.requestFocus();,"To get a particular view to take focus, call view.requestFocus()"
text:KU:android.view.View:TEXT-0018,text:KU:android.view.View:TEXT-0248,task_related,,llm_quote_grounded,Both KUs demonstrate using `View.OnFocusChangeListener` to trigger actions (changing hint text or showing a dialog) when an EditText gains focus.,Android View event handling for EditText components,"editText.setOnFocusChangeListener(new View.OnFocusChangeListener() { @Override public void onFocusChange(View v, boolean hasFocus) {","mDateDisplay.setOnFocusChangeListener(new View.OnFocusChangeListener() { @Override public void onFocusChange(View v, boolean hasFocus) {"
text:KU:java.lang.CharSequence:TEXT-0004,text:KU:android.view.View:TEXT-0018,complements,,llm_quote_grounded,"TEXT-0004 provides a solution for dynamically updating hint properties (color) based on text state, which complements TEXT-0018's approach of dynamically updating hint content based on focus state.",Dynamic management of EditText hints in Android,Use this to change the hint color. - editText.setHintTextColor(getResources().getColor(R.color.white));,"inputLayout.setHint(""We did it!"");"
text:KU:android.view.View:TEXT-0025,text:KU:android.view.inputmethod.EditorInfo:TEXT-0157,task_related,,llm_quote_grounded,"Both KUs address the implementation and management of `TextWatcher` in Android EditTexts, specifically dealing with logic triggered by text changes.",Android EditText text modification handling using TextWatcher interface.,You could just update the style after every character that they type using a `TextWatcher`,I want to implement TextWatcher to reflect the changes in the total edittext.
text:KU:android.view.View:TEXT-0025,text:KU:android.widget.TextView:TEXT-0027,complements,,llm_quote_grounded,"The left KU demonstrates applying styles (bold) dynamically during typing using `setSpan`, while the right KU provides a static example of applying color styling using `setSpan` on a TextView, illustrating the same underlying Spannable mechanism for different use cases.",Applying visual styles to text content using Spannable objects in Android views.,"mEditText.getText().setSpan(new StyleSpan(android.graphics.Typeface.BOLD), mStart, end - mStart, Spannable.SPAN_EXCLUSIVE_EXCLUSIVE);","spannable.setSpan(new ForegroundColorSpan(Color.WHITE), text.length(), (text + CepVizyon.getPhoneCode()).length(), Spannable.SPAN_EXCLUSIVE_EXCLUSIVE);"
text:KU:android.view.View:TEXT-0025,text:KU:android.widget.TextView:TEXT-0036,complements,,llm_quote_grounded,"Both KUs utilize the `setSpan` method on Spannable objects to apply specific text formatting (Bold vs Underline), providing complementary examples of how to programmatically style text ranges.",Programmatic text styling using Spannable spans in Android.,"mEditText.getText().setSpan(new StyleSpan(android.graphics.Typeface.BOLD), mStart, end - mStart, Spannable.SPAN_EXCLUSIVE_EXCLUSIVE);","content.setSpan(new UnderlineSpan(), 0, content.length(), 0);"
text:KU:android.view.View:TEXT-0025,text:KU:android.widget.TextView:TEXT-0140,complements,,llm_quote_grounded,"Both KUs demonstrate the application of bold styling via `StyleSpan` and `setSpan`. The left KU applies it dynamically as text is typed, while the right KU applies it to a substring within an existing string, showing different contexts for the same API usage.",Applying bold font style to text segments using Spannable APIs.,"mEditText.getText().setSpan(new StyleSpan(android.graphics.Typeface.BOLD), mStart, end - mStart, Spannable.SPAN_EXCLUSIVE_EXCLUSIVE);","spannable.setSpan(new StyleSpan(android.graphics.Typeface.BOLD), str2.indexOf(str1), str2.indexOf(str1) + str1.length(), Spannable.SPAN_INCLUSIVE_INCLUSIVE);"
text:KU:android.view.View:TEXT-0025,text:KU:java.lang.CharSequence:TEXT-0004,constrains,,llm_quote_grounded,"The left KU's solution relies on modifying the text content via `getText()` which returns a CharSequence/Editable, while the right KU discusses issues with hint text colors in EditText, highlighting constraints or side effects when manipulating EditText states and text properties.",Manipulating EditText text and state properties.,int end = mEditText.getText().length();,"But when there is some text is available in `EditText` after that user selects other color, then that text is coming in that color."
text:KU:android.view.View:TEXT-0025,text:KU:java.lang.CharSequence:TEXT-0251,task_related,,llm_quote_grounded,Both KUs address the implementation and usage of TextWatcher listeners for EditText components in Android.,General Android text input handling using TextWatcher interface methods.,You could just update the style after every character that they type using a `TextWatcher` and the `addTextChangedListener()` method.,I know a little bit about `TextWatcher` but that fires on every character you enter.
text:KU:android.view.View:TEXT-0031,text:KU:android.view.View:TEXT-0131,task_related,,llm_quote_grounded,Both KUs describe implementing a button click listener to clear text from one or more EditText/TextView fields.,UI interaction pattern where a button triggers text clearing operations.,"Button clearButton = (Button)findViewById(R.id.clear); clearButton.setOnClickListener(new Button.OnClickListener() { public void onClick(View v) { number = (EditText) findViewById(R.id.text_reading); number.setText(""""); } });","reset.setOnClickListener(new OnClickListener() { @Override public void onClick(View v) { textview1.settext(""""); textview2.settext(""""); ...... textview8.settext(""""); } });"
text:KU:android.widget.TextView:TEXT-0088,text:KU:android.view.View:TEXT-0031,complements,,llm_quote_grounded,"The right KU provides specific API methods (clearComposingText, setSingleLine) to solve the problem described in the left KU where standard clearing methods failed.",Clearing multiline EditText content completely,you could give it a try: * `((EditText) view).clearComposingText()` It's a inherit method from TextView,Is there way to 'completely' clear a multiline EditText field ?
text:KU:android.view.View:TEXT-0033,text:KU:android.view.View:TEXT-0040,task_related,,llm_quote_grounded,"Both KUs address the task of clearing text in EditText fields within an Android Activity, specifically dealing with view initialization and event handling.",Android UI development involving EditText and OnClickListener/View access.,Clear text in EditText when entered,"txt1.setText(""""); txt2.setText(""""); res.setText("""");"
text:KU:android.view.View:TEXT-0033,text:KU:android.view.View:TEXT-0041,constrains,,llm_quote_grounded,"TEXT-0033 establishes the requirement to call setContentView before findViewById to avoid crashes. TEXT-0041 demonstrates a failure case where data is read from EditText in onCreate (before user input), implying that reading/writing view state must occur after proper initialization and often within event handlers rather than just setup.",Ordering of lifecycle methods and timing of view interaction.,First you need to call `setContentView(R.layout.main)` then all other initialization.,If You want the edit-text data when you click on button. than put code for getting data from edit-text in button's click listener.
text:KU:android.view.View:TEXT-0033,text:KU:android.view.View:TEXT-0099,constrains,,llm_quote_grounded,"TEXT-0033 highlights the importance of correct initialization order (setContentView before findViewById). TEXT-0099 highlights the importance of timing for reading EditText content (must be done at event time, not creation time). Both constrain how View interactions are coded relative to the Activity lifecycle.",Correct usage of View APIs regarding initialization and state retrieval timing.,First you need to call `setContentView(R.layout.main)` then all other initialization.,You get nothing from the `EditText` because you're examining its contents right after it's created.
text:KU:android.view.View:TEXT-0033,text:KU:android.view.View:TEXT-0131,task_related,,llm_quote_grounded,Both KUs describe implementing logic to clear text fields (EditText) upon a user action (click).,Implementing 'clear' or 'reset' functionality for text inputs.,"editText.setText("""");","textview1.settext(""""); textview2.settext(""""); ...... textview8.settext("""");"
text:KU:android.view.View:TEXT-0033,text:KU:android.view.View:TEXT-0134,constrains,,llm_quote_grounded,TEXT-0033 warns against accessing views before setContentView. TEXT-0134 warns against reading EditText values during onCreate instead of onClick. Both impose constraints on when View methods can be effectively called.,Timing of View API calls relative to Activity lifecycle events.,First you need to call `setContentView(R.layout.main)` then all other initialization.,The problem is that you are executing it after your findViewById and probably the EditText does not contain nothing.
text:KU:android.view.View:TEXT-0033,text:KU:android.view.View:TEXT-0172,contrasts_with,,llm_quote_grounded,"TEXT-0033 uses an OnClickListener on the EditText itself to clear text. TEXT-0172 uses an OnFocusChangeListener on the EditText to handle focus events (though the snippet shows Toasts, the context implies managing interaction via focus vs click). They represent different event-driven approaches to interacting with EditText.",Event handling mechanisms for EditText views.,editText.setOnClickListener(this);,childItem.setOnFocusChangeListener(new View.OnFocusChangeListener()
text:KU:android.view.View:TEXT-0033,text:KU:android.view.View:TEXT-0207,task_related,,llm_quote_grounded,"Both KUs address the task of clearing an EditText's content programmatically using setText("""").",Android UI interaction involving EditText text manipulation.,"editText.setText("""");","editTextInput.setText("""");"
text:KU:android.view.View:TEXT-0033,text:KU:android.widget.TextView:TEXT-0258,task_related,,llm_quote_grounded,Both KUs demonstrate the specific task of clearing an EditText field by setting its text to an empty string.,Programmatic modification of EditText content in Android.,"editText.setText("""");","editTextInput.setText("""");"
text:KU:android.view.View:TEXT-0039,text:KU:android.view.View:TEXT-0081,contrasts_with,,llm_quote_grounded,"The left KU demonstrates enabling focus and showing the keyboard programmatically to allow editing, while the right KU explains that EditTexts are focusable by default in touch mode, causing a double-click issue (first click focuses/shows keyboard, second triggers listener) which requires disabling focusableInTouchMode to fix.",Handling EditText focus and soft keyboard visibility when interacting with buttons or listeners.,InputEditText.setFocusableInTouchMode(true);,"Unlike most other controls, `EditText`s are focusable while the system is in 'touch mode'. The first click event focuses the control, while the second click event actually fires the `OnClickListener`."
text:KU:android.view.View:TEXT-0039,text:KU:android.view.View:TEXT-0110,task_related,,llm_quote_grounded,"Both KUs address the task of managing the soft keyboard visibility for an EditText. The left KU shows how to explicitly show the keyboard using InputMethodManager after setting focus, while the right KU discusses making the keyboard appear automatically on focus and hiding it when focus is lost.",Programmatic control of soft keyboard appearance/disappearance relative to EditText focus state.,"imm.showSoftInput(InputEditText, InputMethodManager.SHOW_FORCED);",How do I make the soft keyboard automatically show when the dialog is shown?
text:KU:android.view.View:TEXT-0039,text:KU:android.view.View:TEXT-0130,complements,,llm_quote_grounded,"The left KU provides code to manually trigger the soft keyboard and set focus on an EditText via a button click. The right KU complements this by explaining how to handle navigation between multiple EditText fields using IME options (like 'Next') and XML attributes, which is relevant if the user wants to move focus to another field instead of just opening the keyboard on one.",Managing focus and keyboard interaction across multiple EditText fields.,InputEditText.requestFocus();,"When I press the 'Next', the focus on the User EditText must be move to the Password."
text:KU:android.view.View:TEXT-0039,text:KU:android.view.View:TEXT-0160,task_related,,llm_quote_grounded,"Both KUs address the task of programmatically showing the soft keyboard for an EditText when a button is clicked, involving focus management and InputMethodManager.",Android UI interaction where user input requires explicit keyboard invocation via code rather than default touch behavior.,How to open keyboard for editing EditText when click button?,How to programmatically set and remove Focus on edit text on click of a button
text:KU:android.view.View:TEXT-0041,text:KU:android.view.View:TEXT-0099,task_related,,llm_quote_grounded,"Both KUs address the same specific bug where EditText values are retrieved in onCreate() before user input, resulting in empty strings.",Android Activity lifecycle and View data retrieval timing.,PatientIdInput=PatientIdInputField.getText().toString(); CenterIdInput=CenterIdInputField.getText().toString();,text1 = edittext1.getEditableText().toString().trim();
text:KU:android.view.View:TEXT-0041,text:KU:android.view.View:TEXT-0134,task_related,,llm_quote_grounded,"Both KUs describe the error of reading EditText content during initialization (onCreate) instead of at the time of use (onClick), leading to default or null values.",Timing of View state access in Android Activities.,"because your code is executed but, at that time it has no value so, you not get anything.",The problem is that you are executing it after your findViewById and probably the EditText does not contain nothing.
text:KU:android.view.View:TEXT-0041,text:KU:android.view.View:TEXT-0207,task_related,,llm_quote_grounded,"Both KUs address the same specific Android development issue: retrieving EditText values inside a Button's OnClickListener rather than in onCreate, because the view state is not populated at creation time.",Android UI interaction patterns involving EditText and Button click listeners.,If You want the edit-text data when you click on button. than put code for getting data from edit-text in button's click listener.,Try this. Get the `EditText` text inside `ClickListener` like below
text:KU:android.view.View:TEXT-0045,text:KU:android.view.View:TEXT-0104,contrasts_with,,llm_quote_grounded,"The left KU describes a focus bug in EditText within ListView, while the right KU provides a solution for visual selection feedback (highlighting/checkbox) in GridView/ListView using custom adapters and state management.",Android UI interaction patterns involving list/grid items and user feedback.,EditText in Listview loses focus when pressed on Android 4.x,How to highlight or check selected list items
text:KU:android.view.View:TEXT-0045,text:KU:android.view.View:TEXT-0112,task_related,,llm_quote_grounded,"Both KUs address the difficulty of managing focus for EditText widgets embedded within a ListView, specifically dealing with how the ListView intercepts or mishandles focus events.",Android UI development involving ListViews containing editable text fields.,EditText in Listview loses focus when pressed on Android 4.x,Focusable EditText inside ListView
text:KU:android.view.View:TEXT-0045,text:KU:android.view.View:TEXT-0241,task_related,,llm_quote_grounded,Both KUs discuss the specific problem of EditText focus behavior within a ListView and propose workarounds involving focus listeners and delayed execution to ensure correct focus state.,Resolving focus conflicts between ListView containers and their child EditText views.,EditText in Listview loses focus when pressed on Android 4.x,Focusable EditText inside ListView
text:KU:android.view.View:TEXT-0052,text:KU:android.view.View:TEXT-0150,contrasts_with,,llm_quote_grounded,"The two KUs contrast different visibility states of a View (GONE vs INVISIBLE) and their impact on layout space, whereas TEXT-0052 discusses moving the view's content via padding/animation without addressing visibility state changes.",Android View visibility and layout behavior,"when I call myTextView.setPadding(100,100,0,0), it moves the actual Text of the TextView, but does not move the Colored Background",use `myTextView.setVisible(View.INVISIBLE);` instead of myTextView.setVisible(View.GONE); to persist the space in layout
text:KU:android.view.View:TEXT-0052,text:KU:android.widget.TextView:TEXT-0156,task_related,,llm_quote_grounded,Both KUs address the task of moving or animating a View/TextView using TranslateAnimation.,Android UI animation for moving views,"You may use animation to move a view. Animation a = new TranslateAnimation((oldPos), newPos, 0.0f, 0.0f);","Animation mAnimation = new TranslateAnimation(screenWidth, toXDelta, 0, 0);"
text:KU:android.view.View:TEXT-0056,text:KU:android.widget.TextView:TEXT-0263,complements,,llm_quote_grounded,"Both KUs demonstrate the use of LayoutInflater to inflate XML layouts into View objects, providing complementary examples of this specific API usage pattern.",Usage of LayoutInflater.inflate() to create views from XML resources in Android activities.,View view = LayoutInflater.from(HelloTabWidget.this).inflate(R.layout.text);,"View header = LayoutInflater.from(this).inflate(R.layout.nav_header_main, null);"
text:KU:android.view.View:TEXT-0059,text:KU:android.view.View:TEXT-0074,contrasts_with,,llm_quote_grounded,"The left KU explains that manually calling an OnTouchListener does not propagate the event, whereas the right KU demonstrates standard usage of setOnTouchListener to handle touch events on multiple views.",Handling View.OnTouchListener and MotionEvent dispatching in Android.,If you call the listener from your view it simply does what ever you have there and then returns. It doesn't magically delegate the touch event anywhere.,tv1.setOnTouchListener(onTouchListener);
text:KU:android.view.View:TEXT-0059,text:KU:android.view.View:TEXT-0090,complements,,llm_quote_grounded,"The left KU identifies `dispatchTouchEvent` as the correct method for handling/simulating touch events properly, while the right KU provides a concrete implementation of overriding `dispatchTouchEvent` to detect touches outside a specific view.",Using View.dispatchTouchEvent for custom touch handling logic.,Instead Call `dispatchTouchEvent()` on your view to get the correct result.,@Override public boolean dispatchTouchEvent(MotionEvent event) {
text:KU:android.view.View:TEXT-0061,text:KU:android.view.View:TEXT-0160,task_related,,llm_quote_grounded,Both KUs address managing focus on EditText views using OnKeyListener and requestFocus/clearFocus methods.,Android View focus management for EditText components,"editText1.setOnKeyListener(new OnKeyListener() { @Override public boolean onKey(View v, int keyCode, KeyEvent event) { if(editText1.getText().length() == 5) editText2.requestFocus(); return false; } });","time_statusTV.setOnKeyListener(new OnKeyListener() { @Override public boolean onKey(View v, int keyCode, KeyEvent event) { // TODO Auto-generated method stub if ((event.getAction() == KeyEvent.ACTION_DOWN) && (keyCode == KeyEvent.KEYCODE_ENTER)) { // My code time_statusTV.clearFocus(); } return false; } });"
text:KU:android.view.View:TEXT-0061,text:KU:android.view.View:TEXT-0248,contrasts_with,,llm_quote_grounded,"The first KU demonstrates using `requestFocus()` to programmatically move focus between EditTexts based on input length, while the second KU contrasts this by showing that relying on focus changes (`onFocusChange`) for triggering dialogs in EditTexts is problematic and recommends using click listeners instead.",Android UI interaction patterns involving EditText focus and event handling.,editText2.requestFocus(),The dialog will show if mDateDisplay is a button but I want to use edittext what should I do?
text:KU:android.view.View:TEXT-0061,text:KU:android.view.inputmethod.EditorInfo:TEXT-0149,task_related,,llm_quote_grounded,"Both KUs address detecting specific user input states or completion events in Android EditText fields. The first uses key length checks within an OnKeyListener to trigger actions (like moving focus), while the second uses an OnEditorActionListener to detect when the user finishes typing via IME actions.",Handling text input events and determining user intent/completion in Android EditText components.,if(editText1.getText().length() == 5) editText2.requestFocus();,I want to catch an event when the user finishes editing EditText.
text:KU:android.view.View:TEXT-0061,text:KU:android.widget.TextView:TEXT-0094,task_related,,llm_quote_grounded,Both KUs address detecting user input completion or state changes in EditText fields to trigger subsequent actions (focus change vs. event handling).,Android UI interaction with EditText/TextView components.,"set the focus to `editText2`, if the length of 5 is reached in `editView1`",catch an event when the user finishes editing EditText
text:KU:android.view.View:TEXT-0061,text:KU:java.lang.CharSequence:TEXT-0013,contrasts_with,,llm_quote_grounded,"The left KU uses OnKeyListener for focus change, while the right KU suggests TextWatcher as a better alternative for handling text changes and focus.",Android EditText focus management based on input length,editText1.setOnKeyListener(new OnKeyListener() {,Try TextWatcher instead of onKeyListener
text:KU:android.view.View:TEXT-0064,text:KU:android.view.View:TEXT-0065,task_related,,llm_quote_grounded,Both KUs address making specific parts of TextView text clickable using ClickableSpan.,Android TextView interactivity,I finally figured it out how to have multiple clickable parts in a TextView.,`android.text.style.ClickableSpan` can solve your problem.
text:KU:android.view.View:TEXT-0064,text:KU:android.view.View:TEXT-0227,constrains,,llm_quote_grounded,"The method in TEXT-0064 for making text clickable relies on LinkMovementMethod, which TEXT-0227 identifies as conflicting with text selection capabilities.",When attempting to use both clickable spans and selectable text in a TextView.,textView.setMovementMethod(LinkMovementMethod.getInstance());,"when I enable links to be clicked via `setMovementMethod(LinkMovementMethod.getInstance())`, it is no longer selectable."
text:KU:android.widget.TextView:TEXT-0027,text:KU:android.view.View:TEXT-0064,complements,,llm_quote_grounded,"TEXT-0027 provides the technique for coloring specific parts of text using Spans, which complements TEXT-0064's goal of making those same parts clickable.",Styling and interacting with partial text within a TextView.,"spannable.setSpan(new ForegroundColorSpan(Color.WHITE), text.length(), (text + CepVizyon.getPhoneCode()).length(), Spannable.SPAN_EXCLUSIVE_EXCLUSIVE);","i want to make these two words (Term of Use, Privacy Policy) in different color and clickable.."
text:KU:android.widget.TextView:TEXT-0028,text:KU:android.view.View:TEXT-0064,complements,,llm_quote_grounded,"TEXT-0028 shows how to customize the visual appearance (removing underlines) of clickable spans, which can refine the implementation in TEXT-0064 where custom ClickableSpans are used.",Customizing the look of clickable text elements in a TextView.,You can do it in code by finding and replacing the `URLSpan` instances with versions that don't underline.,ssb.setSpan(new ClickableSpan() {
text:KU:android.widget.TextView:TEXT-0029,text:KU:android.view.View:TEXT-0064,complements,,llm_quote_grounded,"TEXT-0029 demonstrates removing underlines from link spans, a styling detail that can be applied to the clickable spans created in TEXT-0064.",Visual customization of clickable text spans.,"span = new URLSpanline_none(span.getURL()); s.setSpan(span, start, end, 0);",ssb.setSpan(new ClickableSpan() {
text:KU:android.view.View:TEXT-0064,text:KU:android.widget.TextView:TEXT-0068,contrasts_with,,llm_quote_grounded,"The left KU demonstrates making specific words clickable using ClickableSpan and LinkMovementMethod, while the right KU highlights that enabling this movement method disables text selection, requiring a custom subclass to support both.",When attempting to combine clickable spans with selectable text in a TextView.,textView.setMovementMethod(LinkMovementMethod.getInstance());,"when I enable links to be clicked via `setMovementMethod(LinkMovementMethod.getInstance())`, it is no longer selectable."
text:KU:android.view.View:TEXT-0065,text:KU:android.view.View:TEXT-0227,constrains,,llm_quote_grounded,"The solution in TEXT-0065 uses LinkMovementMethod to enable clickable spans, but TEXT-0227 reveals that this specific movement method prevents text selection, constraining the usability of the approach if selection is also required.",When using TextView with both clickable spans and selectable text requirements.,textView.setMovementMethod(LinkMovementMethod.getInstance());,"when I enable links to be clicked via `setMovementMethod(LinkMovementMethod.getInstance())`, it is no longer selectable."
text:KU:android.view.View:TEXT-0065,text:KU:android.widget.TextView:TEXT-0027,complements,,llm_quote_grounded,"Both KUs demonstrate modifying parts of a TextView's content using SpannableString. TEXT-0065 adds interactivity (clickable), while TEXT-0027 adds visual styling (color). They complement each other as different use cases for the same underlying mechanism.",Modifying specific ranges of text within a TextView using Spannable APIs.,"SpannableString ss = new SpannableString(""Android is a Software stack"");",Spannable spannable = new SpannableString(text2);
text:KU:android.view.View:TEXT-0065,text:KU:android.widget.TextView:TEXT-0028,task_related,,llm_quote_grounded,"Both KUs address customizing the appearance of clickable text spans in a TextView. TEXT-0065 shows how to create a ClickableSpan and remove its underline programmatically, while TEXT-0028 shows how to remove underlines from auto-detected URLSpans.",Customizing visual properties (specifically underlines) of clickable text elements in TextViews.,ds.setUnderlineText(false);,ds.setUnderlineText(false);
text:KU:android.view.View:TEXT-0065,text:KU:android.widget.TextView:TEXT-0029,task_related,,llm_quote_grounded,"Both KUs address the task of removing underlines from clickable text in a TextView, using `updateDrawState` to set underline to false.",Android TextView styling for links/spans,ds.setUnderlineText(false);,ds.setUnderlineText(false);
text:KU:android.view.View:TEXT-0065,text:KU:android.widget.TextView:TEXT-0036,contrasts_with,,llm_quote_grounded,"The left KU demonstrates how to remove underlines from clickable spans, while the right KU demonstrates how to add underlines to text.",TextView text decoration (underline),ds.setUnderlineText(false);,"content.setSpan(new UnderlineSpan(), 0, content.length(), 0);"
text:KU:android.view.View:TEXT-0065,text:KU:android.widget.TextView:TEXT-0114,complements,,llm_quote_grounded,"The left KU uses `LinkMovementMethod` to enable click handling on spans, while the right KU discusses `ScrollingMovementMethod` for scrolling; both illustrate configuring movement methods on a TextView.",TextView MovementMethod configuration,textView.setMovementMethod(LinkMovementMethod.getInstance());,txt.setMovementMethod(new ScrollingMovementMethod());
text:KU:android.view.View:TEXT-0065,text:KU:android.widget.TextView:TEXT-0132,task_related,,llm_quote_grounded,Both KUs involve applying spans to a SpannableString and setting it on a TextView to modify specific parts of the text (clickable span vs color span).,Applying spans to TextViews,"ss.setSpan(clickableSpan, 22, 27, Spanned.SPAN_EXCLUSIVE_EXCLUSIVE);","clientsDebit.setSpan(new ForegroundColorSpan(mContext.getResources().getColor(R.color.blue)), 0, clientsDebit.length(), Spannable.SPAN_EXCLUSIVE_EXCLUSIVE);"
text:KU:android.view.View:TEXT-0074,text:KU:android.view.View:TEXT-0185,contrasts_with,,llm_quote_grounded,"TEXT-0074 demonstrates using `View.OnTouchListener` to handle touch events for visual changes, whereas TEXT-0185 explicitly advises against using `OnTouchListener` for scrolling actions triggered by focus/keyboard appearance, recommending `OnFocusChangeListener` instead.",Selection of event listener for UI interaction (touch vs focus),tv2.setOnTouchListener(new CustomTouchListener());,"First I would like to say you have to use ""OnFocusListener"" and then you have to use Handler like this;"
text:KU:android.view.View:TEXT-0081,text:KU:android.view.View:TEXT-0110,contrasts_with,,llm_quote_grounded,"The two KUs describe opposite behaviors regarding the soft keyboard and focus in touch mode. TEXT-0081 explains that EditTexts are focusable in touch mode, causing a double-tap requirement for click events (keyboard appears on first tap). TEXT-0110 provides a solution to hide the keyboard when focus is lost by making the parent view clickable/focusable, effectively managing the interaction between focus and keyboard visibility differently.",Interaction with EditText/View focus and soft keyboard visibility in Android UI.,"Unlike most other controls, `EditText`s are focusable while the system is in 'touch mode'. The first click event focuses the control, while the second click event actually fires the `OnClickListener`.","Make the parent view(content view of your activity) clickable and focusable by adding the following attributes android:clickable=""true"" android:focusableInTouchMode=""true"""
text:KU:android.view.View:TEXT-0081,text:KU:android.view.View:TEXT-0185,task_related,,llm_quote_grounded,"Both KUs address the issue where interacting with an EditText triggers a double-click behavior (first click focuses/opens keyboard, second click fires listener) due to touch mode focus.",Handling user interaction events on EditText views in Android.,"The first click event focuses the control, while the second click event actually fires the `OnClickListener`.",it needs double click to scroll it. First click open the keyboard and second click scroll to `scrollview`.
text:KU:android.view.View:TEXT-0081,text:KU:android.view.View:TEXT-0248,complements,,llm_quote_grounded,"TEXT-0081 explains why OnClickListener fails on EditText (focus consumes first click), while TEXT-0248 provides a working solution using OnFocusChangeListener or explicitly setting clickable true to bypass the focus consumption issue for showing dialogs.",Implementing dialog display upon EditText interaction.,"Unlike most other controls, `EditText`s are focusable while the system is in 'touch mode'. The first click event focuses the control, while the second click event actually fires the `OnClickListener`.","mDateDisplay.setOnFocusChangeListener(new View.OnFocusChangeListener() { @Override public void onFocusChange(View v, boolean hasFocus) { if (hasFocus) { showDialog(DATE_DIALOG_ID); } } });"
text:KU:android.view.View:TEXT-0089,text:KU:android.view.View:TEXT-0196,task_related,,llm_quote_grounded,"Both KUs demonstrate how to apply a custom Typeface loaded from assets to a View (Button in left, TextView in right) using `Typeface.createFromAsset` and `setTypeface`.",Applying custom fonts to Android Views via code,"Typeface a = Typeface.createFromAsset(getApplicationContext(), ""fontawesome-webfont.ttf""); // Set unicode font to menu item itemuser.setTypeface(a);","Typeface font = Typeface.createFromAsset( activity.getAssets(), ""fonts/androidnation.ttf""); title .setTypeface(font);"
text:KU:android.view.View:TEXT-0089,text:KU:android.widget.TextView:TEXT-0026,task_related,,llm_quote_grounded,Both KUs describe the process of applying a custom typeface to a text-displaying View by loading it from assets and calling `setTypeface`.,Setting custom fonts programmatically in Android,"Typeface a = Typeface.createFromAsset(getApplicationContext(), ""fontawesome-webfont.ttf""); // Set unicode font to menu item itemuser.setTypeface(a);","Typeface face=Typeface.createFromAsset(getAssets(),""fonts/mycustomfont.ttf""); tv.setTypeface(face);"
text:KU:android.view.View:TEXT-0090,text:KU:android.view.View:TEXT-0112,contrasts_with,,llm_quote_grounded,"The first KU addresses clearing focus from an EditText when touching outside it, while the second KU addresses the difficulty of giving focus to an EditText inside a ListView using keyboard navigation.",Focus management for EditText widgets in different container contexts (Activity vs ListView).,The task is to make `EditText` lose focus when user touches something outside of it.,I want that child to take focus instead of indicating the position with the selector.
text:KU:android.view.View:TEXT-0090,text:KU:android.view.View:TEXT-0198,task_related,,llm_quote_grounded,Both KUs address the task of managing soft keyboard visibility and focus state in response to user touch interactions outside or on specific UI elements.,Android EditText/AutoCompleteTextView interaction with soft keyboard,The task is to make `EditText` lose focus when user touches something outside of it.,I want once once I touch the suggestion list to hide the soft keyboard.
text:KU:android.view.View:TEXT-0092,text:KU:android.view.View:TEXT-0229,task_related,,llm_quote_grounded,Both KUs address the task of interacting with views that are created or inflated dynamically using LayoutInflater.,Android UI development involving dynamic view creation/inflation and subsequent interaction (context menu vs data retrieval).,"ImageView imageView = (ImageView) inflater.inflate(R.layout.grid_layout, null);","View dynamicEntryView = inflater.inflate(R.layout.player_entry_item, null);"
text:KU:android.view.View:TEXT-0092,text:KU:android.view.View:TEXT-0235,contrasts_with,,llm_quote_grounded,"The left KU describes a failure to show a context menu on an inflated View due to threading/context issues, while the right KU explains that standard context menu methods do not work directly on RecyclerView (a ViewGroup) and requires implementation in the ViewHolder.",Implementation strategies for Context Menus on different Android View types (standard inflated Views vs. RecyclerView items).,the context menu does not show up when I click the imageView,"you can't directly implement these method like onClickListener, OnContextMenuListener etc. because RecycleView extends android.view.ViewGroup so we cant directly use these method."
text:KU:android.view.View:TEXT-0098,text:KU:android.view.View:TEXT-0150,contrasts_with,,llm_quote_grounded,"The left KU uses View.GONE to hide a TextView, which removes it from the layout flow. The right KU contrasts this by recommending View.INVISIBLE instead of View.GONE specifically to preserve the space in the layout when hiding a view.",Hiding views via visibility flags (GONE vs INVISIBLE) and their impact on layout spacing.,else yourTextView.setVisibility(View.GONE);,use `myTextView.setVisible(View.INVISIBLE);` instead of myTextView.setVisible(View.GONE); to persist the space in layout
text:KU:android.view.View:TEXT-0098,text:KU:android.view.View:TEXT-0231,task_related,,llm_quote_grounded,Both KUs address controlling the visibility of a TextView using View constants.,Android UI development involving dynamic view visibility changes.,yourTextView.setVisibility(View.VISIBLE); else yourTextView.setVisibility(View.GONE);,Set `View visibility` with view.setVisibility(View.INVISIBLE|View.VISIBLE|View.GONE);
text:KU:android.view.View:TEXT-0098,text:KU:android.widget.TextView:TEXT-0044,task_related,,llm_quote_grounded,Both KUs describe the same task of toggling TextView visibility (VISIBLE/GONE) in response to a user interaction (click event).,"Android UI development, specifically managing view visibility states via click listeners.",yourTextView.setVisibility(View.VISIBLE); else yourTextView.setVisibility(View.GONE);,tidiTekst.setVisibility((tidiTekst.getVisibility() == View.Visible) ? View.GONE : View.VISIBLE);
text:KU:android.view.View:TEXT-0099,text:KU:android.view.View:TEXT-0134,task_related,,llm_quote_grounded,"Both KUs address the common Android development issue of retrieving EditText content prematurely in onCreate, leading to empty or default values.",Android Activity lifecycle and EditText data retrieval timing.,You get nothing from the `EditText` because you're examining its contents right after it's created.,The problem is that you are executing it after your findViewById and probably the EditText does not contain nothing.
text:KU:android.view.View:TEXT-0099,text:KU:android.view.View:TEXT-0207,task_related,,llm_quote_grounded,"Both KUs address the same specific Android development error: retrieving EditText content inside `onCreate` instead of within a click listener, resulting in empty or stale data.",Android UI event handling and view state retrieval timing.,You get nothing from the `EditText` because you're examining its contents right after it's created.,Get the `EditText` text inside `ClickListener` like below
text:KU:android.view.View:TEXT-0099,text:KU:android.view.View:TEXT-0229,task_related,,llm_quote_grounded,Both KUs address the task of retrieving text input from an EditText widget to perform calculations or display results.,Android UI interaction involving EditText data retrieval and processing.,takes(In EDIT-TEXT) input(integers) converts to centimetersand displays as normal text,how to get the values from those dynamic elements and perform some calculation to show result on textview
text:KU:android.view.View:TEXT-0099,text:KU:android.widget.TextView:TEXT-0258,task_related,,llm_quote_grounded,Both KUs address the common Android development error of retrieving EditText values prematurely in onCreate instead of within a click listener.,Android UI event handling and data retrieval timing,You get nothing from the `EditText` because you're examining its contents right after it's created.,Get the `EditText` text inside `ClickListener` like below
text:KU:android.view.View:TEXT-0104,text:KU:android.view.View:TEXT-0161,constrains,,llm_quote_grounded,"The solution in TEXT-0104 relies on storing selection state in the data model (GridItem) and refreshing the view, which is necessary to avoid the view recycling issues described in TEXT-0161 where visual changes are lost or applied to wrong items.",ListView/GridView adapter implementations with view recycling,"boolean isSelected = mList.get(i).isSelected();
        mList.get(i).setSelected(!isSelected);
        mAdapter.notifyDataSetChanged();","This happens because the views get recycled and reused. So when the view gets recycled, it retains properties of the ""old"" view if you don't change them again."
text:KU:android.view.View:TEXT-0109,text:KU:android.view.View:TEXT-0150,task_related,,llm_quote_grounded,Both KUs address issues related to the visibility or rendering of TextViews within custom layouts or list items in Android.,"Android UI development involving TextViews in complex view hierarchies (ListView, custom ViewGroups).",Ellipsize not working for textView inside custom listView,how to make the textview visible in button click event in android
text:KU:android.view.View:TEXT-0109,text:KU:android.view.View:TEXT-0265,task_related,,llm_quote_grounded,Both KUs address the problem of TextView ellipsization failing or behaving incorrectly within layout containers (ListView vs LinearLayout) due to measurement/width constraints.,Android UI layout issues involving TextView ellipsize attribute and parent container configuration.,Ellipsize not working for textView inside custom listView,How to show two Textview with ellipsize end in horizontal Linearlayout in android?
text:KU:android.view.View:TEXT-0109,text:KU:android.widget.TextView:TEXT-0116,task_related,,llm_quote_grounded,"Both KUs address the behavior and configuration of TextView ellipsization, specifically dealing with how text truncation interacts with layout measurements and line counts.",Android TextView ellipsize attribute usage and troubleshooting,"I want the textView with id ""info"" to be ellipsized on a single line","I have a multi-line `TextView` that has `android:ellipsize=""end""` set."
text:KU:android.view.View:TEXT-0110,text:KU:android.view.View:TEXT-0130,complements,,llm_quote_grounded,"The left KU provides a method to hide the soft keyboard when focus is lost, while the right KU details how to manage focus movement between EditTexts using XML attributes and listeners, which often triggers the need for such keyboard management.",Soft keyboard visibility control in relation to view focus changes,make the keybaord disappear when `EditText` loses focus,To listen to certain changing focus events use a `View.OnFocusChangeListener`
text:KU:android.view.View:TEXT-0110,text:KU:android.view.View:TEXT-0160,complements,,llm_quote_grounded,"The left KU explains hiding the keyboard via an OnFocusChangeListener, while the right KU demonstrates explicitly showing and hiding the InputMethodManager alongside requestFocus/clearFocus calls, providing alternative or complementary implementation patterns for the same goal.",Programmatic control of soft keyboard visibility during focus operations,"inputMethodManager.hideSoftInputFromWindow(view.getWindowToken(),InputMethodManager.HIDE_IMPLICIT_ONLY )","imm.hideSoftInputFromWindow( time_statusTV.getWindowToken(), 0); time_statusTV.clearFocus();"
text:KU:android.view.View:TEXT-0110,text:KU:android.view.View:TEXT-0185,complements,,llm_quote_grounded,"Both KUs address the side effects of soft keyboard visibility on EditText focus. TEXT-0110 provides a method to hide the keyboard when focus is lost, while TEXT-0185 provides a method to scroll the view when focus is gained (keyboard shown), together managing the UI state during keyboard transitions.",Managing UI behavior (hiding keyboard vs scrolling) in response to EditText focus changes.,"edittext.setOnFocusChangeListener(new View.OnFocusChangeListener() { @Override public void onFocusChange(View v, boolean hasFocus) { if (!hasFocus) { hideKeyboard(v); } } });","et_space.setOnFocusChangeListener(new View.OnFocusChangeListener() { @Override public void onFocusChange(View v, boolean hasFocus) { if (hasFocus){ final Handler handler; handler = new Handler(); final Runnable r = new Runnable() { public void run() { scrollView.smoothScrollTo(0, 500); } }; handler.postDelayed(r, 200); } } });"
text:KU:android.view.View:TEXT-0112,text:KU:android.view.View:TEXT-0241,complements,,llm_quote_grounded,TEXT-0241 provides a specific code solution (using setItemsCanFocus(true) and requestFocusFromTouch in an OnFocusChangeListener) to the problem described in TEXT-0112.,Solving focus issues for EditText inside ListView on Android 2.3.7 and 4.3.,I want that child to take focus instead of indicating the position with the selector.,"listView.setItemsCanFocus(true); During the getView call: editText.setOnFocusChangeListener( new OnFocusChangeListener(View view,boolean hasFocus){ view.post(new Runnable() { @Override public void run() { view.requestFocus(); view.requestFocusFromTouch(); } });"
text:KU:android.view.View:TEXT-0112,text:KU:android.view.View:TEXT-0252,task_related,,llm_quote_grounded,"Both KUs address issues related to managing focus in EditText components, specifically dealing with cases where standard focus methods like requestFocus() do not behave as expected or require workarounds.",Android View focus management for EditText widgets.,"calling `editTextView.requestFocus()` returns true, but in fact does not give the EditText focus.",requestFocus doesn't work properly for EditText
text:KU:android.view.View:TEXT-0120,text:KU:android.widget.TextView:TEXT-0032,task_related,,llm_quote_grounded,Both KUs address the problem of TextView updates not reflecting immediately in the UI due to threading or view reference issues.,Android UI thread management and TextView state updates,But the dynamic update of the Textview doesnt happen.,my TextView will only update once
text:KU:android.view.View:TEXT-0120,text:KU:android.widget.TextView:TEXT-0226,complements,,llm_quote_grounded,"The left KU explains the general problem of UI not updating in a loop and suggests View.invalidate/postInvalidate, while the right KU provides a specific working solution (using runOnUiThread) for updating a TextView periodically.",Updating UI elements from background threads or loops,If you are doing this from a thread you are probably stuck looping so fast the UI never gets a chance to redraw with your new values.,"runOnUiThread(new Runnable() {
                @Override
                public void run() {
                    // update TextView here!
                }
            });"
text:KU:android.view.View:TEXT-0126,text:KU:android.view.View:TEXT-0130,task_related,,llm_quote_grounded,"Both KUs address common configuration and interaction issues with Android EditText views, specifically regarding layout sizing constraints and keyboard/focus navigation behavior.",Android UI development involving EditText components,How to control the size of an Android EditText object,Move to another EditText when Soft Keyboard Next is clicked on Android
text:KU:android.view.View:TEXT-0126,text:KU:android.view.View:TEXT-0134,task_related,,llm_quote_grounded,"Both KUs deal with programmatic manipulation of EditText objects in Android, focusing on visual properties (size) and data retrieval (getting numbers).",Android Java code interacting with EditText widgets,How to control the size of an Android EditText object,how to get number from editText?
text:KU:android.view.View:TEXT-0126,text:KU:android.view.View:TEXT-0139,task_related,,llm_quote_grounded,"Both KUs involve handling user input via EditText fields within an Activity context, addressing layout attachment issues and data extraction from fragments respectively.",Android Activity/Fragment lifecycle and View management,How to control the size of an Android EditText object,Dialog Fragment to activity data transfer
text:KU:android.view.View:TEXT-0126,text:KU:android.view.View:TEXT-0146,task_related,,llm_quote_grounded,"Both KUs discuss specific rendering and attribute behaviors of EditText/TextView components in Android, such as sizing constraints and hint visibility with gravity settings.",Android XML layout attributes and View rendering quirks,How to control the size of an Android EditText object,hint and textview with right gravity and a singleline
text:KU:android.view.View:TEXT-0126,text:KU:android.view.View:TEXT-0160,task_related,,llm_quote_grounded,"Both KUs provide solutions for programmatically managing EditText state in Android, covering physical dimensions (size) and logical state (focus/keyboard visibility).",Programmatic control of Android View properties,How to control the size of an Android EditText object,How to programmatically set and remove Focus on edit text on click of a button
text:KU:android.view.View:TEXT-0130,text:KU:android.view.View:TEXT-0160,task_related,,llm_quote_grounded,"Both KUs address managing focus on EditText views, specifically using requestFocus() and handling keyboard/IME interactions.",Android View focus management and IME interaction,"To get a particular view to take focus, call view.requestFocus()",time_statusTV.setFocusable(true); time_statusTV.requestFocus();
text:KU:android.view.View:TEXT-0130,text:KU:android.view.View:TEXT-0185,task_related,,llm_quote_grounded,"Both KUs discuss listening to focus changes on Views (EditText) to trigger actions, utilizing View.OnFocusChangeListener.",Handling focus change events in Android Views,To listen to certain changing focus events use a `View.OnFocusChangeListener`,et_space.setOnFocusChangeListener(new View.OnFocusChangeListener() {
text:KU:android.view.View:TEXT-0130,text:KU:android.view.View:TEXT-0188,complements,,llm_quote_grounded,"TEXT-0130 describes how an application configures IME options (like Next/Done) for input fields, while TEXT-0188 explains the underlying Input Method API classes (InputMethodService, BaseInputConnection) that implement these behaviors.",Application-side IME configuration vs. System-side IME implementation,You can use `android:imeOptions` for handling that extra button on your keyboard.,"The central part of an IME is a service component, a class that extends `InputMethodService`."
text:KU:android.view.View:TEXT-0130,text:KU:android.view.inputmethod.BaseInputConnection:TEXT-0050,complements,,llm_quote_grounded,"TEXT-0130 shows how an app listens for IME actions (Next/Done), while TEXT-0050 defines BaseInputConnection as the channel through which the IME communicates with the application's text field.",App-level IME event handling vs. IME-to-App communication channel,If you want to listen to imeoptions events use a `TextView.OnEditorActionListener`.,`BaseInputConnection` Defines the communication channel from an `InputMethod` back to the application that is receiving its input.
text:KU:android.view.View:TEXT-0130,text:KU:android.view.inputmethod.EditorInfo:TEXT-0149,task_related,,llm_quote_grounded,"Both KUs demonstrate handling soft keyboard action buttons (Next, Done, Search) by implementing TextView.OnEditorActionListener and checking EditorInfo constants.",Handling IME action events in EditText,"editText.setOnEditorActionListener(new TextView.OnEditorActionListener() { @Override public boolean onEditorAction(TextView v, int actionId, KeyEvent event) { if (actionId == EditorInfo.IME_ACTION_SEARCH) {","((EditText)findViewById(R.id.youredittext)).setOnEditorActionListener( new EditText.OnEditorActionListener() { @Override public boolean onEditorAction(TextView v, int actionId, KeyEvent event) { if (actionId == EditorInfo.IME_ACTION_SEARCH || actionId == EditorInfo.IME_ACTION_DONE"
text:KU:android.view.View:TEXT-0130,text:KU:android.view.inputmethod.InputConnection:TEXT-0244,constrains,,llm_quote_grounded,"TEXT-0130 suggests using android:imeOptions for actions like 'Done', but TEXT-0244 reveals that the platform constrains this behavior for multi-line EditTexts by forcing IME_FLAG_NO_ENTER_ACTION, requiring manual override via onCreateInputConnection.",Limitations of standard IME options on multi-line inputs,"ActionDone : > the action key performs a ""done"" operation, typically meaning there is nothing more to input and the IME will be closed.",it has become clear that the platform is going to force `IME_FLAG_NO_ENTER_ACTION` for multi-line text views.
text:KU:android.view.View:TEXT-0130,text:KU:android.widget.TextView:TEXT-0003,constrains,,llm_quote_grounded,"The general IME action configuration in TEXT-0130 is constrained by platform-specific behavior for multi-line TextViews described in TEXT-0003, which forces the removal of certain actions like 'Done'.",When configuring IME options on a multi-line EditText/TextView.,You can use `android:imeOptions` for handling that extra button on your keyboard.,it has become clear that the platform is going to force `IME_FLAG_NO_ENTER_ACTION` for multi-line text views.
text:KU:android.view.View:TEXT-0130,text:KU:android.widget.TextView:TEXT-0091,task_related,,llm_quote_grounded,Both units address handling soft keyboard actions (Next/Done) using `setOnEditorActionListener` and `IME_ACTION_DONE` constants.,Handling user input completion or navigation via soft keyboard buttons.,If you want to listen to imeoptions events use a `TextView.OnEditorActionListener`.,meditText.setOnEditorActionListener(new TextView.OnEditorActionListener() {
text:KU:android.view.View:TEXT-0130,text:KU:android.widget.TextView:TEXT-0094,task_related,,llm_quote_grounded,Both units demonstrate how to detect when a user finishes editing or triggers an action key using `setOnEditorActionListener` and checking for `IME_ACTION_DONE`.,Detecting end-of-input or specific keyboard actions in EditText fields.,editText.setOnEditorActionListener(new TextView.OnEditorActionListener() {,(EditText)findViewById(R.id.youredittext)).setOnEditorActionListener( new EditText.OnEditorActionListener() {
text:KU:android.view.View:TEXT-0130,text:KU:android.widget.TextView:TEXT-0213,complements,,llm_quote_grounded,"TEXT-0130 explains the standard IME options and listeners, while TEXT-0213 complements this by showing how to customize the label of the action button (`setImeActionLabel`) and handle Enter keys specifically.",Customizing the appearance and behavior of soft keyboard action buttons.,"Value example ActionNext : > the action key performs a ""next"" operation","mEditText.setImeActionLabel(""Custom text"", KeyEvent.KEYCODE_ENTER);"
text:KU:android.view.View:TEXT-0134,text:KU:android.view.View:TEXT-0207,task_related,,llm_quote_grounded,"Both KUs address the common Android development pitfall of retrieving EditText values at the wrong time (during initialization instead of during user interaction), leading to stale or empty data.",Retrieving dynamic text input from an EditText widget in response to a button click event.,"The problem is that you are executing it after your findViewById and probably the EditText does not contain nothing. For instance when you press on `add`, you can retrieve the content of the `EditText` again and parse it",Try this. Get the `EditText` text inside `ClickListener` like below
text:KU:android.view.View:TEXT-0134,text:KU:android.widget.TextView:TEXT-0233,task_related,,llm_quote_grounded,Both KUs address the task of retrieving numeric values from EditText fields to perform calculations and display results in a TextView.,Android UI development involving input parsing and output display.,I want to get a number from editText and use in a calculation,amntpaid EditText value should be add in total EditText
text:KU:android.view.View:TEXT-0134,text:KU:android.widget.TextView:TEXT-0256,complements,,llm_quote_grounded,"The left KU provides the logic for parsing text from an EditText, which complements the right KU's strategy for accessing dynamically created EditText views by ID to retrieve their text.",Retrieving user input from Android EditText widgets.,r = new Double(range.getText().toString());,EditText editText = (EditText)findViewById(editTextIdList.get(i)); String text = editText.getText().toString();
text:KU:android.view.View:TEXT-0134,text:KU:android.widget.TextView:TEXT-0258,constrains,,llm_quote_grounded,"The left KU demonstrates that reading EditText content must happen inside the event listener (onClick) to ensure fresh data, constraining the approach shown in the right KU where initial read outside the listener caused issues.",Timing of EditText data retrieval in Android event handlers.,"The problem is that you are executing it after your findViewById and probably the EditText does not contain nothing. For instance when you press on `add`, you can retrieve the content of the `EditText` again",Get the `EditText` text inside `ClickListener` like below
text:KU:android.view.View:TEXT-0137,text:KU:android.view.View:TEXT-0139,task_related,,llm_quote_grounded,Both KUs address the task of transferring data or state from a DialogFragment back to the hosting Activity.,Android UI development involving DialogFragments and Activity communication.,Once the popup dismisses the selected size is set to the TextView in your Activity.,how can I get data from fragment textfield??
text:KU:android.view.View:TEXT-0137,text:KU:android.view.View:TEXT-0184,complements,,llm_quote_grounded,TEXT-0137 provides the working solution (using DialogFragment) for the problem described in TEXT-0184 (crash when trying to change text size via separate activity).,Changing TextView properties across activities/fragments in Android.,"To help clarify, this question is the same app and author as this App Crash When Trying to Change textsize in textView by clicking on button",App Crash When Trying to Change textsize in textView by clicking on button
text:KU:android.view.View:TEXT-0137,text:KU:android.widget.TextView:TEXT-0103,complements,,llm_quote_grounded,"TEXT-0137 provides the correct solution (using DialogFragment) for the problem described in TEXT-0103, which shows a crashing implementation of changing TextView size from another activity.",Changing TextView properties across activities without crashing,"To help clarify, this question is the same app and author as this App Crash When Trying to Change textsize in textView by clicking on button Display the new layout in the form of a DialogFragment.",App Crash When Trying to Change textsize in textView by clicking on button
text:KU:android.view.View:TEXT-0139,text:KU:android.view.View:TEXT-0147,task_related,,llm_quote_grounded,"Both KUs involve implementing `View.OnClickListener` and using `Toast.makeText` within the click handler, demonstrating similar patterns for handling user interaction in Android views.",Android UI event handling involving Toast messages,"Toast.makeText(getActivity(),""ok"", Toast.LENGTH_LONG).show();","Toast.makeText(mContext, mContext.getString(R.string.warning), Toast.LENGTH_LONG).show();"
text:KU:android.view.View:TEXT-0139,text:KU:android.view.View:TEXT-0172,contrasts_with,,llm_quote_grounded,"The left KU demonstrates correct initialization of views inside `onCreateView`/`onClick`, while the right KU shows a common error where `findViewById` is called before `setContentView` or outside the lifecycle method, leading to crashes.",Initialization timing of Android Views in Activity/Fragment lifecycle,"View v=inflater.inflate(R.layout.activity_chngpswd,null); ok=(Button)v.findViewById(R.id.ok);",EditText editText = (EditText)findViewById(R.id.editText1); @Override public void onCreate(Bundle savedInstanceState) { super.onCreate(savedInstanceState); editText.setOnClickListener(this); setContentView(R.layout.main); }
text:KU:android.view.View:TEXT-0139,text:KU:android.view.View:TEXT-0179,complements,,llm_quote_grounded,"The left KU provides a specific example of handling clicks on individual buttons in a dialog, while the right KU offers a scalable pattern (using tags and arrays) for handling clicks on many similar views, complementing the basic implementation with an optimization strategy.",Handling multiple view click events efficiently,ok.setOnClickListener(this); cancel.setOnClickListener(this);,Then using a for loop assign each one a tag of integer - it's position textViewArray.setTag(i)
text:KU:android.view.View:TEXT-0139,text:KU:android.view.View:TEXT-0184,complements,,llm_quote_grounded,"The left KU shows how to retrieve data from EditTexts within a DialogFragment upon button click. The right KU discusses changing TextView properties (size) via a DialogFragment, providing a complementary use case for interacting with text components through dialogs.",DialogFragment interactions with text-based widgets,"String passData = pass.getText().toString(); Toast.makeText(getActivity(),""ok: "" + passData, Toast.LENGTH_LONG).show();",Display the new layout in the form of a DialogFragment. The idea is to show the increase/Decrease option in the form of a DialogFragment popup.
text:KU:android.view.View:TEXT-0139,text:KU:android.view.View:TEXT-0207,task_related,,llm_quote_grounded,Both KUs address the task of retrieving text content from an EditText widget in Android to perform logic or display it.,General Android UI development involving EditText data extraction.,String passData = pass.getText().toString();,strInput = editTextInput.getText().toString();
text:KU:android.view.View:TEXT-0139,text:KU:android.view.View:TEXT-0229,task_related,,llm_quote_grounded,"Both KUs demonstrate how to obtain references to EditText views and retrieve their text values, albeit in different contexts (static fragment vs dynamic inflation).",Android View binding and data retrieval from EditText components.,pass = (EditText)v.findViewById(R.id.pass);,maalText[i] = (EditText) dynamicEntryView.findViewById(R.id.player_item_edittext_maal);
text:KU:android.view.View:TEXT-0139,text:KU:android.widget.TextView:TEXT-0073,task_related,,llm_quote_grounded,Both KUs describe the pattern of using a DialogFragment to collect user input or settings and transferring that data back to the parent Activity.,Android UI development involving DialogFragments and inter-component communication.,Dialog Fragment to activity data transfer,Display the new layout in the form of a DialogFragment. The idea is to show the increase/Decrease option in the form of a DialogFragment popup.
text:KU:android.view.View:TEXT-0139,text:KU:android.widget.TextView:TEXT-0103,task_related,,llm_quote_grounded,"Both KUs address the task of managing state or data transfer between an Activity and a DialogFragment, specifically regarding UI updates or data retrieval upon dialog dismissal.",Android DialogFragment lifecycle and interaction with host Activity.,Dialog Fragment to activity data transfer,Display the new layout in the form of a DialogFragment. The idea is to show the increase/Decrease option in the form of a DialogFragment popup. you can increase/decrease size from the popup. Once the popup dismisses the selected size is set to the TextView in your Activity.
text:KU:android.view.View:TEXT-0146,text:KU:android.view.View:TEXT-0160,task_related,,llm_quote_grounded,"Both KUs address managing EditText behavior and state, specifically involving keyboard/IME interactions and focus management.",Android UI development involving EditText components,You would also want to call `editText.setImeOptions(EditorInfo.IME_ACTION_NEXT)` to avoid showing the return key.,"InputMethodManager imm = (InputMethodManager)this.getSystemService(Service.INPUT_METHOD_SERVICE); imm.showSoftInput( time_statusTV, 0);"
text:KU:android.view.View:TEXT-0147,text:KU:android.view.View:TEXT-0245,task_related,,llm_quote_grounded,Both KUs address the problem of obtaining or passing a valid Context reference within Android UI components (Activity/View vs Dialog) to perform actions like showing Toasts or starting Activities.,Context management in Android UI callbacks and custom views/dialogs.,how the context should be passed? Because this cannot be applied (because of the View.OnClickListener()).,How can I get the context to set it as first argument of my Intent constructor?
text:KU:android.view.View:TEXT-0150,text:KU:android.view.View:TEXT-0231,task_related,,llm_quote_grounded,"Both KUs address the management of View visibility states (VISIBLE, INVISIBLE, GONE) in Android.",General Android UI visibility control,use `myTextView.setVisible(View.INVISIBLE);` instead of myTextView.setVisible(View.GONE);,Set `View visibility` with view.setVisibility(View.INVISIBLE|View.VISIBLE|View.GONE);
text:KU:android.view.View:TEXT-0151,text:KU:android.view.View:TEXT-0208,task_related,,llm_quote_grounded,Both KUs address the problem of preventing text selection triggered by long-click events on Android views.,"Android UI interaction handling, specifically disabling or managing text selection via long-press gestures.",Disabling text selection in PhoneGap,"while you're dragging it, that counts as a long click, so it selects some of the text"
text:KU:android.view.View:TEXT-0160,text:KU:android.view.View:TEXT-0198,task_related,,llm_quote_grounded,Both KUs address the management of the soft keyboard visibility in relation to view focus and user interaction.,Android UI development involving EditText/AutoCompleteTextView and InputMethodManager.,"imm.showSoftInput( time_statusTV, 0)","in.hideSoftInputFromWindow(v.getWindowToken(), 0)"
text:KU:android.view.View:TEXT-0160,text:KU:android.view.View:TEXT-0201,task_related,,llm_quote_grounded,Both KUs deal with programmatically controlling the display of the soft keyboard when an EditText gains focus or is touched.,Android EditText focus and keyboard visibility issues.,"time_statusTV.requestFocus(); InputMethodManager imm = (InputMethodManager)this.getSystemService(Service.INPUT_METHOD_SERVICE); imm.showSoftInput( time_statusTV, 0);","editText.setOnTouchListener(new OnTouchListener() { @Override public boolean onTouch(View v, MotionEvent event) { editText.setFocusableInTouchMode(true); return false; } });"
text:KU:android.view.View:TEXT-0160,text:KU:android.view.View:TEXT-0208,task_related,,llm_quote_grounded,Both KUs involve using InputMethodManager to show the soft keyboard for a focused view.,Programmatic keyboard invocation in Android.,"imm.showSoftInput( time_statusTV, 0);","imm.showSoftInput(v, 0);"
text:KU:android.view.View:TEXT-0160,text:KU:android.view.inputmethod.EditorInfo:TEXT-0149,complements,,llm_quote_grounded,"TEXT-0160 demonstrates handling key events (Enter) to clear focus/hide keyboard, while TEXT-0149 provides the standard EditorInfo-based approach to detect 'Done' or 'Enter' actions for finishing editing.",Detecting completion of text input in Android EditText.,if ((event.getAction() == KeyEvent.ACTION_DOWN) && (keyCode == KeyEvent.KEYCODE_ENTER)) { // My code time_statusTV.clearFocus(); },if (actionId == EditorInfo.IME_ACTION_SEARCH || actionId == EditorInfo.IME_ACTION_DONE || event.getAction() == KeyEvent.ACTION_DOWN && event.getKeyCode() == KeyEvent.KEYCODE_ENTER) {
text:KU:android.view.View:TEXT-0160,text:KU:android.widget.TextView:TEXT-0213,task_related,,llm_quote_grounded,Both KUs address handling the 'Enter' key or IME action in an EditText to trigger logic (clearing focus/hiding keyboard vs. custom action).,Handling user input completion via Enter/IME actions in Android EditText.,if ((event.getAction() == KeyEvent.ACTION_DOWN) && (keyCode == KeyEvent.KEYCODE_ENTER)),handle the user pressing `Enter` while typing in an `EditText`
text:KU:android.view.View:TEXT-0160,text:KU:java.lang.CharSequence:TEXT-0013,contrasts_with,,llm_quote_grounded,"Left KU uses OnKeyListener for focus management, while Right KU suggests TextWatcher as a better alternative for similar tasks due to editing issues with KeyListener.",Choosing between OnKeyListener and TextWatcher for EditText interaction.,time_statusTV.setOnKeyListener(new OnKeyListener(),"Try TextWatcher instead of onKeyListener B'coz if want to edit your password, in that case TextWatcher will give you more method to dealt with.."
text:KU:android.view.View:TEXT-0162,text:KU:android.view.View:TEXT-0171,contrasts_with,,llm_quote_grounded,"The left KU proposes a static character count check to hide a view, while the right KU argues that this method is unreliable for multi-line text and suggests checking layout ellipsization instead.",Determining if text content exceeds available space in a TextView,First determine how many characters make the string too long by trial and error or something. Then use .length() to tell you the size of the string,"I could use `TextView.length()` and find about what the approximate length of string will fit, but since it's multiple lines, the `TextView` handles when to wrap, so this won't always work."
text:KU:android.view.View:TEXT-0162,text:KU:android.view.View:TEXT-0265,complements,,llm_quote_grounded,"The left KU mentions using layout_weight to adjust the rest of the layout when a view is hidden, which complements the right KU's detailed solution on using layout_weight to manage text overflow (ellipsize) alongside other views.",Managing layout adjustments for text-heavy views,"you may need to use layout_weight to help the rest of the layout adjust because ""View.GONE"" takes a view right out of the layout.","Give a `Weight` to your First Child `Text View` not Second. You not need to use any Fixed width with this. > > Just give `android:layout_weight=""1""` to First child `Text View` only."
text:KU:android.view.View:TEXT-0162,text:KU:android.widget.TextView:TEXT-0044,task_related,,llm_quote_grounded,Both KUs involve toggling the visibility of UI elements (specifically TextViews or Views containing them) using setVisibility methods.,Changing View/TextView visibility state,v.setVisibility(View.GONE);,tidiTekst.setVisibility(View.VISIBLE);
text:KU:android.view.View:TEXT-0162,text:KU:android.widget.TextView:TEXT-0116,contrasts_with,,llm_quote_grounded,"The left KU proposes a static character count check to determine if text is 'too long', while the right KU explains that this method fails for multi-line TextViews and suggests using layout metrics (line count) instead.",Determining if text exceeds available space in a TextView,First determine how many characters make the string too long by trial and error or something. Then use .length() to tell you the size of the string,"I could use `TextView.length()` and find about what the approximate length of string will fit, but since it's multiple lines, the `TextView` handles when to wrap, so this won't always work."
text:KU:android.view.View:TEXT-0169,text:KU:android.view.View:TEXT-0248,task_related,,llm_quote_grounded,"Both KUs address the task of triggering a UI action (showing suggestions or a dialog) upon user interaction with a text input view, specifically by overriding default behaviors using `View.OnClickListener`.",Android UI development involving EditText/AutoCompleteTextView and click/focus events.,textView1.setOnClickListener(new View.OnClickListener() { @Override public void onClick(final View arg0) { textView1.setMaxLines(5); textView1.showDropDown(); } });,mDateDisplay.setOnClickListener(new View.OnClickListener() { @Override public void onClick(View v) { showDialog(DATE_DIALOG_ID); } });
text:KU:android.view.View:TEXT-0170,text:KU:android.view.View:TEXT-0248,complements,,llm_quote_grounded,"Both KUs provide solutions for handling user interaction with EditText fields, specifically focusing on triggering actions based on focus or click events. TEXT-0170 uses OnFocusChangeListener to format text, while TEXT-0248 discusses using OnFocusChangeListener vs OnClickListener to show a dialog.",EditText interaction patterns (focus/click),editText.setOnFocusChangeListener(new View.OnFocusChangeListener() {,mDateDisplay.setOnFocusChangeListener(new View.OnFocusChangeListener() {
text:KU:android.view.View:TEXT-0171,text:KU:android.widget.TextView:TEXT-0044,task_related,,llm_quote_grounded,Both KUs involve managing the visibility of UI elements (specifically TextViews) using View methods like setVisibility.,Android UI development involving dynamic visibility toggling of text components.,holder.viewMore.setVisibility(View.VISIBLE);//show view more option else holder.viewMore.setVisibility(View.GONE);//hide,tidiTekst.setVisibility((tidiTekst.getVisibility() == View.Visible) ? View.GONE : View.VISIBLE);
text:KU:android.view.View:TEXT-0171,text:KU:android.widget.TextView:TEXT-0116,contrasts_with,,llm_quote_grounded,"The left KU proposes comparing text strings to detect ellipsization, while the right KU states that checking line count via layout is a necessary alternative because string comparison or getEllipsisCount fails with empty lines.",Techniques for detecting if a multi-line TextView has been ellipsized.,"public static boolean isEllipsized(String newValue, String oldValue) { return !((newValue).equals(oldValue)); }",Using `getEllipsisCount` won't work with text that has empty lines within it.
text:KU:android.view.View:TEXT-0172,text:KU:android.view.View:TEXT-0207,complements,,llm_quote_grounded,"Both KUs provide code snippets for handling EditText interactions (clearing text on click/focus vs comparing/clearing text on button click), offering complementary patterns for managing EditText state.",Android UI development involving EditText views and their event listeners.,"editText.setText("""");","editTextInput.setText("""");"
text:KU:android.view.View:TEXT-0172,text:KU:android.view.View:TEXT-0248,task_related,,llm_quote_grounded,"Both KUs address handling user interaction with EditText fields, specifically using listeners to trigger actions (clearing text or showing a dialog) upon focus or click events.",Android UI development involving EditText and View listeners,I'm trying to set and onclicklistener so that when I click within the edittext element it will clear its current contents.,Is it possible that when click edittext it will show dialog message?
text:KU:android.view.View:TEXT-0173,text:KU:android.widget.TextView:TEXT-0230,task_related,,llm_quote_grounded,"Both KUs address the challenge of handling user interactions (clicks/touches) on TextView elements within a ListView context, specifically dealing with event listener attachment and view visibility/behavior issues.",Android UI development involving ListViews and interactive TextViews,now i have set TouchListener of text View,I want user perform some activities on Textview Click
text:KU:android.view.View:TEXT-0179,text:KU:android.widget.TextView:TEXT-0225,task_related,,llm_quote_grounded,"Both KUs address the task of handling click events on multiple TextViews efficiently, specifically dealing with identifying which view was clicked and managing state (changing text or disabling other views).",Android UI development involving multiple interactive TextViews.,I have a number of textviews and have set onClickListeners to each of them.. and when the user clicks on one of them I want them to have the ability to change the text,My problem is that I want the `TextView` as clickable as well as the `LisView` as choice mode as single. That is if I click one text all other `TextView`s should become unclickable.
text:KU:android.view.View:TEXT-0179,text:KU:android.widget.TextView:TEXT-0261,complements,,llm_quote_grounded,"The left KU provides a general pattern for handling clicks on many TextViews using tags and a shared listener. The right KU applies this specific need in the context of a ListView adapter, offering concrete implementation options (XML onClick vs programmatic loop) that complement the general advice.",Implementing click listeners for dynamic lists of TextViews in Android.,"Then using a for loop assign each one a tag of integer - it's position textViewArray.setTag(i) And add an onClickListener to each one, again using a for loop",Now I don't want to set a bunch of `onClickListners` for each `TextView` so what is an efficient way of doing this for all the `TextView`s in the rows of my `ListView`?
text:KU:android.view.View:TEXT-0180,text:KU:android.view.View:TEXT-0235,contrasts_with,,llm_quote_grounded,"TEXT-0180 demonstrates context menus on standard Views (TextView) or ListActivity, while TEXT-0235 explains that RecyclerView does not support direct context menu registration and requires implementation in the ViewHolder.",Implementing context menus for different Android view types,TextView tv=(TextView)findViewById(R.id.tv); tv.setOnCreateContextMenuListener(this);,"you can't directly implement these method like onClickListener, OnContextMenuListener etc. because RecycleView extends android.view.ViewGroup so we cant directly use these method."
text:KU:android.view.View:TEXT-0181,text:KU:android.view.View:TEXT-0231,complements,,llm_quote_grounded,"The first KU provides logic for toggling visibility based on current state, while the second KU demonstrates using `postDelayed` to change visibility after a time interval; together they cover different triggers for modifying View visibility.",Managing View visibility states programmatically in Android.,ed.setVisibility (ed.getVisibility() != View.VISIBLE ? View.VISIBLE : View.INVISIBLE);,"tvRQPoint.postDelayed(new Runnable() { public void run() { tvRQPoint.setVisibility(View.INVISIBLE); } }, 3000);"
text:KU:android.view.View:TEXT-0181,text:KU:android.widget.TextView:TEXT-0044,task_related,,llm_quote_grounded,"Both KUs address the task of toggling view visibility (show/hide) in response to a button click, providing similar logic patterns.",Android UI development involving View/TextView visibility state management via OnClickListener.,if(ed.getVisibility()==View.INVISIBLE) { ed.setVisibility(View.VISIBLE); } else if(ed.getVisibility()==View.VISIBLE) { ed.setVisibility(View.INVISIBLE); },tidiTekst.setVisibility((tidiTekst.getVisibility() == View.Visible) ? View.GONE : View.VISIBLE);
text:KU:android.view.View:TEXT-0184,text:KU:android.widget.TextView:TEXT-0073,task_related,,llm_quote_grounded,"Both KUs address the same specific task of changing TextView text size via a menu-triggered dialog/popup, with TEXT-0073 explicitly referencing the question in TEXT-0184.",Android UI interaction where a user adjusts text size through a secondary interface (dialog or new activity) triggered from a main activity's menu.,App Crash When Trying to Change textsize in textView by clicking on button,this question is the same app and author as this App Crash When Trying to Change textsize in textView by clicking on button
text:KU:android.view.View:TEXT-0185,text:KU:android.view.View:TEXT-0201,contrasts_with,,llm_quote_grounded,"TEXT-0185 uses OnTouchListener for scrolling but switches to OnFocusChangeListener to handle keyboard appearance timing. TEXT-0201 attempts to use OnTouchListener to force focus/keyboard appearance in a custom EditText where it fails, highlighting different outcomes or needs for touch/focus listeners on EditTexts.",Use of View.OnTouchListener and Focus events on EditText components.,"et_space.setOnTouchListener(new View.OnTouchListener() { @Override public boolean onTouch(View v, MotionEvent event) { scrollView.smoothScrollTo(0, 500); return false; } });","editText.setOnTouchListener(new OnTouchListener() { @Override public boolean onTouch(View v, MotionEvent event) { editText.setFocusableInTouchMode(true); return false; } });"
text:KU:android.view.View:TEXT-0185,text:KU:android.view.View:TEXT-0246,complements,,llm_quote_grounded,TEXT-0185 solves the problem of views being hidden by the keyboard by scrolling programmatically using a fixed offset after a delay. TEXT-0246 provides a more robust solution for the same problem (EditText overlap with Softkeyboard) by calculating the view's location dynamically and scrolling only if it is not visible.,Handling ScrollView adjustments when the soft keyboard appears over EditTexts.,"scrollView.smoothScrollTo(0, 500);","if (!divider.getLocalVisibleRect(scrollBounds)) { // the divider view is NOT within the visible scroll window thus we need to scroll a bit. myscollView.postDelayed(shifter, 500); }"
text:KU:android.view.View:TEXT-0188,text:KU:java.lang.CharSequence:TEXT-0238,complements,,llm_quote_grounded,"The left KU introduces BaseInputConnection as the communication channel for IMEs, while the right KU details specific methods within that class (like getTextBeforeCursor and commitText) used to handle text editing.",Implementation of InputMethodService using BaseInputConnection,`BaseInputConnection` Defines the communication channel from an `InputMethod` back to the application that is receiving its input.,"When you're handling the editing of existing text in a text field, some of the more useful methods in `BaseInputConnection` are:"
text:KU:android.view.View:TEXT-0196,text:KU:android.widget.TextView:TEXT-0026,task_related,,llm_quote_grounded,Both KUs address the task of setting a custom typeface/font on a TextView in Android.,"Android UI development, specifically text styling.",How can I set typeface to my title textview?,How to set font to textview
text:KU:android.view.View:TEXT-0219,text:KU:android.view.View:TEXT-0245,task_related,,llm_quote_grounded,Both KUs address the challenge of obtaining a valid Context to perform UI actions (showing a dialog or starting an activity) from within a non-Activity class or a Dialog subclass.,Android UI development involving Context management for dialogs and activities.,"However, I have some issue on the context of the alertdialog object.",How can I get the context to set it as first argument of my Intent constructor?
text:KU:android.view.View:TEXT-0227,text:KU:android.widget.TextView:TEXT-0029,complements,,llm_quote_grounded,The left KU explains how to maintain text selection when using LinkMovementMethod. The right KU provides code that uses LinkMovementMethod while customizing URLSpans. Together they cover both the functional behavior (selection) and visual styling (underlines) of linked text in a TextView.,TextView with clickable links,You need to subclass LinkMovementMethod and add support for text selection.,t.setMovementMethod(LinkMovementMethod.getInstance());
text:KU:android.view.View:TEXT-0229,text:KU:android.view.View:TEXT-0236,task_related,,llm_quote_grounded,Both KUs address the challenge of interacting with or retrieving data from UI components (EditText/TextView) that are created dynamically in a loop.,Android dynamic view creation and interaction,How to get data from dynamically created EditText using LayoutInflater in android?,How to get the text onClick on a TextView that is created dynamically?
text:KU:android.view.View:TEXT-0229,text:KU:android.widget.TextView:TEXT-0256,task_related,,llm_quote_grounded,Both KUs solve the problem of accessing data from dynamically created EditText views by storing references or IDs during creation.,Dynamic UI generation and data access,maalText[i] = (EditText) dynamicEntryView.findViewById(R.id.player_item_edittext_maal);,Set `EditText`'s id as follows...and store those ids in a `List` to retrieve them later.
text:KU:android.view.View:TEXT-0231,text:KU:java.lang.CharSequence:TEXT-0138,task_related,,llm_quote_grounded,Both KUs address the task of executing a delayed action after a user interaction (click or typing) using Handler/Runnable mechanisms.,Android UI event handling with time delays,"tvRQPoint.postDelayed(new Runnable() { public void run() { tvRQPoint.setVisibility(View.INVISIBLE); } }, 3000);","handler.postDelayed(input_finish_checker, delay);"
text:KU:android.view.View:TEXT-0231,text:KU:java.lang.CharSequence:TEXT-0224,task_related,,llm_quote_grounded,"Both KUs solve the problem of triggering an action after a specific time interval following a user event, though they use different scheduling mechanisms (Handler vs Timer).",Delayed execution in Android UI,"tvRQPoint.postDelayed(new Runnable() { public void run() { tvRQPoint.setVisibility(View.INVISIBLE); } }, 3000);","timer.schedule( new TimerTask() { @Override public void run() { // TODO: do what you need here (refresh list) // you will probably need to use runOnUiThread(Runnable action) for some specific actions } }, DELAY );"
text:KU:android.view.View:TEXT-0234,text:KU:android.widget.TextView:TEXT-0021,task_related,,llm_quote_grounded,Both KUs address the task of rendering rotated text in Android views by overriding onDraw and manipulating the Canvas.,Custom view implementation for vertical/rotated text display,I want to make a rotated and flipped EditText view,Vertical (rotated) label in Android
text:KU:android.view.View:TEXT-0234,text:KU:android.widget.TextView:TEXT-0048,complements,,llm_quote_grounded,"The right KU provides specific solutions for disabling system context menus in EditText, which complements the left KU's struggle with customizing EditText behavior (cursor/touch) when rotated.",Customizing EditText interaction and UI elements,"How do I get the touch events, highlighting, and cursor to also be rotated and flipped?",Disable EditText context menu
text:KU:android.view.View:TEXT-0234,text:KU:android.widget.TextView:TEXT-0240,task_related,,llm_quote_grounded,Both KUs implement custom TextView subclasses to achieve vertical or rotated text rendering by swapping dimensions in onMeasure and rotating the canvas in onDraw.,Implementation of rotated/vertical text views,public class MongolTextView extends TextView,public class VerticalTextView extends TextView
text:KU:android.view.View:TEXT-0235,text:KU:android.widget.TextView:TEXT-0115,task_related,,llm_quote_grounded,Both KUs address the implementation of context menus for list-like UI components (RecyclerView and ListView) by attaching listeners to individual item views.,Android UI development involving context menus on list items.,we can implement these methods in ViewHolder adapter class. we can use context menu in RecycleView like this way,"In this class in getView method I can set OnCreateContextMenuListener on every View, after that context menu is appears"
text:KU:android.view.View:TEXT-0236,text:KU:android.widget.TextView:TEXT-0225,task_related,,llm_quote_grounded,"Both KUs address the challenge of handling click events on multiple TextViews, specifically dealing with state management or listener assignment across several views.",Android UI development involving multiple clickable TextViews.,How do i get the onClick action in all of the TextViews ?,if I click one text all other `TextView`s should become unclickable.
text:KU:android.view.View:TEXT-0236,text:KU:android.widget.TextView:TEXT-0256,task_related,,llm_quote_grounded,"Both KUs deal with retrieving data from dynamically created views within an OnClickListener, addressing the common issue of variable scope or reference capture in loops.",Dynamic view creation and event handling in Android.,"But, it only takes the onClick action on the last TextView.",I want to access all entered values in button click. But I am unable to get the values.
text:KU:android.view.View:TEXT-0241,text:KU:android.view.View:TEXT-0252,task_related,,llm_quote_grounded,"Both KUs address the challenge of programmatically managing focus for EditText widgets, specifically dealing with cases where standard requestFocus() calls fail or behave unexpectedly.","Android UI development involving EditText focus management and interaction with other views (ListView in left, AdBanner/Activity layout in right).","calling `editTextView.requestFocus()` returns true, but in fact does not give the EditText focus.",I try to back focus manually to EditText by requestFocus method.
text:KU:android.view.View:TEXT-0245,text:KU:android.widget.TextView:TEXT-0261,task_related,,llm_quote_grounded,Both KUs address the task of starting a new Activity in response to a user click event (OnClickListener).,Android UI interaction where a view click triggers navigation via Intent and startActivity.,startActivity(i); //The method startActivity(Intent) is undefined for the type CustomDialog,"Intent intent = new Intent(MainActivity.this, YourTargetActivity.class); startActivity(intent);"
text:KU:android.view.View:TEXT-0248,text:KU:android.widget.TextView:TEXT-0225,task_related,,llm_quote_grounded,Both KUs address the task of making non-button views (EditText and TextView) respond to click events by setting click listeners.,Android UI interaction handling for EditText and TextView components.,mDateDisplay.setOnClickListener(new View.OnClickListener() {,texta.setOnClickListener(new OnClickListener() {
text:KU:android.view.View:TEXT-0262,text:KU:android.view.View:TEXT-0265,task_related,,llm_quote_grounded,Both KUs solve layout alignment issues within a LinearLayout by utilizing the `layout_weight` attribute to control view sizing and positioning.,Android XML layout configuration using LinearLayout weights.,"In `EditText` you must set `layout_weight=""1.5""`","Just give `android:layout_weight=""1""` to First child `Text View` only."
text:KU:android.view.View:TEXT-0262,text:KU:android.widget.TextView:TEXT-0257,task_related,,llm_quote_grounded,Both KUs address the problem of aligning UI elements (EditText or TextView) within a LinearLayout using layout weights and gravity/singleLine properties.,Android XML Layout configuration for alignment in LinearLayouts,"In `EditText` you must set `layout_weight=""1.5""` as same as other and `android:layout_width=""0dp""`","You forget to add `android:layout_weight=""1""` for below two `TextView`"
text:KU:android.view.View:TEXT-0265,text:KU:android.widget.TextView:TEXT-0257,task_related,,llm_quote_grounded,Both KUs address the problem of TextView layout alignment and visibility within a LinearLayout by recommending the use of `android:layout_weight`.,Android UI layout configuration for TextViews in LinearLayouts,"Just give `android:layout_weight=""1""` to First child `Text View` only.","You forget to add `android:layout_weight=""1""` for below two `TextView`"
text:KU:android.view.inputmethod.BaseInputConnection:TEXT-0050,text:KU:java.lang.CharSequence:TEXT-0238,complements,,llm_quote_grounded,"The BaseInputConnection class provides the communication channel for IMEs, and the CharSequence KU details specific methods within that class (like getTextBeforeCursor) used to handle text editing.",IME text editing operations via BaseInputConnection,`BaseInputConnection` Defines the communication channel from an `InputMethod` back to the application that is receiving its input.,"When you're handling the editing of existing text in a text field, some of the more useful methods in `BaseInputConnection` are:"
text:KU:android.view.inputmethod.EditorInfo:TEXT-0149,text:KU:android.view.inputmethod.EditorInfo:TEXT-0157,task_related,,llm_quote_grounded,Both KUs address detecting when a user finishes typing or reaches a limit in an EditText by utilizing EditorInfo constants like IME_ACTION_DONE.,Handling editor actions and text limits in Android EditText,if (actionId == EditorInfo.IME_ACTION_SEARCH || actionId == EditorInfo.IME_ACTION_DONE,messageBody.setImeOptions(EditorInfo.IME_ACTION_DONE);
text:KU:android.view.inputmethod.EditorInfo:TEXT-0149,text:KU:android.view.inputmethod.EditorInfo:TEXT-0192,task_related,,llm_quote_grounded,"Both KUs involve configuring the Input Method Editor (IME) behavior for EditText fields using EditorInfo options, specifically regarding how the 'Done' or 'Next' action keys function.",Configuring IME action buttons for EditText,actionId == EditorInfo.IME_ACTION_DONE,editText.setImeOptions(EditorInfo.IME_ACTION_NEXT)
text:KU:android.view.inputmethod.EditorInfo:TEXT-0149,text:KU:android.widget.TextView:TEXT-0032,task_related,,llm_quote_grounded,Both KUs demonstrate implementing OnEditorActionListener on a TextView/EditText to react to specific IME actions defined by EditorInfo constants.,Listening for IME actions on text views,"setOnEditorActionListener( new EditText.OnEditorActionListener() { @Override public boolean onEditorAction(TextView v, int actionId, KeyEvent event) { if (actionId == EditorInfo.IME_ACTION_SEARCH || actionId == EditorInfo.IME_ACTION_DONE","sendText.setOnEditorActionListener(new OnEditorActionListener() { public boolean onEditorAction(TextView v, int actionId, KeyEvent event){ if(actionId == EditorInfo.IME_ACTION_SEND){"
text:KU:android.view.inputmethod.EditorInfo:TEXT-0149,text:KU:android.widget.TextView:TEXT-0091,task_related,,llm_quote_grounded,Both KUs provide solutions for detecting when the user has finished editing text by checking for the IME_ACTION_DONE constant within an OnEditorActionListener callback.,Detecting completion of text entry,actionId == EditorInfo.IME_ACTION_DONE,if (actionId == EditorInfo.IME_ACTION_DONE) { yourcalc(); return true; }
text:KU:android.view.inputmethod.EditorInfo:TEXT-0157,text:KU:android.view.inputmethod.EditorInfo:TEXT-0192,task_related,,llm_quote_grounded,Both KUs involve setting IME options on an EditText using EditorInfo constants to control the behavior of the soft keyboard's action button.,Configuring soft keyboard action buttons,messageBody.setImeOptions(EditorInfo.IME_ACTION_DONE);,editText.setImeOptions(EditorInfo.IME_ACTION_NEXT)
text:KU:android.view.inputmethod.InputConnection:TEXT-0244,text:KU:java.lang.CharSequence:TEXT-0238,task_related,,llm_quote_grounded,Both KUs address the implementation and usage of InputConnection/BaseInputConnection for managing text input in Android EditTexts.,"Android text input handling, specifically IME actions and cursor-based editing.",public InputConnection onCreateInputConnection(EditorInfo outAttrs) { InputConnection connection = super.onCreateInputConnection(outAttrs);,"When you're handling the editing of existing text in a text field, some of the more useful methods in `BaseInputConnection` are:"
text:KU:android.view.inputmethod.InputMethod:TEXT-0107,text:KU:java.lang.CharSequence:TEXT-0238,complements,,llm_quote_grounded,"The first KU introduces BaseInputConnection as the communication channel for IMEs, while the second KU details specific methods within that class for editing text around the cursor.",Implementation of Input Method Editors (IMEs) using BaseInputConnection.,`BaseInputConnection` Defines the communication channel from an `InputMethod` back to the application that is receiving its input.,some of the more useful methods in `BaseInputConnection` are: `getTextBeforeCursor()` Returns a `CharSequence` containing the number of requested characters before the current cursor position.
text:KU:android.widget.TextView:TEXT-0091,text:KU:android.widget.TextView:TEXT-0003,complements,,llm_quote_grounded,"TEXT-0091 provides the listener implementation to handle the 'Done' action, which complements TEXT-0003's solution for enabling that specific IME action on multiline EditTexts.",When configuring a multiline EditText to show and respond to the 'Done' key.,"meditText.setOnEditorActionListener(new TextView.OnEditorActionListener() { @Override public boolean onEditorAction(TextView v, int actionId, KeyEvent event) { if (actionId == EditorInfo.IME_ACTION_DONE) {",My solution is to subclass `EditText` and adjust the IME options after letting the platform configure them:
text:KU:android.widget.TextView:TEXT-0003,text:KU:android.widget.TextView:TEXT-0119,contrasts_with,,llm_quote_grounded,"TEXT-0003 addresses the difficulty of using IME actions (like Done) in multiline EditTexts, whereas TEXT-0119 recommends single-line configurations where IME actions like Next work simply without such overrides.",Comparison between multiline and single-line EditText IME behavior.,"When configuring an `EditText` for multi-line, Android 2.3 removes the ability to show the ""Done"" action for the Soft Input keyboard.","try setting `android:singleLine=""true""` and `android:imeOptions=""actionNext""` (at least for single-line entry textviews)."
text:KU:android.widget.TextView:TEXT-0213,text:KU:android.widget.TextView:TEXT-0003,constrains,,llm_quote_grounded,"TEXT-0213 suggests standard attributes for handling Enter/Done, but TEXT-0003 demonstrates that these are constrained/overridden by the system when the EditText is multiline, requiring a custom override.",Applying standard IME attributes to multiline EditTexts.,You will want to look at the `android:imeActionId` and `android:imeOptions` attributes,the platform is going to force `IME_FLAG_NO_ENTER_ACTION` for multi-line text views.
text:KU:android.widget.TextView:TEXT-0021,text:KU:android.widget.TextView:TEXT-0102,task_related,,llm_quote_grounded,Both KUs address the task of rendering rotated/vertical text in Android widgets by overriding drawing methods.,Custom TextView or EditText implementations requiring canvas rotation for vertical display.,Vertical (rotated) label in Android,"Custom rotated EditText view with working selection, cursor location, etc"
text:KU:android.widget.TextView:TEXT-0021,text:KU:android.widget.TextView:TEXT-0240,complements,,llm_quote_grounded,"TEXT-0240 provides a complete, reusable custom class implementation for the vertical text problem described in TEXT-0021, which only shows a partial onDraw override snippet.",Implementing vertical text views in Android.,I need 2 ways of showing vertical label in Android,"Here is my elegant and simple vertical text implementation, extending TextView."
text:KU:android.widget.TextView:TEXT-0021,text:KU:android.widget.TextView:TEXT-0240,contrasts_with,,llm_quote_grounded,"TEXT-0021 uses a manual onDraw override with complex centering logic, while TEXT-0240 offers two distinct approaches: one using super.draw() with clipping and another using onDraw(), noting trade-offs like animation support.",Different implementation strategies for rotated TextViews.,"Following Pointer Null's answer, I've been able to center the text horizontally by modifying the `onDraw` method this way:","EDIT: posting another version, above has problems with animations. This new version works better, but loses some TextView features, such as marquee and similar specialties."
text:KU:android.widget.TextView:TEXT-0027,text:KU:android.widget.TextView:TEXT-0132,task_related,,llm_quote_grounded,Both KUs demonstrate how to apply a specific color to part of the text in a TextView using SpannableString and ForegroundColorSpan.,Android TextView styling with partial text coloring,"spannable.setSpan(new ForegroundColorSpan(Color.WHITE), text.length(), (text + CepVizyon.getPhoneCode()).length(), Spannable.SPAN_EXCLUSIVE_EXCLUSIVE);","clientsDebit.setSpan(new ForegroundColorSpan(mContext.getResources().getColor(R.color.blue)), 0, clientsDebit.length(), Spannable.SPAN_EXCLUSIVE_EXCLUSIVE);"
text:KU:android.widget.TextView:TEXT-0027,text:KU:java.lang.CharSequence:TEXT-0083,task_related,,llm_quote_grounded,Both KUs address the task of applying styling (color or bold) to specific parts of text within Android UI components using Spannable objects.,Styling partial text in TextView/EditText via SpannableString/Spannable,"Spannable spannable = new SpannableString(text2); spannable.setSpan(new ForegroundColorSpan(Color.WHITE), text.length(), (text + CepVizyon.getPhoneCode()).length(), Spannable.SPAN_EXCLUSIVE_EXCLUSIVE);","mEditText.getText().setSpan(new StyleSpan(android.graphics.Typeface.BOLD), mStart, end - mStart, Spannable.SPAN_EXCLUSIVE_EXCLUSIVE);"
text:KU:android.widget.TextView:TEXT-0028,text:KU:android.widget.TextView:TEXT-0036,contrasts_with,,llm_quote_grounded,"TEXT-0028 explains how to *remove* underlines from links by overriding `updateDrawState` to set `setUnderlineText(false)`, whereas TEXT-0036 explains how to *add* underlines to text using `UnderlineSpan` or HTML tags. They address opposite visual effects on text decoration.",Managing underline visibility in TextView,ds.setUnderlineText(false);,"content.setSpan(new UnderlineSpan(), 0, content.length(), 0);"
text:KU:android.widget.TextView:TEXT-0029,text:KU:android.widget.TextView:TEXT-0036,contrasts_with,,llm_quote_grounded,"TEXT-0029 demonstrates how to remove underlines from links in a TextView, while TEXT-0036 explains how to add underlines to text in a TextView.",Styling of text/links in Android TextViews,Remove underline from links in TextView,How do you underline a text in Android XML?
text:KU:android.widget.TextView:TEXT-0029,text:KU:android.widget.TextView:TEXT-0253,contrasts_with,,llm_quote_grounded,"TEXT-0029 demonstrates how to remove underlines from links, while TEXT-0253 discusses creating clickable links that are underlined by default.",Styling of hyperlinks in TextView,Remove underline from links in TextView,"I am looking to see only ""Google"" as underlined with blue color (as default)"
text:KU:android.widget.TextView:TEXT-0030,text:KU:android.widget.TextView:TEXT-0087,complements,,llm_quote_grounded,TEXT-0087 provides a specific solution (`Color.parseColor`) for the problem described in TEXT-0030 where `setTextColor` with a resource ID yields incorrect colors.,Setting text color programmatically in Android TextView,But it shows a different color rather than red.,"textView.setTextColor(Color.parseColor(""#ff6363""));"
text:KU:android.widget.TextView:TEXT-0030,text:KU:android.widget.TextView:TEXT-0132,complements,,llm_quote_grounded,"TEXT-0030 addresses setting the color for the entire TextView, while TEXT-0132 provides a solution (SpannableString) for coloring specific parts of the text within the same view.",Setting text colors in Android TextViews,How to set the text color of TextView in code?,I must have only one word or some text coloured.
text:KU:android.widget.TextView:TEXT-0030,text:KU:android.widget.TextView:TEXT-0249,contrasts_with,,llm_quote_grounded,"Both KUs deal with dynamically changing visual properties of a TextView using Color methods, but TEXT-0030 focuses on text foreground color while TEXT-0249 focuses on background color.",Dynamic color modification of TextView attributes,How to set the text color of TextView in code?,Android: Dynamically Change TextView Background color
text:KU:android.widget.TextView:TEXT-0032,text:KU:android.widget.TextView:TEXT-0034,task_related,,llm_quote_grounded,"Both KUs involve updating the content of a TextView programmatically. TEXT-0032 deals with appending/updating text in response to user actions, while TEXT-0034 implements a character-by-character update loop for animation.",Programmatic text updates in TextView,"Whether I call append or setText, my TextView will only update once.","display a text, character by character?"
text:KU:android.widget.TextView:TEXT-0032,text:KU:android.widget.TextView:TEXT-0091,task_related,,llm_quote_grounded,Both KUs utilize `OnEditorActionListener` on a TextView/EditText to trigger logic based on IME actions (Send vs Done).,Handling IME action events on TextView subclasses,sendText.setOnEditorActionListener(new OnEditorActionListener(),meditText.setOnEditorActionListener(new TextView.OnEditorActionListener()
text:KU:android.widget.TextView:TEXT-0032,text:KU:android.widget.TextView:TEXT-0094,task_related,,llm_quote_grounded,Both KUs demonstrate how to listen for editor actions (like Send or Done/Enter) on a TextView/EditText using `setOnEditorActionListener`.,Detecting completion of text input via IME actions,sendText.setOnEditorActionListener(new OnEditorActionListener(),((EditText)findViewById(R.id.youredittext)).setOnEditorActionListener(
text:KU:android.widget.TextView:TEXT-0032,text:KU:android.widget.TextView:TEXT-0226,task_related,,llm_quote_grounded,"Both KUs address the task of updating a TextView's content dynamically in response to events or timers, utilizing `runOnUiThread` and `setText`.",Android UI thread management for TextView updates,"runOnUiThread(new Runnable(){ public void run(){ TextView rcv = (TextView)findViewById(R.id.rcvMsg); rcv.setText(rcv.getText()+""Me: ""+message+""\\n""); } });",runOnUiThread(new Runnable() { @Override public void run() { // update TextView here! } });
text:KU:android.widget.TextView:TEXT-0034,text:KU:android.widget.TextView:TEXT-0226,task_related,,llm_quote_grounded,Both KUs address the task of updating TextView content over time using asynchronous mechanisms (Handler vs Thread/Runnable).,Android UI updates involving timed text changes.,updates the text every so often until the complete sequence is displayed,I basically want the setText methods to update or refresh every second or so
text:KU:android.widget.TextView:TEXT-0034,text:KU:java.lang.CharSequence:TEXT-0138,task_related,,llm_quote_grounded,Both KUs utilize Handler and Runnable patterns to manage delayed execution related to text state changes in Android UI components.,Implementing time-based logic for text interactions (animation vs input detection).,private Handler mHandler = new Handler(); private Runnable characterAdder = new Runnable(),Handler handler = new Handler(); private Runnable input_finish_checker = new Runnable()
text:KU:android.widget.TextView:TEXT-0034,text:KU:java.lang.CharSequence:TEXT-0224,contrasts_with,,llm_quote_grounded,"TEXT-0034 uses a Handler for sequential animation, while TEXT-0224 uses a Timer for debouncing user input; they represent different scheduling mechanisms for similar 'delayed action' goals.",Choice of scheduling mechanism (Handler vs Timer) for delayed text-related operations.,"mHandler.postDelayed(characterAdder, mDelay);",timer.schedule( new TimerTask() { @Override public void run() { // TODO: do what you need here (refresh list)
text:KU:android.widget.TextView:TEXT-0036,text:KU:android.widget.TextView:TEXT-0140,task_related,,llm_quote_grounded,Both KUs describe how to apply text styling (underline vs bold) to a TextView using SpannableString and setSpan.,Applying visual styles to specific parts of text in Android TextViews via code.,"content.setSpan(new UnderlineSpan(), 0, content.length(), 0); tv.setText(content);","spannable.setSpan(new StyleSpan(android.graphics.Typeface.BOLD), str2.indexOf(str1), str2.indexOf(str1) + str1.length(), Spannable.SPAN_INCLUSIVE_INCLUSIVE); textView.setText(spannable);"
text:KU:android.widget.TextView:TEXT-0036,text:KU:java.lang.CharSequence:TEXT-0083,complements,,llm_quote_grounded,"The left KU provides the basic mechanism for applying spans (UnderlineSpan) to text, while the right KU extends this concept by showing how to dynamically apply spans (StyleSpan/Bold) based on user input events (TextWatcher) in an EditText/CharSequence context.",Dynamic text styling implementation where static span application is complemented by event-driven span management.,"content.setSpan(new UnderlineSpan(), 0, content.length(), 0); tv.setText(content);","mEditText.getText().setSpan(new StyleSpan(android.graphics.Typeface.BOLD), mStart, end - mStart, Spannable.SPAN_EXCLUSIVE_EXCLUSIVE);"
text:KU:android.widget.TextView:TEXT-0048,text:KU:android.widget.TextView:TEXT-0102,task_related,,llm_quote_grounded,"Both KUs address the challenge of implementing vertical text support for traditional Mongolian in Android EditText/TextView, with TEXT-0048 focusing on disabling system context menus that break with rotation and TEXT-0102 providing a custom implementation for rotated/flipped views.",Android development tasks involving vertical script rendering (specifically Mongolian) and handling UI component behaviors like context menus and touch events under rotation.,I am making a vertical `EditText` for traditional Mongolian.,Traditional Mongolian is written vertically in left to right columns.
text:KU:android.widget.TextView:TEXT-0048,text:KU:android.widget.TextView:TEXT-0240,task_related,,llm_quote_grounded,"Both KUs address the implementation of vertical text in Android TextView/EditText, with TEXT-0048 discussing disabling context menus for a vertical EditText and TEXT-0240 providing a custom VerticalTextView solution.",Android UI development involving rotated or vertical text rendering in TextView subclasses.,I am making a vertical `EditText` for traditional Mongolian.,Vertical (rotated) label in Android
text:KU:android.widget.TextView:TEXT-0068,text:KU:android.widget.TextView:TEXT-0091,task_related,,llm_quote_grounded,Both KUs address handling user interaction events on TextView-based widgets (selection/links vs. editor actions).,Android UI event handling for text components.,Can a TextView be selectable AND contain links?,Knowing when Edit text is done being edited
text:KU:android.widget.TextView:TEXT-0073,text:KU:android.widget.TextView:TEXT-0103,task_related,,llm_quote_grounded,"Both KUs address the same specific task of changing TextView size via a menu/popup, with TEXT-0073 providing the working solution to the crash described in TEXT-0103.",Android app development involving dynamic text formatting and inter-component communication.,"To help clarify, this question is the same app and author as this App Crash When Trying to Change textsize in textView by clicking on button",App Crash When Trying to Change textsize in textView by clicking on button
text:KU:android.widget.TextView:TEXT-0082,text:KU:android.widget.TextView:TEXT-0114,complements,,llm_quote_grounded,"Both KUs demonstrate the use of `setMovementMethod` on a TextView to enable specific interaction behaviors (clickable links vs. scrolling), providing complementary examples of how this method controls user input handling.",When configuring TextViews for non-default touch interactions like link clicking or scrolling.,"To make them active, you need to // call setMovementMethod() on the TextView object.",txt.setMovementMethod(new ScrollingMovementMethod());
text:KU:android.widget.TextView:TEXT-0082,text:KU:android.widget.TextView:TEXT-0225,contrasts_with,,llm_quote_grounded,"TEXT-0082 explains that for clickable links within a TextView, one must use `setMovementMethod` and explicitly avoid using an `onClickListener`. TEXT-0225 addresses making the entire TextView clickable (as a button/option) by setting an `OnClickListener`, which is the opposite approach to handling clicks on specific text spans.",Handling user interaction/clicks on TextView elements,Do I have to set an onClickListener for the TextView in my activity for something as simple as this?,texta.setOnClickListener(new OnClickListener() {
text:KU:android.widget.TextView:TEXT-0082,text:KU:android.widget.TextView:TEXT-0253,task_related,,llm_quote_grounded,Both KUs address the task of making links in a TextView clickable by using LinkMovementMethod.,Android TextView link interaction configuration,"To make them active, you need to // call setMovementMethod() on the TextView object. TextView t2 = (TextView) findViewById(R.id.text2); t2.setMovementMethod(LinkMovementMethod.getInstance());",tv1.setClickable(true); tv1.setMovementMethod (LinkMovementMethod.getInstance());
text:KU:android.widget.TextView:TEXT-0084,text:KU:android.widget.TextView:TEXT-0215,complements,,llm_quote_grounded,TEXT-0215 provides a more detailed explanation and additional context regarding the definition and usage of Context introduced in TEXT-0084.,Understanding Android Context class,"Putting it simply: As the name suggests, it's the context of current state of the application/object.","Context is context of current state of the application/object.Its an entity that represents various environment data . Context helps the current activity to interact with out side android environment like local files, databases, class loaders associated to the environment, services including system-level services, and more."
text:KU:android.widget.TextView:TEXT-0086,text:KU:android.widget.TextView:TEXT-0128,task_related,,llm_quote_grounded,"Both KUs address the task of setting text content in a TextView, specifically dealing with data types (Integer vs String concatenation) and formatting.",Setting text content in android.widget.TextView,How can I display an Integer value in TextView?,I have a textView and I want to display two different variables at the same time
text:KU:android.widget.TextView:TEXT-0087,text:KU:android.widget.TextView:TEXT-0249,complements,,llm_quote_grounded,"TEXT-0087 explains how to set text color using Color.parseColor, while TEXT-0249 applies the same parsing technique to set background color.",Setting colors dynamically from hex strings in TextView/EditText contexts.,"textView.setTextColor(Color.parseColor(""#ff6363""));","txtChannelName.setBackgroundColor(Color.parseColor(""#ffffff""));"
text:KU:android.widget.TextView:TEXT-0091,text:KU:android.widget.TextView:TEXT-0094,task_related,,llm_quote_grounded,Both KUs address the task of detecting when a user finishes editing text in an EditText/TextView by using OnEditorActionListener.,Detecting end-of-edit events via editor action listeners,meditText.setOnEditorActionListener(new TextView.OnEditorActionListener() {,(EditText)findViewById(R.id.youredittext)).setOnEditorActionListener(
text:KU:android.widget.TextView:TEXT-0091,text:KU:android.widget.TextView:TEXT-0213,complements,,llm_quote_grounded,"TEXT-0091 provides code to handle the 'Done' action, while TEXT-0213 explains how to configure the IME options and labels that trigger such actions, complementing the implementation with configuration details.",Handling and configuring editor actions for EditText,if (actionId == EditorInfo.IME_ACTION_DONE) {,You will want to look at the `android:imeActionId` and `android:imeOptions` attributes
text:KU:android.widget.TextView:TEXT-0091,text:KU:android.widget.TextView:TEXT-0222,contrasts_with,,llm_quote_grounded,"TEXT-0091 explicitly rejects TextWatcher's afterTextChanged for this specific use case because it fires per character, whereas TEXT-0222 presents TextWatcher as the solution for knowing when text is set/changed.",Choosing between TextWatcher and OnEditorActionListener for edit completion detection,It looks like text watcher's afterTextChanged happens after each character is entered.,add a `TextWatcher` to a TextView for watching text changes in TextView
text:KU:java.lang.CharSequence:TEXT-0014,text:KU:android.widget.TextView:TEXT-0091,constrains,,llm_quote_grounded,TEXT-0014 demonstrates using TextWatcher which TEXT-0091 identifies as unsuitable for calculating on final input due to frequent firing; thus TEXT-0091 constrains the applicability of the approach shown in TEXT-0014 for the specific goal of avoiding per-character calculations.,Applicability of TextWatcher vs EditorActionListener for batch processing,public void afterTextChanged(Editable s) {,"I need to do some calculations with the input, so I would like to avoid doing the calculation after each character is entered."
text:KU:android.widget.TextView:TEXT-0091,text:KU:java.lang.CharSequence:TEXT-0224,contrasts_with,,llm_quote_grounded,"The first KU uses an EditorActionListener to detect completion via IME actions (Done/Next), while the second KU uses a TextWatcher with a debounced Timer to detect completion after a period of inactivity.",Detecting when user input is finished in an EditText,"meditText.setOnEditorActionListener(new TextView.OnEditorActionListener() { @Override public boolean onEditorAction(TextView v, int actionId, KeyEvent event) { if (actionId == EditorInfo.IME_ACTION_DONE) {",I used the `afterTextChanged` event of `TextWatcher` for this purpose. But this event rises for each character changes in EditText.
text:KU:android.widget.TextView:TEXT-0094,text:KU:android.widget.TextView:TEXT-0213,complements,,llm_quote_grounded,"The first KU provides the code implementation for handling editor actions, while the second KU explains the relevant XML attributes (`imeOptions`, `imeActionId`) and methods (`setImeActionLabel`) that configure the behavior detected by the listener in the first KU.",Configuring and handling 'Done' or 'Enter' key events in EditText,if (actionId == EditorInfo.IME_ACTION_SEARCH || actionId == EditorInfo.IME_ACTION_DONE,"You will want to look at the `android:imeActionId` and `android:imeOptions` attributes, plus the `setOnEditorActionListener()` method, all on `TextView`."
text:KU:android.widget.TextView:TEXT-0094,text:KU:android.widget.TextView:TEXT-0222,contrasts_with,,llm_quote_grounded,"The first KU detects the end of editing using an EditorActionListener triggered by IME actions, whereas the second KU suggests using a TextWatcher to monitor text changes, which fires on every keystroke rather than just at the end of editing.",Methods for monitoring EditText state changes,((EditText)findViewById(R.id.youredittext)).setOnEditorActionListener(,add a `TextWatcher` to a TextView for watching text changes in TextView as:
text:KU:android.widget.TextView:TEXT-0095,text:KU:android.widget.TextView:TEXT-0225,task_related,,llm_quote_grounded,"Both KUs address the challenge of handling click/long-click events on TextViews, specifically dealing with event listener implementation and view identification.",Android UI event handling for TextView widgets,I have a number of `TextView`s that each share a single `OnLongClickListener`,My problem is that I want the `TextView` as clickable
text:KU:android.widget.TextView:TEXT-0100,text:KU:android.widget.TextView:TEXT-0222,constrains,,llm_quote_grounded,"The general rule that users cannot change TextView content is constrained by the existence of programmatic listeners (TextWatcher) that detect text changes, implying 'change' can be monitored even if not user-initiated.","When implementing logic to react to text updates in a TextView, distinguishing between user input and programmatic setting.",User cannot change something in TextView but program can,add a `TextWatcher` to a TextView for watching text changes in TextView
text:KU:android.widget.TextView:TEXT-0102,text:KU:android.widget.TextView:TEXT-0240,complements,,llm_quote_grounded,"TEXT-0240 provides a simpler implementation of vertical/rotated TextViews that addresses the core rendering requirement mentioned in TEXT-0102, although it lacks the complex touch/cursor handling for EditText scenarios.",Rendering rotated text in Android views,I want to make a rotated and flipped EditText view,Vertical (rotated) label in Android
text:KU:android.widget.TextView:TEXT-0116,text:KU:android.widget.TextView:TEXT-0199,task_related,,llm_quote_grounded,"Both KUs address the problem of determining or managing text overflow in a TextView, specifically involving line counts and max lines.",TextView text fitting and overflow detection,if (message.getLineCount() > 5) { m.isEllipsized = 1; message.setMaxLines(5); return false; },int maxLines = _random.nextInt(4) + 1; fontFitTextView.setMaxLines(maxLines);
text:KU:android.widget.TextView:TEXT-0116,text:KU:android.widget.TextView:TEXT-0214,contrasts_with,,llm_quote_grounded,"TEXT-0116 deals with detecting ellipsization (truncation) when text is too long for the view, while TEXT-0214 addresses enabling multi-line wrapping to prevent text from going off-screen.",Handling long text in TextView,"I have a multi-line `TextView` that has `android:ellipsize=""end""` set.",Text longer than one line doesn't wrap to the next line but goes beyond the screen.
text:KU:android.widget.TextView:TEXT-0119,text:KU:android.widget.TextView:TEXT-0213,complements,,llm_quote_grounded,"TEXT-0119 provides the declarative XML configuration to trigger the 'Next' action, while TEXT-0213 provides the programmatic API methods and attributes required to handle that action and customize the IME label.",Configuring EditText/TextView interaction with the soft keyboard (IME).,"try setting `android:singleLine=""true""` and `android:imeOptions=""actionNext""`","You will want to look at the `android:imeActionId` and `android:imeOptions` attributes, plus the `setOnEditorActionListener()` method"
text:KU:android.widget.TextView:TEXT-0119,text:KU:android.widget.TextView:TEXT-0214,contrasts_with,,llm_quote_grounded,"The two KUs describe mutually exclusive configurations for text input behavior: one enforces single-line navigation via Enter, while the other enables multi-line wrapping and manual line breaks.",Configuration of `inputType` and line handling in TextView/EditText.,"It's the default behavior for editable text as long as you don't explicitly set `android:inputType=""textMultiLine""`","I put this attribute: android:inputType=""textMultiLine"" into my TextView and it has wrapping line and user can ""Enter"" for a new line."
text:KU:android.widget.TextView:TEXT-0128,text:KU:android.widget.TextView:TEXT-0214,task_related,,llm_quote_grounded,"Both KUs address the problem of displaying multiple lines of text in a TextView, with TEXT-0128 focusing on programmatic string concatenation and newline characters, while TEXT-0214 focuses on XML attributes for wrapping and multi-line input.",Displaying multi-line content in Android TextViews,"I have a textView and I want to display two different variables at the same time, each on one line.",Text longer than one line doesn't wrap to the next line but goes beyond the screen.
text:KU:android.widget.TextView:TEXT-0132,text:KU:android.widget.TextView:TEXT-0140,complements,,llm_quote_grounded,TEXT-0132 demonstrates using SpannableString to apply color formatting (ForegroundColorSpan) to text in a TextView. TEXT-0140 demonstrates using SpannableString to apply style formatting (StyleSpan/BOLD) to a substring within a TextView. They complement each other by showing different types of spans applied via the same mechanism.,Applying rich text formatting to TextViews using SpannableString,"clientsDebit.setSpan(new ForegroundColorSpan(mContext.getResources().getColor(R.color.blue)), 0, clientsDebit.length(), Spannable.SPAN_EXCLUSIVE_EXCLUSIVE);","spannable.setSpan(new StyleSpan(android.graphics.Typeface.BOLD), str2.indexOf(str1), str2.indexOf(str1) + str1.length(), Spannable.SPAN_INCLUSIVE_INCLUSIVE);"
text:KU:android.widget.TextView:TEXT-0140,text:KU:android.widget.TextView:TEXT-0253,complements,,llm_quote_grounded,"Both KUs demonstrate using SpannableString to apply specific styling (bold vs. link) to text within a TextView, showing complementary applications of the same mechanism.",Styling text content in Android TextViews using Spannable objects.,Use `str2` as `SpannableString` and use `setSpan()` method to find substring `str1` and make it `BOLD`.,"/*SpannableString s = new SpannableString(l.getLeftString()); Linkify.addLinks(s, Linkify.WEB_URLS); tv1.setText(s);"
text:KU:android.widget.TextView:TEXT-0140,text:KU:java.lang.CharSequence:TEXT-0083,task_related,,llm_quote_grounded,"Both tasks involve applying bold style to text using StyleSpan on a CharSequence/Editable object, one for static display and one for dynamic input.",Applying bold formatting to text segments in Android UI components.,"spannable.setSpan(new StyleSpan(android.graphics.Typeface.BOLD), str2.indexOf(str1), str2.indexOf(str1) + str1.length(), Spannable.SPAN_INCLUSIVE_INCLUSIVE);","mEditText.getText().setSpan(new StyleSpan(android.graphics.Typeface.BOLD), mStart, end - mStart, Spannable.SPAN_EXCLUSIVE_EXCLUSIVE);"
text:KU:android.widget.TextView:TEXT-0156,text:KU:android.widget.TextView:TEXT-0240,contrasts_with,,llm_quote_grounded,"TEXT-0156 provides a solution for horizontal marquee animation, while TEXT-0240 explicitly states that its custom vertical text implementation loses the marquee feature.",Custom TextView implementations and their compatibility with standard features like marquee.,How to create a marquee effect for a text of smaller length not exceeding the screen size in Android?,"This new version works better, but loses some TextView features, such as marquee and similar specialties."
text:KU:android.widget.TextView:TEXT-0199,text:KU:android.widget.TextView:TEXT-0215,task_related,,llm_quote_grounded,Both KUs involve creating or using custom TextView subclasses (AutoResizeTextView vs general Context usage for views) which require passing a Context object during instantiation.,Android UI development involving custom View/TextView classes.,public AutoResizeTextView(Context context) { super(context); initialize(); },"Creating New objects: Creating new views, adapters, listeners TextView tv = new TextView(getContext());"
text:KU:android.widget.TextView:TEXT-0216,text:KU:java.lang.CharSequence:TEXT-0175,task_related,,llm_quote_grounded,Both KUs address the implementation of custom filtering logic for AutoCompleteTextView adapters to ensure correct suggestion matching.,Android UI development involving ArrayAdapter and Filterable interfaces.,"Is there a way to ""force"" AutoCompleteTextView so if user type in letter ""c"" it would show Car",But the auto suggest box does not filter correctly.
text:KU:android.widget.TextView:TEXT-0222,text:KU:java.lang.CharSequence:TEXT-0006,complements,,llm_quote_grounded,"The first KU provides the general mechanism (TextWatcher) for detecting text changes, while the second KU applies this mechanism to perform a specific transformation (capitalization).",Dynamic text modification in Android EditText/TextView fields.,add a `TextWatcher` to a TextView for watching text changes in TextView as:,edittext.addTextChangedListener(new TextWatcher() {
text:KU:android.widget.TextView:TEXT-0222,text:KU:java.lang.CharSequence:TEXT-0187,task_related,,llm_quote_grounded,"Both KUs demonstrate the usage of `TextWatcher` and its callback methods (`beforeTextChanged`, `onTextChanged`, `afterTextChanged`) to monitor text changes in Android UI components.",General implementation of text change listeners on TextView/EditText.,"textView.addTextChangedListener(new TextWatcher() { @Override public void onTextChanged(CharSequence s, int start, int before, int count) { } @Override public void beforeTextChanged(CharSequence s, int start, int count, int after) { } @Override public void afterTextChanged(Editable s) {","editText.addTextChangedListener(new TextWatcher() { @Override public void beforeTextChanged(CharSequence s, int start, int count, int after) {} @Override public void onTextChanged(CharSequence s, int start, int before, int count) {} @Override public void afterTextChanged(Editable s) {"
text:KU:android.widget.TextView:TEXT-0222,text:KU:java.lang.CharSequence:TEXT-0224,complements,,llm_quote_grounded,The left KU provides the basic mechanism for detecting text changes via `TextWatcher`. The right KU complements this by addressing a specific limitation (firing on every character) and providing a solution (debouncing with a Timer) to react only after typing stops.,Handling text input events where immediate reaction is undesirable or requires throttling.,add a `TextWatcher` to a TextView for watching text changes in TextView as:,I used the `afterTextChanged` event of `TextWatcher` for this purpose. But this event rises for each character changes in EditText. What should I do?
text:KU:android.widget.TextView:TEXT-0222,text:KU:java.lang.CharSequence:TEXT-0251,contrasts_with,,llm_quote_grounded,"The left KU shows a standard implementation of `TextWatcher` callbacks. The right KU contrasts this by highlighting common pitfalls and limitations of that same API, specifically that it fires on every character change rather than on completion, and discusses how to access the underlying view instance within the watcher.",Usage patterns and limitations of `TextWatcher` in Android development.,"textView.addTextChangedListener(new TextWatcher() { @Override public void onTextChanged(CharSequence s, int start, int before, int count) { }",I know a little bit about `TextWatcher` but that fires on every character you enter. I want a listener that fires whenever the user finishes editing.
text:KU:android.widget.TextView:TEXT-0222,text:KU:java.lang.CharSequence:TEXT-0255,task_related,,llm_quote_grounded,"Both KUs illustrate the application of `TextWatcher` to respond to text input changes. The left KU defines the general pattern, while the right KU applies it to a specific task (filtering a list view).",Implementing real-time text monitoring on Android views.,"textView.addTextChangedListener(new TextWatcher() { @Override public void onTextChanged(CharSequence s, int start, int before, int count) { }","inputSearch.addTextChangedListener(new TextWatcher() { @Override public void onTextChanged(CharSequence cs, int arg1, int arg2, int arg3) { // When user changed the Text MainActivity.this.adapter.getFilter().filter(cs); }"
text:KU:android.widget.TextView:TEXT-0225,text:KU:android.widget.TextView:TEXT-0261,complements,,llm_quote_grounded,"The left KU demonstrates setting click listeners on individual `TextView`s within a layout. The right KU complements this by addressing the scalability issue of doing so for many views in a `ListView`, offering efficient alternatives like XML-based `onClick` attributes or helper functions.","Managing click events for multiple TextViews, particularly within list adapters.",texta.setOnClickListener(new OnClickListener() { public void onClick(View v) { textb.setClickable(false); textc.setClickable(false); textd.setClickable(false); } });,Now I don't want to set a bunch of `onClickListners` for each `TextView` so what is an efficient way of doing this for all the `TextView`s in the rows of my `ListView`?
text:KU:android.widget.TextView:TEXT-0230,text:KU:android.widget.TextView:TEXT-0261,task_related,,llm_quote_grounded,"Both KUs address the challenge of setting click listeners on TextViews that are part of ListView items, where direct findViewById in onCreate fails or is inefficient.",Android UI development involving ListViews and item-level interaction.,TEXTVIEW Click is not working in android,Set onClickListener for multiple TextView's in multiple rows of a ListView
text:KU:java.lang.CharSequence:TEXT-0004,text:KU:java.lang.CharSequence:TEXT-0006,task_related,,llm_quote_grounded,"Both KUs demonstrate using `TextWatcher` to react to text changes in an `EditText`, specifically checking the length or content of the text within the `afterTextChanged` callback.",Android EditText text monitoring and dynamic updates based on user input.,editText.addTextChangedListener(new TextWatcher() {,edittext.addTextChangedListener(new TextWatcher() {
text:KU:java.lang.CharSequence:TEXT-0004,text:KU:java.lang.CharSequence:TEXT-0013,task_related,,llm_quote_grounded,Both KUs involve implementing logic inside a `TextWatcher` (specifically `onTextChanged` or `afterTextChanged`) to trigger actions based on the current state of the `EditText` text (length checks).,Using TextWatcher for conditional logic based on EditText content length.,"public void afterTextChanged(Editable arg0) {
 if(arg0.toString().length() <= 0)","public void onTextChanged(CharSequence s, int start, int before, int count) {
 // TODO Auto-generated method stub
 if(sb.length()==0&edtPasscode1.length()==1)"
text:KU:java.lang.CharSequence:TEXT-0004,text:KU:java.lang.CharSequence:TEXT-0014,task_related,,llm_quote_grounded,Both KUs provide solutions involving `TextWatcher` implementations where specific actions are triggered based on the length of the text in the `EditText` within the `afterTextChanged` method.,Handling EditText text length constraints via TextWatcher.,if(arg0.toString().length() <= 0),if (s.length() == 10) {
text:KU:java.lang.CharSequence:TEXT-0004,text:KU:java.lang.CharSequence:TEXT-0083,task_related,,llm_quote_grounded,"Both KUs describe using a TextWatcher on an EditText to react to text changes, specifically checking the length or state of the text to trigger UI updates (hint color vs. styling).",Android EditText text change handling via TextWatcher,editText.addTextChangedListener(new TextWatcher() {,You could just update the style after every character that they type using a `TextWatcher` and the `addTextChangedListener()` method.
text:KU:java.lang.CharSequence:TEXT-0004,text:KU:java.lang.CharSequence:TEXT-0097,task_related,,llm_quote_grounded,Both KUs involve implementing a TextWatcher for an EditText to perform validation or state-dependent actions based on the text content (empty check for hint color vs. length check for error icon).,Android EditText validation/state management via TextWatcher,Solution for your problem - editText.addTextChangedListener(new TextWatcher() {,just set a `TextWatcher` to your custom text view like this-
text:KU:java.lang.CharSequence:TEXT-0004,text:KU:java.lang.CharSequence:TEXT-0145,task_related,,llm_quote_grounded,"Both KUs discuss the implementation of TextWatcher interfaces for EditText fields, focusing on how to handle text changes within the callback methods.",Implementing TextWatcher callbacks in Android,"editText.addTextChangedListener(new TextWatcher() { @Override public void onTextChanged(CharSequence arg0, int arg1, int arg2,int arg3){ //do something }",I want to implement the `TextWatcher` interface for more than one `EditText` fields.
text:KU:java.lang.CharSequence:TEXT-0004,text:KU:java.lang.CharSequence:TEXT-0224,contrasts_with,,llm_quote_grounded,"TEXT-0004 triggers an immediate UI update when text becomes empty, while TEXT-0224 implements a debouncing mechanism using a Timer to wait for a pause in typing before acting.",Immediate vs. Debounced response to text changes,if(arg0.toString().length() <= 0) //check if length is equal to zero tv.setHintTextColor(getResources().getColor(R.color.white));,"The trick is in canceling and re-scheduling `Timer` each time, when text in `EditText` gets changed."
text:KU:java.lang.CharSequence:TEXT-0004,text:KU:java.lang.CharSequence:TEXT-0250,task_related,,llm_quote_grounded,Both KUs utilize TextWatcher's afterTextChanged method to inspect the current text content (checking for emptiness or regex validity) and modify the EditText state accordingly.,Validating or reacting to EditText content changes,public void afterTextChanged(Editable arg0) { if(arg0.toString().length() <= 0),public void afterTextChanged(Editable s) { if (!isValid(s)) { weightEditText.setText(mText); }
text:KU:java.lang.CharSequence:TEXT-0004,text:KU:java.lang.CharSequence:TEXT-0251,task_related,,llm_quote_grounded,"Both KUs address the usage of TextWatcher in Android EditTexts, specifically dealing with the limitations or requirements of accessing the EditText instance or reacting to text changes within the watcher.",Using TextWatcher with EditText instances,editText.addTextChangedListener(new TextWatcher() {,To be able to get the EditText instance into your TextWatcher implementation you should try something like this:
text:KU:java.lang.CharSequence:TEXT-0013,text:KU:java.lang.CharSequence:TEXT-0016,contrasts_with,,llm_quote_grounded,"Both KUs discuss using TextWatcher for EditText interactions, but they address different problems and propose contrasting solutions regarding event handling loops. TEXT-0013 uses TextWatcher to manage focus changes between fields without mentioning loop issues, while TEXT-0016 explicitly identifies that using OnTextChanged/TextWatcher for data binding updates causes an infinite loop ('model-update updates the GUI, which calls textChanged times infinity') and proposes a custom view override to prevent it.",Android EditText text change listeners (TextWatcher/OnTextChanged) and their side effects on UI state or data binding.,"Try TextWatcher instead of onKeyListener B'coz if want to edit your password, in that case TextWatcher will give you more method to dealt with..","I tried putting an OnTextChanged-listener on the editText and updating the model. This created a loop killing my app (model-update updates the GUI, which calls textChanged times infinity)."
text:KU:java.lang.CharSequence:TEXT-0013,text:KU:java.lang.CharSequence:TEXT-0083,task_related,,llm_quote_grounded,"Both KUs involve implementing logic within `TextWatcher.onTextChanged` to react to character input in an Android EditText. TEXT-0013 uses it to trigger focus changes when a single digit is entered, while TEXT-0083 uses it to apply styling spans dynamically as the user types.",Using TextWatcher callbacks to perform immediate actions based on text content changes in Android EditText views.,"public void onTextChanged(CharSequence s, int start, int before, int count) { // TODO Auto-generated method stub if(sb.length()==0&edtPasscode1.length()==1) { sb.append(s); edtPasscode1.clearFocus(); edtPasscode2.requestFocus(); edtPasscode2.setCursorVisible(true); } }","// TextWatcher onTextChanged(CharSequence s, int start, int before, int count) { if(mStart > 0) { int end = mEditText.getText().length(); mEditText.getText().setSpan(new StyleSpan(android.graphics.Typeface.BOLD), mStart, end - mStart, Spannable.SPAN_EXCLUSIVE_EXCLUSIVE); } }"
text:KU:java.lang.CharSequence:TEXT-0013,text:KU:java.lang.CharSequence:TEXT-0097,task_related,,llm_quote_grounded,Both KUs utilize `TextWatcher` implementations to monitor text changes in Android EditTexts and execute specific validation or state management logic within the callback methods (`onTextChanged` or `afterTextChanged`).,Implementing reactive behavior in Android EditTexts using TextWatcher listeners.,"edtPasscode1.addTextChangedListener(new TextWatcher() { public void onTextChanged(CharSequence s, int start, int before, int count) { // TODO Auto-generated method stub if(sb.length()==0&edtPasscode1.length()==1) { sb.append(s); edtPasscode1.clearFocus(); edtPasscode2.requestFocus(); edtPasscode2.setCursorVisible(true); } }","et.addTextChangedListener(new TextWatcher() { @Override public void onTextChanged(CharSequence s, int start, int before, int count) { } @Override public void beforeTextChanged(CharSequence s, int start, int count, int after) { // TODO Auto-generated method stub } @Override public void afterTextChanged(Editable s) { if(s.toString().length()>6){ et.setError("""", null); }else{ et.setError("""", errorIcon); } } });"
text:KU:java.lang.CharSequence:TEXT-0013,text:KU:java.lang.CharSequence:TEXT-0125,constrains,,llm_quote_grounded,"TEXT-0125 explains that `setError()` messages are cleared by key events causing text changes. TEXT-0013 implements a `TextWatcher` that reacts to these same text changes (via `onTextChanged`) to move focus. If one were to combine these patterns (setting errors and moving focus on text change), the automatic clearing of errors described in TEXT-0125 constrains how error states persist during the rapid focus transitions triggered in TEXT-0013's logic.",Interaction between programmatic error display (`setError`) and text-change-driven UI updates (focus movement) in Android EditTexts.,"public void onTextChanged(CharSequence s, int start, int before, int count) { // TODO Auto-generated method stub if(sb.length()==0&edtPasscode1.length()==1) { sb.append(s); edtPasscode1.clearFocus(); edtPasscode2.requestFocus(); edtPasscode2.setCursorVisible(true); } }",The icon and error message will be reset to null when any key events cause changes to the TextView's text.
text:KU:java.lang.CharSequence:TEXT-0013,text:KU:java.lang.CharSequence:TEXT-0145,complements,,llm_quote_grounded,"TEXT-0013 provides a specific implementation of TextWatcher for moving focus between EditTexts, while TEXT-0145 addresses the challenge of distinguishing which EditText triggered the TextWatcher callback when multiple fields share the same listener instance.",Android EditText text change monitoring and focus management,Try TextWatcher instead of onKeyListener,I want to implement the `TextWatcher` interface for more than one `EditText` fields.
text:KU:java.lang.CharSequence:TEXT-0013,text:KU:java.lang.CharSequence:TEXT-0183,task_related,,llm_quote_grounded,"Both KUs describe using TextWatcher to react to user input in Android EditText fields. TEXT-0013 uses it for automatic focus shifting upon digit entry, while TEXT-0183 uses it for real-time validation feedback.",Android UI interaction handling via TextWatcher,edtPasscode1.addTextChangedListener(new TextWatcher() {,NameTxt.addTextChangedListener(new TextWatcher() {
text:KU:java.lang.CharSequence:TEXT-0013,text:KU:java.lang.CharSequence:TEXT-0187,contrasts_with,,llm_quote_grounded,"TEXT-0013 uses TextWatcher to manage focus transitions between separate EditText views based on content length. TEXT-0187 uses TextWatcher within a single EditText to sanitize input (remove non-digits) and manage cursor position, addressing issues with IME options and deprecated attributes.",Different strategies for handling EditText input events,if(sb.length()==0&edtPasscode1.length()==1) { sb.append(s); edtPasscode1.clearFocus(); edtPasscode2.requestFocus();,"editText.setText(s.toString().replaceAll(NOT_ALLOWED_CHARS, """")); // setting selection moves the cursor at the end of string editText.setSelection(editText.getText().length());"
text:KU:java.lang.CharSequence:TEXT-0013,text:KU:java.lang.CharSequence:TEXT-0255,task_related,,llm_quote_grounded,"Both KUs utilize TextWatcher to respond to text changes in an EditText. TEXT-0013 triggers focus movement, while TEXT-0255 triggers list filtering/searching.",Reacting to EditText text changes in Android,edtPasscode1.addTextChangedListener(new TextWatcher() {,inputSearch.addTextChangedListener(new TextWatcher() {
text:KU:java.lang.CharSequence:TEXT-0014,text:KU:java.lang.CharSequence:TEXT-0016,constrains,,llm_quote_grounded,"TEXT-0014 highlights the issue of TextWatcher firing multiple times (causing duplicate alerts), requiring flags to prevent side effects. TEXT-0016 describes a similar problem where updating the model from TextWatcher causes infinite loops or cursor jumps, necessitating careful handling of text updates and bindings.",Side effects and re-entrancy issues when modifying UI/Model inside TextWatcher,When i implement Text watcher it works but it show two alert box when it reach 10 character.,"This created a loop killing my app (model-update updates the GUI, which calls textChanged times infinity)."
text:KU:java.lang.CharSequence:TEXT-0014,text:KU:java.lang.CharSequence:TEXT-0097,contrasts_with,,llm_quote_grounded,"TEXT-0014 uses an AlertDialog to notify the user of a character limit violation, whereas TEXT-0097 uses setError() with a custom icon for validation feedback.",Android EditText text change handling and user notification strategies.,"AlertDialog.Builder alert = new AlertDialog.Builder( SendSms.this); alert.setMessage(""You Cross the limit of 10 Words !"");","I want to to have some validation for my EditText wherein I want to show """" icon (that comes when you put `editText.setError(""blah blah""))` but don't want the text in the popup displaying that ""blah blah""."
text:KU:java.lang.CharSequence:TEXT-0014,text:KU:java.lang.CharSequence:TEXT-0125,complements,,llm_quote_grounded,"TEXT-0014 suggests using setError as a better alternative to AlertDialogs for limits; TEXT-0125 provides technical details on how setError behaves during text changes, which is relevant to implementing that suggestion.",Using EditText.setError() for validation feedback within TextWatcher callbacks.,Better is to use setError. Read how to use it.,"Sets the right-hand compound drawable of the TextView to the ""error"" icon and sets an error message that will be displayed in a popup when the TextView has focus. The icon and error message will be reset to null when any key events cause changes to the TextView's text."
text:KU:java.lang.CharSequence:TEXT-0078,text:KU:java.lang.CharSequence:TEXT-0191,task_related,,llm_quote_grounded,"Both KUs demonstrate how to implement custom `InputFilter` logic in Android to control text input behavior, one for disabling editing and one for restricting character types.",Android EditText InputFilter implementation,"I think an `InputFilter` that rejects all changes is a good solution: editText.setFilters(new InputFilter[] { new InputFilter() { public CharSequence filter(CharSequence src, int start, int end, Spanned dst, int dstart, int dend) { return src.length() < 1 ? dst.subSequence(dstart, dend) : """"; } } });","InputFilter filter = new InputFilter() { public CharSequence filter(CharSequence source, int start, int end, Spanned dest, int dstart, int dend) { for (int i = start; i < end; i++) { if (!Character.isLetterOrDigit(source.charAt(i))) { return """"; } } return null; } }; edit.setFilters(new InputFilter[] { filter });"
text:KU:java.lang.CharSequence:TEXT-0083,text:KU:java.lang.CharSequence:TEXT-0191,contrasts_with,,llm_quote_grounded,"TEXT-0083 uses TextWatcher to modify the content (apply styles) after text changes, whereas TEXT-0191 uses InputFilter to restrict/validate input before it is committed.",EditText text manipulation strategies in Android,You could just update the style after every character that they type using a `TextWatcher`,How do I use InputFilter to limit characters in an EditText in Android?
text:KU:java.lang.CharSequence:TEXT-0097,text:KU:java.lang.CharSequence:TEXT-0125,constrains,,llm_quote_grounded,"The solution in TEXT-0097 (overriding setError to only set the icon) avoids the issue described in TEXT-0125 where keyboard suggestions push the error popup out of view, because it does not rely on the standard error message popup.",When using EditText.setError() with a custom implementation that suppresses the text message.,"public void setError(CharSequence error, Drawable icon) { setCompoundDrawables(null, null, icon, null); }","Sets the right-hand compound drawable of the TextView to the ""error"" icon and sets an error message that will be displayed in a popup when the TextView has focus."
text:KU:java.lang.CharSequence:TEXT-0138,text:KU:java.lang.CharSequence:TEXT-0251,contrasts_with,,llm_quote_grounded,"TEXT-0138 implements a 'stop typing' detection using a Handler with a time delay, whereas TEXT-0251 suggests detecting the end of editing via focus loss or IME action (Done button).",Strategies for determining when a user has finished interacting with an EditText.,long delay = 1000; // 1 seconds after user stops typing,you can see if the user finished to edit the text if the `EditText` lose focus or if the user presses done button
text:KU:java.lang.CharSequence:TEXT-0138,text:KU:java.lang.CharSequence:TEXT-0255,complements,,llm_quote_grounded,"TEXT-0138 provides a debouncing mechanism (waiting for user to stop typing) which is often necessary before performing expensive operations like filtering a list, as described in TEXT-0255.",Optimizing search/filtering logic in EditText by delaying execution until input stabilizes.,I want to perform action after the user stopped typing in that edittext field,"when user enters a new data in EditText , get the text from it and passing it to array adapter filter."
text:KU:java.lang.CharSequence:TEXT-0145,text:KU:java.lang.CharSequence:TEXT-0224,task_related,,llm_quote_grounded,"Both KUs address handling text changes in EditText fields. TEXT-0145 focuses on distinguishing between multiple EditTexts using focus state within TextWatcher callbacks, while TEXT-0224 focuses on debouncing text changes using a Timer within TextWatcher callbacks.",Implementation patterns for Android's TextWatcher interface.,I want to implement the `TextWatcher` interface for more than one `EditText` fields.,I used the `afterTextChanged` event of `TextWatcher` for this purpose.
text:KU:java.lang.CharSequence:TEXT-0145,text:KU:java.lang.CharSequence:TEXT-0251,task_related,,llm_quote_grounded,"Both KUs discuss accessing specific EditText instances or their states within TextWatcher implementations. TEXT-0145 uses `isFocused()` to identify the active EditText among several, while TEXT-0251 explains how to access the EditText instance itself within the watcher.",Managing references and state identification for EditTexts inside TextWatcher callbacks.,i find the right way using `EditText.isFocused()` to distinguish one to another.,To be able to get the EditText instance into your TextWatcher implementation you should try something like this:
text:KU:java.lang.CharSequence:TEXT-0175,text:KU:java.lang.CharSequence:TEXT-0255,complements,,llm_quote_grounded,TEXT-0255 provides the mechanism (TextWatcher calling adapter.getFilter().filter) to trigger the custom filtering logic defined in TEXT-0175.,Implementing search/filter functionality for an AutoCompleteTextView or ListView using a custom Adapter.,I have to over-ride the getFilter() method of the Adapter,"inputSearch.addTextChangedListener(new TextWatcher() { @Override public void onTextChanged(CharSequence cs, int arg1, int arg2, int arg3) { // When user changed the Text MainActivity.this.adapter.getFilter().filter(cs); }"
text:KU:java.lang.CharSequence:TEXT-0187,text:KU:java.lang.CharSequence:TEXT-0191,contrasts_with,,llm_quote_grounded,"TEXT-0187 uses a TextWatcher to reactively remove invalid characters after they are entered, whereas TEXT-0191 uses an InputFilter to proactively prevent invalid characters from being entered.",Character restriction in EditText,editText.addTextChangedListener(new TextWatcher() {,InputFilter filter = new InputFilter() {
text:KU:java.lang.CharSequence:TEXT-0224,text:KU:java.lang.CharSequence:TEXT-0250,task_related,,llm_quote_grounded,"Both KUs address the challenge of performing an action or validation after text changes in an EditText, specifically dealing with the frequency of TextWatcher callbacks.",Android EditText text change handling and debouncing/validation logic.,I used the `afterTextChanged` event of `TextWatcher` for this purpose. But this event rises for each character changes in EditText.,"It may be easier to implement a `TextWatcher`. In it's `beforeTextChanged` method, you can record the current contents and in it's `afterTextChanged` method, you can check (using a regular expression) whether the contents are acceptable"
text:KU:java.lang.CharSequence:TEXT-0224,text:KU:java.lang.CharSequence:TEXT-0255,task_related,,llm_quote_grounded,"Both KUs involve using a TextWatcher on an EditText to trigger a filtering operation on a list, differing primarily in the timing strategy (immediate vs. delayed).",Implementing search/filter functionality in Android lists based on EditText input.,I am filtering my list using an EditText. I want to filter the list 0.5 second after user has finished typing in EditText.,"You need to add addTextChangedListener to your EditText. when user enters a new data in EditText , get the text from it and passing it to array adapter filter."
text:KU:java.lang.CharSequence:TEXT-0250,text:KU:java.lang.CharSequence:TEXT-0251,contrasts_with,,llm_quote_grounded,"TEXT-0250 suggests using TextWatcher for validation despite its per-character nature, while TEXT-0251 explicitly seeks alternatives because TextWatcher fires too frequently for the desired 'finish editing' event.",Appropriateness of TextWatcher for different types of post-edit actions (validation vs. completion detection).,"It may be easier to implement a `TextWatcher`. In it's `beforeTextChanged` method, you can record the current contents and in it's `afterTextChanged` method, you can check (using a regular expression) whether the contents are acceptable",I know a little bit about `TextWatcher` but that fires on every character you enter. I want a listener that fires whenever the user finishes editing.
text:KU:java.lang.CharSequence:TEXT-0251,text:KU:java.lang.CharSequence:TEXT-0255,task_related,,llm_quote_grounded,"Both KUs discuss implementing and using `TextWatcher` listeners for `EditText` components in Android, specifically addressing how to handle text changes.",Android UI development involving EditText and TextWatcher implementation.,I know a little bit about `TextWatcher` but that fires on every character you enter.,You need to add addTextChangedListener to your EditText.
