source,target,relation,evidence,basis,meaning,scope,evidence_source,evidence_target
data:API:android.accounts.AccountManager,data:API:android.app.Activity,accepts,"android.accounts.AccountManager#addAccount(java.lang.String,java.lang.String,java.lang.String[],android.os.Bundle,android.app.Activity,android.accounts.AccountManagerCallback,android.os.Handler) accepts android.app.Activity | android.accounts.AccountManager#confirmCredentials(android.accounts.Account,android.os.Bundle,android.app.Activity,android.accounts.AccountManagerCallback,android.os.Handler) accepts android.app.Activity | android.accounts.AccountManager#editProperties(java.lang.String,android.app.Activity,android.accounts.AccountManagerCallback,android.os.Handler) accepts android.app.Activity",official_declaration,,,,
data:API:android.accounts.AccountManager,data:API:android.content.Context,accepts,android.accounts.AccountManager#get(android.content.Context) accepts android.content.Context,official_declaration,,,,
data:API:android.accounts.AccountManager,data:API:android.content.Intent,returns,"android.accounts.AccountManager#newChooseAccountIntent(android.accounts.Account,java.util.ArrayList,java.lang.String[],boolean,java.lang.String,java.lang.String,java.lang.String[],android.os.Bundle) returns android.content.Intent",official_declaration,,,,
data:API:android.app.Activity,data:API:android.content.Context,accepts,"android.app.Activity#onCreateView(android.view.View,java.lang.String,android.content.Context,android.util.AttributeSet) accepts android.content.Context | android.app.Activity#onCreateView(java.lang.String,android.content.Context,android.util.AttributeSet) accepts android.content.Context",official_declaration,,,,
data:API:android.app.Activity,data:API:android.content.Intent,accepts,"android.app.Activity#createPendingResult(int,android.content.Intent,int) accepts android.content.Intent | android.app.Activity#navigateUpTo(android.content.Intent) accepts android.content.Intent | android.app.Activity#navigateUpToFromChild(android.app.Activity,android.content.Intent) accepts android.content.Intent",official_declaration,,,,
data:API:android.app.Activity,data:API:android.content.Intent,returns,android.app.Activity#getIntent() returns android.content.Intent | android.app.Activity#getParentActivityIntent() returns android.content.Intent,official_declaration,,,,
data:API:android.app.Activity,data:API:android.content.SharedPreferences,returns,android.app.Activity#getPreferences(int) returns android.content.SharedPreferences,official_declaration,,,,
data:API:android.app.Activity,data:API:android.database.Cursor,accepts,android.app.Activity#startManagingCursor(android.database.Cursor) accepts android.database.Cursor | android.app.Activity#stopManagingCursor(android.database.Cursor) accepts android.database.Cursor,official_declaration,,,,
data:API:android.app.Activity,data:API:android.database.Cursor,returns,"android.app.Activity#managedQuery(android.net.Uri,java.lang.String[],java.lang.String,java.lang.String[],java.lang.String) returns android.database.Cursor",official_declaration,,,,
data:API:android.app.Service,data:API:android.content.Intent,accepts,"android.app.Service#onBind(android.content.Intent) accepts android.content.Intent | android.app.Service#onRebind(android.content.Intent) accepts android.content.Intent | android.app.Service#onStart(android.content.Intent,int) accepts android.content.Intent",official_declaration,,,,
data:API:android.app.admin.DeviceAdminReceiver,data:API:android.content.Context,accepts,"android.app.admin.DeviceAdminReceiver#getManager(android.content.Context) accepts android.content.Context | android.app.admin.DeviceAdminReceiver#getWho(android.content.Context) accepts android.content.Context | android.app.admin.DeviceAdminReceiver#onDisableRequested(android.content.Context,android.content.Intent) accepts android.content.Context",official_declaration,,,,
data:API:android.app.admin.DeviceAdminReceiver,data:API:android.content.Intent,accepts,"android.app.admin.DeviceAdminReceiver#onDisableRequested(android.content.Context,android.content.Intent) accepts android.content.Intent | android.app.admin.DeviceAdminReceiver#onDisabled(android.content.Context,android.content.Intent) accepts android.content.Intent | android.app.admin.DeviceAdminReceiver#onEnabled(android.content.Context,android.content.Intent) accepts android.content.Intent",official_declaration,,,,
data:API:android.app.backup.BackupAgent,data:API:java.io.File,accepts,"android.app.backup.BackupAgent#fullBackupFile(java.io.File,android.app.backup.FullBackupDataOutput) accepts java.io.File | android.app.backup.BackupAgent#onRestoreFile(android.os.ParcelFileDescriptor,long,java.io.File,int,long,long) accepts java.io.File",official_declaration,,,,
data:API:android.app.backup.BackupAgentHelper,data:API:android.app.backup.BackupAgent,subtype_of,extends/implements android.app.backup.BackupAgent,official_declaration,,,,
data:API:android.app.backup.BackupManager,data:API:android.content.Context,accepts,android.app.backup.BackupManager#<init>(android.content.Context) accepts android.content.Context,official_declaration,,,,
data:API:android.app.backup.FileBackupHelper,data:API:android.content.Context,accepts,"android.app.backup.FileBackupHelper#<init>(android.content.Context,java.lang.String...) accepts android.content.Context",official_declaration,,,,
data:API:android.content.AbstractThreadedSyncAdapter,data:API:android.content.Context,accepts,"android.content.AbstractThreadedSyncAdapter#<init>(android.content.Context,boolean) accepts android.content.Context | android.content.AbstractThreadedSyncAdapter#<init>(android.content.Context,boolean,boolean) accepts android.content.Context",official_declaration,,,,
data:API:android.content.AbstractThreadedSyncAdapter,data:API:android.content.Context,returns,android.content.AbstractThreadedSyncAdapter#getContext() returns android.content.Context,official_declaration,,,,
data:API:android.content.Context,data:API:android.content.Intent,accepts,"android.content.Context#bindService(android.content.Intent,android.content.ServiceConnection,int) accepts android.content.Intent | android.content.Context#removeStickyBroadcast(android.content.Intent) accepts android.content.Intent | android.content.Context#sendBroadcast(android.content.Intent) accepts android.content.Intent",official_declaration,,,,
data:API:android.content.Context,data:API:android.content.Intent,returns,"android.content.Context#registerReceiver(android.content.BroadcastReceiver,android.content.IntentFilter) returns android.content.Intent | android.content.Context#registerReceiver(android.content.BroadcastReceiver,android.content.IntentFilter,java.lang.String,android.os.Handler) returns android.content.Intent",official_declaration,,,,
data:API:android.content.Context,data:API:android.content.SharedPreferences,returns,"android.content.Context#getSharedPreferences(java.lang.String,int) returns android.content.SharedPreferences",official_declaration,,,,
data:API:android.content.Context,data:API:android.database.sqlite.SQLiteDatabase,returns,"android.content.Context#openOrCreateDatabase(java.lang.String,int,android.database.sqlite.SQLiteDatabase.CursorFactory) returns android.database.sqlite.SQLiteDatabase | android.content.Context#openOrCreateDatabase(java.lang.String,int,android.database.sqlite.SQLiteDatabase.CursorFactory,android.database.DatabaseErrorHandler) returns android.database.sqlite.SQLiteDatabase",official_declaration,,,,
data:API:android.content.Context,data:API:java.io.File,returns,"android.content.Context#getCacheDir() returns java.io.File | android.content.Context#getDatabasePath(java.lang.String) returns java.io.File | android.content.Context#getDir(java.lang.String,int) returns java.io.File",official_declaration,,,,
data:API:android.content.Context,data:API:java.io.FileInputStream,returns,android.content.Context#openFileInput(java.lang.String) returns java.io.FileInputStream,official_declaration,,,,
data:API:android.content.Context,data:API:java.io.FileOutputStream,returns,"android.content.Context#openFileOutput(java.lang.String,int) returns java.io.FileOutputStream",official_declaration,,,,
data:API:android.content.Context,data:API:java.io.InputStream,accepts,android.content.Context#setWallpaper(java.io.InputStream) accepts java.io.InputStream,official_declaration,,,,
data:API:android.content.Intent,data:API:android.content.Context,accepts,"android.content.Intent#<init>(android.content.Context,java.lang.Class) accepts android.content.Context | android.content.Intent#<init>(java.lang.String,android.net.Uri,android.content.Context,java.lang.Class) accepts android.content.Context | android.content.Intent#resolveType(android.content.Context) accepts android.content.Context",official_declaration,,,,
data:API:android.content.SharedPreferences,data:API:android.content.SharedPreferences.Editor,returns,android.content.SharedPreferences#edit() returns android.content.SharedPreferences.Editor,official_declaration,,,,
data:API:android.database.sqlite.SQLiteDatabase,data:API:android.database.Cursor,returns,"android.database.sqlite.SQLiteDatabase#query(boolean,java.lang.String,java.lang.String[],java.lang.String,java.lang.String[],java.lang.String,java.lang.String,java.lang.String,java.lang.String) returns android.database.Cursor | android.database.sqlite.SQLiteDatabase#query(boolean,java.lang.String,java.lang.String[],java.lang.String,java.lang.String[],java.lang.String,java.lang.String,java.lang.String,java.lang.String,android.os.CancellationSignal) returns android.database.Cursor | android.database.sqlite.SQLiteDatabase#query(java.lang.String,java.lang.String[],java.lang.String,java.lang.String[],java.lang.String,java.lang.String,java.lang.String) returns android.database.Cursor",official_declaration,,,,
data:API:android.database.sqlite.SQLiteDatabase,data:API:java.io.File,accepts,"android.database.sqlite.SQLiteDatabase#deleteDatabase(java.io.File) accepts java.io.File | android.database.sqlite.SQLiteDatabase#openOrCreateDatabase(java.io.File,android.database.sqlite.SQLiteDatabase.CursorFactory) accepts java.io.File",official_declaration,,,,
data:API:android.database.sqlite.SQLiteOpenHelper,data:API:android.content.Context,accepts,"android.database.sqlite.SQLiteOpenHelper#<init>(android.content.Context,java.lang.String,android.database.sqlite.SQLiteDatabase.CursorFactory,int) accepts android.content.Context | android.database.sqlite.SQLiteOpenHelper#<init>(android.content.Context,java.lang.String,android.database.sqlite.SQLiteDatabase.CursorFactory,int,android.database.DatabaseErrorHandler) accepts android.content.Context",official_declaration,,,,
data:API:android.database.sqlite.SQLiteOpenHelper,data:API:android.database.sqlite.SQLiteDatabase,accepts,"android.database.sqlite.SQLiteOpenHelper#onConfigure(android.database.sqlite.SQLiteDatabase) accepts android.database.sqlite.SQLiteDatabase | android.database.sqlite.SQLiteOpenHelper#onCreate(android.database.sqlite.SQLiteDatabase) accepts android.database.sqlite.SQLiteDatabase | android.database.sqlite.SQLiteOpenHelper#onDowngrade(android.database.sqlite.SQLiteDatabase,int,int) accepts android.database.sqlite.SQLiteDatabase",official_declaration,,,,
data:API:android.database.sqlite.SQLiteOpenHelper,data:API:android.database.sqlite.SQLiteDatabase,returns,android.database.sqlite.SQLiteOpenHelper#getReadableDatabase() returns android.database.sqlite.SQLiteDatabase | android.database.sqlite.SQLiteOpenHelper#getWritableDatabase() returns android.database.sqlite.SQLiteDatabase,official_declaration,,,,
data:API:android.os.Environment,data:API:java.io.File,returns,android.os.Environment#getDataDirectory() returns java.io.File | android.os.Environment#getDownloadCacheDirectory() returns java.io.File | android.os.Environment#getExternalStorageDirectory() returns java.io.File,official_declaration,,,,
data:API:java.io.FileInputStream,data:API:java.io.File,accepts,java.io.FileInputStream#<init>(java.io.File) accepts java.io.File,official_declaration,,,,
data:API:java.io.FileInputStream,data:API:java.io.InputStream,subtype_of,extends/implements java.io.InputStream,official_declaration,,,,
data:API:java.io.FileOutputStream,data:API:java.io.File,accepts,"java.io.FileOutputStream#<init>(java.io.File) accepts java.io.File | java.io.FileOutputStream#<init>(java.io.File,boolean) accepts java.io.File",official_declaration,,,,
data:API:java.io.FileOutputStream,data:API:java.io.OutputStream,subtype_of,extends/implements java.io.OutputStream,official_declaration,,,,
data:API:java.io.InputStream,data:API:java.io.OutputStream,accepts,java.io.InputStream#transferTo(java.io.OutputStream) accepts java.io.OutputStream,official_declaration,,,,
data:KU:android.database.sqlite.SQLiteDatabase:DATA-0001,data:KU:android.database.Cursor:DATA-0010,same_ku,8717a9892f79f23f641d16c6f5d94ecb4913864e95695197a6d33f0d7122cbe9,deterministic_identity,,,,
data:KU:android.database.sqlite.SQLiteDatabase:DATA-0001,data:KU:android.app.Activity:DATA-0019,same_ku,8717a9892f79f23f641d16c6f5d94ecb4913864e95695197a6d33f0d7122cbe9,deterministic_identity,,,,
data:KU:android.database.Cursor:DATA-0010,data:KU:android.app.Activity:DATA-0019,same_ku,8717a9892f79f23f641d16c6f5d94ecb4913864e95695197a6d33f0d7122cbe9,deterministic_identity,,,,
data:KU:java.io.OutputStream:DATA-0003,data:KU:java.io.FileOutputStream:DATA-0027,same_ku,dc14d178808c5970355434471a2f61c930cb1abe7beec6e6bc824f0f5335362e,deterministic_identity,,,,
data:KU:java.io.OutputStream:DATA-0003,data:KU:java.io.InputStream:DATA-0036,same_ku,dc14d178808c5970355434471a2f61c930cb1abe7beec6e6bc824f0f5335362e,deterministic_identity,,,,
data:KU:java.io.OutputStream:DATA-0003,data:KU:android.database.sqlite.SQLiteDatabase:DATA-0057,same_ku,dc14d178808c5970355434471a2f61c930cb1abe7beec6e6bc824f0f5335362e,deterministic_identity,,,,
data:KU:java.io.FileOutputStream:DATA-0027,data:KU:java.io.InputStream:DATA-0036,same_ku,dc14d178808c5970355434471a2f61c930cb1abe7beec6e6bc824f0f5335362e,deterministic_identity,,,,
data:KU:java.io.FileOutputStream:DATA-0027,data:KU:android.database.sqlite.SQLiteDatabase:DATA-0057,same_ku,dc14d178808c5970355434471a2f61c930cb1abe7beec6e6bc824f0f5335362e,deterministic_identity,,,,
data:KU:java.io.InputStream:DATA-0036,data:KU:android.database.sqlite.SQLiteDatabase:DATA-0057,same_ku,dc14d178808c5970355434471a2f61c930cb1abe7beec6e6bc824f0f5335362e,deterministic_identity,,,,
data:KU:android.database.Cursor:DATA-0004,data:KU:android.content.Context:DATA-0037,same_ku,c34d641fa0bf0d3af28fd6e56081ea735e82252c12fad1e5ad5117a2dd0033a6,deterministic_identity,,,,
data:KU:android.database.Cursor:DATA-0004,data:KU:android.database.sqlite.SQLiteOpenHelper:DATA-0038,same_ku,c34d641fa0bf0d3af28fd6e56081ea735e82252c12fad1e5ad5117a2dd0033a6,deterministic_identity,,,,
data:KU:android.database.Cursor:DATA-0004,data:KU:android.database.sqlite.SQLiteDatabase:DATA-0068,same_ku,c34d641fa0bf0d3af28fd6e56081ea735e82252c12fad1e5ad5117a2dd0033a6,deterministic_identity,,,,
data:KU:android.content.Context:DATA-0037,data:KU:android.database.sqlite.SQLiteOpenHelper:DATA-0038,same_ku,c34d641fa0bf0d3af28fd6e56081ea735e82252c12fad1e5ad5117a2dd0033a6,deterministic_identity,,,,
data:KU:android.content.Context:DATA-0037,data:KU:android.database.sqlite.SQLiteDatabase:DATA-0068,same_ku,c34d641fa0bf0d3af28fd6e56081ea735e82252c12fad1e5ad5117a2dd0033a6,deterministic_identity,,,,
data:KU:android.database.sqlite.SQLiteOpenHelper:DATA-0038,data:KU:android.database.sqlite.SQLiteDatabase:DATA-0068,same_ku,c34d641fa0bf0d3af28fd6e56081ea735e82252c12fad1e5ad5117a2dd0033a6,deterministic_identity,,,,
data:KU:android.app.Activity:DATA-0005,data:KU:android.content.Context:DATA-0048,same_ku,8fc69976cee280df29471fc7dd4787aacdd3145871c594bebe240b9ea11a02ec,deterministic_identity,,,,
data:KU:android.app.Activity:DATA-0005,data:KU:android.database.sqlite.SQLiteOpenHelper:DATA-0058,same_ku,8fc69976cee280df29471fc7dd4787aacdd3145871c594bebe240b9ea11a02ec,deterministic_identity,,,,
data:KU:android.app.Activity:DATA-0005,data:KU:android.database.sqlite.SQLiteDatabase:DATA-0085,same_ku,8fc69976cee280df29471fc7dd4787aacdd3145871c594bebe240b9ea11a02ec,deterministic_identity,,,,
data:KU:android.content.Context:DATA-0048,data:KU:android.database.sqlite.SQLiteOpenHelper:DATA-0058,same_ku,8fc69976cee280df29471fc7dd4787aacdd3145871c594bebe240b9ea11a02ec,deterministic_identity,,,,
data:KU:android.content.Context:DATA-0048,data:KU:android.database.sqlite.SQLiteDatabase:DATA-0085,same_ku,8fc69976cee280df29471fc7dd4787aacdd3145871c594bebe240b9ea11a02ec,deterministic_identity,,,,
data:KU:android.database.sqlite.SQLiteOpenHelper:DATA-0058,data:KU:android.database.sqlite.SQLiteDatabase:DATA-0085,same_ku,8fc69976cee280df29471fc7dd4787aacdd3145871c594bebe240b9ea11a02ec,deterministic_identity,,,,
data:KU:android.database.sqlite.SQLiteDatabase:DATA-0009,data:KU:java.io.File:DATA-0033,same_ku,5c40a06c6d7c27a6d11c8ad2e160dda46bc3399d87150e8562ddb69324c44bf5,deterministic_identity,,,,
data:KU:android.content.Intent:DATA-0012,data:KU:android.app.Activity:DATA-0028,same_ku,70e8f8e751d1e150f0bb85aaed727a6ef8fca5784d88e868f3bd24535611c704,deterministic_identity,,,,
data:KU:android.content.Intent:DATA-0012,data:KU:android.content.Context:DATA-0077,same_ku,70e8f8e751d1e150f0bb85aaed727a6ef8fca5784d88e868f3bd24535611c704,deterministic_identity,,,,
data:KU:android.app.Activity:DATA-0028,data:KU:android.content.Context:DATA-0077,same_ku,70e8f8e751d1e150f0bb85aaed727a6ef8fca5784d88e868f3bd24535611c704,deterministic_identity,,,,
data:KU:android.app.backup.BackupAgentHelper:DATA-0015,data:KU:android.app.backup.BackupManager:DATA-0024,same_ku,e51b2eaf7b985b76c0eb6a7cbe37290fec9d4fdd85db6d0c7778650ad6b282c5,deterministic_identity,,,,
data:KU:android.app.backup.BackupAgentHelper:DATA-0015,data:KU:android.app.backup.BackupAgent:DATA-0043,same_ku,e51b2eaf7b985b76c0eb6a7cbe37290fec9d4fdd85db6d0c7778650ad6b282c5,deterministic_identity,,,,
data:KU:android.app.backup.BackupAgentHelper:DATA-0015,data:KU:android.content.Context:DATA-0064,same_ku,e51b2eaf7b985b76c0eb6a7cbe37290fec9d4fdd85db6d0c7778650ad6b282c5,deterministic_identity,,,,
data:KU:android.app.backup.BackupManager:DATA-0024,data:KU:android.app.backup.BackupAgent:DATA-0043,same_ku,e51b2eaf7b985b76c0eb6a7cbe37290fec9d4fdd85db6d0c7778650ad6b282c5,deterministic_identity,,,,
data:KU:android.app.backup.BackupManager:DATA-0024,data:KU:android.content.Context:DATA-0064,same_ku,e51b2eaf7b985b76c0eb6a7cbe37290fec9d4fdd85db6d0c7778650ad6b282c5,deterministic_identity,,,,
data:KU:android.app.backup.BackupAgent:DATA-0043,data:KU:android.content.Context:DATA-0064,same_ku,e51b2eaf7b985b76c0eb6a7cbe37290fec9d4fdd85db6d0c7778650ad6b282c5,deterministic_identity,,,,
data:KU:android.content.Context:DATA-0016,data:KU:android.database.sqlite.SQLiteOpenHelper:DATA-0017,same_ku,cc188051df84c1a6237d287b0f1f9b826533f7cc8483a1f3f1cd0de9b4c30d93,deterministic_identity,,,,
data:KU:android.content.Context:DATA-0016,data:KU:android.database.sqlite.SQLiteDatabase:DATA-0044,same_ku,cc188051df84c1a6237d287b0f1f9b826533f7cc8483a1f3f1cd0de9b4c30d93,deterministic_identity,,,,
data:KU:android.database.sqlite.SQLiteOpenHelper:DATA-0017,data:KU:android.database.sqlite.SQLiteDatabase:DATA-0044,same_ku,cc188051df84c1a6237d287b0f1f9b826533f7cc8483a1f3f1cd0de9b4c30d93,deterministic_identity,,,,
data:KU:java.io.File:DATA-0020,data:KU:java.io.FileOutputStream:DATA-0026,same_ku,e366bb59a6c442d82026ae59c764ebfc39fc34836a91c285cf46fd37388bee43,deterministic_identity,,,,
data:KU:java.io.File:DATA-0020,data:KU:java.io.FileInputStream:DATA-0056,same_ku,e366bb59a6c442d82026ae59c764ebfc39fc34836a91c285cf46fd37388bee43,deterministic_identity,,,,
data:KU:java.io.File:DATA-0020,data:KU:android.os.Environment:DATA-0076,same_ku,e366bb59a6c442d82026ae59c764ebfc39fc34836a91c285cf46fd37388bee43,deterministic_identity,,,,
data:KU:java.io.FileOutputStream:DATA-0026,data:KU:java.io.FileInputStream:DATA-0056,same_ku,e366bb59a6c442d82026ae59c764ebfc39fc34836a91c285cf46fd37388bee43,deterministic_identity,,,,
data:KU:java.io.FileOutputStream:DATA-0026,data:KU:android.os.Environment:DATA-0076,same_ku,e366bb59a6c442d82026ae59c764ebfc39fc34836a91c285cf46fd37388bee43,deterministic_identity,,,,
data:KU:java.io.FileInputStream:DATA-0056,data:KU:android.os.Environment:DATA-0076,same_ku,e366bb59a6c442d82026ae59c764ebfc39fc34836a91c285cf46fd37388bee43,deterministic_identity,,,,
data:KU:java.io.InputStream:DATA-0023,data:KU:java.io.FileInputStream:DATA-0053,same_ku,d38f5e192c0f2dcc6d5d6b90821a373feb03098e55fb2645ccf13eedfe10764c,deterministic_identity,,,,
data:KU:java.io.InputStream:DATA-0023,data:KU:java.io.OutputStream:DATA-0059,same_ku,d38f5e192c0f2dcc6d5d6b90821a373feb03098e55fb2645ccf13eedfe10764c,deterministic_identity,,,,
data:KU:java.io.InputStream:DATA-0023,data:KU:java.io.FileOutputStream:DATA-0060,same_ku,d38f5e192c0f2dcc6d5d6b90821a373feb03098e55fb2645ccf13eedfe10764c,deterministic_identity,,,,
data:KU:java.io.FileInputStream:DATA-0053,data:KU:java.io.OutputStream:DATA-0059,same_ku,d38f5e192c0f2dcc6d5d6b90821a373feb03098e55fb2645ccf13eedfe10764c,deterministic_identity,,,,
data:KU:java.io.FileInputStream:DATA-0053,data:KU:java.io.FileOutputStream:DATA-0060,same_ku,d38f5e192c0f2dcc6d5d6b90821a373feb03098e55fb2645ccf13eedfe10764c,deterministic_identity,,,,
data:KU:java.io.OutputStream:DATA-0059,data:KU:java.io.FileOutputStream:DATA-0060,same_ku,d38f5e192c0f2dcc6d5d6b90821a373feb03098e55fb2645ccf13eedfe10764c,deterministic_identity,,,,
data:KU:android.app.Activity:DATA-0025,data:KU:android.content.SharedPreferences:DATA-0066,same_ku,6f1f575fe5accd93457186e7dd9f1dbd597e29e34880b257aa84642837d6593e,deterministic_identity,,,,
data:KU:android.app.Activity:DATA-0025,data:KU:android.content.SharedPreferences.Editor:DATA-0067,same_ku,6f1f575fe5accd93457186e7dd9f1dbd597e29e34880b257aa84642837d6593e,deterministic_identity,,,,
data:KU:android.content.SharedPreferences:DATA-0066,data:KU:android.content.SharedPreferences.Editor:DATA-0067,same_ku,6f1f575fe5accd93457186e7dd9f1dbd597e29e34880b257aa84642837d6593e,deterministic_identity,,,,
data:KU:android.content.Intent:DATA-0029,data:KU:android.content.Context:DATA-0039,same_ku,9a05e5b07a018e540e60b7d00df2274d888c135368c0fbb4687d9a6b13ca466c,deterministic_identity,,,,
data:KU:android.content.SharedPreferences:DATA-0031,data:KU:android.app.backup.BackupAgent:DATA-0041,same_ku,e0948e2c76a130609fd7585f1957fc275929b3d950fd561cb6c33c0dea25919a,deterministic_identity,,,,
data:KU:android.content.SharedPreferences:DATA-0031,data:KU:android.app.backup.BackupAgentHelper:DATA-0051,same_ku,e0948e2c76a130609fd7585f1957fc275929b3d950fd561cb6c33c0dea25919a,deterministic_identity,,,,
data:KU:android.app.backup.BackupAgent:DATA-0041,data:KU:android.app.backup.BackupAgentHelper:DATA-0051,same_ku,e0948e2c76a130609fd7585f1957fc275929b3d950fd561cb6c33c0dea25919a,deterministic_identity,,,,
data:KU:android.accounts.AccountManager:DATA-0032,data:KU:android.app.admin.DeviceAdminReceiver:DATA-0042,same_ku,5c425895ebf7f89c9ffa1aaa447f8b6a34bea004d512f165931b62b1e70600b5,deterministic_identity,,,,
data:KU:android.accounts.AccountManager:DATA-0032,data:KU:android.app.Service:DATA-0054,same_ku,5c425895ebf7f89c9ffa1aaa447f8b6a34bea004d512f165931b62b1e70600b5,deterministic_identity,,,,
data:KU:android.accounts.AccountManager:DATA-0032,data:KU:android.content.Intent:DATA-0062,same_ku,5c425895ebf7f89c9ffa1aaa447f8b6a34bea004d512f165931b62b1e70600b5,deterministic_identity,,,,
data:KU:android.accounts.AccountManager:DATA-0032,data:KU:android.app.AlarmManager:DATA-0072,same_ku,5c425895ebf7f89c9ffa1aaa447f8b6a34bea004d512f165931b62b1e70600b5,deterministic_identity,,,,
data:KU:android.accounts.AccountManager:DATA-0032,data:KU:android.content.AbstractThreadedSyncAdapter:DATA-0088,same_ku,5c425895ebf7f89c9ffa1aaa447f8b6a34bea004d512f165931b62b1e70600b5,deterministic_identity,,,,
data:KU:android.app.admin.DeviceAdminReceiver:DATA-0042,data:KU:android.app.Service:DATA-0054,same_ku,5c425895ebf7f89c9ffa1aaa447f8b6a34bea004d512f165931b62b1e70600b5,deterministic_identity,,,,
data:KU:android.app.admin.DeviceAdminReceiver:DATA-0042,data:KU:android.content.Intent:DATA-0062,same_ku,5c425895ebf7f89c9ffa1aaa447f8b6a34bea004d512f165931b62b1e70600b5,deterministic_identity,,,,
data:KU:android.app.admin.DeviceAdminReceiver:DATA-0042,data:KU:android.app.AlarmManager:DATA-0072,same_ku,5c425895ebf7f89c9ffa1aaa447f8b6a34bea004d512f165931b62b1e70600b5,deterministic_identity,,,,
data:KU:android.app.admin.DeviceAdminReceiver:DATA-0042,data:KU:android.content.AbstractThreadedSyncAdapter:DATA-0088,same_ku,5c425895ebf7f89c9ffa1aaa447f8b6a34bea004d512f165931b62b1e70600b5,deterministic_identity,,,,
data:KU:android.app.Service:DATA-0054,data:KU:android.content.Intent:DATA-0062,same_ku,5c425895ebf7f89c9ffa1aaa447f8b6a34bea004d512f165931b62b1e70600b5,deterministic_identity,,,,
data:KU:android.app.Service:DATA-0054,data:KU:android.app.AlarmManager:DATA-0072,same_ku,5c425895ebf7f89c9ffa1aaa447f8b6a34bea004d512f165931b62b1e70600b5,deterministic_identity,,,,
data:KU:android.app.Service:DATA-0054,data:KU:android.content.AbstractThreadedSyncAdapter:DATA-0088,same_ku,5c425895ebf7f89c9ffa1aaa447f8b6a34bea004d512f165931b62b1e70600b5,deterministic_identity,,,,
data:KU:android.content.Intent:DATA-0062,data:KU:android.app.AlarmManager:DATA-0072,same_ku,5c425895ebf7f89c9ffa1aaa447f8b6a34bea004d512f165931b62b1e70600b5,deterministic_identity,,,,
data:KU:android.content.Intent:DATA-0062,data:KU:android.content.AbstractThreadedSyncAdapter:DATA-0088,same_ku,5c425895ebf7f89c9ffa1aaa447f8b6a34bea004d512f165931b62b1e70600b5,deterministic_identity,,,,
data:KU:android.app.AlarmManager:DATA-0072,data:KU:android.content.AbstractThreadedSyncAdapter:DATA-0088,same_ku,5c425895ebf7f89c9ffa1aaa447f8b6a34bea004d512f165931b62b1e70600b5,deterministic_identity,,,,
data:KU:android.content.Intent:DATA-0034,data:KU:android.content.SharedPreferences:DATA-0047,same_ku,e47af7728545ec3af64c3c7d22a8293caa60f9768853267147ce9c981274fa4c,deterministic_identity,,,,
data:KU:android.content.Intent:DATA-0034,data:KU:android.content.SharedPreferences.Editor:DATA-0065,same_ku,e47af7728545ec3af64c3c7d22a8293caa60f9768853267147ce9c981274fa4c,deterministic_identity,,,,
data:KU:android.content.SharedPreferences:DATA-0047,data:KU:android.content.SharedPreferences.Editor:DATA-0065,same_ku,e47af7728545ec3af64c3c7d22a8293caa60f9768853267147ce9c981274fa4c,deterministic_identity,,,,
data:KU:android.app.backup.FileBackupHelper:DATA-0045,data:KU:android.app.backup.BackupAgentHelper:DATA-0074,same_ku,00c6a7fadcfda84680ad24bd6fdde0a252244cd454025a90277261c9ed99145f,deterministic_identity,,,,
data:KU:android.app.backup.FileBackupHelper:DATA-0045,data:KU:android.content.Context:DATA-0082,same_ku,00c6a7fadcfda84680ad24bd6fdde0a252244cd454025a90277261c9ed99145f,deterministic_identity,,,,
data:KU:android.app.backup.BackupAgentHelper:DATA-0074,data:KU:android.content.Context:DATA-0082,same_ku,00c6a7fadcfda84680ad24bd6fdde0a252244cd454025a90277261c9ed99145f,deterministic_identity,,,,
data:KU:android.database.sqlite.SQLiteDatabase:DATA-0049,data:KU:android.database.Cursor:DATA-0069,same_ku,8e515d3d0c98a53321eada1d8a6b1e6d4ae359033979f0722b82437fbb8c009f,deterministic_identity,,,,
data:KU:java.io.FileInputStream:DATA-0055,data:KU:java.io.FileOutputStream:DATA-0084,same_ku,5b58672aa39ef65184077fc3d8fd8244ab82603b7a59e670356e9cae3f85e6af,deterministic_identity,,,,
data:KU:android.database.sqlite.SQLiteDatabase:DATA-0001,data:API:android.database.sqlite.SQLiteDatabase,has_example,"myDataBase = SQLiteDatabase.openDatabase(myPath, null, SQLiteDatabase.OPEN_READONLY);",llm_quote_grounded,The KU shows code using SQLiteDatabase methods like openDatabase and getReadableDatabase.,,,
data:KU:android.database.Cursor:DATA-0010,data:API:android.database.Cursor,has_example,"if (cursor.moveToFirst()) {
 do {
 // get the data into array,or class variable
 } while (cursor.moveToNext());
}",llm_quote_grounded,The KU demonstrates iterating through a Cursor returned by a database query.,,,
data:KU:android.app.Activity:DATA-0019,data:API:android.app.Activity,has_example,public class cytaty extends Activity {,llm_quote_grounded,The KU provides an Activity subclass example handling button clicks and database access.,,,
data:KU:android.database.Cursor:DATA-0002,data:API:android.database.Cursor,has_guidance,"Properly loop through your records, retrieve the proper column index, and close your cursor:",llm_quote_grounded,The KU advises on properly looping through records and closing the cursor.,,,
data:KU:android.database.Cursor:DATA-0002,data:API:android.database.Cursor,has_example,"while(c.moveToNext()) {
 String uur = c.getString(0);
",llm_quote_grounded,The KU provides code showing correct Cursor usage with moveToNext and getString.,,,
data:KU:java.io.OutputStream:DATA-0003,data:API:java.io.OutputStream,has_example,OutputStream myOutput = new FileOutputStream(outFileName);,llm_quote_grounded,The KU uses OutputStream in code to copy database bytes from assets.,,,
data:KU:java.io.FileOutputStream:DATA-0027,data:API:java.io.FileOutputStream,has_example,OutputStream myOutput = new FileOutputStream(outFileName);,llm_quote_grounded,The KU instantiates FileOutputStream to write the copied database file.,,,
data:KU:java.io.InputStream:DATA-0036,data:API:java.io.InputStream,has_example,InputStream myInput = myContext.getAssets().open(DB_NAME);,llm_quote_grounded,The KU uses InputStream to read the database from the assets folder.,,,
data:KU:android.database.sqlite.SQLiteDatabase:DATA-0057,data:API:android.database.sqlite.SQLiteDatabase,has_example,"myDataBase = SQLiteDatabase.openDatabase(myPath, null, SQLiteDatabase.OPEN_READONLY);",llm_quote_grounded,The KU shows opening the copied database using SQLiteDatabase static method.,,,
data:KU:android.database.Cursor:DATA-0004,data:API:android.database.Cursor,has_example,and then you can use cursors to interact with the database.,llm_quote_grounded,The KU mentions using cursors to interact with the database via ContentResolver.,,,
data:KU:android.content.Context:DATA-0037,data:API:android.content.Context,has_example,"public MyDatabaseHelper(Context context){
 super(context, DB_NAME, null, DATABASE_VERSION);
}",llm_quote_grounded,The KU passes Context to SQLiteOpenHelper constructor in the example.,,,
data:KU:android.database.sqlite.SQLiteOpenHelper:DATA-0038,data:API:android.database.sqlite.SQLiteOpenHelper,has_guidance,"For the SQLite database itself, use `SQLiteOpenHelper` to abstract the creation and upgrading of your SQLite database.",llm_quote_grounded,The KU recommends using SQLiteOpenHelper for database creation and upgrading.,,,
data:KU:android.app.Activity:DATA-0005,data:API:android.app.Activity,has_example,public class stockmanager extends Activity{,llm_quote_grounded,The KU provides an Activity class example that initializes database helpers.,,,
data:KU:android.content.Context:DATA-0048,data:API:android.content.Context,has_guidance,Error is because you trying to access database with null context. So you need to initialize c1 before passing to Database constructor.,llm_quote_grounded,The KU explains that the error is due to accessing the database with a null context.,,,
data:KU:android.database.sqlite.SQLiteOpenHelper:DATA-0058,data:API:android.database.sqlite.SQLiteOpenHelper,has_example,public class Database extends SQLiteOpenHelper{,llm_quote_grounded,The KU shows a class extending SQLiteOpenHelper and calling getWritableDatabase.,,,
data:KU:android.database.sqlite.SQLiteDatabase:DATA-0085,data:API:android.database.sqlite.SQLiteDatabase,has_example,android.database.sqlite.SQLiteException: unknown error (code 0): Queries can be performed using SQLiteDatabase query or rawQuery methods only.,llm_quote_grounded,The KU includes logcat output showing an exception thrown by SQLiteDatabase methods.,,,
data:KU:android.database.sqlite.SQLiteDatabase:DATA-0006,data:API:android.database.sqlite.SQLiteDatabase,has_example,"public boolean deleteShoes(String name) { String deleteQuery = ""DELETE FROM "" + tblname + "" WHERE "" + fld_Name + "" = "" + name; openConnection(); db.execSQL(deleteQuery); closeConnection(); return true; }",llm_quote_grounded,The KU provides code examples using SQLiteDatabase methods like execSQL and delete.,,,
data:KU:android.database.sqlite.SQLiteDatabase:DATA-0006,data:API:android.database.sqlite.SQLiteDatabase,has_guidance,"This is Delete Method i used in my Application to delete on item at a time: public void delete_cartitem(int id) { SQLiteDatabase db = this.getWritableDatabase(); db.delete(TABLE_NAME, KEY_ID + ""=?"", new String[] { String.valueOf(id) }); db.close(); }",llm_quote_grounded,The KU suggests a better way to use the API (parameterized queries via delete method) instead of raw SQL string concatenation.,,,
data:KU:android.content.SharedPreferences:DATA-0007,data:API:android.content.SharedPreferences,has_guidance,"If you don't need to perform any of the tasks above and want to back up complete files from `SharedPreferences` or internal storage, you should skip to Extending BackupAgentHelper.",llm_quote_grounded,The KU advises extending BackupAgentHelper for backing up SharedPreferences files rather than implementing a custom BackupAgent.,,,
data:KU:android.app.backup.BackupAgent:DATA-0008,data:API:android.app.backup.BackupAgent,has_constraint,"When you create a backup agent by extending `BackupAgent`, you must implement the following callback methods:",llm_quote_grounded,The KU states that specific callback methods must be implemented when extending BackupAgent.,,,
data:KU:android.app.backup.BackupAgent:DATA-0008,data:API:android.app.backup.BackupAgent,has_explanation,"`onBackup()` The Backup Manager calls this method after you request a backup. In this method, you read your application data from the device and pass the data you want to back up to the Backup Manager",llm_quote_grounded,The KU explains the purpose and timing of the onBackup() method.,,,
data:KU:android.app.backup.BackupAgent:DATA-0008,data:API:android.app.backup.BackupAgent,has_explanation,"`onRestore()` The Backup Manager calls this method during a restore operation (you can request a restore, but the system automatically performs restore when the user re-installs your application).",llm_quote_grounded,The KU explains the purpose and timing of the onRestore() method.,,,
data:KU:android.database.sqlite.SQLiteDatabase:DATA-0009,data:API:android.database.sqlite.SQLiteDatabase,has_example,"File dbfile = new File(""/sdcard/mydb.sqlite"" ); SQLiteDatabase db = SQLiteDatabase.openOrCreateDatabase(dbfile, null);",llm_quote_grounded,The KU provides code showing how to open a database file located on external storage using SQLiteDatabase.openOrCreateDatabase.,,,
data:KU:java.io.File:DATA-0033,data:API:java.io.File,has_example,"File dbfile = new File(""/sdcard/mydb.sqlite"" );",llm_quote_grounded,The KU uses java.io.File to represent the path to the SQLite database on the SD card.,,,
data:KU:android.content.Intent:DATA-0011,data:API:android.content.Intent,has_example,"Intent i=new Intent(Activity1.this,Activity2.class); i.putExtra(""string1"",//here add your string);",llm_quote_grounded,The KU shows how to use Intent.putExtra to pass string values between activities.,,,
data:KU:android.content.Intent:DATA-0011,data:API:android.content.Intent,has_example,"String test=getIntent.getStringExtras(""string1"");",llm_quote_grounded,The KU shows how to retrieve string values passed via Intent using getStringExtras.,,,
data:KU:android.content.Intent:DATA-0012,data:API:android.content.Intent,has_example,"Intent login = new Intent(con, LoginActivity.class);",llm_quote_grounded,The KU demonstrates creating an Intent with a Context and target class to start an activity.,,,
data:KU:android.app.Activity:DATA-0028,data:API:android.app.Activity,has_example,con.startActivity(login);,llm_quote_grounded,The KU shows calling startActivity on the context/activity instance to launch the new intent.,,,
data:KU:android.content.Context:DATA-0077,data:API:android.content.Context,has_guidance,If you want to start LoginActivity from MainActivity then you have to pass this class in intent on button click event.,llm_quote_grounded,The KU advises passing a Context into the ViewModel to enable starting activities from non-activity classes.,,,
data:KU:android.content.Context:DATA-0077,data:API:android.content.Context,has_example,public MainViewModel(Context context) { this.con = context; },llm_quote_grounded,The KU shows storing a Context reference in the ViewModel constructor.,,,
data:KU:android.app.backup.BackupAgentHelper:DATA-0015,data:API:android.app.backup.BackupAgentHelper,has_example,public class MyBackupAgentHelper extends BackupAgentHelper { @override onCreate() { \\\\\\\\\\\\\\\\do something usefull },llm_quote_grounded,The KU provides a code snippet extending BackupAgentHelper.,,,
data:KU:android.app.backup.BackupManager:DATA-0024,data:API:android.app.backup.BackupManager,has_guidance,"You do need to wrap that class, since you call it from you application code.",llm_quote_grounded,The KU explains that BackupManager needs to be wrapped for backward compatibility because it is called from application code.,,,
data:KU:android.app.backup.BackupManager:DATA-0024,data:API:android.app.backup.BackupManager,has_example,"public class WrapBackupManager { private BackupManager wrappedInstance; static { try { Class.forName(""android.app.backup.BackupManager""); } catch (Exception e) { throw new RuntimeException(e); } }",llm_quote_grounded,The KU shows a wrapper class implementation for BackupManager using reflection checks.,,,
data:KU:android.app.backup.BackupAgent:DATA-0043,data:API:android.app.backup.BackupAgent,has_explanation,"But since we use reflection, it doesn't actually override BackupAgent and an exception occurs at runtime when the backup is requested:",llm_quote_grounded,The KU discusses issues related to casting and instantiating BackupAgent subclasses in older Android versions.,,,
data:KU:android.content.Context:DATA-0064,data:API:android.content.Context,has_example,public WrapBackupManager(Context context) { wrappedInstance = new BackupManager(context); },llm_quote_grounded,The KU shows using Context to instantiate the BackupManager within the wrapper class.,,,
data:KU:android.app.admin.DeviceAdminReceiver:DATA-0018,data:API:android.app.admin.DeviceAdminReceiver,has_explanation,MyAdmin class signature must be `public static`,llm_quote_grounded,Explains the cause of the error related to the class signature.,,,
data:KU:android.app.admin.DeviceAdminReceiver:DATA-0018,data:API:android.app.admin.DeviceAdminReceiver,has_guidance,public static class MyAdmin extends DeviceAdminReceiver { },llm_quote_grounded,Provides the correct code structure for the receiver class.,,,
data:KU:java.io.File:DATA-0020,data:API:java.io.File,has_example,"File currentDB = new File(data, currentDBPath); File backupDB = new File(sd, backupDBPath);",llm_quote_grounded,Shows how to create File objects for source and destination paths.,,,
data:KU:java.io.FileOutputStream:DATA-0026,data:API:java.io.FileOutputStream,has_example,FileChannel dst = new FileOutputStream(backupDB) .getChannel();,llm_quote_grounded,Demonstrates creating a FileOutputStream to write data to the external storage file.,,,
data:KU:java.io.FileInputStream:DATA-0056,data:API:java.io.FileInputStream,has_example,FileChannel src = new FileInputStream(currentDB) .getChannel();,llm_quote_grounded,Demonstrates creating a FileInputStream to read data from the internal storage file.,,,
data:KU:android.os.Environment:DATA-0076,data:API:android.os.Environment,has_example,File sd = Environment.getExternalStorageDirectory(); File data = Environment.getDataDirectory();,llm_quote_grounded,Shows usage of Environment methods to get directory paths.,,,
data:KU:android.app.Activity:DATA-0021,data:API:android.app.Activity,has_example,uProfile.setOnClickListener(new View.OnClickListener() { @Override public void onClick(View view) {,llm_quote_grounded,The KU contains code snippets that are part of an Activity implementation (onClick listener).,,,
data:KU:android.content.SharedPreferences:DATA-0022,data:API:android.content.SharedPreferences,has_explanation,provides a general framework that allows you to save and retrieve persistent key-value pairs of primitive data types.,llm_quote_grounded,Describes the purpose and capabilities of the SharedPreferences class.,,,
data:KU:java.io.InputStream:DATA-0023,data:API:java.io.InputStream,has_explanation,This method returns an `InputStream` that you can use to read the file,llm_quote_grounded,Mentions InputStream as the return type for reading raw resources.,,,
data:KU:java.io.FileInputStream:DATA-0053,data:API:java.io.FileInputStream,has_explanation,Call `openFileInput()` and pass it the name of the file to read. This returns a `FileInputStream`.,llm_quote_grounded,States that openFileInput returns a FileInputStream.,,,
data:KU:java.io.FileOutputStream:DATA-0060,data:API:java.io.FileOutputStream,has_explanation,Call `openFileOutput()` with the name of the file and the operating mode. This returns a `FileOutputStream`.,llm_quote_grounded,States that openFileOutput returns a FileOutputStream.,,,
data:KU:java.io.FileOutputStream:DATA-0060,data:API:java.io.FileOutputStream,has_example,"FileOutputStream fos = openFileOutput(FILENAME, Context.MODE_PRIVATE); fos.write(string.getBytes()); fos.close();",llm_quote_grounded,Provides code example using FileOutputStream.,,,
data:KU:android.app.Activity:DATA-0025,data:API:android.app.Activity,has_example,"public static boolean addFavoriteItem(Activity activity,String favoriteItem){ //Get previous favorite items String favoriteList = getStringFromPreferences(activity,null,""favorites"");",llm_quote_grounded,Uses Activity context in utility methods for accessing preferences.,,,
data:KU:android.content.SharedPreferences:DATA-0066,data:API:android.content.SharedPreferences,has_example,SharedPreferences sharedPreferences = activity.getPreferences(Activity.MODE_PRIVATE);,llm_quote_grounded,Shows how to obtain SharedPreferences instance.,,,
data:KU:android.content.SharedPreferences.Editor:DATA-0067,data:API:android.content.SharedPreferences.Editor,has_example,"SharedPreferences.Editor editor = sharedPreferences.edit(); editor.putString(key, nick); editor.commit();",llm_quote_grounded,Shows how to edit and commit changes to SharedPreferences.,,,
data:KU:android.content.Intent:DATA-0029,data:API:android.content.Intent,has_example,"IntentFilter filter = new IntentFilter(""newJob"");",llm_quote_grounded,Shows creation of IntentFilter with action string.,,,
data:KU:android.content.Context:DATA-0039,data:API:android.content.Context,has_example,"public void onReceive(Context context, Intent intent) {",llm_quote_grounded,Shows usage of Context in BroadcastReceiver onReceive method.,,,
data:KU:android.content.SharedPreferences:DATA-0031,data:API:android.content.SharedPreferences,has_explanation,Android currently provides backup helpers that will backup and restore complete files from `SharedPreferences` and internal storage.,llm_quote_grounded,Mentions that backup helpers exist for SharedPreferences.,,,
data:KU:android.app.backup.BackupAgent:DATA-0041,data:API:android.app.backup.BackupAgent,has_explanation,"If you extend this class directly, you must override `onBackup()` and `onRestore()` to handle the backup and restore operations for your data.",llm_quote_grounded,Describes BackupAgent as central interface requiring override of onBackup/onRestore.,,,
data:KU:android.app.backup.BackupAgentHelper:DATA-0051,data:API:android.app.backup.BackupAgentHelper,has_explanation,"The `BackupAgentHelper` class provides a convenient wrapper around the `BackupAgent` class, which minimizes the amount of code you need to write.",llm_quote_grounded,Describes BackupAgentHelper as a wrapper minimizing code via helper objects.,,,
data:KU:android.accounts.AccountManager:DATA-0032,data:API:android.accounts.AccountManager,has_constraint,Your accounts created with `AccountManager` will disappear until external storage is remounted.,llm_quote_grounded,The KU states that applications using AccountManager should not be installed on external storage because accounts will disappear when unmounted.,,,
data:KU:android.app.admin.DeviceAdminReceiver:DATA-0042,data:API:android.app.admin.DeviceAdminReceiver,has_constraint,"Your `DeviceAdminReceiver` and all its admin capabilities will be disabled, which can have unforeseeable consequences for the device functionality",llm_quote_grounded,"The KU warns that DeviceAdminReceiver capabilities are disabled if the app is on external storage and unmounted, potentially causing unforeseeable consequences.",,,
data:KU:android.app.Service:DATA-0054,data:API:android.app.Service,has_constraint,Your running `Service` will be killed and will not be restarted when external storage is remounted.,llm_quote_grounded,The KU explains that Services running from external storage are killed upon unmounting and do not restart automatically.,,,
data:KU:android.content.Intent:DATA-0062,data:API:android.content.Intent,has_guidance,"You can, however, register for the `ACTION_EXTERNAL_APPLICATIONS_AVAILABLE` broadcast Intent, which will notify your application when applications installed on external storage have become available to the system again.",llm_quote_grounded,The KU suggests registering for a specific broadcast Intent to handle service restarts after external storage is remounted.,,,
data:KU:android.app.AlarmManager:DATA-0072,data:API:android.app.AlarmManager,has_constraint,Your alarms registered with `AlarmManager` will be cancelled. You must manually re-register any alarms when external storage is remounted.,llm_quote_grounded,The KU states that alarms registered with AlarmManager are cancelled when external storage is unmounted.,,,
data:KU:android.content.AbstractThreadedSyncAdapter:DATA-0088,data:API:android.content.AbstractThreadedSyncAdapter,has_constraint,Your `AbstractThreadedSyncAdapter` and all its sync functionality will not work until external storage is remounted.,llm_quote_grounded,The KU notes that Sync Adapters (AbstractThreadedSyncAdapter) do not work while external storage is unmounted.,,,
data:KU:android.content.Intent:DATA-0034,data:API:android.content.Intent,has_example,"Intent intent = new Intent(startup_activity, db_initialized ? MainActivity.class : DbInitActivity.class); startup_activity.startActivity(intent);",llm_quote_grounded,The KU provides code showing how to use an Intent to launch either a database initialization activity or the main activity based on a flag.,,,
data:KU:android.content.SharedPreferences:DATA-0047,data:API:android.content.SharedPreferences,has_example,"SharedPreferences prefs = PreferenceManager.getDefaultSharedPreferences(context) boolean appIsInitialized = prefs.getBoolean(KEY_APP_IS_INITIALIZED, false);",llm_quote_grounded,The KU demonstrates reading a boolean value from SharedPreferences to check if the app has been initialized.,,,
data:KU:android.content.SharedPreferences.Editor:DATA-0065,data:API:android.content.SharedPreferences.Editor,has_example,"Editor editor = prefs.edit(); editor.putBoolean(KEY_APP_IS_INITIALIZED, true); editor.commit();",llm_quote_grounded,The KU shows how to write a boolean value to SharedPreferences using the Editor interface to mark the app as initialized.,,,
data:KU:android.database.sqlite.SQLiteOpenHelper:DATA-0035,data:API:android.database.sqlite.SQLiteOpenHelper,has_explanation,"When you create an instance of `SQLiteOpenHelper` it sets things like the database name and version but it does not create the database. Instead, the first call to either `getReadableDatabase()` or `getWritableDatabase()` checks to see if the database exists and if it doesn't it creates it.",llm_quote_grounded,The KU explains the behavior of SQLiteOpenHelper regarding database creation timing and the role of onCreate.,,,
data:KU:android.database.sqlite.SQLiteOpenHelper:DATA-0035,data:API:android.database.sqlite.SQLiteOpenHelper,has_guidance,It is much safer if you call the `getDatabasePath(...)` method as it will return a `File` object which can be used to get the path to the databases directory used by the Android database classes.,llm_quote_grounded,The KU advises against hard-coded paths and recommends using getDatabasePath() instead.,,,
data:KU:android.content.SharedPreferences:DATA-0040,data:API:android.content.SharedPreferences,has_guidance,"* `getSharedPreferences()` \- Use this if you need multiple preferences files identified by name, which you specify with the first parameter. * `getPreferences()` \- Use this if you need only one preferences file for your Activity.",llm_quote_grounded,The KU describes two methods to obtain a SharedPreferences object depending on whether multiple files are needed.,,,
data:KU:android.content.SharedPreferences:DATA-0040,data:API:android.content.SharedPreferences,has_example,"public class Calc extends Activity { public static final String PREFS_NAME = ""MyPrefsFile""; @Override protected void onCreate(Bundle state){ super.onCreate(state); . . . // Restore preferences SharedPreferences settings = getSharedPreferences(PREFS_NAME, 0); boolean silent = settings.getBoolean(""silentMode"", false); setSilent(silent); }",llm_quote_grounded,The KU provides a code example demonstrating how to read and write values using SharedPreferences in an Activity.,,,
data:KU:android.app.backup.FileBackupHelper:DATA-0045,data:API:android.app.backup.FileBackupHelper,has_example,"public class DbBackupHelper extends FileBackupHelper { public DbBackupHelper(Context ctx, String dbName) { super(ctx, ctx.getDatabasePath(dbName).getAbsolutePath()); } }",llm_quote_grounded,The KU shows how to extend FileBackupHelper to back up a database file by passing its absolute path.,,,
data:KU:android.app.backup.BackupAgentHelper:DATA-0074,data:API:android.app.backup.BackupAgentHelper,has_example,"public void onCreate() { addHelper(DATABASE, new DbBackupHelper(this, DB.FILE)); }",llm_quote_grounded,The KU demonstrates adding a custom helper to the BackupAgentHelper within the onCreate method.,,,
data:KU:android.content.Context:DATA-0082,data:API:android.content.Context,has_guidance,"super(ctx, ctx.getDatabasePath(dbName).getAbsolutePath());",llm_quote_grounded,The KU uses Context's getDatabasePath method to correctly locate the database file for backup purposes.,,,
data:KU:android.app.Activity:DATA-0046,data:API:android.app.Activity,has_example,public class Main extends Activity { @Override public void onCreate(Bundle savedInstanceState) { super.onCreate(savedInstanceState); // Create and display a Spinner: Spinner s = new Spinner(this);,llm_quote_grounded,The KU provides a complete Activity implementation example showing how to set up a Spinner with a custom adapter.,,,
data:KU:android.database.sqlite.SQLiteDatabase:DATA-0049,data:API:android.database.sqlite.SQLiteDatabase,has_example,"String count = ""SELECT count(*) FROM table""; Cursor mcursor = db.rawQuery(count, null);",llm_quote_grounded,The KU shows how to execute a raw SQL query on SQLiteDatabase to count entries in a table.,,,
data:KU:android.database.Cursor:DATA-0069,data:API:android.database.Cursor,has_example,mcursor.moveToFirst(); int icount = mcursor.getInt(0); if(icount>0) //leave else //populate table,llm_quote_grounded,The KU demonstrates moving the cursor to the first row and retrieving an integer value to check if the table is empty.,,,
data:KU:android.app.backup.BackupAgentHelper:DATA-0052,data:API:android.app.backup.BackupAgentHelper,has_explanation,"When the Backup Manager calls `onBackup()` and `onRestore()`, `BackupAgentHelper` calls your backup helpers to perform backup and restore for your specified files.",llm_quote_grounded,Explains how BackupAgentHelper interacts with backup helpers during backup and restore operations.,,,
data:KU:android.app.backup.BackupAgentHelper:DATA-0052,data:API:android.app.backup.BackupAgentHelper,has_guidance,"For example, to back up a `SharedPreferences` file named ""user_preferences"", a complete backup agent using `BackupAgentHelper` looks like this:",llm_quote_grounded,Provides guidance on implementing a complete backup agent using BackupAgentHelper by extending it and overriding onCreate.,,,
data:KU:java.io.FileInputStream:DATA-0055,data:API:java.io.FileInputStream,has_example,"FileInputStream fi=null; try { fi = new FileInputStream(name); Log.v(""addFile"", ""Adding: ""); } catch (FileNotFoundException e) {",llm_quote_grounded,Shows code instantiating FileInputStream to read data from a file for adding to a ZIP archive.,,,
data:KU:java.io.FileOutputStream:DATA-0084,data:API:java.io.FileOutputStream,has_example,dest = new FileOutputStream(name); } catch (FileNotFoundException e) { // TODO Auto-generated catch block e.printStackTrace(); } out = new ZipOutputStream(new BufferedOutputStream(dest));,llm_quote_grounded,Shows code instantiating FileOutputStream to write the resulting ZIP file to disk.,,,
data:KU:java.io.File:DATA-0061,data:API:java.io.File,has_guidance,use `getExternalFilesDir()` to open a `File` that represents the external storage directory where you should save your files.,llm_quote_grounded,Guides the user to use getExternalFilesDir() or getExternalStorageDirectory() to obtain a File object representing external storage locations.,,,
data:KU:android.database.Cursor:DATA-0063,data:API:android.database.Cursor,has_explanation,"A `Cursor` is akin to an ODBC client-side cursor -- it holds all of the data represented by the query result. Hence, just because you change the data in the database, the `Cursor` will not know about those changes unless you refresh it via `requery()`.",llm_quote_grounded,Explains that a Cursor holds client-side data and does not automatically reflect database changes unless refreshed.,,,
data:KU:android.database.Cursor:DATA-0063,data:API:android.database.Cursor,has_guidance,Call `requery()` on the `Cursor` when you change data in the database that you want reflected in that `Cursor`,llm_quote_grounded,Advises calling requery() when data changes need to be reflected in the Cursor.,,,
data:KU:java.io.File:DATA-0071,data:API:java.io.File,has_guidance,use `getExternalCacheDir()` to open a `File` that represents the external storage directory where you should save cache files.,llm_quote_grounded,Guides the user to use getExternalCacheDir() or getExternalStorageDirectory() to open a File representing cache directories.,,,
data:KU:android.database.Cursor:DATA-0073,data:API:android.database.Cursor,has_example,"Cursor c = myDB.rawQuery(""SELECT * FROM "" + TableName , null); int Column1 = c.getColumnIndex(""Field1""); int Column2 = c.getColumnIndex(""Field2""); // Check if our result was valid. c.moveToFirst();",llm_quote_grounded,Demonstrates retrieving data from a database into a Cursor and iterating through results.,,,
data:KU:android.database.Cursor:DATA-0075,data:API:android.database.Cursor,has_example,"Cursor cursor = db.query(TEXTVIEWS_TABLE, columns, whereClause, null, null, null, null); if(cursor != null){ cursor.moveToFirst(); } return cursor;",llm_quote_grounded,Shows code executing a query and moving the Cursor to the first position.,,,
data:KU:android.content.Intent:DATA-0078,data:API:android.content.Intent,has_example,"Intent std = new Intent(Home.this, student.class); startActivity(std);",llm_quote_grounded,The KU provides code snippets demonstrating how to create and start an Intent within a switch case structure.,,,
data:KU:android.app.backup.BackupAgentHelper:DATA-0079,data:API:android.app.backup.BackupAgentHelper,has_guidance,All you need to do is add your `FileBackupHelper` in the `onCreate()` method and override `onBackup()` and `onRestore()` to synchronize read and write operations.,llm_quote_grounded,"The KU explains the necessary steps to implement BackupAgentHelper, specifically overriding onBackup and onRestore for synchronization.",,,
data:KU:android.app.backup.BackupAgentHelper:DATA-0079,data:API:android.app.backup.BackupAgentHelper,has_example,"public class MyFileBackupAgent extends BackupAgentHelper { // The name of the file static final String TOP_SCORES = ""scores""; static final String PLAYER_STATS = ""stats"";",llm_quote_grounded,The KU includes a complete class definition extending BackupAgentHelper with helper allocation and synchronized backup/restore methods.,,,
data:KU:android.app.backup.BackupAgentHelper:DATA-0079,data:API:android.app.backup.BackupAgentHelper,has_constraint,"However, reading and writing to files on internal storage is not threadsafe. To ensure that your backup agent does not read or write your files at the same time as your activities, you must use synchronized statements each time you perform a read or write.",llm_quote_grounded,The KU warns that file access is not thread-safe and requires synchronized statements to prevent concurrent read/write issues.,,,
data:KU:java.io.File:DATA-0080,data:API:java.io.File,has_guidance,"If you'd like to cache some data, rather than store it persistently, you should use `getCacheDir()` to open a `File` that represents the internal directory where your application should save temporary cache files.",llm_quote_grounded,The KU advises using getCacheDir() to obtain a File object representing the directory for temporary cache files.,,,
data:KU:java.io.File:DATA-0080,data:API:java.io.File,has_constraint,"However, you should not rely on the system to clean up these files for you. You should always maintain the cache files yourself and stay within a reasonable limit of space consumed, such as 1MB.",llm_quote_grounded,The KU states that developers should not rely on the system to clean up cache files and must manage them manually within space limits.,,,
data:KU:android.database.sqlite.SQLiteDatabase:DATA-0081,data:API:android.database.sqlite.SQLiteDatabase,has_example,"checkDB = SQLiteDatabase.openDatabase(DB_FULL_PATH, null, SQLiteDatabase.OPEN_READONLY); checkDB.close();",llm_quote_grounded,The KU shows how to check if a database exists by attempting to open it in READONLY mode using SQLiteDatabase.openDatabase.,,,
data:KU:android.content.Intent:DATA-0083,data:API:android.content.Intent,has_example,"Intent i1 = new Intent(firstactivity.this, secondactivity.class); i1.putExtra(""type"", ""edit""); startActivity(i1);",llm_quote_grounded,"The KU demonstrates passing data between activities by creating an Intent, adding extras, and starting the activity.",,,
data:KU:android.database.Cursor:DATA-0086,data:API:android.database.Cursor,has_example,"Cursor cursor = database.rawQuery(""SELECT * FROM dictionary"", null); cursor.moveToFirst(); WordList.clear(); while (!cursor.isAfterLast()) { word = new Word(cursor.getString(1),cursor.getString(2)); WordList.add(word); cursor.moveToNext(); } cursor.close();",llm_quote_grounded,The KU provides code showing how to execute a raw query and iterate through results using a Cursor object.,,,
data:KU:android.content.pm.PackageInfo:DATA-0087,data:API:android.content.pm.PackageInfo,has_example,"PackageInfo info; try { String name = getPackageName(); info = getPackageManager().getPackageInfo(name,0); } catch (NameNotFoundException nnfe) { info = null; } int version; if (info != null) { version = info.versionCode; }",llm_quote_grounded,The KU illustrates retrieving PackageInfo via PackageManager to access the versionCode for comparison during restore.,,,
data:KU:android.app.Activity:DATA-0005,data:KU:android.app.Activity:DATA-0019,task_related,,llm_quote_grounded,"Both KUs address the task of managing SQLite database access within an Android Activity, specifically focusing on the correct initialization and usage of `SQLiteOpenHelper` subclasses (`Database`/`DataBaseHelper`) to avoid runtime exceptions or errors.",Android application development involving local SQLite databases and Activity lifecycle/context management.,Getting error while executing getwritabledatabase() in android,How to retrieve data from sqlite database in android and display it in TextView
data:KU:android.app.Activity:DATA-0005,data:KU:android.database.sqlite.SQLiteDatabase:DATA-0001,task_related,,llm_quote_grounded,"Both KUs address the task of managing SQLite databases in Android activities, specifically dealing with database initialization and data retrieval/display.",Android application development involving SQLiteOpenHelper and Activity lifecycle for database operations.,Getting error while executing getwritabledatabase() in android,How to retrieve data from sqlite database in android and display it in TextView
data:KU:android.app.Activity:DATA-0005,data:KU:android.database.sqlite.SQLiteDatabase:DATA-0006,contrasts_with,,llm_quote_grounded,"The left KU describes a crash caused by using `execSQL` for a SELECT query (which returns no rows), while the right KU describes a crash caused by incorrect SQL syntax (missing quotes) in a DELETE statement. Both illustrate common pitfalls with `SQLiteDatabase` methods but in different contexts (query vs delete).",Debugging SQLite exceptions in Android applications related to method misuse or syntax errors.,android.database.sqlite.SQLiteException: unknown error (code 0): Queries can be performed using SQLiteDatabase query or rawQuery methods only.,"android.database.sqlite.SQLiteException: no such column: bbb (code 1): , while compiling: DELETE FROM dtbShoes1 WHERE Name = bbb"
data:KU:android.app.Activity:DATA-0019,data:KU:android.database.Cursor:DATA-0002,task_related,,llm_quote_grounded,Both KUs address the task of retrieving and processing data from an SQLite database in Android using a Cursor.,Android SQLite data retrieval operations involving Cursor iteration.,I want to retrieve data from an existing database,"Properly loop through your records, retrieve the proper column index, and close your cursor:"
data:KU:android.app.Activity:DATA-0019,data:KU:android.database.Cursor:DATA-0069,task_related,,llm_quote_grounded,Both KUs involve executing SQL queries against an SQLite database and handling the resulting Cursor object.,SQLite query execution and result set handling in Android.,"Cursor cursor = db.rawQuery(selectQuery, null);","Cursor mcursor = db.rawQuery(count, null);"
data:KU:android.app.Activity:DATA-0019,data:KU:android.database.Cursor:DATA-0073,task_related,,llm_quote_grounded,"Both KUs address the task of retrieving data from a SQLite database in Android, with one focusing on displaying it in an Activity and the other on creating/populating the database.",Android SQLite database operations involving data retrieval and display.,How to retrieve data from sqlite database in android and display it in TextView,Create SQLite database in android I want to create a SQLite database in my app
data:KU:android.app.Activity:DATA-0019,data:KU:android.database.Cursor:DATA-0086,task_related,,llm_quote_grounded,Both KUs involve retrieving data from a SQLite database using Cursor and displaying it in an Android UI component (TextView vs RecyclerView).,Android SQLite data retrieval and UI population.,"Cursor cursor = db.rawQuery(selectQuery, null);","Cursor cursor = database.rawQuery(""SELECT * FROM dictionary"", null);"
data:KU:android.app.Activity:DATA-0019,data:KU:android.database.sqlite.SQLiteDatabase:DATA-0057,complements,,llm_quote_grounded,"The right KU provides the specific implementation details for copying a database from assets and opening it, which is exactly what the left KU's helper class does to enable the activity to read data.",Setting up a pre-existing SQLite database in Android assets for runtime access.,"private void copyDataBase() throws IOException { //Open your local db as the input stream InputStream myInput = myContext.getAssets().open(DB_NAME); // Path to the just created empty db String outFileName = DB_PATH + DB_NAME; //Open the empty db as the output stream OutputStream myOutput = new FileOutputStream(outFileName); //transfer bytes from the inputfile to the outputfile byte[] buffer = new byte[1024]; int length; while ((length = myInput.read(buffer))>0) { myOutput.write(buffer, 0, length); } //Close the streams myOutput.flush(); myOutput.close(); myInput.close(); }","this is how you can copy the database file from the assets folder to your working directory: private void copyDataBase() throws IOException{ //Open your local db as the input stream InputStream myInput = myContext.getAssets().open(DB_NAME); // Path to the just created empty db String outFileName = DB_PATH + DB_NAME; //Open the empty db as the output stream OutputStream myOutput = new FileOutputStream(outFileName); //transfer bytes from the inputfile to the outputfile byte[] buffer = new byte[1024]; int length; while ((length = myInput.read(buffer))>0){ myOutput.write(buffer, 0, length); } //Close the streams myOutput.flush(); myOutput.close(); myInput.close(); }"
data:KU:android.app.Activity:DATA-0025,data:KU:android.content.Intent:DATA-0034,complements,,llm_quote_grounded,"The right KU provides a specific use case (checking first launch) that utilizes the SharedPreferences pattern described in the left KU, while also introducing Intent for navigation.",Android app initialization and state persistence,SharedPreferences faves = PreferenceManager.getDefaultSharedPreferences(getApplicationContext());,SharedPreferences prefs = PreferenceManager.getDefaultSharedPreferences(context)
data:KU:android.app.Activity:DATA-0025,data:KU:android.content.SharedPreferences.Editor:DATA-0065,task_related,,llm_quote_grounded,"Both KUs describe methods for persisting data using SharedPreferences in Android activities. The left KU focuses on saving multiple string values (favorites), while the right KU focuses on saving a boolean flag for app initialization.",Data persistence using SharedPreferences API,"SharedPreferences.Editor editor = faves.edit();
editor.putString(""favourite"", mSelectedDB + ""::"" + mCurrentWordId + ""::"" + mCurrentWord + "","");
editor.commit();","Editor editor = prefs.edit();
editor.putBoolean(KEY_APP_IS_INITIALIZED, true);
editor.commit();"
data:KU:android.app.Activity:DATA-0025,data:KU:android.content.SharedPreferences:DATA-0040,complements,,llm_quote_grounded,"The left KU provides a specific implementation pattern (appending to a comma-separated string) for saving multiple values, while the right KU provides the standard API documentation and general usage patterns for SharedPreferences.",Saving multiple data items using Android SharedPreferences.,"You can save multiple favorites in a single preference by adding numerous favorites in a single string, each favorite item separated by comma.",To write values: 1. Call `edit()` to get a `SharedPreferences.Editor`. 2. Add values with methods such as `putBoolean()` and `putString()`. 3. Commit the new values with `commit()`
data:KU:android.app.Activity:DATA-0025,data:KU:android.content.SharedPreferences:DATA-0047,task_related,,llm_quote_grounded,"Both KUs address tasks involving the use of SharedPreferences to persist state or data within an Activity context, though for different specific goals (saving lists vs. checking initialization status).",Using SharedPreferences for data persistence in Android Activities.,How to use SharedPreferences to save more than one values?,why not have a startup activity that checks if the app is launched for the first time ( and stores the value in the app preferences )
data:KU:android.app.Activity:DATA-0028,data:KU:android.content.Intent:DATA-0011,complements,,llm_quote_grounded,"The left KU demonstrates how to construct and launch an Intent from a ViewModel/Activity context, while the right KU details how to pass data between activities using Intent extras, which is a common requirement when starting activities.",Starting activities and passing data via Intents.,"Intent login = new Intent(con, LoginActivity.class); con.startActivity(login);","please using Intent to put string like : Intent i=new Intent(Activity1.this,Activity2.class); i.putExtra(""string1"",//here add your string);"
data:KU:android.app.Activity:DATA-0028,data:KU:android.content.Intent:DATA-0078,task_related,,llm_quote_grounded,"Both KUs address the task of starting a new Activity using an Intent, specifically triggered by a user interaction (button click).",Android application navigation via button clicks,"on clicking this login button, a new activity should be started",How to put a delay like 2 seconds after a button is clicked?
data:KU:android.app.Service:DATA-0054,data:KU:android.app.admin.DeviceAdminReceiver:DATA-0018,task_related,,llm_quote_grounded,Both KUs discuss components that are affected by or related to application installation location and lifecycle management on Android devices.,Application installation constraints and component behavior during storage unmounting/installation errors.,Applications That Should NOT Install on External Storage,device policy administration errors with Android
data:KU:android.app.admin.DeviceAdminReceiver:DATA-0042,data:KU:android.app.admin.DeviceAdminReceiver:DATA-0018,constrains,,llm_quote_grounded,"The external storage unmounting behavior described in DATA-0042 disables DeviceAdminReceiver capabilities, which constrains the operational state of the device administration features being debugged/enabled in DATA-0018.",When an application using DeviceAdminReceiver is installed on external storage and that storage is unmounted.,Device Administrators Your `DeviceAdminReceiver` and all its admin capabilities will be disabled,device policy administration errors with Android I recently started exploring the android device policy administration APIs
data:KU:android.content.AbstractThreadedSyncAdapter:DATA-0088,data:KU:android.app.admin.DeviceAdminReceiver:DATA-0018,constrains,,llm_quote_grounded,"The documentation for AbstractThreadedSyncAdapter (which also covers DeviceAdminReceiver) states that DeviceAdminReceiver capabilities are disabled if the app is installed on external storage and unmounted, constraining how DeviceAdminReceiver can be used.",When an application using DeviceAdminReceiver is installed on external storage and the storage is unmounted.,Device Administrators Your `DeviceAdminReceiver` and all its admin capabilities will be disabled,device policy administration errors with Android I recently started exploring the android device policy administration APIs
data:KU:android.content.Intent:DATA-0062,data:KU:android.app.admin.DeviceAdminReceiver:DATA-0018,constrains,,llm_quote_grounded,"The Intent documentation (shared text with AbstractThreadedSyncAdapter KU) explicitly lists DeviceAdminReceiver as a component whose functionality breaks when the app is on external storage, imposing a constraint on its deployment environment.",Application installation location constraints regarding external storage.,Device Administrators Your `DeviceAdminReceiver` and all its admin capabilities will be disabled,device policy administration errors with Android I recently started exploring the android device policy administration APIs
data:KU:android.app.backup.BackupAgent:DATA-0008,data:KU:android.app.backup.BackupAgent:DATA-0043,constrains,,llm_quote_grounded,"The standard requirement to extend `BackupAgent` (and thus implement its abstract methods) creates a constraint when supporting older API levels where the class does not exist. The StackOverflow discussion highlights that direct extension causes runtime exceptions on older devices, necessitating workarounds like reflection or wrappers instead of simple inheritance.",Backward compatibility with Android versions prior to API Level 8.,"When you create a backup agent by extending `BackupAgent`, you must implement the following callback methods:",try to use a wrapper class (with reflection) to overcome the problem that the application will not run if you implement a class that extends an nonexisting class.
data:KU:android.content.pm.PackageInfo:DATA-0087,data:KU:android.app.backup.BackupAgent:DATA-0008,task_related,,llm_quote_grounded,"Both KUs describe aspects of the `onRestore` operation; PackageInfo details how to check versions within it, while BackupAgent defines the method itself.",Handling application versioning during restore,"To help you handle different versions during a restore operation, the `onRestore()` method passes you the version code included with the restore data set as the `appVersionCode` parameter.",`onRestore()` The Backup Manager calls this method during a restore operation
data:KU:android.app.backup.BackupAgent:DATA-0041,data:KU:android.app.backup.BackupAgent:DATA-0043,constrains,,llm_quote_grounded,The basic implementation instructions in DATA-0041 are constrained by the API level requirements and backward compatibility issues discussed in DATA-0043.,When implementing BackupAgent on devices with API levels below 8 (Android 2.2).,"To implement a backup agent, you must:",The backup service and the APIs you must use are available only on devices running API Level 8 (Android 2.2) or greater
data:KU:android.app.backup.BackupAgent:DATA-0041,data:KU:android.app.backup.BackupAgentHelper:DATA-0015,constrains,,llm_quote_grounded,The general implementation steps for BackupAgent in DATA-0041 are constrained by the specific backward compatibility challenges when using BackupAgentHelper as described in DATA-0015.,Implementing BackupAgent/BackupAgentHelper with backward compatibility to older Android versions.,Extending BackupAgentHelper The `BackupAgentHelper` class provides a convenient wrapper around the `BackupAgent` class,"I am looking into using the new Backup API that available since Android 2.2, but need to maintain backwards compatibility"
data:KU:android.app.backup.BackupAgent:DATA-0041,data:KU:android.app.backup.BackupAgentHelper:DATA-0052,complements,,llm_quote_grounded,"DATA-0041 introduces the concept of extending BackupAgentHelper, while DATA-0052 provides a concrete code example of how to do this specifically for SharedPreferences.",Implementation details for backing up SharedPreferences using BackupAgentHelper.,Android currently provides backup helpers that will backup and restore complete files from `SharedPreferences` and internal storage.,"public class MyPrefsBackupAgent extends BackupAgentHelper { // The name of the SharedPreferences file static final String PREFS = ""user_preferences"";"
data:KU:android.app.backup.BackupAgent:DATA-0041,data:KU:android.app.backup.BackupAgentHelper:DATA-0079,complements,,llm_quote_grounded,"DATA-0041 mentions that BackupAgentHelper can back up internal storage files, and DATA-0079 provides the specific implementation details and constraints (thread safety) for doing so.",Implementation details for backing up internal storage files using FileBackupHelper within BackupAgentHelper.,Android currently provides backup helpers that will backup and restore complete files from `SharedPreferences` and internal storage.,"### Backing up other files When you instantiate a `FileBackupHelper`, you must include the name of one or more files that are saved to your application's internal storage"
data:KU:android.app.backup.BackupAgent:DATA-0041,data:KU:android.content.SharedPreferences:DATA-0050,complements,,llm_quote_grounded,"The BackupAgent overview mentions that helpers can backup SharedPreferences, and the right KU details how to use BackupAgentHelper with SharedPreferencesBackupHelper.",Implementation of backup agents using helper classes for specific data types.,Android currently provides backup helpers that will backup and restore complete files from `SharedPreferences` and internal storage.,`SharedPreferencesBackupHelper` to backup `SharedPreferences` files.
data:KU:android.app.backup.BackupAgent:DATA-0043,data:KU:android.app.backup.BackupAgentHelper:DATA-0074,task_related,,llm_quote_grounded,"Both KUs address the implementation of Android backup agents, specifically discussing the use of BackupAgentHelper and its configuration for backing up data like databases.",Android application backup implementation using BackupAgent or BackupAgentHelper classes.,There is no problem in creating my `BackupAgentHelper` class,I have implemented a `BackupAgentHelper` using the provided `FileBackupHelper` to backup and restore the native database I have.
data:KU:android.app.backup.BackupAgent:DATA-0043,data:KU:android.app.backup.FileBackupHelper:DATA-0045,complements,,llm_quote_grounded,"The left KU discusses implementing a BackupAgent/Helper for backwards compatibility, while the right KU provides a specific example of using FileBackupHelper within a BackupAgentHelper to back up a database, illustrating a concrete usage pattern for the agent described on the left.",Implementation details of backup agents using helper classes for specific data types (databases).,public class MyBackupAgentHelper extends BackupAgentHelper,A cleaner approach would be to create a custom `BackupHelper`: public class DbBackupHelper extends FileBackupHelper
data:KU:android.app.backup.BackupAgent:DATA-0043,data:KU:android.content.Context:DATA-0082,task_related,,llm_quote_grounded,"Both KUs discuss the implementation of Android backup functionality. The left KU focuses on the BackupAgent/Helper structure and backwards compatibility, while the right KU (labeled as Context but containing backup text) details the specific challenge of backing up an internal database using BackupAgentHelper.",Android application data backup implementation strategies.,There is no problem in creating my `BackupAgentHelper` class,I have implemented a `BackupAgentHelper` using the provided `FileBackupHelper` to backup and restore the native database I have.
data:KU:android.app.backup.BackupAgentHelper:DATA-0015,data:KU:android.app.backup.BackupAgentHelper:DATA-0051,complements,,llm_quote_grounded,"The right KU provides the official documentation and standard implementation steps for BackupAgentHelper, which complements the left KU's discussion of specific backward compatibility issues and workarounds.",General Android backup API usage vs. legacy device support (API < 8).,"I am looking into using the new Backup API that available since Android 2.2, but need to maintain backwards compatibility",Extending BackupAgentHelper The `BackupAgentHelper` class provides a convenient wrapper around the `BackupAgent` class
data:KU:android.app.backup.BackupAgentHelper:DATA-0051,data:KU:android.app.backup.BackupAgentHelper:DATA-0052,complements,,llm_quote_grounded,The general overview of BackupAgentHelper in DATA-0051 is complemented by the specific implementation example for SharedPreferences in DATA-0052.,Implementing a backup agent using BackupAgentHelper for SharedPreferences data.,Android currently provides backup helpers that will backup and restore complete files from `SharedPreferences` and internal storage.,"### Backing up SharedPreferences When you instantiate a `SharedPreferencesBackupHelper`, you must include the name of one or more `SharedPreferences` files."
data:KU:android.app.backup.BackupAgentHelper:DATA-0051,data:KU:android.app.backup.BackupAgentHelper:DATA-0074,constrains,,llm_quote_grounded,"The general documentation stating BackupAgentHelper handles certain types (DATA-0051) constrains the user's attempt to use it for databases, leading them to seek clarification on whether a custom BackupAgent is required instead (DATA-0074).",Determining if BackupAgentHelper is suitable for backing up SQLite databases versus requiring a custom BackupAgent.,Android currently provides backup helpers that will backup and restore complete files from `SharedPreferences` and internal storage.,I did see a mention in the docs about databases advising to use a custom `BackupAgent` but it does not seem related:
data:KU:android.app.backup.BackupAgentHelper:DATA-0051,data:KU:android.app.backup.BackupAgentHelper:DATA-0079,complements,,llm_quote_grounded,The general overview of BackupAgentHelper in DATA-0051 is complemented by the specific implementation details and thread-safety requirements for FileBackupHelper in DATA-0079.,Implementing a backup agent using BackupAgentHelper for internal storage files.,Android currently provides backup helpers that will backup and restore complete files from `SharedPreferences` and internal storage.,"### Backing up other files When you instantiate a `FileBackupHelper`, you must include the name of one or more files that are saved to your application's internal storage"
data:KU:android.app.backup.BackupAgentHelper:DATA-0051,data:KU:android.content.SharedPreferences:DATA-0007,complements,,llm_quote_grounded,"The BackupAgentHelper documentation states it uses helpers to backup SharedPreferences, while the SharedPreferences documentation details the specific use case (extending BackupAgent) where manual implementation is required instead of using the helper.",Implementation choice for backup agents involving SharedPreferences data.,Android currently provides backup helpers that will backup and restore complete files from `SharedPreferences` and internal storage.,"If you don't need to perform any of the tasks above and want to back up complete files from `SharedPreferences` or internal storage, you should skip to Extending BackupAgentHelper."
data:KU:android.app.backup.BackupAgentHelper:DATA-0051,data:KU:android.content.SharedPreferences:DATA-0022,task_related,,llm_quote_grounded,"Both KUs relate to the management of application data persistence. The left KU describes backing up SharedPreferences via a helper, while the right KU defines what SharedPreferences are (persistent key-value pairs).",Data persistence and backup mechanisms in Android applications.,Android currently provides backup helpers that will backup and restore complete files from `SharedPreferences` and internal storage.,The `SharedPreferences` class provides a general framework that allows you to save and retrieve persistent key-value pairs of primitive data types.
data:KU:android.app.backup.BackupAgentHelper:DATA-0051,data:KU:android.content.pm.PackageInfo:DATA-0087,constrains,,llm_quote_grounded,The BackupAgentHelper documentation mentions restoring data when an application is re-installed. The PackageInfo documentation constrains this process by explaining how version codes (`PackageInfo.versionCode`) are used to determine if a restore operation should proceed or be aborted due to version mismatches.,Restore operations during application installation/reinstallation.,It is also called to restore your backup data when the application is re-installed.,"Before the Backup Manager calls your backup agent to restore your data, it looks at the `android:versionCode` of the installed application and compares it to the value recorded in the restore data set."
data:KU:android.app.backup.BackupAgentHelper:DATA-0052,data:KU:android.app.backup.BackupAgentHelper:DATA-0079,contrasts_with,,llm_quote_grounded,"The left KU states that SharedPreferences are threadsafe and require no special synchronization in the backup agent, whereas the right KU explicitly warns that internal storage files are NOT threadsafe and requires overriding onBackup/onRestore with synchronized blocks.",Thread safety requirements when implementing BackupAgentHelper for different data types (SharedPreferences vs Internal Files).,"Note: `SharedPreferences` are threadsafe, so you can safely read and write the shared preferences file from your backup agent and other activities.","However, reading and writing to files on internal storage is not threadsafe. To ensure that your backup agent does not read or write your files at the same time as your activities, you must use synchronized statements each time you perform a read or write."
data:KU:android.app.backup.BackupAgentHelper:DATA-0052,data:KU:android.content.SharedPreferences:DATA-0007,complements,,llm_quote_grounded,"The left KU provides the specific implementation code for backing up SharedPreferences using BackupAgentHelper, while the right KU explains the general conditions under which one should extend BackupAgent directly instead of using helpers (e.g., for databases or versioning), complementing the choice of API usage.",Guidance on choosing between BackupAgentHelper (for simple file/prefs backup) and extending BackupAgent directly (for complex scenarios).,"When you instantiate a `SharedPreferencesBackupHelper`, you must include the name of one or more `SharedPreferences` files.","Most applications shouldn't need to extend the `BackupAgent` class directly, but should instead extend BackupAgentHelper to take advantage of the built-in helper classes that automatically backup and restore your files."
data:KU:android.app.backup.BackupAgentHelper:DATA-0052,data:KU:android.content.SharedPreferences:DATA-0022,task_related,,llm_quote_grounded,"Both KUs relate to the management of SharedPreferences data; the left KU focuses on backing them up via an agent, while the right KU defines the core functionality of saving/retrieving persistent key-value pairs.",Operations involving SharedPreferences data persistence and backup.,"Backing up SharedPreferences When you instantiate a `SharedPreferencesBackupHelper`, you must include the name of one or more `SharedPreferences` files.",The `SharedPreferences` class provides a general framework that allows you to save and retrieve persistent key-value pairs of primitive data types.
data:KU:android.app.backup.BackupAgentHelper:DATA-0052,data:KU:android.content.SharedPreferences:DATA-0040,task_related,,llm_quote_grounded,"Both KUs address the management of SharedPreferences, with one focusing on backup/restore mechanisms and the other on creation/read/write operations.",Android application data persistence and lifecycle management involving SharedPreferences.,"Backing up SharedPreferences When you instantiate a `SharedPreferencesBackupHelper`, you must include the name of one or more `SharedPreferences` files.","To get a `SharedPreferences` object for your application, use one of two methods:"
data:KU:android.app.backup.BackupAgentHelper:DATA-0074,data:KU:android.app.backup.BackupManager:DATA-0024,task_related,,llm_quote_grounded,"Both KUs deal with the practical challenges of implementing Android backups, specifically regarding compatibility and correct usage of the backup framework components.",Android backup implementation issues including API level compatibility and helper configuration.,I have implemented a `BackupAgentHelper` using the provided `FileBackupHelper` to backup and restore the native database I have.,"Backwards-compatible BackupAgent I am looking into using the new Backup API that available since Android 2.2, but need to maintain backwards compatibility (to 1.5 to be exact)."
data:KU:android.app.backup.BackupAgentHelper:DATA-0074,data:KU:android.content.Context:DATA-0064,task_related,,llm_quote_grounded,"Both KUs discuss the implementation of BackupAgentHelper, with the right KU providing context on how the system invokes these helpers and manages backward compatibility.",Development and integration of BackupAgentHelper within the Android backup framework.,I have implemented a `BackupAgentHelper` using the provided `FileBackupHelper` to backup and restore the native database I have.,"There is no problem in creating my `BackupAgentHelper` class, since that class is never called from my own code, but from the `BackupManager` i.e. the system itself."
data:KU:android.app.backup.BackupAgentHelper:DATA-0074,data:KU:android.content.SharedPreferences:DATA-0007,task_related,,llm_quote_grounded,"Both KUs address the task of backing up application data, specifically discussing the choice between using BackupAgentHelper for files/SharedPreferences and extending BackupAgent directly for databases.",Android backup implementation strategies,I have implemented a `BackupAgentHelper` using the provided `FileBackupHelper` to backup and restore the native database I have.,"Most applications shouldn't need to extend the `BackupAgent` class directly, but should instead extend BackupAgentHelper to take advantage of the built-in helper classes that automatically backup and restore your files."
data:KU:android.app.backup.BackupAgentHelper:DATA-0074,data:KU:android.content.SharedPreferences:DATA-0050,complements,,llm_quote_grounded,"The right KU provides the official documentation on how to correctly configure `BackupAgentHelper` with helpers like `FileBackupHelper`, which complements the left KU's attempt to use this configuration for database backups.",Configuration of BackupAgentHelper,"Hence I used the `FileBackupHelper`, pointed it to my .db file in ""`/databases/`""","`FileBackupHelper` to backup files from internal storage. You can include multiple helpers in your `BackupAgentHelper`, but only one helper is needed for each data type."
data:KU:android.app.backup.BackupAgentHelper:DATA-0079,data:KU:android.app.backup.FileBackupHelper:DATA-0045,complements,,llm_quote_grounded,"The documentation for BackupAgentHelper explains the standard usage and thread-safety requirements for FileBackupHelper, while the StackOverflow post provides a specific implementation pattern (subclassing) to use FileBackupHelper for database files, which is not covered in the general docs.","Using FileBackupHelper within a BackupAgentHelper context, specifically for non-standard file locations like databases.","When you instantiate a `FileBackupHelper`, you must include the name of one or more files that are saved to your application's internal storage","A cleaner approach would be to create a custom `BackupHelper`: public class DbBackupHelper extends FileBackupHelper { public DbBackupHelper(Context ctx, String dbName) { super(ctx, ctx.getDatabasePath(dbName).getAbsolutePath()); } }"
data:KU:android.app.backup.BackupAgentHelper:DATA-0079,data:KU:android.content.SharedPreferences:DATA-0050,complements,,llm_quote_grounded,"The BackupAgentHelper KU provides a specific implementation example for FileBackupHelper, while the SharedPreferences KU explains the general architecture of BackupAgentHelper and lists both available helper types (FileBackupHelper and SharedPreferencesBackupHelper), providing necessary context on how helpers are instantiated and added.",Understanding the setup and capabilities of BackupAgentHelper when using different backup strategies.,"When you instantiate a `FileBackupHelper`, you must include the name of one or more files that are saved to your application's internal storage",The Android framework currently provides two different helpers: * `SharedPreferencesBackupHelper` to backup `SharedPreferences` files. * `FileBackupHelper` to backup files from internal storage.
data:KU:android.app.backup.BackupAgentHelper:DATA-0079,data:KU:android.content.pm.PackageInfo:DATA-0087,task_related,,llm_quote_grounded,"Both KUs describe aspects of the backup and restore lifecycle in Android. The left KU details overriding `onRestore()` for thread safety, while the right KU explains how to use `PackageInfo.versionCode` within `onRestore()` to handle version compatibility during restoration.",Implementing robust `onRestore()` methods in a BackupAgent.,"@Override public void onRestore(BackupDataInput data, int appVersionCode, ParcelFileDescriptor newState) throws IOException {","To help you handle different versions during a restore operation, the `onRestore()` method passes you the version code included with the restore data set as the `appVersionCode` parameter. You can then query the current application's version code with the `PackageInfo.versionCode` field."
data:KU:android.app.backup.BackupAgentHelper:DATA-0079,data:KU:java.io.File:DATA-0070,contrasts_with,,llm_quote_grounded,"The left KU focuses on backing up files stored in **internal storage** (`getFilesDir()`), which are private and removed upon uninstallation. The right KU describes saving files to **external storage** public directories, which persist after uninstallation and are meant for sharing. They represent distinct storage locations with different persistence and visibility characteristics relevant to file management.",Choosing between internal and external storage for file operations.,files that are saved to your application's internal storage (as specified by `getFilesDir()`,"If you want to save files that are not specific to your application and that should not be deleted when your application is uninstalled, save them to one of the public directories on the external storage."
data:KU:android.app.backup.BackupAgentHelper:DATA-0079,data:KU:java.io.InputStream:DATA-0023,task_related,,llm_quote_grounded,"Both KUs describe operations on files in Android's internal storage, with the backup agent specifically targeting files written by `openFileOutput()`.",Android application internal storage file management and backup/restore contexts.,"files that are saved to your application's internal storage (as specified by `getFilesDir()`, which is the same location where `openFileOutput()` writes files)",Call `openFileOutput()` with the name of the file and the operating mode. This returns a `FileOutputStream`.
data:KU:android.app.backup.BackupAgentHelper:DATA-0079,data:KU:java.io.OutputStream:DATA-0059,task_related,,llm_quote_grounded,"Both KUs address the handling of files in Android's internal storage, linking the backup mechanism to the standard output stream creation method.",Android internal storage file I/O and backup integration.,"files that are saved to your application's internal storage (as specified by `getFilesDir()`, which is the same location where `openFileOutput()` writes files)",Call `openFileOutput()` with the name of the file and the operating mode. This returns a `FileOutputStream`.
data:KU:android.app.backup.BackupManager:DATA-0024,data:KU:android.app.backup.FileBackupHelper:DATA-0045,complements,,llm_quote_grounded,"The BackupManager KU explains how to trigger backups via `dataChanged()`, while the FileBackupHelper KU demonstrates implementing the actual backup logic for specific files (like databases) using `FileBackupHelper` within an agent.","Implementing Android backup functionality, specifically regarding database or file storage.",you need to call on `BackupManager.dataChanged()` whenever your data changes and you want to inform the system to backup it,A cleaner approach would be to create a custom `BackupHelper`: public class DbBackupHelper extends FileBackupHelper {
data:KU:android.app.backup.BackupManager:DATA-0024,data:KU:android.content.Context:DATA-0082,complements,,llm_quote_grounded,"The BackupManager KU describes the general setup and triggering of backups, while the Context KU provides a concrete implementation example of backing up a database using `FileBackupHelper` inside a `BackupAgentHelper`.","Android backup implementation details, particularly for databases.","There is no problem in creating my `BackupAgentHelper` class, since that class is never called from my own code, but from the `BackupManager` i.e. the system itself.",I have implemented a `BackupAgentHelper` using the provided `FileBackupHelper` to backup and restore the native database I have.
data:KU:android.app.backup.FileBackupHelper:DATA-0045,data:KU:android.content.SharedPreferences:DATA-0007,contrasts_with,,llm_quote_grounded,"The left KU discusses using FileBackupHelper for databases but notes documentation advising a custom BackupAgent for SQLite, while the right KU explicitly states that extending BackupAgent directly is required for backing up data in a database (SQLite), contrasting with the helper-based approach.",Android backup implementation strategies for different data types (files vs. databases).,I did see a mention in the docs about databases advising to use a custom `BackupAgent`,"Back up data in a database. If you have an SQLite database that you want to restore when the user re-installs your application, you need to build a custom `BackupAgent`"
data:KU:android.content.Context:DATA-0016,data:KU:android.content.Context:DATA-0037,complements,,llm_quote_grounded,The testing strategy in DATA-0016 (using RenamingDelegatingContext) is a specific implementation detail that supports the architectural best practice of using ContentProviders and SQLiteOpenHelper described in DATA-0037.,Android database development and testing,I would suggest that you go for writing content providers rather than creating database adapters.,But the common practice is to create your own `ContentProvider` which will abstract the access to the database.
data:KU:android.content.Context:DATA-0016,data:KU:android.database.sqlite.SQLiteDatabase:DATA-0068,complements,,llm_quote_grounded,"The left KU suggests using ContentProviders for database access, and the right KU provides a concrete implementation example of this pattern.",Android SQLite database architecture design,I would suggest that you go for writing content providers rather than creating database adapters.,But the common practice is to create your own `ContentProvider` which will abstract the access to the database.
data:KU:android.content.Context:DATA-0016,data:KU:android.database.sqlite.SQLiteOpenHelper:DATA-0038,complements,,llm_quote_grounded,The left KU advocates for ContentProviders over direct adapters; the right KU details the standard best practice implementation involving ContentProviders and SQLiteOpenHelper.,Best practices for Android local database management,I would suggest that you go for writing content providers rather than creating database adapters.,But the common practice is to create your own `ContentProvider` which will abstract the access to the database.
data:KU:android.content.Context:DATA-0037,data:KU:android.content.Context:DATA-0082,task_related,,llm_quote_grounded,"Both KUs address the management and persistence of local SQLite databases in Android applications, with DATA-0037 focusing on creation/access patterns and DATA-0082 focusing on backup/restore strategies for those same database structures.",Android application data persistence involving SQLite databases,"For the SQLite database itself, use `SQLiteOpenHelper` to abstract the creation and upgrading of your SQLite database.",I have implemented a `BackupAgentHelper` using the provided `FileBackupHelper` to backup and restore the native database I have. This is the database you typically use along with `ContentProviders`
data:KU:android.content.Context:DATA-0037,data:KU:android.content.SharedPreferences:DATA-0066,contrasts_with,,llm_quote_grounded,"DATA-0037 advocates for SQLite/ContentProvider for robust database abstraction, whereas DATA-0066 implements a workaround using SharedPreferences for storing lists, acknowledging SQLite as the superior alternative for this task.",Comparison of data storage solutions for Android apps,"For the SQLite database itself, use `SQLiteOpenHelper` to abstract the creation and upgrading of your SQLite database.","I have decided to use SharedPreferences to save these values (I am aware that SQLite and files are better but I am stuck to ""SharedPreferences"", so keep on with it)."
data:KU:android.content.Context:DATA-0048,data:KU:android.database.Cursor:DATA-0004,task_related,,llm_quote_grounded,"Both KUs address the implementation and usage of SQLite databases in Android, specifically focusing on `SQLiteOpenHelper` subclasses and database access patterns.",Android local database development using SQLiteOpenHelper,public class Database extends SQLiteOpenHelper{,"For the SQLite database itself, use `SQLiteOpenHelper` to abstract the creation and upgrading of your SQLite database."
data:KU:android.content.Context:DATA-0048,data:KU:android.database.Cursor:DATA-0010,task_related,,llm_quote_grounded,Both KUs involve creating and managing SQLite databases via `SQLiteOpenHelper` subclasses in Android applications.,Android SQLite database helper implementation,public class Database extends SQLiteOpenHelper{,public class DataBaseHelper extends SQLiteOpenHelper {
data:KU:android.content.Context:DATA-0048,data:KU:android.database.Cursor:DATA-0086,task_related,,llm_quote_grounded,"Both KUs deal with accessing SQLite databases in Android, utilizing `SQLiteOpenHelper` (directly or indirectly) to manage database connections and operations.",Android SQLite database access and management,public class Database extends SQLiteOpenHelper{,private SQLiteOpenHelper openHelper;
data:KU:android.content.Context:DATA-0048,data:KU:android.database.sqlite.SQLiteOpenHelper:DATA-0038,complements,,llm_quote_grounded,"The left KU demonstrates a specific error (null Context) when using SQLiteOpenHelper, while the right KU provides best practices for correctly initializing and using SQLiteOpenHelper with a valid Context.",Usage of android.database.sqlite.SQLiteOpenHelper in Android applications,Error is because you trying to access database with null context. So you need to initialize c1 before passing to Database constructor.,"For the SQLite database itself, use `SQLiteOpenHelper` to abstract the creation and upgrading of your SQLite database."
data:KU:android.content.Context:DATA-0077,data:KU:android.content.Context:DATA-0082,contrasts_with,,llm_quote_grounded,"The left KU demonstrates using Context to start an Activity (UI navigation), while the right KU discusses using Context in a BackupAgentHelper for data persistence, highlighting different responsibilities of the Context class.",Usage of android.content.Context in Android application lifecycle vs. system services,public MainViewModel(Context context) { this.con = context; },"public DbBackupHelper(Context ctx, String dbName) { super(ctx, ctx.getDatabasePath(dbName).getAbsolutePath()); }"
data:KU:android.content.Context:DATA-0077,data:KU:android.content.Intent:DATA-0011,task_related,,llm_quote_grounded,"Both KUs address the task of navigating between Activities using Intents and Contexts. The left KU shows how to pass a Context to a ViewModel to create an Intent and start an activity, while the right KU details passing data via Intents between activities.",Android Activity navigation and Intent usage,"Intent login = new Intent(con, LoginActivity.class); con.startActivity(login);",I'm trying to get a string value from the first Activity to the second Activity.
data:KU:android.content.Intent:DATA-0011,data:KU:android.content.Intent:DATA-0012,task_related,,llm_quote_grounded,"Both KUs address the task of passing data or starting activities using Intent, with one focusing on chaining string extras across multiple activities and the other on initiating an activity from a non-Activity context (ViewModel) by providing a Context to the Intent constructor.",Android Activity navigation and data passing via Intent,"Intent i=new Intent(Activity1.this,Activity2.class); i.putExtra(""string1"",//here add your string);","Intent login = new Intent(con, LoginActivity.class); con.startActivity(login);"
data:KU:android.content.Intent:DATA-0011,data:KU:android.content.Intent:DATA-0034,task_related,,llm_quote_grounded,"Both KUs involve using Intents to launch specific Activities based on application state or flow. DATA-0011 focuses on passing data between sequential activities, while DATA-0034 uses an Intent to conditionally launch either a database initialization activity or the main activity depending on whether the app has been initialized.",Android Activity launching logic and conditional navigation,"Intent i=new Intent(Activity2.this,Activity3.class); i.putExtra(""string1"",test);","Intent intent = new Intent(startup_activity, db_initialized ? MainActivity.class : DbInitActivity.class);"
data:KU:android.content.Intent:DATA-0011,data:KU:android.content.Intent:DATA-0083,task_related,,llm_quote_grounded,Both KUs describe the task of passing data between Android Activities using Intent extras.,General inter-activity communication via Intent.putExtra and getIntent().getExtras(),how to get the string values of activity1 and activity2 into activity3 by use intent,How to pass data of one activity with the button click in another activity
data:KU:android.content.Intent:DATA-0034,data:KU:android.content.SharedPreferences.Editor:DATA-0067,task_related,,llm_quote_grounded,"Both KUs involve using SharedPreferences to persist application state or data, with DATA-0034 using it for initialization flags and DATA-0067 for saving user favorites.",Usage of SharedPreferences API in Android applications,SharedPreferences prefs = PreferenceManager.getDefaultSharedPreferences(context),SharedPreferences faves = PreferenceManager.getDefaultSharedPreferences(getApplicationContext());
data:KU:android.content.Intent:DATA-0034,data:KU:android.content.SharedPreferences:DATA-0040,complements,,llm_quote_grounded,DATA-0034 provides a practical example of using the SharedPreferences API described in DATA-0040 to store an initialization flag.,Implementation of SharedPreferences usage patterns,"store boolean value to preferences: SharedPreferences prefs = PreferenceManager.getDefaultSharedPreferences(context) Editor editor = prefs.edit(); editor.putBoolean(KEY_APP_IS_INITIALIZED, true); editor.commit();",To write values: 1. Call `edit()` to get a `SharedPreferences.Editor`. 2. Add values with methods such as `putBoolean()` and `putString()`. 3. Commit the new values with `commit()`
data:KU:android.content.Intent:DATA-0034,data:KU:android.content.SharedPreferences:DATA-0066,task_related,,llm_quote_grounded,"Both KUs demonstrate how to use SharedPreferences to save data in an Android app, one for app initialization status and the other for user favorites.",Data persistence using SharedPreferences,"read boolean value from preferences: SharedPreferences prefs = PreferenceManager.getDefaultSharedPreferences(context) boolean appIsInitialized = prefs.getBoolean(KEY_APP_IS_INITIALIZED, false);","SharedPreferences faves = PreferenceManager.getDefaultSharedPreferences(getApplicationContext()); { SharedPreferences.Editor editor = faves.edit(); editor.putString(""favourite"", mSelectedDB + ""::"" + mCurrentWordId + ""::"" + mCurrentWord + "",""); editor.commit(); }"
data:KU:android.content.Intent:DATA-0062,data:KU:java.io.File:DATA-0061,task_related,,llm_quote_grounded,"Both KUs address the management of application data and installation location constraints, specifically regarding external storage availability and persistence.",Android application lifecycle and storage configuration,"When the user enables USB mass storage to share files with their computer (or otherwise unmounts or removes the external storage), any application installed on the external storage and currently running is killed.","If you're using API Level 8 or greater, use `getExternalFilesDir()` to open a `File` that represents the external storage directory where you should save your files."
data:KU:android.content.Intent:DATA-0062,data:KU:java.io.FileInputStream:DATA-0053,contrasts_with,,llm_quote_grounded,"The left KU warns against installing apps on external storage due to volatility, while the right KU describes internal storage as private and persistent until uninstallation, highlighting the difference in reliability between the two storage types.",Storage location choice for Android applications,any application installed on the external storage and currently running is killed. The system effectively becomes unaware of the application until mass storage is disabled and the external storage is remounted on the device.,"By default, files saved to the internal storage are private to your application and other applications cannot access them (nor can the user). When the user uninstalls your application, these files are removed."
data:KU:android.content.Intent:DATA-0062,data:KU:java.io.FileOutputStream:DATA-0060,contrasts_with,,llm_quote_grounded,"The left KU details the risks of external storage (unavailability when unmounted), contrasting with the right KU's description of internal storage which remains accessible and private to the app unless uninstalled.",Storage location choice for Android applications,any application installed on the external storage and currently running is killed. The system effectively becomes unaware of the application until mass storage is disabled and the external storage is remounted on the device.,"By default, files saved to the internal storage are private to your application and other applications cannot access them (nor can the user). When the user uninstalls your application, these files are removed."
data:KU:android.content.Intent:DATA-0078,data:KU:android.content.SharedPreferences.Editor:DATA-0065,task_related,,llm_quote_grounded,"Both KUs involve launching an Activity via Intent. DATA-0065 uses SharedPreferences to determine which Activity to launch, while DATA-0078 launches an Activity after a delay.",Conditional or delayed Activity launching,"Intent std = new Intent(Home.this, student.class); startActivity(std);","Intent intent = new Intent(startup_activity, db_initialized ? MainActivity.class : DbInitActivity.class); startup_activity.startActivity(intent);"
data:KU:android.content.Intent:DATA-0078,data:KU:android.content.SharedPreferences:DATA-0047,task_related,,llm_quote_grounded,"Both KUs involve launching an Activity via Intent. DATA-0047 uses SharedPreferences state to decide the target Activity, while DATA-0078 delays the launch.",Activity launching logic,"Intent std = new Intent(Home.this, student.class); startActivity(std);","Intent intent = new Intent(startup_activity, db_initialized ? MainActivity.class : DbInitActivity.class); startup_activity.startActivity(intent);"
data:KU:android.content.SharedPreferences.Editor:DATA-0065,data:KU:android.content.SharedPreferences.Editor:DATA-0067,task_related,,llm_quote_grounded,"Both KUs demonstrate the usage of SharedPreferences.Editor to persist application state, specifically using putBoolean and putString methods respectively.",Android application development involving data persistence via SharedPreferences,"Editor editor = prefs.edit(); editor.putBoolean(KEY_APP_IS_INITIALIZED, true); editor.commit();","SharedPreferences.Editor editor = sharedPreferences.edit(); editor.putString(key, nick); editor.commit();"
data:KU:android.content.SharedPreferences.Editor:DATA-0065,data:KU:android.content.SharedPreferences:DATA-0040,complements,,llm_quote_grounded,"The left KU provides a specific implementation example (checking initialization status) that utilizes the general API workflow described in the right KU (getting Editor, putting values, committing).",Usage of SharedPreferences API for storing boolean flags,"store boolean value to preferences: SharedPreferences prefs = PreferenceManager.getDefaultSharedPreferences(context) Editor editor = prefs.edit(); editor.putBoolean(KEY_APP_IS_INITIALIZED, true); editor.commit();",To write values: 1. Call `edit()` to get a `SharedPreferences.Editor`. 2. Add values with methods such as `putBoolean()` and `putString()`. 3. Commit the new values with `commit()`
data:KU:android.content.SharedPreferences.Editor:DATA-0067,data:KU:android.content.SharedPreferences:DATA-0040,complements,,llm_quote_grounded,"The right KU provides the standard API documentation for obtaining SharedPreferences objects and using the Editor to write values, which complements the left KU's specific implementation of saving multiple values by appending to a string.",General usage of SharedPreferences and Editor APIs,"SharedPreferences.Editor editor = faves.edit(); editor.putString(""favourite"", mSelectedDB + ""::"" + mCurrentWordId + ""::"" + mCurrentWord + "",""); editor.commit();",To write values: 1. Call `edit()` to get a `SharedPreferences.Editor`. 2. Add values with methods such as `putBoolean()` and `putString()`. 3. Commit the new values with `commit()`
data:KU:android.content.SharedPreferences.Editor:DATA-0067,data:KU:android.content.SharedPreferences:DATA-0047,task_related,,llm_quote_grounded,"Both KUs address tasks involving persisting state or data using SharedPreferences and its Editor, though for different specific goals (saving lists vs. tracking initialization status).",Using SharedPreferences/Editor for persistence,"SharedPreferences.Editor editor = sharedPreferences.edit(); editor.putString(key, nick); editor.commit();","store boolean value to preferences: SharedPreferences prefs = PreferenceManager.getDefaultSharedPreferences(context) Editor editor = prefs.edit(); editor.putBoolean(KEY_APP_IS_INITIALIZED, true); editor.commit();"
data:KU:android.content.SharedPreferences:DATA-0007,data:KU:android.content.SharedPreferences:DATA-0022,constrains,,llm_quote_grounded,"The left KU restricts the use of BackupAgentHelper (which handles SharedPreferences backups automatically) to cases where custom logic isn't needed, implying that standard SharedPreferences usage (defined in the right KU) is sufficient for simple key-value storage without complex backup agents.",Backup strategy selection based on data complexity,"If you don't need to perform any of the tasks above and want to back up complete files from `SharedPreferences` or internal storage, you should skip to Extending BackupAgentHelper.",The `SharedPreferences` class provides a general framework that allows you to save and retrieve persistent key-value pairs of primitive data types.
data:KU:android.content.SharedPreferences:DATA-0007,data:KU:android.content.SharedPreferences:DATA-0031,complements,,llm_quote_grounded,"The left KU discusses when to extend BackupAgent directly versus using helpers, while the right KU outlines the basic steps for implementing a backup agent, including the option to extend BackupAgentHelper which automatically handles SharedPreferences.",Implementing Android Backup Agents,"Most applications shouldn't need to extend the `BackupAgent` class directly, but should instead extend BackupAgentHelper to take advantage of the built-in helper classes that automatically backup and restore your files.",Android currently provides backup helpers that will backup and restore complete files from `SharedPreferences` and internal storage.
data:KU:android.content.SharedPreferences:DATA-0007,data:KU:android.content.SharedPreferences:DATA-0047,contrasts_with,,llm_quote_grounded,"The left KU deals with system-level backup mechanisms for SharedPreferences, whereas the right KU demonstrates application-level logic using SharedPreferences to track state (initialization flag), highlighting different layers of interaction with the same API.",System Backup vs Application State Tracking,"want to back up complete files from `SharedPreferences` or internal storage, you should skip to Extending BackupAgentHelper.","read boolean value from preferences: SharedPreferences prefs = PreferenceManager.getDefaultSharedPreferences(context) boolean appIsInitialized = prefs.getBoolean(KEY_APP_IS_INITIALIZED, false);"
data:KU:android.content.SharedPreferences:DATA-0007,data:KU:android.content.SharedPreferences:DATA-0050,contrasts_with,,llm_quote_grounded,"DATA-0007 describes when to extend BackupAgent directly (for complex needs like versioning or partial data), while DATA-0050 describes the standard approach of extending BackupAgentHelper for simple file backups.",Choosing between extending BackupAgent vs BackupAgentHelper based on backup complexity.,"Most applications shouldn't need to extend the `BackupAgent` class directly, but should instead extend BackupAgentHelper",You should build your backup agent using `BackupAgentHelper` if you want to back up complete files
data:KU:android.content.SharedPreferences:DATA-0007,data:KU:android.content.pm.PackageInfo:DATA-0087,task_related,,llm_quote_grounded,DATA-0007 mentions the need to version data format and cross-check application versions during restore. DATA-0087 provides the specific implementation details for checking restore data versions using PackageInfo.versionCode.,Implementing version compatibility checks in a custom BackupAgent.,you can build a backup agent to cross-check your application version during a restore operation,query the current application's version code with the `PackageInfo.versionCode` field
data:KU:android.content.SharedPreferences:DATA-0022,data:KU:android.content.SharedPreferences:DATA-0031,complements,,llm_quote_grounded,"DATA-0022 defines what SharedPreferences is (persistent key-value storage). DATA-0031 explains how this data fits into the broader backup architecture, noting that BackupAgentHelper can automatically backup these files.",Understanding the role of SharedPreferences within the Android Backup framework.,The `SharedPreferences` class provides a general framework that allows you to save and retrieve persistent key-value pairs,Android currently provides backup helpers that will backup and restore complete files from `SharedPreferences` and internal storage.
data:KU:android.content.SharedPreferences:DATA-0022,data:KU:android.content.SharedPreferences:DATA-0040,complements,,llm_quote_grounded,"DATA-0022 introduces the concept of saving primitive data types. DATA-0040 provides the concrete API methods (`getSharedPreferences`, `edit`, `commit`) required to perform those saves and retrievals.",Basic usage patterns for reading and writing SharedPreferences.,allows you to save and retrieve persistent key-value pairs of primitive data types,To write values: 1. Call `edit()` to get a `SharedPreferences.Editor`. 2. Add values with methods such as `putBoolean()` and `putString()`. 3. Commit the new values with `commit()`
data:KU:android.content.SharedPreferences:DATA-0022,data:KU:android.content.SharedPreferences:DATA-0047,task_related,,llm_quote_grounded,DATA-0022 establishes that SharedPreferences persists data across sessions. DATA-0047 demonstrates a practical task (checking if an app has been initialized) by storing a boolean flag in SharedPreferences to control execution flow.,Using SharedPreferences for state management and one-time initialization logic.,This data will persist across user sessions (even if your application is killed).,checks if the app is launched for the first time ( and stores the value in the app preferences )
data:KU:android.content.SharedPreferences:DATA-0022,data:KU:android.content.SharedPreferences:DATA-0066,task_related,,llm_quote_grounded,"The first KU defines the general capability of SharedPreferences to save primitive data, while the second KU provides a specific implementation pattern (appending to a string) for saving multiple values using that same API.",Saving multiple related items (like favorites) in SharedPreferences.,allows you to save and retrieve persistent key-value pairs of primitive data types,You can save multiple favorites in a single preference by adding numerous favorites in a single string
data:KU:android.content.SharedPreferences:DATA-0022,data:KU:java.io.File:DATA-0080,contrasts_with,,llm_quote_grounded,"SharedPreferences is described as providing persistent storage that survives application kills, whereas the File cache directory is explicitly contrasted with persistent storage and notes that files may be deleted when space is low.",Persistence guarantees and lifecycle management of stored data.,This data will persist across user sessions (even if your application is killed),"If you'd like to cache some data, rather than store it persistently"
data:KU:android.content.SharedPreferences:DATA-0031,data:KU:android.content.SharedPreferences:DATA-0040,complements,,llm_quote_grounded,"The first KU establishes that BackupAgentHelper uses helpers to backup SharedPreferences files. The second KU details how to create and manage those SharedPreferences objects (getting instances, writing/reading values), which are the prerequisites for the backup mechanism described in the first KU.",Implementing backup functionality for SharedPreferences data.,Android currently provides backup helpers that will backup and restore complete files from `SharedPreferences` and internal storage.,"To get a `SharedPreferences` object for your application, use one of two methods:"
data:KU:android.content.SharedPreferences:DATA-0031,data:KU:android.content.SharedPreferences:DATA-0050,complements,,llm_quote_grounded,"DATA-0031 introduces the concept of using BackupAgentHelper to minimize code, while DATA-0050 provides the specific implementation details and helper classes required for that approach.",Implementation of Android backup agents using BackupAgentHelper,"Extending BackupAgentHelper The `BackupAgentHelper` class provides a convenient wrapper around the `BackupAgent` class, which minimizes the amount of code you need to write.",You should build your backup agent using `BackupAgentHelper` if you want to back up complete files (from either `SharedPreferences` or internal storage).
data:KU:android.content.SharedPreferences:DATA-0031,data:KU:android.content.pm.PackageInfo:DATA-0087,task_related,,llm_quote_grounded,"Both KUs describe aspects of the Android Auto Backup feature; DATA-0031 covers the general setup of backup agents, while DATA-0087 covers version checking during restore, which is part of the same backup/restore workflow.",Android application data backup and restoration processes,It is also called to restore your backup data when the application is re-installed.,"Before the Backup Manager calls your backup agent to restore your data, it looks at the `android:versionCode` of the installed application"
data:KU:android.content.SharedPreferences:DATA-0040,data:KU:android.content.SharedPreferences:DATA-0047,task_related,,llm_quote_grounded,"DATA-0040 explains the standard API usage for reading/writing SharedPreferences, while DATA-0047 applies this API to solve a specific task (checking first launch) by storing a boolean flag.",Using SharedPreferences for persistent state management in Android apps,"To read values, use `SharedPreferences` methods such as `getBoolean()` and `getString()`.","read boolean value from preferences: SharedPreferences prefs = PreferenceManager.getDefaultSharedPreferences(context) boolean appIsInitialized = prefs.getBoolean(KEY_APP_IS_INITIALIZED, false);"
data:KU:android.content.SharedPreferences:DATA-0040,data:KU:android.content.SharedPreferences:DATA-0066,task_related,,llm_quote_grounded,"DATA-0040 defines the basic mechanism for saving single values via Editor.commit(), while DATA-0066 addresses a common limitation/task of saving multiple items by concatenating them into a single string value before committing.",Storing complex or multiple data points in SharedPreferences,Add values with methods such as `putBoolean()` and `putString()`. 3. Commit the new values with `commit()`,"You can save multiple favorites in a single preference by adding numerous favorites in a single string, each favorite item separated by comma."
data:KU:android.database.Cursor:DATA-0002,data:KU:android.database.Cursor:DATA-0010,task_related,,llm_quote_grounded,"Both KUs demonstrate the task of iterating through a Cursor to extract data from an SQLite database, specifically using moveToFirst/moveToNext and getString methods.",Iterating over query results in Android SQLite databases.,while(c.moveToNext()) { String uur = c.getString(0);,"if (cursor.moveToFirst()) { do { // get the data into array,or class variable } while (cursor.moveToNext()); }"
data:KU:android.database.Cursor:DATA-0002,data:KU:android.database.Cursor:DATA-0069,task_related,,llm_quote_grounded,Both KUs involve executing a raw SQL query via `db.rawQuery` and processing the resulting Cursor to retrieve integer values.,Retrieving numeric data from SQLite queries using Cursor.,"Cursor c = db.rawQuery(""select hour from "" + DATABASE_TABLE, null);","Cursor mcursor = db.rawQuery(count, null); mcursor.moveToFirst(); int icount = mcursor.getInt(0);"
data:KU:android.database.Cursor:DATA-0002,data:KU:android.database.Cursor:DATA-0073,task_related,,llm_quote_grounded,Both KUs demonstrate the pattern of creating a Cursor from a raw query and iterating through it to extract string and integer data.,Standard Cursor iteration for data extraction.,while(c.moveToNext()) { String uur = c.getString(0);,"do { String Name = c.getString(Column1); int Age = c.getInt(Column2); Data =Data +Name+""/""+Age+""\\\\\\\\n""; }while(c.moveToNext());"
data:KU:android.database.Cursor:DATA-0002,data:KU:android.database.Cursor:DATA-0086,task_related,,llm_quote_grounded,Both KUs show how to populate a collection (list/array) by iterating through a Cursor returned by `rawQuery`.,Mapping Cursor results to Java collections.,while(c.moveToNext()) { String uur = c.getString(0);,"while (!cursor.isAfterLast()) { word = new Word(cursor.getString(1),cursor.getString(2)); WordList.add(word); cursor.moveToNext(); }"
data:KU:android.database.Cursor:DATA-0002,data:KU:android.database.sqlite.SQLiteDatabase:DATA-0001,task_related,,llm_quote_grounded,Both KUs address the task of retrieving data from an SQLite database using a Cursor obtained from a raw query.,Basic data retrieval workflow in Android SQLite.,"Cursor c = db.rawQuery(""select hour from "" + DATABASE_TABLE, null);","Cursor cursor = db.rawQuery(selectQuery, null); String[] data = null; if (cursor.moveToFirst()) { do { // get the data into array,or class variable } while (cursor.moveToNext()); }"
data:KU:android.database.Cursor:DATA-0004,data:KU:android.database.Cursor:DATA-0010,task_related,,llm_quote_grounded,"Both KUs address the task of retrieving data from an Android SQLite database using a Cursor, with DATA-0004 providing architectural best practices (ContentProvider/SQLiteOpenHelper) and DATA-0010 providing a concrete implementation example.",Android SQLite database access patterns,and then you can use cursors to interact with the database.,"Cursor cursor = db.rawQuery(selectQuery, null);"
data:KU:android.database.Cursor:DATA-0004,data:KU:android.database.Cursor:DATA-0063,complements,,llm_quote_grounded,"DATA-0004 establishes the standard architecture for database interaction using Cursors via ContentProviders. DATA-0063 addresses a specific maintenance issue within that architecture: how to update the UI when the underlying database changes, noting that `requery()` is deprecated in favor of obtaining fresh Cursors.",Managing Cursor lifecycle and updates in Android database applications,This will return a `Cursor` which will you can iterate through and get the results.,The current solution is to obtain a fresh `Cursor` and use either `changeCursor()` or `swapCursor()` on the `CursorAdapter` to affect a data change.
data:KU:android.database.Cursor:DATA-0004,data:KU:android.database.Cursor:DATA-0069,task_related,,llm_quote_grounded,"Both KUs involve executing SQL queries against an Android SQLite database and processing the resulting Cursor. DATA-0004 covers general query execution via ContentResolver, while DATA-0069 covers a specific check for table emptiness using rawQuery.",Executing and interpreting SQLite queries in Android,Cursor c = contentResolver.query(,"Cursor mcursor = db.rawQuery(count, null);"
data:KU:android.database.Cursor:DATA-0004,data:KU:android.database.Cursor:DATA-0073,contrasts_with,,llm_quote_grounded,"DATA-0004 advocates for using `SQLiteOpenHelper` and `ContentProvider` as best practices for database management. DATA-0073 demonstrates a direct approach using `openOrCreateDatabase` and manual SQL execution, which contrasts with the abstracted helper pattern recommended in DATA-0004.",Approaches to initializing and accessing SQLite databases in Android,"For the SQLite database itself, use `SQLiteOpenHelper` to abstract the creation and upgrading of your SQLite database.","myDB = this.openOrCreateDatabase(""DatabaseName"", MODE_PRIVATE, null);"
data:KU:android.database.Cursor:DATA-0004,data:KU:android.database.Cursor:DATA-0086,task_related,,llm_quote_grounded,"Both KUs deal with the workflow of fetching data from a SQLite database into a Cursor and iterating over it to populate UI components. DATA-0004 provides the architectural context, while DATA-0086 provides a specific debugging scenario involving Cursor iteration and RecyclerView adapters.",Populating Android UI views with data retrieved via Cursor,This will return a `Cursor` which will you can iterate through and get the results.,"while (!cursor.isAfterLast()) { word = new Word(cursor.getString(1),cursor.getString(2)); WordList.add(word); cursor.moveToNext(); }"
data:KU:android.database.Cursor:DATA-0004,data:KU:android.database.sqlite.SQLiteDatabase:DATA-0044,task_related,,llm_quote_grounded,"Both KUs discuss the implementation of Android database access using SQLiteOpenHelper and ContentProviders, with one focusing on best practices for production and the other on testing strategies.",Android local database architecture involving SQLiteOpenHelper and ContentProvider patterns.,"For the SQLite database itself, use `SQLiteOpenHelper` to abstract the creation and upgrading of your SQLite database.",I've implemented access to a database using `SQLiteOpenHelper` from the android.database package within some classes (with pattern DAO).
data:KU:android.database.Cursor:DATA-0004,data:KU:android.database.sqlite.SQLiteOpenHelper:DATA-0017,complements,,llm_quote_grounded,"The left KU provides the general best practice of using SQLiteOpenHelper for database abstraction, while the right KU complements this by showing how to test such implementations using ProviderTestCase2 or RenamingDelegatingContext.",Development and testing lifecycle of Android SQLite database helpers.,"For the SQLite database itself, use `SQLiteOpenHelper` to abstract the creation and upgrading of your SQLite database.",I read that the `ProviderTestCase2` or `RenamingDelegatingContext` can be used to test the database separately.
data:KU:android.database.Cursor:DATA-0004,data:KU:android.database.sqlite.SQLiteOpenHelper:DATA-0035,constrains,,llm_quote_grounded,"The left KU suggests using SQLiteOpenHelper for standard database management, but the right KU highlights specific constraints and pitfalls when using it with pre-populated databases copied from assets, specifically regarding empty table creation if not handled correctly.",Usage of SQLiteOpenHelper with external/pre-existing database files.,"For the SQLite database itself, use `SQLiteOpenHelper` to abstract the creation and upgrading of your SQLite database.",Calling `this.getReadableDatabase()` in your `createDatabase()` method is automatically creating an empty database.
data:KU:android.database.Cursor:DATA-0010,data:KU:android.database.Cursor:DATA-0063,task_related,,llm_quote_grounded,"Both KUs deal with retrieving data from a SQLite database into a Cursor object for display purposes, though one focuses on initial retrieval to a TextView and the other on updating a ListView via SimpleCursorAdapter.",Data retrieval and UI binding using Android Cursors.,"Cursor cursor = db.rawQuery(selectQuery, null); String[] data = null; if (cursor.moveToFirst()) { do { // get the data into array,or class variable } while (cursor.moveToNext()); }",I have an Android `ListActivity` that is backed by a database `Cursor` through a `SimpleCursorAdapter`.
data:KU:android.database.Cursor:DATA-0010,data:KU:android.database.Cursor:DATA-0069,task_related,,llm_quote_grounded,"Both KUs demonstrate using `db.rawQuery` to execute SQL queries and iterate over the resulting `Cursor` to process data, one for displaying text and the other for checking table emptiness.",Executing raw SQL queries and iterating results with Cursor.,"Cursor cursor = db.rawQuery(selectQuery, null); String[] data = null; if (cursor.moveToFirst()) { do { // get the data into array,or class variable } while (cursor.moveToNext()); }","Cursor mcursor = db.rawQuery(count, null); mcursor.moveToFirst(); int icount = mcursor.getInt(0);"
data:KU:android.database.Cursor:DATA-0010,data:KU:android.database.sqlite.SQLiteDatabase:DATA-0049,task_related,,llm_quote_grounded,Both KUs demonstrate using `Cursor` objects returned by `SQLiteDatabase.rawQuery` to inspect database state or retrieve data.,Android SQLite database operations involving cursors,"Cursor cursor = db.rawQuery(selectQuery, null);","Cursor mcursor = db.rawQuery(count, null);"
data:KU:android.database.Cursor:DATA-0010,data:KU:android.database.sqlite.SQLiteDatabase:DATA-0057,complements,,llm_quote_grounded,"The right KU provides the specific implementation for copying a database from assets and opening it, which is a prerequisite step for the data retrieval task shown in the left KU.",Setting up an existing SQLite database in Android before querying,private void copyDataBase() throws IOException,this is how you can copy the database file from the assets folder to your working directory:
data:KU:android.database.Cursor:DATA-0063,data:KU:android.database.Cursor:DATA-0086,contrasts_with,,llm_quote_grounded,"DATA-0063 discusses updating a CursorAdapter (ListView) by refreshing the cursor or swapping it, whereas DATA-0086 addresses populating a RecyclerView where the adapter relies on an ArrayList populated from a Cursor, requiring manual list updates and notifyDataSetChanged.",Android UI data binding strategies for different view types (ListView vs RecyclerView).,The current solution is to obtain a fresh `Cursor` and use either `changeCursor()` or `swapCursor()` on the `CursorAdapter` to affect a data change.,adapter.notifyDataSetChanged();
data:KU:android.database.Cursor:DATA-0073,data:KU:android.database.sqlite.SQLiteDatabase:DATA-0009,contrasts_with,,llm_quote_grounded,"DATA-0073 uses standard internal storage paths via `openOrCreateDatabase`, whereas DATA-0009 discusses accessing databases located on external storage (`/sdcard`) which requires different handling and is presented as an alternative to the standard private app directory approach.",Location and access methods for Android SQLite databases.,"myDB = this.openOrCreateDatabase(""DatabaseName"", MODE_PRIVATE, null);","File dbfile = new File(""/sdcard/mydb.sqlite"" ); SQLiteDatabase db = SQLiteDatabase.openOrCreateDatabase(dbfile, null); System.out.println(""Its open? "" + db.isOpen());"
data:KU:android.database.Cursor:DATA-0073,data:KU:android.database.sqlite.SQLiteDatabase:DATA-0068,contrasts_with,,llm_quote_grounded,"DATA-0073 shows a direct implementation of database creation and querying within an activity/helper class, while DATA-0068 recommends best practices involving `ContentProvider` and `SQLiteOpenHelper` to abstract database access, contrasting simple implementation with architectural best practices.",Architectural approaches to Android SQLite database management.,"try { myDB = this.openOrCreateDatabase(""DatabaseName"", MODE_PRIVATE, null); /* Create a Table in the Database. */ myDB.execSQL(""CREATE TABLE IF NOT EXISTS "" + TableName + "" (Field1 VARCHAR, Field2 INT(3));"");","But the common practice is to create your own `ContentProvider` which will abstract the access to the database. This way you can use `Uri` to execute select/update/delete/insert queries. For the SQLite database itself, use `SQLiteOpenHelper` to abstract the creation and upgrading of your SQLite database."
data:KU:android.database.Cursor:DATA-0073,data:KU:android.database.sqlite.SQLiteDatabase:DATA-0081,task_related,,llm_quote_grounded,Both KUs address the task of managing SQLite database existence checks and creation in Android apps.,Android SQLite database initialization and persistence logic,"I like to keep database ,as if when app is first time installed it checks whether the database exist or not, if exists it updates it else if not then creates a new database.","when the app starts, I want to check if the db exists and if not then execute my dbAdapter class."
data:KU:android.database.Cursor:DATA-0073,data:KU:android.database.sqlite.SQLiteOpenHelper:DATA-0035,contrasts_with,,llm_quote_grounded,"The left KU demonstrates manual database creation and querying using `openOrCreateDatabase` and `rawQuery`, while the right KU discusses issues with `SQLiteOpenHelper` and manual copying of databases from assets, highlighting different approaches to database lifecycle management.",Android SQLite database setup strategies (manual vs. helper-based),"myDB = this.openOrCreateDatabase(""DatabaseName"", MODE_PRIVATE, null);",public class DBHelper extends SQLiteOpenHelper{
data:KU:android.database.Cursor:DATA-0073,data:KU:android.database.sqlite.SQLiteOpenHelper:DATA-0038,complements,,llm_quote_grounded,"The left KU shows basic cursor usage for data retrieval, while the right KU provides best practices for structuring database access using `SQLiteOpenHelper` and `ContentProvider`, which complements the simple example by offering a more robust architectural pattern.",Android database architecture and best practices,"Cursor c = myDB.rawQuery(""SELECT * FROM "" + TableName , null);","For the SQLite database itself, use `SQLiteOpenHelper` to abstract the creation and upgrading of your SQLite database."
data:KU:android.database.sqlite.SQLiteDatabase:DATA-0001,data:KU:android.database.sqlite.SQLiteDatabase:DATA-0006,task_related,,llm_quote_grounded,"Both KUs address the task of performing CRUD operations (specifically Read and Delete) on an SQLite database in Android, demonstrating how to interact with `SQLiteDatabase` methods like `rawQuery` and `execSQL`/`delete`.",Android application development involving local SQLite database management.,How to retrieve data from sqlite database in android,Android: Cant delete item in Database
data:KU:android.database.sqlite.SQLiteDatabase:DATA-0001,data:KU:android.database.sqlite.SQLiteDatabase:DATA-0009,contrasts_with,,llm_quote_grounded,"The first KU demonstrates opening a private application database located in the internal storage path (`/data/data/...`), while the second KU discusses and provides code for opening a database located on external storage (`/sdcard`).",Database file location and access permissions in Android.,"private static String DB_PATH = ""/data/data/in.ekonomia.android/databases/"";","File dbfile = new File(""/sdcard/mydb.sqlite"" ); SQLiteDatabase db = SQLiteDatabase.openOrCreateDatabase(dbfile, null);"
data:KU:android.database.sqlite.SQLiteDatabase:DATA-0001,data:KU:android.database.sqlite.SQLiteDatabase:DATA-0057,complements,,llm_quote_grounded,"DATA-0057 provides the specific placement and copying strategy for an existing SQLite database, which is a prerequisite step often required before the retrieval logic shown in DATA-0001 can function correctly.",When initializing an application with a pre-existing database file that needs to be moved from assets to the internal storage path.,private void copyDataBase() throws IOException { //Open your local db as the input stream InputStream myInput = myContext.getAssets().open(DB_NAME);,you should put it in the `assets` folder. This way you can make sure it will be attached to your apk.
data:KU:android.database.sqlite.SQLiteDatabase:DATA-0001,data:KU:android.database.sqlite.SQLiteDatabase:DATA-0068,contrasts_with,,llm_quote_grounded,"DATA-0001 demonstrates a direct implementation of data retrieval using a helper class extending SQLiteOpenHelper, whereas DATA-0068 recommends abstracting database access behind a ContentProvider for better architecture and lifecycle management.",Architectural decisions regarding how to structure database access layers in Android applications.,public class DataBaseHelper extends SQLiteOpenHelper {,But the common practice is to create your own `ContentProvider` which will abstract the access to the database.
data:KU:android.database.sqlite.SQLiteDatabase:DATA-0001,data:KU:android.database.sqlite.SQLiteDatabase:DATA-0081,complements,,llm_quote_grounded,"DATA-0081 details the logic for checking if a database exists, which is a critical validation step included in the `checkDataBase` method used within the broader workflow described in DATA-0001.",Preventing redundant file copies or errors when opening a database that may not yet exist in the target directory.,"private boolean checkDataBase() { SQLiteDatabase checkDB = null; try { String myPath = DB_PATH + DB_NAME; checkDB = SQLiteDatabase.openDatabase(myPath, null, SQLiteDatabase.OPEN_READONLY); }catch (SQLiteException e) { //database does't exist yet. }","private boolean checkDataBase() { SQLiteDatabase checkDB = null; try { checkDB = SQLiteDatabase.openDatabase(DB_FULL_PATH, null, SQLiteDatabase.OPEN_READONLY); checkDB.close(); } catch (SQLiteException e) { // database doesn't exist yet. } return checkDB != null; }"
data:KU:android.database.sqlite.SQLiteDatabase:DATA-0001,data:KU:android.database.sqlite.SQLiteOpenHelper:DATA-0017,task_related,,llm_quote_grounded,"Both units address the usage of `SQLiteOpenHelper` subclasses to manage database connections, though DATA-0001 focuses on runtime data retrieval while DATA-0017 focuses on testing strategies for the same component.",Development and testing phases involving custom `SQLiteOpenHelper` implementations.,public class DataBaseHelper extends SQLiteOpenHelper {,I've implemented access to a database using `SQLiteOpenHelper` from the android.database package within some classes
data:KU:android.database.sqlite.SQLiteDatabase:DATA-0001,data:KU:android.database.sqlite.SQLiteOpenHelper:DATA-0035,constrains,,llm_quote_grounded,"DATA-0035 explains that calling `getReadableDatabase()` creates an empty database if one doesn't exist, which constrains the logic in DATA-0001 by requiring careful ordering of `createDataBase` and `copyDataBase` to avoid querying an unintended empty table.",Initialization sequence of databases copied from assets to prevent 'no such table' exceptions.,"this.getReadableDatabase(); try { copyDataBase(); } catch (IOException e) { throw new Error(""Error copying database""); }",Calling `this.getReadableDatabase()` in your `createDatabase()` method is automatically creating an empty database.
data:KU:android.database.sqlite.SQLiteDatabase:DATA-0001,data:KU:android.database.sqlite.SQLiteOpenHelper:DATA-0038,contrasts_with,,llm_quote_grounded,"DATA-0001 shows a basic subclass of `SQLiteOpenHelper` for direct access, while DATA-0038 advocates for using `SQLiteOpenHelper` in conjunction with a `ContentProvider` to handle upgrades and abstraction more robustly.",Best practices for structuring database helpers and access layers.,public class DataBaseHelper extends SQLiteOpenHelper {,"For the SQLite database itself, use `SQLiteOpenHelper` to abstract the creation and upgrading of your SQLite database."
data:KU:android.database.sqlite.SQLiteDatabase:DATA-0009,data:KU:android.database.sqlite.SQLiteDatabase:DATA-0057,contrasts_with,,llm_quote_grounded,"The left KU demonstrates opening a database directly from an external path (/sdcard) using `openOrCreateDatabase`, while the right KU describes copying a bundled asset to the internal private directory and then opening it with `openDatabase`.",Strategies for accessing pre-existing SQLite databases in Android applications.,"File dbfile = new File(""/sdcard/mydb.sqlite"" ); SQLiteDatabase db = SQLiteDatabase.openOrCreateDatabase(dbfile, null);","myDataBase = SQLiteDatabase.openDatabase(myPath, null, SQLiteDatabase.OPEN_READONLY);"
data:KU:android.database.sqlite.SQLiteDatabase:DATA-0009,data:KU:java.io.File:DATA-0061,complements,,llm_quote_grounded,"The left KU demonstrates opening a database from external storage using a File object, while the right KU provides the standard Android mechanism (getExternalFilesDir) for obtaining such File objects representing external storage directories.",When accessing SQLite databases stored on external storage in Android applications.,"File dbfile = new File(""/sdcard/mydb.sqlite"" ); SQLiteDatabase db = SQLiteDatabase.openOrCreateDatabase(dbfile, null);",use `getExternalFilesDir()` to open a `File` that represents the external storage directory where you should save your files.
data:KU:android.database.sqlite.SQLiteDatabase:DATA-0044,data:KU:android.database.sqlite.SQLiteOpenHelper:DATA-0035,task_related,,llm_quote_grounded,"Both KUs discuss the usage of SQLiteOpenHelper to manage database creation and access, specifically focusing on how getWritableDatabase/getReadableDatabase triggers onCreate.",Android SQLite database initialization and helper class implementation,private static class DatabaseHelper extends SQLiteOpenHelper,public class DBHelper extends SQLiteOpenHelper{
data:KU:android.database.sqlite.SQLiteDatabase:DATA-0044,data:KU:android.database.sqlite.SQLiteOpenHelper:DATA-0038,complements,,llm_quote_grounded,"The left KU provides a specific testing strategy for a DAO pattern using SQLiteOpenHelper, while the right KU outlines the general best practice architecture (ContentProvider + SQLiteOpenHelper) that such a DAO would typically fit into or replace.",Android database architecture patterns,I've implemented access to a database using `SQLiteOpenHelper` from the android.database package within some classes (with pattern DAO).,"For the SQLite database itself, use `SQLiteOpenHelper` to abstract the creation and upgrading of your SQLite database."
data:KU:android.database.sqlite.SQLiteDatabase:DATA-0057,data:KU:android.database.sqlite.SQLiteDatabase:DATA-0068,contrasts_with,,llm_quote_grounded,"DATA-0057 describes manually copying a pre-existing database from assets and opening it directly, whereas DATA-0068 recommends using SQLiteOpenHelper to manage creation and upgrades programmatically.",Strategies for initializing and managing Android SQLite databases.,this is how you can copy the database file from the assets folder to your working directory,"For the SQLite database itself, use `SQLiteOpenHelper` to abstract the creation and upgrading of your SQLite database."
data:KU:android.database.sqlite.SQLiteDatabase:DATA-0057,data:KU:android.database.sqlite.SQLiteDatabase:DATA-0081,complements,,llm_quote_grounded,"DATA-0057 provides the method to copy a database from assets, while DATA-0081 provides the logic to check if that database already exists before attempting operations like copying or opening.",Workflow for importing and verifying an external SQLite database in Android.,this is how you can copy the database file from the assets folder to your working directory,Check if the database exist and can be read.
data:KU:android.database.sqlite.SQLiteOpenHelper:DATA-0035,data:KU:android.database.sqlite.SQLiteDatabase:DATA-0057,constrains,,llm_quote_grounded,"DATA-0035 explains that calling getReadableDatabase() creates an empty database, which constrains the workflow in DATA-0057 by requiring careful ordering (checking existence/copying) to avoid querying an empty auto-created DB instead of the copied one.",Initialization sequence when using SQLiteOpenHelper with pre-populated asset databases.,Calling `this.getReadableDatabase()` in your `createDatabase()` method is automatically creating an empty database.,now to read the database from the directory:
data:KU:android.database.sqlite.SQLiteDatabase:DATA-0057,data:KU:android.os.Environment:DATA-0076,task_related,,llm_quote_grounded,"Both KUs address the task of managing SQLite database files in Android, specifically focusing on copying or accessing the database file from storage.",Android application development involving local SQLite databases and file I/O operations.,this is how you can copy the database file from the assets folder to your working directory,"We can't get db from any (Samsung) tablet, but we can copy its data and can pull to our PC."
data:KU:android.database.sqlite.SQLiteDatabase:DATA-0057,data:KU:java.io.FileOutputStream:DATA-0026,task_related,,llm_quote_grounded,Both KUs demonstrate techniques for writing/copying SQLite database files to a destination path using output streams.,Writing SQLite database files to storage in Android.,Open the empty db as the output stream OutputStream myOutput = new FileOutputStream(outFileName);,"FileChannel dst = new FileOutputStream(backupDB) .getChannel(); dst.transferFrom(src, 0, src.size());"
data:KU:android.database.sqlite.SQLiteDatabase:DATA-0068,data:KU:android.database.sqlite.SQLiteDatabase:DATA-0081,complements,,llm_quote_grounded,"The first KU provides best practices for setting up and upgrading a database using `SQLiteOpenHelper`, while the second KU provides a specific utility method to check if a database file already exists before initialization.",Database lifecycle management in Android applications.,"For the SQLite database itself, use `SQLiteOpenHelper` to abstract the creation and upgrading of your SQLite database.","private boolean checkDataBase() { SQLiteDatabase checkDB = null; try { checkDB = SQLiteDatabase.openDatabase(DB_FULL_PATH, null, SQLiteDatabase.OPEN_READONLY); checkDB.close(); } catch (SQLiteException e) { // database doesn't exist yet. } return checkDB != null; }"
data:KU:android.database.sqlite.SQLiteDatabase:DATA-0068,data:KU:android.database.sqlite.SQLiteDatabase:DATA-0085,contrasts_with,,llm_quote_grounded,"The first KU recommends using `ContentProvider` and proper `SQLiteOpenHelper` patterns for abstraction and safety, whereas the second KU illustrates a common anti-pattern/error where direct instantiation and context mishandling lead to crashes.",Architectural approaches to Android SQLite database access.,But the common practice is to create your own `ContentProvider` which will abstract the access to the database.,Error is because you trying to access database with null context. So you need to initialize c1 before passing to Database constructor.
data:KU:android.database.sqlite.SQLiteDatabase:DATA-0081,data:KU:java.io.FileOutputStream:DATA-0027,task_related,,llm_quote_grounded,"Both KUs address the task of managing an existing SQLite database in Android, specifically checking for its existence and copying it from assets to a writable location.",Android application initialization involving pre-populated SQLite databases stored in assets.,Query if Android database exists! I have created a database for my android app which contains static data,placing existing sqlite database and reading Where to place existing sqllite database in android folder structure?
data:KU:android.database.sqlite.SQLiteDatabase:DATA-0081,data:KU:java.io.InputStream:DATA-0036,task_related,,llm_quote_grounded,Both KUs relate to the workflow of setting up a local SQLite database by checking its existence or copying it from the application's assets.,Initialization of a read-only or static SQLite database in an Android app.,I want to check if the db exists and if not then execute my dbAdapter class.,this is how you can copy the database file from the assets folder to your working directory:
data:KU:android.database.sqlite.SQLiteDatabase:DATA-0081,data:KU:java.io.OutputStream:DATA-0003,task_related,,llm_quote_grounded,"The left KU checks for database existence, while the right KU provides the mechanism (OutputStream) to create/copy the database file if it doesn't exist, forming part of the same setup task.",Setting up a pre-existing SQLite database in Android storage.,Check if the database exist and can be read.,Open the empty db as the output stream OutputStream myOutput = new FileOutputStream(outFileName);
data:KU:android.database.sqlite.SQLiteDatabase:DATA-0085,data:KU:android.database.sqlite.SQLiteOpenHelper:DATA-0035,constrains,,llm_quote_grounded,"The error described in the left KU (using execSQL for queries) is constrained by the API usage rules explained in the right KU, which clarifies that getWritableDatabase/getReadableDatabase creates an empty DB if missing, leading to 'no such table' errors if not handled correctly.",Debugging SQLite exceptions related to database creation and query execution methods.,android.database.sqlite.SQLiteException: unknown error (code 0): Queries can be performed using SQLiteDatabase query or rawQuery methods only.,Calling `this.getReadableDatabase()` in your `createDatabase()` method is automatically creating an empty database.
data:KU:android.database.sqlite.SQLiteDatabase:DATA-0085,data:KU:android.database.sqlite.SQLiteOpenHelper:DATA-0038,complements,,llm_quote_grounded,"The left KU shows a specific implementation error with SQLiteOpenHelper/SQLiteDatabase, while the right KU provides best practices for structuring the helper and provider, complementing the debugging advice.",Implementing robust database access layers in Android.,Error is because you trying to access database with null context. So you need to initialize c1 before passing to Database constructor.,"For the SQLite database itself, use `SQLiteOpenHelper` to abstract the creation and upgrading of your SQLite database."
data:KU:android.database.sqlite.SQLiteOpenHelper:DATA-0017,data:KU:android.database.sqlite.SQLiteOpenHelper:DATA-0038,task_related,,llm_quote_grounded,"Both KUs deal with the proper implementation and usage patterns of SQLiteOpenHelper, one focusing on testing isolation and the other on architectural best practices.",Developing and maintaining Android database helpers.,I've implemented access to a database using `SQLiteOpenHelper` from the android.database package within some classes,"For the SQLite database itself, use `SQLiteOpenHelper` to abstract the creation and upgrading of your SQLite database."
data:KU:android.database.sqlite.SQLiteOpenHelper:DATA-0035,data:KU:java.io.FileOutputStream:DATA-0027,complements,,llm_quote_grounded,"The SQLiteOpenHelper KU describes a 'no such table' error caused by copying a database from assets to the working directory, while the FileOutputStream KU provides the specific implementation code for that copy operation.",Android application development involving pre-populated SQLite databases stored in assets.,Your attempt to copy your pre-created database from your `assets` folder is failing or the database is being copied to the wrong place.,this is how you can copy the database file from the assets folder to your working directory
data:KU:android.database.sqlite.SQLiteOpenHelper:DATA-0035,data:KU:java.io.InputStream:DATA-0036,complements,,llm_quote_grounded,"The SQLiteOpenHelper KU identifies an issue with copying a database from assets, and the InputStream KU provides the code snippet using `getAssets().open()` which is the source of that copy operation.",Copying pre-existing SQLite databases from Android assets to internal storage.,Your attempt to copy your pre-created database from your `assets` folder is failing,InputStream myInput = myContext.getAssets().open(DB_NAME);
data:KU:android.database.sqlite.SQLiteOpenHelper:DATA-0035,data:KU:java.io.OutputStream:DATA-0003,complements,,llm_quote_grounded,"The SQLiteOpenHelper KU discusses errors related to copying a database file, and the OutputStream KU shows the destination side of that copy process using `FileOutputStream`.",File I/O operations when migrating a SQLite database from assets to the device's data directory.,copy your pre-created database from your `assets` folder,OutputStream myOutput = new FileOutputStream(outFileName);
data:KU:android.os.Environment:DATA-0076,data:KU:java.io.FileOutputStream:DATA-0027,task_related,,llm_quote_grounded,"Both KUs describe methods for copying an SQLite database file within an Android application, one from internal storage to external and the other from assets to internal.",Android SQLite database file operations,"We can't get db from any (Samsung) tablet, but we can copy its data and can pull to our PC.",this is how you can copy the database file from the assets folder to your working directory
data:KU:android.os.Environment:DATA-0076,data:KU:java.io.InputStream:DATA-0036,task_related,,llm_quote_grounded,"Both KUs provide code examples for copying an SQLite database file in Android, addressing similar tasks of moving database files between locations.",Android SQLite database file copying,"We can't get db from any (Samsung) tablet, but we can copy its data and can pull to our PC.",this is how you can copy the database file from the assets folder to your working directory
data:KU:android.os.Environment:DATA-0076,data:KU:java.io.OutputStream:DATA-0003,task_related,,llm_quote_grounded,"Both KUs demonstrate techniques for copying SQLite database files in Android applications, one using FileChannels and the other using Streams.",Android SQLite database file copying,"We can't get db from any (Samsung) tablet, but we can copy its data and can pull to our PC.",this is how you can copy the database file from the assets folder to your working directory
data:KU:java.io.File:DATA-0020,data:KU:java.io.File:DATA-0033,contrasts_with,,llm_quote_grounded,"The first KU describes copying a database from internal storage to external storage for backup/extraction, while the second discusses opening a database directly from external storage (/sdcard), presenting different approaches to handling database location and access.",SQLite database storage location and access patterns in Android,"We can't get db from any (Samsung) tablet, but we can copy its data and can pull to our PC.",Is there a way to trick the framework into opening a database that is placed on the /sdcard partition?
data:KU:java.io.File:DATA-0020,data:KU:java.io.File:DATA-0061,complements,,llm_quote_grounded,"The first KU uses `Environment.getExternalStorageDirectory()` to define a destination path for copying a database, which aligns with the guidance in the second KU about using this method for external storage access on older API levels.",Accessing external storage directories in Android,File sd = Environment.getExternalStorageDirectory();,"If you're using API Level 7 or lower, use `getExternalStorageDirectory()`, to open a `File` representing the root of the external storage."
data:KU:java.io.File:DATA-0020,data:KU:java.io.FileInputStream:DATA-0055,task_related,,llm_quote_grounded,Both KUs demonstrate using FileInputStream to read data from a File object for file operations (copying DB vs creating ZIP).,Android file I/O operations involving reading from files.,FileChannel src = new FileInputStream(currentDB) .getChannel();,fi = new FileInputStream(name);
data:KU:java.io.File:DATA-0020,data:KU:java.io.FileOutputStream:DATA-0027,task_related,,llm_quote_grounded,"Both KUs involve copying an SQLite database file, utilizing FileOutputStream to write the data to a destination.",Copying SQLite databases in Android applications.,FileChannel dst = new FileOutputStream(backupDB) .getChannel();,OutputStream myOutput = new FileOutputStream(outFileName);
data:KU:java.io.File:DATA-0020,data:KU:java.io.FileOutputStream:DATA-0084,task_related,,llm_quote_grounded,"Both KUs use FileOutputStream to write data to a file, specifically for backing up or archiving content (DB copy vs ZIP creation).",Writing binary data to files in Android.,FileChannel dst = new FileOutputStream(backupDB) .getChannel();,dest = new FileOutputStream(name);
data:KU:java.io.File:DATA-0020,data:KU:java.io.InputStream:DATA-0036,task_related,,llm_quote_grounded,"Both KUs describe methods for copying an SQLite database, using InputStream/FileInputStream to read the source database.",Reading SQLite database files for backup/copy operations.,FileChannel src = new FileInputStream(currentDB) .getChannel();,InputStream myInput = myContext.getAssets().open(DB_NAME);
data:KU:java.io.File:DATA-0020,data:KU:java.io.OutputStream:DATA-0003,task_related,,llm_quote_grounded,"Both KUs involve writing data to a file during a database copy operation, utilizing OutputStream/FileOutputStream.",Writing SQLite database files in Android.,FileChannel dst = new FileOutputStream(backupDB) .getChannel();,OutputStream myOutput = new FileOutputStream(outFileName);
data:KU:java.io.File:DATA-0033,data:KU:java.io.File:DATA-0061,constrains,,llm_quote_grounded,"The tutorial KU defines the standard API method (`getExternalFilesDir`) and directory structure for accessing external storage, which constrains how one should properly create `File` objects for external storage as shown in the SO example.",Accessing files on external storage in Android.,"File dbfile = new File(""/sdcard/mydb.sqlite"" );",use `getExternalFilesDir()` to open a `File` that represents the external storage directory where you should save your files.
data:KU:java.io.File:DATA-0033,data:KU:java.io.File:DATA-0070,contrasts_with,,llm_quote_grounded,"The SO KU demonstrates hardcoding a path to `/sdcard` for a private app database, whereas the TU KU describes saving files to public directories intended for sharing across apps and persistence after uninstall.",Usage of external storage paths for different purposes (private vs shared/public).,"File dbfile = new File(""/sdcard/mydb.sqlite"" );","If you want to save files that are not specific to your application and that should not be deleted when your application is uninstalled, save them to one of the public directories on the external storage."
data:KU:java.io.File:DATA-0061,data:KU:java.io.File:DATA-0070,contrasts_with,,llm_quote_grounded,"DATA-0061 describes saving app-specific private files that are deleted upon uninstall, while DATA-0070 describes saving shared public files that persist after uninstall.",External storage file persistence and visibility,"If the user uninstalls your application, this directory and all its contents will be deleted.","If you want to save files that are not specific to your application and that should not be deleted when your application is uninstalled, save them to one of the public directories on the external storage."
data:KU:java.io.File:DATA-0061,data:KU:java.io.File:DATA-0071,complements,,llm_quote_grounded,"DATA-0061 covers general external file storage for an app, while DATA-0071 specifically covers external cache storage, which is a distinct category of external files managed by the same API level constraints.",External storage usage patterns (files vs cache),use `getExternalFilesDir()` to open a `File` that represents the external storage directory where you should save your files.,use `getExternalCacheDir()` to open a `File` that represents the external storage directory where you should save cache files.
data:KU:java.io.File:DATA-0061,data:KU:java.io.File:DATA-0080,contrasts_with,,llm_quote_grounded,"DATA-0061 deals with external storage files, whereas DATA-0080 deals with internal storage cache files. They represent different storage locations and purposes.",Storage location (External vs Internal) and purpose (General Files vs Cache),use `getExternalFilesDir()` to open a `File` that represents the external storage directory,use `getCacheDir()` to open a `File` that represents the internal directory where your application should save temporary cache files.
data:KU:java.io.File:DATA-0061,data:KU:java.io.FileInputStream:DATA-0053,contrasts_with,,llm_quote_grounded,"DATA-0061 describes using external storage where files are accessible via `File` objects from `getExternalFilesDir`, while DATA-0053 describes internal storage where files are accessed via `openFileOutput`/`FileInputStream` and are private/inaccessible to other apps.",Storage type (External vs Internal) and access mechanism,use `getExternalFilesDir()` to open a `File` that represents the external storage directory,"You can save files directly on the device's internal storage. By default, files saved to the internal storage are private to your application"
data:KU:java.io.File:DATA-0070,data:KU:java.io.File:DATA-0071,contrasts_with,,llm_quote_grounded,The two KUs describe different strategies for saving files on external storage based on persistence requirements: shared/persistent vs. cache/temporary.,External storage file management in Android API Level 8+ and 7-,"If you want to save files that are not specific to your application and that should not be deleted when your application is uninstalled, save them to one of the public directories on the external storage.","If you're using API Level 8 or greater, use `getExternalCacheDir()` to open a `File` that represents the external storage directory where you should save cache files. If the user uninstalls your application, these files will be automatically deleted."
data:KU:java.io.File:DATA-0070,data:KU:java.io.File:DATA-0080,contrasts_with,,llm_quote_grounded,The two KUs contrast saving persistent shared files on external storage versus saving temporary cache files on internal storage.,File storage location and persistence strategy (External Shared vs Internal Cache),save them to one of the public directories on the external storage,use `getCacheDir()` to open a `File` that represents the internal directory where your application should save temporary cache files
data:KU:java.io.File:DATA-0071,data:KU:java.io.File:DATA-0080,contrasts_with,,llm_quote_grounded,The two KUs describe saving cache files in different storage locations (external vs. internal) with distinct management and deletion behaviors.,Android file storage strategies for caching data.,use `getExternalCacheDir()` to open a `File` that represents the external storage directory where you should save cache files,use `getCacheDir()` to open a `File` that represents the internal directory where your application should save temporary cache files
data:KU:java.io.FileInputStream:DATA-0053,data:KU:java.io.FileInputStream:DATA-0056,task_related,,llm_quote_grounded,"Both KUs involve reading data from files using FileInputStream, specifically for accessing application data stored on the device.",Reading private application files or databases,To read a file from internal storage: 1. Call `openFileInput()` and pass it the name of the file to read. This returns a `FileInputStream`.,FileChannel src = new FileInputStream(currentDB) .getChannel();
data:KU:java.io.FileInputStream:DATA-0055,data:KU:java.io.FileInputStream:DATA-0056,task_related,,llm_quote_grounded,Both KUs use FileInputStream to read source files for further processing (zipping or copying).,Reading source files for backup or compression,fi = new FileInputStream(name);,FileChannel src = new FileInputStream(currentDB) .getChannel();
data:KU:java.io.FileInputStream:DATA-0056,data:KU:java.io.FileOutputStream:DATA-0027,task_related,,llm_quote_grounded,"Both KUs describe methods for copying an SQLite database file in Android, using FileInputStream/FileOutputStream or FileChannels to transfer data from a source location to a destination.",Android application development involving database backup or initialization.,public void copyDataBase() {,private void copyDataBase() throws IOException{
data:KU:java.io.FileInputStream:DATA-0056,data:KU:java.io.InputStream:DATA-0036,task_related,,llm_quote_grounded,"Both KUs provide code examples for copying an SQLite database file in Android, utilizing input streams (FileInputStream vs Assets InputStream) to read the source database.",Android database management and file I/O operations.,public void copyDataBase() {,private void copyDataBase() throws IOException{
data:KU:java.io.FileInputStream:DATA-0056,data:KU:java.io.OutputStream:DATA-0003,task_related,,llm_quote_grounded,"Both KUs demonstrate techniques for copying an SQLite database file in Android, employing output streams (FileChannel/FileOutputStream) to write the data to a new location.",Android file system operations for database backups or setup.,public void copyDataBase() {,private void copyDataBase() throws IOException{
data:KU:java.io.FileOutputStream:DATA-0026,data:KU:java.io.FileOutputStream:DATA-0027,task_related,,llm_quote_grounded,"Both KUs present solutions for copying an SQLite database file within an Android application, specifically showing how to use FileOutputStream to write the copied data.",Android database persistence and file manipulation.,public void copyDataBase() {,private void copyDataBase() throws IOException{
data:KU:java.io.FileOutputStream:DATA-0026,data:KU:java.io.InputStream:DATA-0036,task_related,,llm_quote_grounded,"Both knowledge units describe the task of copying an SQLite database file in Android, utilizing input and output streams to transfer data.",Android application development involving local database management and file I/O operations.,"We can't get db from any (Samsung) tablet, but we can copy its data and can pull to our PC.",this is how you can copy the database file from the assets folder to your working directory
data:KU:java.io.FileOutputStream:DATA-0026,data:KU:java.io.OutputStream:DATA-0003,task_related,,llm_quote_grounded,Both knowledge units address the specific task of copying an SQLite database within an Android environment using stream-based file operations.,Android file system manipulation for database backup or migration.,"We can't get db from any (Samsung) tablet, but we can copy its data and can pull to our PC.",this is how you can copy the database file from the assets folder to your working directory
data:KU:java.io.FileOutputStream:DATA-0027,data:KU:java.io.FileOutputStream:DATA-0060,complements,,llm_quote_grounded,"The right KU provides the general API documentation and standard usage pattern for FileOutputStream on internal storage, which complements the left KU's specific implementation example of using that API to copy a database file.",Understanding the underlying mechanism of FileOutputStream when used in the context of the database copy example.,OutputStream myOutput = new FileOutputStream(outFileName);,Call `openFileOutput()` with the name of the file and the operating mode. This returns a `FileOutputStream`.
