edge_id,scope,quote,origin,locator,evidence_file,extraction_call,review_call,role_audit_call
a11b14c6410bb7d75cf194f8,method,public void setTarget(java.lang.Object);,binary_declaration,tmp\authoritative_artifacts\android\android-4.1.1.4.jar,declarations/bb6ee9746b5efb4a7d16.txt,,,
17d746f8ce52b016bd667f07,method,public java.lang.Object clone() throws java.lang.CloneNotSupportedException;,binary_declaration,tmp\authoritative_artifacts\android\android-4.1.1.4.jar,declarations/bb6ee9746b5efb4a7d16.txt,,,
0ff5e13493016cbfd7f68d79,method,"public static android.animation.Animator loadAnimator(android.content.Context, int) throws android.content.res.Resources$NotFoundException;",binary_declaration,tmp\authoritative_artifacts\android\android-4.1.1.4.jar,declarations/1878da551bc0ab49fbf4.txt,,,
d038b87e268fa3b2c9fac107,method,"public static android.animation.Animator loadAnimator(android.content.Context, int) throws android.content.res.Resources$NotFoundException;",binary_declaration,tmp\authoritative_artifacts\android\android-4.1.1.4.jar,declarations/1878da551bc0ab49fbf4.txt,,,
3e05a343fa5d4adcbaa138dd,method,public android.animation.AnimatorSet$Builder play(android.animation.Animator);,binary_declaration,tmp\authoritative_artifacts\android\android-4.1.1.4.jar,declarations/a2de23fb31fef67739bb.txt,,,
3e05a343fa5d4adcbaa138dd,method,public void playSequentially(android.animation.Animator...);,binary_declaration,tmp\authoritative_artifacts\android\android-4.1.1.4.jar,declarations/a2de23fb31fef67739bb.txt,,,
3e05a343fa5d4adcbaa138dd,method,public void playTogether(android.animation.Animator...);,binary_declaration,tmp\authoritative_artifacts\android\android-4.1.1.4.jar,declarations/a2de23fb31fef67739bb.txt,,,
1319dd2c7de4076c53d0e34c,method,public android.animation.Animator clone();,binary_declaration,tmp\authoritative_artifacts\android\android-4.1.1.4.jar,declarations/a2de23fb31fef67739bb.txt,,,
1319dd2c7de4076c53d0e34c,method,public android.animation.Animator setDuration(long);,binary_declaration,tmp\authoritative_artifacts\android\android-4.1.1.4.jar,declarations/a2de23fb31fef67739bb.txt,,,
a72a70efa40af5d229bcf371,type,class android.animation.AnimatorSet extends android.animation.Animator {,binary_declaration,tmp\authoritative_artifacts\android\android-4.1.1.4.jar,declarations/a2de23fb31fef67739bb.txt,,,
458b06bd1c6ce7b0e0dd8c97,method,public void setTarget(java.lang.Object);,binary_declaration,tmp\authoritative_artifacts\android\android-4.1.1.4.jar,declarations/a2de23fb31fef67739bb.txt,,,
41e4da3223d2b77a922dc60d,method,public java.lang.Object clone() throws java.lang.CloneNotSupportedException;,binary_declaration,tmp\authoritative_artifacts\android\android-4.1.1.4.jar,declarations/a2de23fb31fef67739bb.txt,,,
8883be63d3e602ec66e155d2,method,public android.animation.Animator clone();,binary_declaration,tmp\authoritative_artifacts\android\android-4.1.1.4.jar,declarations/0f9b0b4587c249be4939.txt,,,
8883be63d3e602ec66e155d2,method,public android.animation.Animator setDuration(long);,binary_declaration,tmp\authoritative_artifacts\android\android-4.1.1.4.jar,declarations/0f9b0b4587c249be4939.txt,,,
ba34e639a299704360a91fac,method,public android.animation.ValueAnimator clone();,binary_declaration,tmp\authoritative_artifacts\android\android-4.1.1.4.jar,declarations/0f9b0b4587c249be4939.txt,,,
ba34e639a299704360a91fac,method,public android.animation.ValueAnimator setDuration(long);,binary_declaration,tmp\authoritative_artifacts\android\android-4.1.1.4.jar,declarations/0f9b0b4587c249be4939.txt,,,
672639abad002fba4bccf061,type,class android.animation.ObjectAnimator extends android.animation.ValueAnimator {,binary_declaration,tmp\authoritative_artifacts\android\android-4.1.1.4.jar,declarations/0f9b0b4587c249be4939.txt,,,
fa0fa5926dd9397ff9a76e0a,method,"public static android.animation.ObjectAnimator ofFloat(java.lang.Object, java.lang.String, float...);",binary_declaration,tmp\authoritative_artifacts\android\android-4.1.1.4.jar,declarations/0f9b0b4587c249be4939.txt,,,
fa0fa5926dd9397ff9a76e0a,method,"public static android.animation.ObjectAnimator ofInt(java.lang.Object, java.lang.String, int...);",binary_declaration,tmp\authoritative_artifacts\android\android-4.1.1.4.jar,declarations/0f9b0b4587c249be4939.txt,,,
fa0fa5926dd9397ff9a76e0a,method,"public static android.animation.ObjectAnimator ofObject(java.lang.Object, java.lang.String, android.animation.TypeEvaluator, java.lang.Object...);",binary_declaration,tmp\authoritative_artifacts\android\android-4.1.1.4.jar,declarations/0f9b0b4587c249be4939.txt,,,
fa0fa5926dd9397ff9a76e0a,method,"public static android.animation.ObjectAnimator ofPropertyValuesHolder(java.lang.Object, android.animation.PropertyValuesHolder...);",binary_declaration,tmp\authoritative_artifacts\android\android-4.1.1.4.jar,declarations/0f9b0b4587c249be4939.txt,,,
fa0fa5926dd9397ff9a76e0a,method,public void setObjectValues(java.lang.Object...);,binary_declaration,tmp\authoritative_artifacts\android\android-4.1.1.4.jar,declarations/0f9b0b4587c249be4939.txt,,,
fa0fa5926dd9397ff9a76e0a,method,public void setTarget(java.lang.Object);,binary_declaration,tmp\authoritative_artifacts\android\android-4.1.1.4.jar,declarations/0f9b0b4587c249be4939.txt,,,
a4157bf5b11ba11d204b5d67,method,public java.lang.Object clone() throws java.lang.CloneNotSupportedException;,binary_declaration,tmp\authoritative_artifacts\android\android-4.1.1.4.jar,declarations/0f9b0b4587c249be4939.txt,,,
a4157bf5b11ba11d204b5d67,method,public java.lang.Object getTarget();,binary_declaration,tmp\authoritative_artifacts\android\android-4.1.1.4.jar,declarations/0f9b0b4587c249be4939.txt,,,
d69f08edbdcfa8ad32d6f8b4,method,"public static android.animation.ObjectAnimator ofFloat(java.lang.Object, java.lang.String, float...);",binary_declaration,tmp\authoritative_artifacts\android\android-4.1.1.4.jar,declarations/0f9b0b4587c249be4939.txt,,,
d69f08edbdcfa8ad32d6f8b4,method,"public static android.animation.ObjectAnimator ofInt(java.lang.Object, java.lang.String, int...);",binary_declaration,tmp\authoritative_artifacts\android\android-4.1.1.4.jar,declarations/0f9b0b4587c249be4939.txt,,,
d69f08edbdcfa8ad32d6f8b4,method,"public static android.animation.ObjectAnimator ofObject(java.lang.Object, java.lang.String, android.animation.TypeEvaluator, java.lang.Object...);",binary_declaration,tmp\authoritative_artifacts\android\android-4.1.1.4.jar,declarations/0f9b0b4587c249be4939.txt,,,
d69f08edbdcfa8ad32d6f8b4,method,public void setPropertyName(java.lang.String);,binary_declaration,tmp\authoritative_artifacts\android\android-4.1.1.4.jar,declarations/0f9b0b4587c249be4939.txt,,,
b0e83b7324ec6f9d4f9d8ce8,method,public java.lang.String getPropertyName();,binary_declaration,tmp\authoritative_artifacts\android\android-4.1.1.4.jar,declarations/0f9b0b4587c249be4939.txt,,,
b0e83b7324ec6f9d4f9d8ce8,method,public java.lang.String toString();,binary_declaration,tmp\authoritative_artifacts\android\android-4.1.1.4.jar,declarations/0f9b0b4587c249be4939.txt,,,
bbea1c251cb3eba4929558aa,method,public android.animation.Animator clone();,binary_declaration,tmp\authoritative_artifacts\android\android-4.1.1.4.jar,declarations/6ad59e041daff97cf9f6.txt,,,
bbea1c251cb3eba4929558aa,method,public android.animation.Animator setDuration(long);,binary_declaration,tmp\authoritative_artifacts\android\android-4.1.1.4.jar,declarations/6ad59e041daff97cf9f6.txt,,,
fcf89b406922ef6fb05a893f,type,class android.animation.ValueAnimator extends android.animation.Animator {,binary_declaration,tmp\authoritative_artifacts\android\android-4.1.1.4.jar,declarations/6ad59e041daff97cf9f6.txt,,,
00b9a3cd72a4c07e5f4dcb0c,method,"public static android.animation.ValueAnimator ofObject(android.animation.TypeEvaluator, java.lang.Object...);",binary_declaration,tmp\authoritative_artifacts\android\android-4.1.1.4.jar,declarations/6ad59e041daff97cf9f6.txt,,,
00b9a3cd72a4c07e5f4dcb0c,method,public void setObjectValues(java.lang.Object...);,binary_declaration,tmp\authoritative_artifacts\android\android-4.1.1.4.jar,declarations/6ad59e041daff97cf9f6.txt,,,
09a2d35838aa8c5fc55a4dbe,method,public java.lang.Object clone() throws java.lang.CloneNotSupportedException;,binary_declaration,tmp\authoritative_artifacts\android\android-4.1.1.4.jar,declarations/6ad59e041daff97cf9f6.txt,,,
09a2d35838aa8c5fc55a4dbe,method,public java.lang.Object getAnimatedValue();,binary_declaration,tmp\authoritative_artifacts\android\android-4.1.1.4.jar,declarations/6ad59e041daff97cf9f6.txt,,,
09a2d35838aa8c5fc55a4dbe,method,public java.lang.Object getAnimatedValue(java.lang.String);,binary_declaration,tmp\authoritative_artifacts\android\android-4.1.1.4.jar,declarations/6ad59e041daff97cf9f6.txt,,,
6c4d0a85e9a7c54e4d53354e,method,public java.lang.Object getAnimatedValue(java.lang.String);,binary_declaration,tmp\authoritative_artifacts\android\android-4.1.1.4.jar,declarations/6ad59e041daff97cf9f6.txt,,,
c3ea550d1d94d53f6b5c6515,method,public java.lang.String toString();,binary_declaration,tmp\authoritative_artifacts\android\android-4.1.1.4.jar,declarations/6ad59e041daff97cf9f6.txt,,,
057ec188975f4e9d93cdcf8f,method,"public android.view.View onCreateView(android.view.View, java.lang.String, android.content.Context, android.util.AttributeSet);",binary_declaration,tmp\authoritative_artifacts\android\android-4.1.1.4.jar,declarations/975da140eee49191272e.txt,,,
057ec188975f4e9d93cdcf8f,method,"public android.view.View onCreateView(java.lang.String, android.content.Context, android.util.AttributeSet);",binary_declaration,tmp\authoritative_artifacts\android\android-4.1.1.4.jar,declarations/975da140eee49191272e.txt,,,
0408e33675f1f9fd8543cb71,method,"public boolean onCreateThumbnail(android.graphics.Bitmap, android.graphics.Canvas);",binary_declaration,tmp\authoritative_artifacts\android\android-4.1.1.4.jar,declarations/975da140eee49191272e.txt,,,
7249892c1242511867921f9d,method,"public final void setFeatureDrawable(int, android.graphics.drawable.Drawable);",binary_declaration,tmp\authoritative_artifacts\android\android-4.1.1.4.jar,declarations/975da140eee49191272e.txt,,,
8886ec82a869e64561f357b8,method,"public boolean startActivityIfNeeded(android.content.Intent, int, android.os.Bundle);",binary_declaration,tmp\authoritative_artifacts\android\android-4.1.1.4.jar,declarations/975da140eee49191272e.txt,,,
8886ec82a869e64561f357b8,method,"public boolean startNextMatchingActivity(android.content.Intent, android.os.Bundle);",binary_declaration,tmp\authoritative_artifacts\android\android-4.1.1.4.jar,declarations/975da140eee49191272e.txt,,,
8886ec82a869e64561f357b8,method,"public final boolean showDialog(int, android.os.Bundle);",binary_declaration,tmp\authoritative_artifacts\android\android-4.1.1.4.jar,declarations/975da140eee49191272e.txt,,,
8886ec82a869e64561f357b8,method,"public void startActivities(android.content.Intent[], android.os.Bundle);",binary_declaration,tmp\authoritative_artifacts\android\android-4.1.1.4.jar,declarations/975da140eee49191272e.txt,,,
8886ec82a869e64561f357b8,method,"public void startActivity(android.content.Intent, android.os.Bundle);",binary_declaration,tmp\authoritative_artifacts\android\android-4.1.1.4.jar,declarations/975da140eee49191272e.txt,,,
8886ec82a869e64561f357b8,method,"public void startActivityForResult(android.content.Intent, int, android.os.Bundle);",binary_declaration,tmp\authoritative_artifacts\android\android-4.1.1.4.jar,declarations/975da140eee49191272e.txt,,,
8886ec82a869e64561f357b8,method,"public void startActivityFromChild(android.app.Activity, android.content.Intent, int, android.os.Bundle);",binary_declaration,tmp\authoritative_artifacts\android\android-4.1.1.4.jar,declarations/975da140eee49191272e.txt,,,
8886ec82a869e64561f357b8,method,"public void startActivityFromFragment(android.app.Fragment, android.content.Intent, int, android.os.Bundle);",binary_declaration,tmp\authoritative_artifacts\android\android-4.1.1.4.jar,declarations/975da140eee49191272e.txt,,,
8886ec82a869e64561f357b8,method,"public void startIntentSender(android.content.IntentSender, android.content.Intent, int, int, int, android.os.Bundle) throws android.content.IntentSender$SendIntentException;",binary_declaration,tmp\authoritative_artifacts\android\android-4.1.1.4.jar,declarations/975da140eee49191272e.txt,,,
8886ec82a869e64561f357b8,method,"public void startIntentSenderForResult(android.content.IntentSender, int, android.content.Intent, int, int, int, android.os.Bundle) throws android.content.IntentSender$SendIntentException;",binary_declaration,tmp\authoritative_artifacts\android\android-4.1.1.4.jar,declarations/975da140eee49191272e.txt,,,
8886ec82a869e64561f357b8,method,"public void startIntentSenderFromChild(android.app.Activity, android.content.IntentSender, int, android.content.Intent, int, int, int, android.os.Bundle) throws android.content.IntentSender$SendIntentException;",binary_declaration,tmp\authoritative_artifacts\android\android-4.1.1.4.jar,declarations/975da140eee49191272e.txt,,,
8886ec82a869e64561f357b8,method,"public void startSearch(java.lang.String, boolean, android.os.Bundle, boolean);",binary_declaration,tmp\authoritative_artifacts\android\android-4.1.1.4.jar,declarations/975da140eee49191272e.txt,,,
8886ec82a869e64561f357b8,method,"public void triggerSearch(java.lang.String, android.os.Bundle);",binary_declaration,tmp\authoritative_artifacts\android\android-4.1.1.4.jar,declarations/975da140eee49191272e.txt,,,
d11db397372ace096b80aabd,method,public boolean onCreateOptionsMenu(android.view.Menu);,binary_declaration,tmp\authoritative_artifacts\android\android-4.1.1.4.jar,declarations/975da140eee49191272e.txt,,,
d11db397372ace096b80aabd,method,"public boolean onCreatePanelMenu(int, android.view.Menu);",binary_declaration,tmp\authoritative_artifacts\android\android-4.1.1.4.jar,declarations/975da140eee49191272e.txt,,,
d11db397372ace096b80aabd,method,"public boolean onMenuOpened(int, android.view.Menu);",binary_declaration,tmp\authoritative_artifacts\android\android-4.1.1.4.jar,declarations/975da140eee49191272e.txt,,,
d11db397372ace096b80aabd,method,public boolean onPrepareOptionsMenu(android.view.Menu);,binary_declaration,tmp\authoritative_artifacts\android\android-4.1.1.4.jar,declarations/975da140eee49191272e.txt,,,
d11db397372ace096b80aabd,method,"public boolean onPreparePanel(int, android.view.View, android.view.Menu);",binary_declaration,tmp\authoritative_artifacts\android\android-4.1.1.4.jar,declarations/975da140eee49191272e.txt,,,
d11db397372ace096b80aabd,method,public void onContextMenuClosed(android.view.Menu);,binary_declaration,tmp\authoritative_artifacts\android\android-4.1.1.4.jar,declarations/975da140eee49191272e.txt,,,
d11db397372ace096b80aabd,method,public void onOptionsMenuClosed(android.view.Menu);,binary_declaration,tmp\authoritative_artifacts\android\android-4.1.1.4.jar,declarations/975da140eee49191272e.txt,,,
d11db397372ace096b80aabd,method,"public void onPanelClosed(int, android.view.Menu);",binary_declaration,tmp\authoritative_artifacts\android\android-4.1.1.4.jar,declarations/975da140eee49191272e.txt,,,
9889870eb79db3ee22be8f28,method,"public android.view.View onCreateView(android.view.View, java.lang.String, android.content.Context, android.util.AttributeSet);",binary_declaration,tmp\authoritative_artifacts\android\android-4.1.1.4.jar,declarations/975da140eee49191272e.txt,,,
9889870eb79db3ee22be8f28,method,"public boolean onPreparePanel(int, android.view.View, android.view.Menu);",binary_declaration,tmp\authoritative_artifacts\android\android-4.1.1.4.jar,declarations/975da140eee49191272e.txt,,,
9889870eb79db3ee22be8f28,method,"public void addContentView(android.view.View, android.view.ViewGroup$LayoutParams);",binary_declaration,tmp\authoritative_artifacts\android\android-4.1.1.4.jar,declarations/975da140eee49191272e.txt,,,
9889870eb79db3ee22be8f28,method,"public void onCreateContextMenu(android.view.ContextMenu, android.view.View, android.view.ContextMenu$ContextMenuInfo);",binary_declaration,tmp\authoritative_artifacts\android\android-4.1.1.4.jar,declarations/975da140eee49191272e.txt,,,
9889870eb79db3ee22be8f28,method,public void openContextMenu(android.view.View);,binary_declaration,tmp\authoritative_artifacts\android\android-4.1.1.4.jar,declarations/975da140eee49191272e.txt,,,
9889870eb79db3ee22be8f28,method,public void registerForContextMenu(android.view.View);,binary_declaration,tmp\authoritative_artifacts\android\android-4.1.1.4.jar,declarations/975da140eee49191272e.txt,,,
9889870eb79db3ee22be8f28,method,public void setContentView(android.view.View);,binary_declaration,tmp\authoritative_artifacts\android\android-4.1.1.4.jar,declarations/975da140eee49191272e.txt,,,
9889870eb79db3ee22be8f28,method,"public void setContentView(android.view.View, android.view.ViewGroup$LayoutParams);",binary_declaration,tmp\authoritative_artifacts\android\android-4.1.1.4.jar,declarations/975da140eee49191272e.txt,,,
9889870eb79db3ee22be8f28,method,public void unregisterForContextMenu(android.view.View);,binary_declaration,tmp\authoritative_artifacts\android\android-4.1.1.4.jar,declarations/975da140eee49191272e.txt,,,
26bb4466d5a8adff846202c9,method,public android.view.View findViewById(int);,binary_declaration,tmp\authoritative_artifacts\android\android-4.1.1.4.jar,declarations/975da140eee49191272e.txt,,,
26bb4466d5a8adff846202c9,method,public android.view.View getCurrentFocus();,binary_declaration,tmp\authoritative_artifacts\android\android-4.1.1.4.jar,declarations/975da140eee49191272e.txt,,,
26bb4466d5a8adff846202c9,method,public android.view.View onCreatePanelView(int);,binary_declaration,tmp\authoritative_artifacts\android\android-4.1.1.4.jar,declarations/975da140eee49191272e.txt,,,
26bb4466d5a8adff846202c9,method,"public android.view.View onCreateView(android.view.View, java.lang.String, android.content.Context, android.util.AttributeSet);",binary_declaration,tmp\authoritative_artifacts\android\android-4.1.1.4.jar,declarations/975da140eee49191272e.txt,,,
26bb4466d5a8adff846202c9,method,"public android.view.View onCreateView(java.lang.String, android.content.Context, android.util.AttributeSet);",binary_declaration,tmp\authoritative_artifacts\android\android-4.1.1.4.jar,declarations/975da140eee49191272e.txt,,,
a38e4b04d2b07d6a96d75461,method,public android.view.Window getWindow();,binary_declaration,tmp\authoritative_artifacts\android\android-4.1.1.4.jar,declarations/975da140eee49191272e.txt,,,
f0cf04a1f1fe622cce6454fa,method,public java.lang.Object getLastNonConfigurationInstance();,binary_declaration,tmp\authoritative_artifacts\android\android-4.1.1.4.jar,declarations/975da140eee49191272e.txt,,,
f0cf04a1f1fe622cce6454fa,method,public java.lang.Object getSystemService(java.lang.String);,binary_declaration,tmp\authoritative_artifacts\android\android-4.1.1.4.jar,declarations/975da140eee49191272e.txt,,,
f0cf04a1f1fe622cce6454fa,method,public java.lang.Object onRetainNonConfigurationInstance();,binary_declaration,tmp\authoritative_artifacts\android\android-4.1.1.4.jar,declarations/975da140eee49191272e.txt,,,
c8951886cf2f37e4877a6357,method,"public android.view.View onCreateView(android.view.View, java.lang.String, android.content.Context, android.util.AttributeSet);",binary_declaration,tmp\authoritative_artifacts\android\android-4.1.1.4.jar,declarations/975da140eee49191272e.txt,,,
c8951886cf2f37e4877a6357,method,"public android.view.View onCreateView(java.lang.String, android.content.Context, android.util.AttributeSet);",binary_declaration,tmp\authoritative_artifacts\android\android-4.1.1.4.jar,declarations/975da140eee49191272e.txt,,,
c8951886cf2f37e4877a6357,method,"public final android.database.Cursor managedQuery(android.net.Uri, java.lang.String[], java.lang.String, java.lang.String[], java.lang.String);",binary_declaration,tmp\authoritative_artifacts\android\android-4.1.1.4.jar,declarations/975da140eee49191272e.txt,,,
c8951886cf2f37e4877a6357,method,public java.lang.Object getSystemService(java.lang.String);,binary_declaration,tmp\authoritative_artifacts\android\android-4.1.1.4.jar,declarations/975da140eee49191272e.txt,,,
c8951886cf2f37e4877a6357,method,"public void dump(java.lang.String, java.io.FileDescriptor, java.io.PrintWriter, java.lang.String[]);",binary_declaration,tmp\authoritative_artifacts\android\android-4.1.1.4.jar,declarations/975da140eee49191272e.txt,,,
c8951886cf2f37e4877a6357,method,"public void startSearch(java.lang.String, boolean, android.os.Bundle, boolean);",binary_declaration,tmp\authoritative_artifacts\android\android-4.1.1.4.jar,declarations/975da140eee49191272e.txt,,,
c8951886cf2f37e4877a6357,method,"public void triggerSearch(java.lang.String, android.os.Bundle);",binary_declaration,tmp\authoritative_artifacts\android\android-4.1.1.4.jar,declarations/975da140eee49191272e.txt,,,
a4fd2fb20e5d03214b50db73,method,public java.lang.String getCallingPackage();,binary_declaration,tmp\authoritative_artifacts\android\android-4.1.1.4.jar,declarations/975da140eee49191272e.txt,,,
a4fd2fb20e5d03214b50db73,method,public java.lang.String getLocalClassName();,binary_declaration,tmp\authoritative_artifacts\android\android-4.1.1.4.jar,declarations/975da140eee49191272e.txt,,,
5b5a1237abfa5efef48914f5,method,public abstract android.content.res.Resources getResources();,binary_declaration,tmp\authoritative_artifacts\android\android-4.1.1.4.jar,declarations/80e948f43db8a9452a32.txt,,,
f9e0154dbc689cb999af2f4c,method,"public final android.content.res.TypedArray obtainStyledAttributes(android.util.AttributeSet, int[]);",binary_declaration,tmp\authoritative_artifacts\android\android-4.1.1.4.jar,declarations/80e948f43db8a9452a32.txt,,,
f9e0154dbc689cb999af2f4c,method,"public final android.content.res.TypedArray obtainStyledAttributes(android.util.AttributeSet, int[], int, int);",binary_declaration,tmp\authoritative_artifacts\android\android-4.1.1.4.jar,declarations/80e948f43db8a9452a32.txt,,,
f9e0154dbc689cb999af2f4c,method,"public final android.content.res.TypedArray obtainStyledAttributes(int, int[]) throws android.content.res.Resources$NotFoundException;",binary_declaration,tmp\authoritative_artifacts\android\android-4.1.1.4.jar,declarations/80e948f43db8a9452a32.txt,,,
f9e0154dbc689cb999af2f4c,method,public final android.content.res.TypedArray obtainStyledAttributes(int[]);,binary_declaration,tmp\authoritative_artifacts\android\android-4.1.1.4.jar,declarations/80e948f43db8a9452a32.txt,,,
45524be8d2dfc3089d771d4b,method,public abstract void setWallpaper(android.graphics.Bitmap) throws java.io.IOException;,binary_declaration,tmp\authoritative_artifacts\android\android-4.1.1.4.jar,declarations/80e948f43db8a9452a32.txt,,,
6853911e9ee7f7182b033936,method,public abstract android.graphics.drawable.Drawable getWallpaper();,binary_declaration,tmp\authoritative_artifacts\android\android-4.1.1.4.jar,declarations/80e948f43db8a9452a32.txt,,,
6853911e9ee7f7182b033936,method,public abstract android.graphics.drawable.Drawable peekWallpaper();,binary_declaration,tmp\authoritative_artifacts\android\android-4.1.1.4.jar,declarations/80e948f43db8a9452a32.txt,,,
d51f3d5d742f17d920dbd67e,method,"public abstract boolean startInstrumentation(android.content.ComponentName, java.lang.String, android.os.Bundle);",binary_declaration,tmp\authoritative_artifacts\android\android-4.1.1.4.jar,declarations/80e948f43db8a9452a32.txt,,,
d51f3d5d742f17d920dbd67e,method,"public abstract void sendOrderedBroadcast(android.content.Intent, java.lang.String, android.content.BroadcastReceiver, android.os.Handler, int, java.lang.String, android.os.Bundle);",binary_declaration,tmp\authoritative_artifacts\android\android-4.1.1.4.jar,declarations/80e948f43db8a9452a32.txt,,,
d51f3d5d742f17d920dbd67e,method,"public abstract void sendStickyOrderedBroadcast(android.content.Intent, android.content.BroadcastReceiver, android.os.Handler, int, java.lang.String, android.os.Bundle);",binary_declaration,tmp\authoritative_artifacts\android\android-4.1.1.4.jar,declarations/80e948f43db8a9452a32.txt,,,
d51f3d5d742f17d920dbd67e,method,"public abstract void startActivities(android.content.Intent[], android.os.Bundle);",binary_declaration,tmp\authoritative_artifacts\android\android-4.1.1.4.jar,declarations/80e948f43db8a9452a32.txt,,,
d51f3d5d742f17d920dbd67e,method,"public abstract void startActivity(android.content.Intent, android.os.Bundle);",binary_declaration,tmp\authoritative_artifacts\android\android-4.1.1.4.jar,declarations/80e948f43db8a9452a32.txt,,,
d51f3d5d742f17d920dbd67e,method,"public abstract void startIntentSender(android.content.IntentSender, android.content.Intent, int, int, int, android.os.Bundle) throws android.content.IntentSender$SendIntentException;",binary_declaration,tmp\authoritative_artifacts\android\android-4.1.1.4.jar,declarations/80e948f43db8a9452a32.txt,,,
1860316cb0ea73b8dad032ef,method,"public final java.lang.String getString(int, java.lang.Object...);",binary_declaration,tmp\authoritative_artifacts\android\android-4.1.1.4.jar,declarations/80e948f43db8a9452a32.txt,,,
98994687d9457d24e90ca7b7,method,public abstract java.lang.Object getSystemService(java.lang.String);,binary_declaration,tmp\authoritative_artifacts\android\android-4.1.1.4.jar,declarations/80e948f43db8a9452a32.txt,,,
0057c582c1108c61d56922e2,method,"public abstract android.content.Context createPackageContext(java.lang.String, int) throws android.content.pm.PackageManager$NameNotFoundException;",binary_declaration,tmp\authoritative_artifacts\android\android-4.1.1.4.jar,declarations/80e948f43db8a9452a32.txt,,,
0057c582c1108c61d56922e2,method,"public abstract android.content.Intent registerReceiver(android.content.BroadcastReceiver, android.content.IntentFilter, java.lang.String, android.os.Handler);",binary_declaration,tmp\authoritative_artifacts\android\android-4.1.1.4.jar,declarations/80e948f43db8a9452a32.txt,,,
0057c582c1108c61d56922e2,method,"public abstract android.content.SharedPreferences getSharedPreferences(java.lang.String, int);",binary_declaration,tmp\authoritative_artifacts\android\android-4.1.1.4.jar,declarations/80e948f43db8a9452a32.txt,,,
0057c582c1108c61d56922e2,method,"public abstract android.database.sqlite.SQLiteDatabase openOrCreateDatabase(java.lang.String, int, android.database.sqlite.SQLiteDatabase$CursorFactory);",binary_declaration,tmp\authoritative_artifacts\android\android-4.1.1.4.jar,declarations/80e948f43db8a9452a32.txt,,,
0057c582c1108c61d56922e2,method,"public abstract android.database.sqlite.SQLiteDatabase openOrCreateDatabase(java.lang.String, int, android.database.sqlite.SQLiteDatabase$CursorFactory, android.database.DatabaseErrorHandler);",binary_declaration,tmp\authoritative_artifacts\android\android-4.1.1.4.jar,declarations/80e948f43db8a9452a32.txt,,,
0057c582c1108c61d56922e2,method,public abstract boolean deleteDatabase(java.lang.String);,binary_declaration,tmp\authoritative_artifacts\android\android-4.1.1.4.jar,declarations/80e948f43db8a9452a32.txt,,,
0057c582c1108c61d56922e2,method,public abstract boolean deleteFile(java.lang.String);,binary_declaration,tmp\authoritative_artifacts\android\android-4.1.1.4.jar,declarations/80e948f43db8a9452a32.txt,,,
0057c582c1108c61d56922e2,method,"public abstract boolean startInstrumentation(android.content.ComponentName, java.lang.String, android.os.Bundle);",binary_declaration,tmp\authoritative_artifacts\android\android-4.1.1.4.jar,declarations/80e948f43db8a9452a32.txt,,,
0057c582c1108c61d56922e2,method,public abstract int checkCallingOrSelfPermission(java.lang.String);,binary_declaration,tmp\authoritative_artifacts\android\android-4.1.1.4.jar,declarations/80e948f43db8a9452a32.txt,,,
0057c582c1108c61d56922e2,method,public abstract int checkCallingPermission(java.lang.String);,binary_declaration,tmp\authoritative_artifacts\android\android-4.1.1.4.jar,declarations/80e948f43db8a9452a32.txt,,,
0057c582c1108c61d56922e2,method,"public abstract int checkPermission(java.lang.String, int, int);",binary_declaration,tmp\authoritative_artifacts\android\android-4.1.1.4.jar,declarations/80e948f43db8a9452a32.txt,,,
0057c582c1108c61d56922e2,method,"public abstract int checkUriPermission(android.net.Uri, java.lang.String, java.lang.String, int, int, int);",binary_declaration,tmp\authoritative_artifacts\android\android-4.1.1.4.jar,declarations/80e948f43db8a9452a32.txt,,,
0057c582c1108c61d56922e2,method,public abstract java.io.File getDatabasePath(java.lang.String);,binary_declaration,tmp\authoritative_artifacts\android\android-4.1.1.4.jar,declarations/80e948f43db8a9452a32.txt,,,
0057c582c1108c61d56922e2,method,"public abstract java.io.File getDir(java.lang.String, int);",binary_declaration,tmp\authoritative_artifacts\android\android-4.1.1.4.jar,declarations/80e948f43db8a9452a32.txt,,,
0057c582c1108c61d56922e2,method,public abstract java.io.File getExternalFilesDir(java.lang.String);,binary_declaration,tmp\authoritative_artifacts\android\android-4.1.1.4.jar,declarations/80e948f43db8a9452a32.txt,,,
0057c582c1108c61d56922e2,method,public abstract java.io.File getFileStreamPath(java.lang.String);,binary_declaration,tmp\authoritative_artifacts\android\android-4.1.1.4.jar,declarations/80e948f43db8a9452a32.txt,,,
0057c582c1108c61d56922e2,method,public abstract java.io.FileInputStream openFileInput(java.lang.String) throws java.io.FileNotFoundException;,binary_declaration,tmp\authoritative_artifacts\android\android-4.1.1.4.jar,declarations/80e948f43db8a9452a32.txt,,,
0057c582c1108c61d56922e2,method,"public abstract java.io.FileOutputStream openFileOutput(java.lang.String, int) throws java.io.FileNotFoundException;",binary_declaration,tmp\authoritative_artifacts\android\android-4.1.1.4.jar,declarations/80e948f43db8a9452a32.txt,,,
0057c582c1108c61d56922e2,method,public abstract java.lang.Object getSystemService(java.lang.String);,binary_declaration,tmp\authoritative_artifacts\android\android-4.1.1.4.jar,declarations/80e948f43db8a9452a32.txt,,,
0057c582c1108c61d56922e2,method,"public abstract void enforceCallingOrSelfPermission(java.lang.String, java.lang.String);",binary_declaration,tmp\authoritative_artifacts\android\android-4.1.1.4.jar,declarations/80e948f43db8a9452a32.txt,,,
0057c582c1108c61d56922e2,method,"public abstract void enforceCallingOrSelfUriPermission(android.net.Uri, int, java.lang.String);",binary_declaration,tmp\authoritative_artifacts\android\android-4.1.1.4.jar,declarations/80e948f43db8a9452a32.txt,,,
0057c582c1108c61d56922e2,method,"public abstract void enforceCallingPermission(java.lang.String, java.lang.String);",binary_declaration,tmp\authoritative_artifacts\android\android-4.1.1.4.jar,declarations/80e948f43db8a9452a32.txt,,,
0057c582c1108c61d56922e2,method,"public abstract void enforceCallingUriPermission(android.net.Uri, int, java.lang.String);",binary_declaration,tmp\authoritative_artifacts\android\android-4.1.1.4.jar,declarations/80e948f43db8a9452a32.txt,,,
0057c582c1108c61d56922e2,method,"public abstract void enforcePermission(java.lang.String, int, int, java.lang.String);",binary_declaration,tmp\authoritative_artifacts\android\android-4.1.1.4.jar,declarations/80e948f43db8a9452a32.txt,,,
0057c582c1108c61d56922e2,method,"public abstract void enforceUriPermission(android.net.Uri, int, int, int, java.lang.String);",binary_declaration,tmp\authoritative_artifacts\android\android-4.1.1.4.jar,declarations/80e948f43db8a9452a32.txt,,,
0057c582c1108c61d56922e2,method,"public abstract void enforceUriPermission(android.net.Uri, java.lang.String, java.lang.String, int, int, int, java.lang.String);",binary_declaration,tmp\authoritative_artifacts\android\android-4.1.1.4.jar,declarations/80e948f43db8a9452a32.txt,,,
0057c582c1108c61d56922e2,method,"public abstract void grantUriPermission(java.lang.String, android.net.Uri, int);",binary_declaration,tmp\authoritative_artifacts\android\android-4.1.1.4.jar,declarations/80e948f43db8a9452a32.txt,,,
0057c582c1108c61d56922e2,method,"public abstract void sendBroadcast(android.content.Intent, java.lang.String);",binary_declaration,tmp\authoritative_artifacts\android\android-4.1.1.4.jar,declarations/80e948f43db8a9452a32.txt,,,
0057c582c1108c61d56922e2,method,"public abstract void sendOrderedBroadcast(android.content.Intent, java.lang.String);",binary_declaration,tmp\authoritative_artifacts\android\android-4.1.1.4.jar,declarations/80e948f43db8a9452a32.txt,,,
0057c582c1108c61d56922e2,method,"public abstract void sendOrderedBroadcast(android.content.Intent, java.lang.String, android.content.BroadcastReceiver, android.os.Handler, int, java.lang.String, android.os.Bundle);",binary_declaration,tmp\authoritative_artifacts\android\android-4.1.1.4.jar,declarations/80e948f43db8a9452a32.txt,,,
0057c582c1108c61d56922e2,method,"public abstract void sendStickyOrderedBroadcast(android.content.Intent, android.content.BroadcastReceiver, android.os.Handler, int, java.lang.String, android.os.Bundle);",binary_declaration,tmp\authoritative_artifacts\android\android-4.1.1.4.jar,declarations/80e948f43db8a9452a32.txt,,,
4887654ee9c22b492dc36706,method,public abstract java.lang.String getPackageCodePath();,binary_declaration,tmp\authoritative_artifacts\android\android-4.1.1.4.jar,declarations/80e948f43db8a9452a32.txt,,,
4887654ee9c22b492dc36706,method,public abstract java.lang.String getPackageName();,binary_declaration,tmp\authoritative_artifacts\android\android-4.1.1.4.jar,declarations/80e948f43db8a9452a32.txt,,,
4887654ee9c22b492dc36706,method,public abstract java.lang.String getPackageResourcePath();,binary_declaration,tmp\authoritative_artifacts\android\android-4.1.1.4.jar,declarations/80e948f43db8a9452a32.txt,,,
4887654ee9c22b492dc36706,method,public abstract java.lang.String[] databaseList();,binary_declaration,tmp\authoritative_artifacts\android\android-4.1.1.4.jar,declarations/80e948f43db8a9452a32.txt,,,
4887654ee9c22b492dc36706,method,public abstract java.lang.String[] fileList();,binary_declaration,tmp\authoritative_artifacts\android\android-4.1.1.4.jar,declarations/80e948f43db8a9452a32.txt,,,
4887654ee9c22b492dc36706,method,public final java.lang.String getString(int);,binary_declaration,tmp\authoritative_artifacts\android\android-4.1.1.4.jar,declarations/80e948f43db8a9452a32.txt,,,
4887654ee9c22b492dc36706,method,"public final java.lang.String getString(int, java.lang.Object...);",binary_declaration,tmp\authoritative_artifacts\android\android-4.1.1.4.jar,declarations/80e948f43db8a9452a32.txt,,,
9b178c8528c20d467569f999,method,"public android.content.res.TypedArray obtainAttributes(android.util.AttributeSet, int[]);",binary_declaration,tmp\authoritative_artifacts\android\android-4.1.1.4.jar,declarations/2e85005acbe963204d0e.txt,,,
9b178c8528c20d467569f999,method,public android.content.res.TypedArray obtainTypedArray(int) throws android.content.res.Resources$NotFoundException;,binary_declaration,tmp\authoritative_artifacts\android\android-4.1.1.4.jar,declarations/2e85005acbe963204d0e.txt,,,
022c03898613d66993a3382e,method,public android.graphics.drawable.Drawable getDrawable(int) throws android.content.res.Resources$NotFoundException;,binary_declaration,tmp\authoritative_artifacts\android\android-4.1.1.4.jar,declarations/2e85005acbe963204d0e.txt,,,
022c03898613d66993a3382e,method,"public android.graphics.drawable.Drawable getDrawableForDensity(int, int) throws android.content.res.Resources$NotFoundException;",binary_declaration,tmp\authoritative_artifacts\android\android-4.1.1.4.jar,declarations/2e85005acbe963204d0e.txt,,,
4f94d7b53b9921b4e083013f,method,"public void parseBundleExtra(java.lang.String, android.util.AttributeSet, android.os.Bundle) throws org.xmlpull.v1.XmlPullParserException;",binary_declaration,tmp\authoritative_artifacts\android\android-4.1.1.4.jar,declarations/2e85005acbe963204d0e.txt,,,
4f94d7b53b9921b4e083013f,method,"public void parseBundleExtras(android.content.res.XmlResourceParser, android.os.Bundle) throws org.xmlpull.v1.XmlPullParserException, java.io.IOException;",binary_declaration,tmp\authoritative_artifacts\android\android-4.1.1.4.jar,declarations/2e85005acbe963204d0e.txt,,,
4b1d92f4be75d50dcaeda165,method,"public java.lang.String getQuantityString(int, int, java.lang.Object...) throws android.content.res.Resources$NotFoundException;",binary_declaration,tmp\authoritative_artifacts\android\android-4.1.1.4.jar,declarations/2e85005acbe963204d0e.txt,,,
4b1d92f4be75d50dcaeda165,method,"public java.lang.String getString(int, java.lang.Object...) throws android.content.res.Resources$NotFoundException;",binary_declaration,tmp\authoritative_artifacts\android\android-4.1.1.4.jar,declarations/2e85005acbe963204d0e.txt,,,
ec52772b6b97e8aa72610f2c,method,"public int getIdentifier(java.lang.String, java.lang.String, java.lang.String);",binary_declaration,tmp\authoritative_artifacts\android\android-4.1.1.4.jar,declarations/2e85005acbe963204d0e.txt,,,
ec52772b6b97e8aa72610f2c,method,"public void getValue(java.lang.String, android.util.TypedValue, boolean) throws android.content.res.Resources$NotFoundException;",binary_declaration,tmp\authoritative_artifacts\android\android-4.1.1.4.jar,declarations/2e85005acbe963204d0e.txt,,,
ec52772b6b97e8aa72610f2c,method,"public void parseBundleExtra(java.lang.String, android.util.AttributeSet, android.os.Bundle) throws org.xmlpull.v1.XmlPullParserException;",binary_declaration,tmp\authoritative_artifacts\android\android-4.1.1.4.jar,declarations/2e85005acbe963204d0e.txt,,,
67fff79ee029024d83ae350b,method,"public java.lang.String getQuantityString(int, int) throws android.content.res.Resources$NotFoundException;",binary_declaration,tmp\authoritative_artifacts\android\android-4.1.1.4.jar,declarations/2e85005acbe963204d0e.txt,,,
67fff79ee029024d83ae350b,method,"public java.lang.String getQuantityString(int, int, java.lang.Object...) throws android.content.res.Resources$NotFoundException;",binary_declaration,tmp\authoritative_artifacts\android\android-4.1.1.4.jar,declarations/2e85005acbe963204d0e.txt,,,
67fff79ee029024d83ae350b,method,public java.lang.String getResourceEntryName(int) throws android.content.res.Resources$NotFoundException;,binary_declaration,tmp\authoritative_artifacts\android\android-4.1.1.4.jar,declarations/2e85005acbe963204d0e.txt,,,
67fff79ee029024d83ae350b,method,public java.lang.String getResourceName(int) throws android.content.res.Resources$NotFoundException;,binary_declaration,tmp\authoritative_artifacts\android\android-4.1.1.4.jar,declarations/2e85005acbe963204d0e.txt,,,
67fff79ee029024d83ae350b,method,public java.lang.String getResourcePackageName(int) throws android.content.res.Resources$NotFoundException;,binary_declaration,tmp\authoritative_artifacts\android\android-4.1.1.4.jar,declarations/2e85005acbe963204d0e.txt,,,
67fff79ee029024d83ae350b,method,public java.lang.String getResourceTypeName(int) throws android.content.res.Resources$NotFoundException;,binary_declaration,tmp\authoritative_artifacts\android\android-4.1.1.4.jar,declarations/2e85005acbe963204d0e.txt,,,
67fff79ee029024d83ae350b,method,public java.lang.String getString(int) throws android.content.res.Resources$NotFoundException;,binary_declaration,tmp\authoritative_artifacts\android\android-4.1.1.4.jar,declarations/2e85005acbe963204d0e.txt,,,
67fff79ee029024d83ae350b,method,"public java.lang.String getString(int, java.lang.Object...) throws android.content.res.Resources$NotFoundException;",binary_declaration,tmp\authoritative_artifacts\android\android-4.1.1.4.jar,declarations/2e85005acbe963204d0e.txt,,,
67fff79ee029024d83ae350b,method,public java.lang.String[] getStringArray(int) throws android.content.res.Resources$NotFoundException;,binary_declaration,tmp\authoritative_artifacts\android\android-4.1.1.4.jar,declarations/2e85005acbe963204d0e.txt,,,
325eccbb25d2569dc404c8ae,method,public android.content.res.Resources getResources();,binary_declaration,tmp\authoritative_artifacts\android\android-4.1.1.4.jar,declarations/db926978a7c6c35e57af.txt,,,
f9ba7a02e4a1f5dc5535434e,method,public android.graphics.drawable.Drawable getDrawable(int);,binary_declaration,tmp\authoritative_artifacts\android\android-4.1.1.4.jar,declarations/db926978a7c6c35e57af.txt,,,
41273301716cba24c40c96ff,method,"public int getLayoutDimension(int, java.lang.String);",binary_declaration,tmp\authoritative_artifacts\android\android-4.1.1.4.jar,declarations/db926978a7c6c35e57af.txt,,,
40d874f5874646b0323afad4,method,public java.lang.String getNonResourceString(int);,binary_declaration,tmp\authoritative_artifacts\android\android-4.1.1.4.jar,declarations/db926978a7c6c35e57af.txt,,,
40d874f5874646b0323afad4,method,public java.lang.String getPositionDescription();,binary_declaration,tmp\authoritative_artifacts\android\android-4.1.1.4.jar,declarations/db926978a7c6c35e57af.txt,,,
40d874f5874646b0323afad4,method,public java.lang.String getString(int);,binary_declaration,tmp\authoritative_artifacts\android\android-4.1.1.4.jar,declarations/db926978a7c6c35e57af.txt,,,
40d874f5874646b0323afad4,method,public java.lang.String toString();,binary_declaration,tmp\authoritative_artifacts\android\android-4.1.1.4.jar,declarations/db926978a7c6c35e57af.txt,,,
664a9b9ce239aa0351f77d60,constructor,"public android.graphics.NinePatch(android.graphics.Bitmap, byte[], java.lang.String);",binary_declaration,tmp\authoritative_artifacts\android\android-4.1.1.4.jar,declarations/9f7d3d6952392a98e98d.txt,,,
818d06a92172d2d7385df45b,constructor,"public android.graphics.NinePatch(android.graphics.Bitmap, byte[], java.lang.String);",binary_declaration,tmp\authoritative_artifacts\android\android-4.1.1.4.jar,declarations/9f7d3d6952392a98e98d.txt,,,
3706a1f606ffc2a417a5462d,method,"public void inflate(android.content.res.Resources, org.xmlpull.v1.XmlPullParser, android.util.AttributeSet) throws org.xmlpull.v1.XmlPullParserException, java.io.IOException;",binary_declaration,tmp\authoritative_artifacts\android\android-4.1.1.4.jar,declarations/c7d6a180a3bbdb43ee69.txt,,,
0700dd69d2a010fa403ce940,method,"public void addFrame(android.graphics.drawable.Drawable, int);",binary_declaration,tmp\authoritative_artifacts\android\android-4.1.1.4.jar,declarations/c7d6a180a3bbdb43ee69.txt,,,
544e26e994d83ef5ebf970f4,method,public android.graphics.drawable.Drawable getFrame(int);,binary_declaration,tmp\authoritative_artifacts\android\android-4.1.1.4.jar,declarations/c7d6a180a3bbdb43ee69.txt,,,
544e26e994d83ef5ebf970f4,method,public android.graphics.drawable.Drawable mutate();,binary_declaration,tmp\authoritative_artifacts\android\android-4.1.1.4.jar,declarations/c7d6a180a3bbdb43ee69.txt,,,
426ac785ab07d5e614a7d971,constructor,public android.graphics.drawable.BitmapDrawable(android.content.res.Resources);,binary_declaration,tmp\authoritative_artifacts\android\android-4.1.1.4.jar,declarations/baabcaa92981ff34e6ef.txt,,,
426ac785ab07d5e614a7d971,constructor,"public android.graphics.drawable.BitmapDrawable(android.content.res.Resources, android.graphics.Bitmap);",binary_declaration,tmp\authoritative_artifacts\android\android-4.1.1.4.jar,declarations/baabcaa92981ff34e6ef.txt,,,
426ac785ab07d5e614a7d971,constructor,"public android.graphics.drawable.BitmapDrawable(android.content.res.Resources, java.io.InputStream);",binary_declaration,tmp\authoritative_artifacts\android\android-4.1.1.4.jar,declarations/baabcaa92981ff34e6ef.txt,,,
426ac785ab07d5e614a7d971,constructor,"public android.graphics.drawable.BitmapDrawable(android.content.res.Resources, java.lang.String);",binary_declaration,tmp\authoritative_artifacts\android\android-4.1.1.4.jar,declarations/baabcaa92981ff34e6ef.txt,,,
426ac785ab07d5e614a7d971,method,"public void inflate(android.content.res.Resources, org.xmlpull.v1.XmlPullParser, android.util.AttributeSet) throws org.xmlpull.v1.XmlPullParserException, java.io.IOException;",binary_declaration,tmp\authoritative_artifacts\android\android-4.1.1.4.jar,declarations/baabcaa92981ff34e6ef.txt,,,
4138abff503d1eca1dd6f1e8,constructor,"public android.graphics.drawable.BitmapDrawable(android.content.res.Resources, android.graphics.Bitmap);",binary_declaration,tmp\authoritative_artifacts\android\android-4.1.1.4.jar,declarations/baabcaa92981ff34e6ef.txt,,,
4138abff503d1eca1dd6f1e8,constructor,public android.graphics.drawable.BitmapDrawable(android.graphics.Bitmap);,binary_declaration,tmp\authoritative_artifacts\android\android-4.1.1.4.jar,declarations/baabcaa92981ff34e6ef.txt,,,
4accf8d07f923a0fad7b2c67,method,public final android.graphics.Bitmap getBitmap();,binary_declaration,tmp\authoritative_artifacts\android\android-4.1.1.4.jar,declarations/baabcaa92981ff34e6ef.txt,,,
3e5c398d589ccdbad17efbc4,method,public android.graphics.drawable.Drawable mutate();,binary_declaration,tmp\authoritative_artifacts\android\android-4.1.1.4.jar,declarations/baabcaa92981ff34e6ef.txt,,,
d828a66a7fd48e2d30f3ff53,type,class android.graphics.drawable.BitmapDrawable extends android.graphics.drawable.Drawable {,binary_declaration,tmp\authoritative_artifacts\android\android-4.1.1.4.jar,declarations/baabcaa92981ff34e6ef.txt,,,
199833d9a7bd871c692117e5,constructor,"public android.graphics.drawable.BitmapDrawable(android.content.res.Resources, java.lang.String);",binary_declaration,tmp\authoritative_artifacts\android\android-4.1.1.4.jar,declarations/baabcaa92981ff34e6ef.txt,,,
199833d9a7bd871c692117e5,constructor,public android.graphics.drawable.BitmapDrawable(java.lang.String);,binary_declaration,tmp\authoritative_artifacts\android\android-4.1.1.4.jar,declarations/baabcaa92981ff34e6ef.txt,,,
1192b173eaef7a3c0a9e3ac2,method,"public void inflate(android.content.res.Resources, org.xmlpull.v1.XmlPullParser, android.util.AttributeSet) throws org.xmlpull.v1.XmlPullParserException, java.io.IOException;",binary_declaration,tmp\authoritative_artifacts\android\android-4.1.1.4.jar,declarations/4deee53bfe5c931f333e.txt,,,
7e09b9f08c8eaa905a5a7767,constructor,"public android.graphics.drawable.ClipDrawable(android.graphics.drawable.Drawable, int, int);",binary_declaration,tmp\authoritative_artifacts\android\android-4.1.1.4.jar,declarations/4deee53bfe5c931f333e.txt,,,
7e09b9f08c8eaa905a5a7767,method,public void invalidateDrawable(android.graphics.drawable.Drawable);,binary_declaration,tmp\authoritative_artifacts\android\android-4.1.1.4.jar,declarations/4deee53bfe5c931f333e.txt,,,
7e09b9f08c8eaa905a5a7767,method,"public void scheduleDrawable(android.graphics.drawable.Drawable, java.lang.Runnable, long);",binary_declaration,tmp\authoritative_artifacts\android\android-4.1.1.4.jar,declarations/4deee53bfe5c931f333e.txt,,,
7e09b9f08c8eaa905a5a7767,method,"public void unscheduleDrawable(android.graphics.drawable.Drawable, java.lang.Runnable);",binary_declaration,tmp\authoritative_artifacts\android\android-4.1.1.4.jar,declarations/4deee53bfe5c931f333e.txt,,,
5491823e347cd3dd06b0fc65,type,class android.graphics.drawable.ClipDrawable extends android.graphics.drawable.Drawable implements android.graphics.drawable.Drawable$Callback {,binary_declaration,tmp\authoritative_artifacts\android\android-4.1.1.4.jar,declarations/4deee53bfe5c931f333e.txt,,,
9bda94dd311749cc62d33f63,method,"public static android.graphics.drawable.Drawable createFromResourceStream(android.content.res.Resources, android.util.TypedValue, java.io.InputStream, java.lang.String);",binary_declaration,tmp\authoritative_artifacts\android\android-4.1.1.4.jar,declarations/8abeb3e38cd5e57047f3.txt,,,
9bda94dd311749cc62d33f63,method,"public static android.graphics.drawable.Drawable createFromResourceStream(android.content.res.Resources, android.util.TypedValue, java.io.InputStream, java.lang.String, android.graphics.BitmapFactory$Options);",binary_declaration,tmp\authoritative_artifacts\android\android-4.1.1.4.jar,declarations/8abeb3e38cd5e57047f3.txt,,,
9bda94dd311749cc62d33f63,method,"public static android.graphics.drawable.Drawable createFromXml(android.content.res.Resources, org.xmlpull.v1.XmlPullParser) throws org.xmlpull.v1.XmlPullParserException, java.io.IOException;",binary_declaration,tmp\authoritative_artifacts\android\android-4.1.1.4.jar,declarations/8abeb3e38cd5e57047f3.txt,,,
9bda94dd311749cc62d33f63,method,"public static android.graphics.drawable.Drawable createFromXmlInner(android.content.res.Resources, org.xmlpull.v1.XmlPullParser, android.util.AttributeSet) throws org.xmlpull.v1.XmlPullParserException, java.io.IOException;",binary_declaration,tmp\authoritative_artifacts\android\android-4.1.1.4.jar,declarations/8abeb3e38cd5e57047f3.txt,,,
9bda94dd311749cc62d33f63,method,"public void inflate(android.content.res.Resources, org.xmlpull.v1.XmlPullParser, android.util.AttributeSet) throws org.xmlpull.v1.XmlPullParserException, java.io.IOException;",binary_declaration,tmp\authoritative_artifacts\android\android-4.1.1.4.jar,declarations/8abeb3e38cd5e57047f3.txt,,,
6bf707f153d61bd015a75c8f,method,public static android.graphics.drawable.Drawable createFromPath(java.lang.String);,binary_declaration,tmp\authoritative_artifacts\android\android-4.1.1.4.jar,declarations/8abeb3e38cd5e57047f3.txt,,,
6bf707f153d61bd015a75c8f,method,"public static android.graphics.drawable.Drawable createFromResourceStream(android.content.res.Resources, android.util.TypedValue, java.io.InputStream, java.lang.String);",binary_declaration,tmp\authoritative_artifacts\android\android-4.1.1.4.jar,declarations/8abeb3e38cd5e57047f3.txt,,,
6bf707f153d61bd015a75c8f,method,"public static android.graphics.drawable.Drawable createFromResourceStream(android.content.res.Resources, android.util.TypedValue, java.io.InputStream, java.lang.String, android.graphics.BitmapFactory$Options);",binary_declaration,tmp\authoritative_artifacts\android\android-4.1.1.4.jar,declarations/8abeb3e38cd5e57047f3.txt,,,
6bf707f153d61bd015a75c8f,method,"public static android.graphics.drawable.Drawable createFromStream(java.io.InputStream, java.lang.String);",binary_declaration,tmp\authoritative_artifacts\android\android-4.1.1.4.jar,declarations/8abeb3e38cd5e57047f3.txt,,,
3c51af44f19ea3ea6ad80af7,method,"public void inflate(android.content.res.Resources, org.xmlpull.v1.XmlPullParser, android.util.AttributeSet) throws org.xmlpull.v1.XmlPullParserException, java.io.IOException;",binary_declaration,tmp\authoritative_artifacts\android\android-4.1.1.4.jar,declarations/bb6914c8961332ae27ec.txt,,,
a23514049335708a05ba4d25,method,public android.graphics.drawable.Drawable mutate();,binary_declaration,tmp\authoritative_artifacts\android\android-4.1.1.4.jar,declarations/bb6914c8961332ae27ec.txt,,,
84a9310673290a7da2948745,type,class android.graphics.drawable.GradientDrawable extends android.graphics.drawable.Drawable {,binary_declaration,tmp\authoritative_artifacts\android\android-4.1.1.4.jar,declarations/bb6914c8961332ae27ec.txt,,,
48f035ef98c10950949f8ea2,method,"public void inflate(android.content.res.Resources, org.xmlpull.v1.XmlPullParser, android.util.AttributeSet) throws org.xmlpull.v1.XmlPullParserException, java.io.IOException;",binary_declaration,tmp\authoritative_artifacts\android\android-4.1.1.4.jar,declarations/f61eae968cada870f359.txt,,,
b041109016a9983ff35c011a,constructor,"public android.graphics.drawable.InsetDrawable(android.graphics.drawable.Drawable, int);",binary_declaration,tmp\authoritative_artifacts\android\android-4.1.1.4.jar,declarations/f61eae968cada870f359.txt,,,
b041109016a9983ff35c011a,constructor,"public android.graphics.drawable.InsetDrawable(android.graphics.drawable.Drawable, int, int, int, int);",binary_declaration,tmp\authoritative_artifacts\android\android-4.1.1.4.jar,declarations/f61eae968cada870f359.txt,,,
b041109016a9983ff35c011a,method,public void invalidateDrawable(android.graphics.drawable.Drawable);,binary_declaration,tmp\authoritative_artifacts\android\android-4.1.1.4.jar,declarations/f61eae968cada870f359.txt,,,
b041109016a9983ff35c011a,method,"public void scheduleDrawable(android.graphics.drawable.Drawable, java.lang.Runnable, long);",binary_declaration,tmp\authoritative_artifacts\android\android-4.1.1.4.jar,declarations/f61eae968cada870f359.txt,,,
b041109016a9983ff35c011a,method,"public void unscheduleDrawable(android.graphics.drawable.Drawable, java.lang.Runnable);",binary_declaration,tmp\authoritative_artifacts\android\android-4.1.1.4.jar,declarations/f61eae968cada870f359.txt,,,
31741967c2ceb530200b6084,method,public android.graphics.drawable.Drawable mutate();,binary_declaration,tmp\authoritative_artifacts\android\android-4.1.1.4.jar,declarations/f61eae968cada870f359.txt,,,
a099e136027cc563a556a4cf,type,class android.graphics.drawable.InsetDrawable extends android.graphics.drawable.Drawable implements android.graphics.drawable.Drawable$Callback {,binary_declaration,tmp\authoritative_artifacts\android\android-4.1.1.4.jar,declarations/f61eae968cada870f359.txt,,,
bede62de2475fdef6545f75d,constructor,"public android.graphics.drawable.NinePatchDrawable(android.content.res.Resources, android.graphics.Bitmap, byte[], android.graphics.Rect, java.lang.String);",binary_declaration,tmp\authoritative_artifacts\android\android-4.1.1.4.jar,declarations/ea1e8959f9b9174235bb.txt,,,
bede62de2475fdef6545f75d,constructor,"public android.graphics.drawable.NinePatchDrawable(android.content.res.Resources, android.graphics.NinePatch);",binary_declaration,tmp\authoritative_artifacts\android\android-4.1.1.4.jar,declarations/ea1e8959f9b9174235bb.txt,,,
bede62de2475fdef6545f75d,method,"public void inflate(android.content.res.Resources, org.xmlpull.v1.XmlPullParser, android.util.AttributeSet) throws org.xmlpull.v1.XmlPullParserException, java.io.IOException;",binary_declaration,tmp\authoritative_artifacts\android\android-4.1.1.4.jar,declarations/ea1e8959f9b9174235bb.txt,,,
7f4c8f3509494ada00b5d0c7,constructor,"public android.graphics.drawable.NinePatchDrawable(android.content.res.Resources, android.graphics.Bitmap, byte[], android.graphics.Rect, java.lang.String);",binary_declaration,tmp\authoritative_artifacts\android\android-4.1.1.4.jar,declarations/ea1e8959f9b9174235bb.txt,,,
7f4c8f3509494ada00b5d0c7,constructor,"public android.graphics.drawable.NinePatchDrawable(android.graphics.Bitmap, byte[], android.graphics.Rect, java.lang.String);",binary_declaration,tmp\authoritative_artifacts\android\android-4.1.1.4.jar,declarations/ea1e8959f9b9174235bb.txt,,,
b11b97c3a75ff146303b5b65,constructor,"public android.graphics.drawable.NinePatchDrawable(android.content.res.Resources, android.graphics.NinePatch);",binary_declaration,tmp\authoritative_artifacts\android\android-4.1.1.4.jar,declarations/ea1e8959f9b9174235bb.txt,,,
b11b97c3a75ff146303b5b65,constructor,public android.graphics.drawable.NinePatchDrawable(android.graphics.NinePatch);,binary_declaration,tmp\authoritative_artifacts\android\android-4.1.1.4.jar,declarations/ea1e8959f9b9174235bb.txt,,,
e6f7d9f2b9df8f75b57d9984,method,public android.graphics.drawable.Drawable mutate();,binary_declaration,tmp\authoritative_artifacts\android\android-4.1.1.4.jar,declarations/ea1e8959f9b9174235bb.txt,,,
5944e907ecbc8c3d708c2270,type,class android.graphics.drawable.NinePatchDrawable extends android.graphics.drawable.Drawable {,binary_declaration,tmp\authoritative_artifacts\android\android-4.1.1.4.jar,declarations/ea1e8959f9b9174235bb.txt,,,
4200d7dca0a7bed9e5a230e4,constructor,"public android.graphics.drawable.NinePatchDrawable(android.content.res.Resources, android.graphics.Bitmap, byte[], android.graphics.Rect, java.lang.String);",binary_declaration,tmp\authoritative_artifacts\android\android-4.1.1.4.jar,declarations/ea1e8959f9b9174235bb.txt,,,
4200d7dca0a7bed9e5a230e4,constructor,"public android.graphics.drawable.NinePatchDrawable(android.graphics.Bitmap, byte[], android.graphics.Rect, java.lang.String);",binary_declaration,tmp\authoritative_artifacts\android\android-4.1.1.4.jar,declarations/ea1e8959f9b9174235bb.txt,,,
376f06e0303ef83ac7cbe7b8,method,"public void inflate(android.content.res.Resources, org.xmlpull.v1.XmlPullParser, android.util.AttributeSet) throws org.xmlpull.v1.XmlPullParserException, java.io.IOException;",binary_declaration,tmp\authoritative_artifacts\android\android-4.1.1.4.jar,declarations/e11a86872dc65e502456.txt,,,
11b392567209663e28b49ce1,constructor,"public android.graphics.drawable.ScaleDrawable(android.graphics.drawable.Drawable, int, float, float);",binary_declaration,tmp\authoritative_artifacts\android\android-4.1.1.4.jar,declarations/e11a86872dc65e502456.txt,,,
11b392567209663e28b49ce1,method,public void invalidateDrawable(android.graphics.drawable.Drawable);,binary_declaration,tmp\authoritative_artifacts\android\android-4.1.1.4.jar,declarations/e11a86872dc65e502456.txt,,,
11b392567209663e28b49ce1,method,"public void scheduleDrawable(android.graphics.drawable.Drawable, java.lang.Runnable, long);",binary_declaration,tmp\authoritative_artifacts\android\android-4.1.1.4.jar,declarations/e11a86872dc65e502456.txt,,,
11b392567209663e28b49ce1,method,"public void unscheduleDrawable(android.graphics.drawable.Drawable, java.lang.Runnable);",binary_declaration,tmp\authoritative_artifacts\android\android-4.1.1.4.jar,declarations/e11a86872dc65e502456.txt,,,
b2cd88e862b595bea8baa75a,method,public android.graphics.drawable.Drawable getDrawable();,binary_declaration,tmp\authoritative_artifacts\android\android-4.1.1.4.jar,declarations/e11a86872dc65e502456.txt,,,
b2cd88e862b595bea8baa75a,method,public android.graphics.drawable.Drawable mutate();,binary_declaration,tmp\authoritative_artifacts\android\android-4.1.1.4.jar,declarations/e11a86872dc65e502456.txt,,,
33cb3069e147464121a5d900,type,class android.graphics.drawable.ScaleDrawable extends android.graphics.drawable.Drawable implements android.graphics.drawable.Drawable$Callback {,binary_declaration,tmp\authoritative_artifacts\android\android-4.1.1.4.jar,declarations/e11a86872dc65e502456.txt,,,
bf8be5f32558d63b2e0bb0e1,constructor,public android.graphics.drawable.TransitionDrawable(android.graphics.drawable.Drawable[]);,binary_declaration,tmp\authoritative_artifacts\android\android-4.1.1.4.jar,declarations/8f899b7f52525e59a8bd.txt,,,
022fac8be118976ccffcda67,method,public java.lang.Object clone();,binary_declaration,tmp\authoritative_artifacts\android\android-4.1.1.4.jar,declarations/8daf69c0f5a6fed5dc25.txt,,,
022fac8be118976ccffcda67,method,public java.lang.Object get(java.lang.String);,binary_declaration,tmp\authoritative_artifacts\android\android-4.1.1.4.jar,declarations/8daf69c0f5a6fed5dc25.txt,,,
8deb6dfd7bca131cebeac99f,method,public <T extends android.os.Parcelable> T getParcelable(java.lang.String);,binary_declaration,tmp\authoritative_artifacts\android\android-4.1.1.4.jar,declarations/8daf69c0f5a6fed5dc25.txt,,,
8deb6dfd7bca131cebeac99f,method,public <T extends android.os.Parcelable> android.util.SparseArray<T> getSparseParcelableArray(java.lang.String);,binary_declaration,tmp\authoritative_artifacts\android\android-4.1.1.4.jar,declarations/8daf69c0f5a6fed5dc25.txt,,,
8deb6dfd7bca131cebeac99f,method,public <T extends android.os.Parcelable> java.util.ArrayList<T> getParcelableArrayList(java.lang.String);,binary_declaration,tmp\authoritative_artifacts\android\android-4.1.1.4.jar,declarations/8daf69c0f5a6fed5dc25.txt,,,
8deb6dfd7bca131cebeac99f,method,public android.os.Bundle getBundle(java.lang.String);,binary_declaration,tmp\authoritative_artifacts\android\android-4.1.1.4.jar,declarations/8daf69c0f5a6fed5dc25.txt,,,
8deb6dfd7bca131cebeac99f,method,public android.os.Parcelable[] getParcelableArray(java.lang.String);,binary_declaration,tmp\authoritative_artifacts\android\android-4.1.1.4.jar,declarations/8daf69c0f5a6fed5dc25.txt,,,
8deb6dfd7bca131cebeac99f,method,public boolean containsKey(java.lang.String);,binary_declaration,tmp\authoritative_artifacts\android\android-4.1.1.4.jar,declarations/8daf69c0f5a6fed5dc25.txt,,,
8deb6dfd7bca131cebeac99f,method,public boolean getBoolean(java.lang.String);,binary_declaration,tmp\authoritative_artifacts\android\android-4.1.1.4.jar,declarations/8daf69c0f5a6fed5dc25.txt,,,
8deb6dfd7bca131cebeac99f,method,"public boolean getBoolean(java.lang.String, boolean);",binary_declaration,tmp\authoritative_artifacts\android\android-4.1.1.4.jar,declarations/8daf69c0f5a6fed5dc25.txt,,,
8deb6dfd7bca131cebeac99f,method,public boolean[] getBooleanArray(java.lang.String);,binary_declaration,tmp\authoritative_artifacts\android\android-4.1.1.4.jar,declarations/8daf69c0f5a6fed5dc25.txt,,,
8deb6dfd7bca131cebeac99f,method,public byte getByte(java.lang.String);,binary_declaration,tmp\authoritative_artifacts\android\android-4.1.1.4.jar,declarations/8daf69c0f5a6fed5dc25.txt,,,
8deb6dfd7bca131cebeac99f,method,public byte[] getByteArray(java.lang.String);,binary_declaration,tmp\authoritative_artifacts\android\android-4.1.1.4.jar,declarations/8daf69c0f5a6fed5dc25.txt,,,
8deb6dfd7bca131cebeac99f,method,public char getChar(java.lang.String);,binary_declaration,tmp\authoritative_artifacts\android\android-4.1.1.4.jar,declarations/8daf69c0f5a6fed5dc25.txt,,,
8deb6dfd7bca131cebeac99f,method,"public char getChar(java.lang.String, char);",binary_declaration,tmp\authoritative_artifacts\android\android-4.1.1.4.jar,declarations/8daf69c0f5a6fed5dc25.txt,,,
8deb6dfd7bca131cebeac99f,method,public char[] getCharArray(java.lang.String);,binary_declaration,tmp\authoritative_artifacts\android\android-4.1.1.4.jar,declarations/8daf69c0f5a6fed5dc25.txt,,,
8deb6dfd7bca131cebeac99f,method,public double getDouble(java.lang.String);,binary_declaration,tmp\authoritative_artifacts\android\android-4.1.1.4.jar,declarations/8daf69c0f5a6fed5dc25.txt,,,
8deb6dfd7bca131cebeac99f,method,"public double getDouble(java.lang.String, double);",binary_declaration,tmp\authoritative_artifacts\android\android-4.1.1.4.jar,declarations/8daf69c0f5a6fed5dc25.txt,,,
8deb6dfd7bca131cebeac99f,method,public double[] getDoubleArray(java.lang.String);,binary_declaration,tmp\authoritative_artifacts\android\android-4.1.1.4.jar,declarations/8daf69c0f5a6fed5dc25.txt,,,
8deb6dfd7bca131cebeac99f,method,public float getFloat(java.lang.String);,binary_declaration,tmp\authoritative_artifacts\android\android-4.1.1.4.jar,declarations/8daf69c0f5a6fed5dc25.txt,,,
8deb6dfd7bca131cebeac99f,method,"public float getFloat(java.lang.String, float);",binary_declaration,tmp\authoritative_artifacts\android\android-4.1.1.4.jar,declarations/8daf69c0f5a6fed5dc25.txt,,,
8deb6dfd7bca131cebeac99f,method,public float[] getFloatArray(java.lang.String);,binary_declaration,tmp\authoritative_artifacts\android\android-4.1.1.4.jar,declarations/8daf69c0f5a6fed5dc25.txt,,,
8deb6dfd7bca131cebeac99f,method,public int getInt(java.lang.String);,binary_declaration,tmp\authoritative_artifacts\android\android-4.1.1.4.jar,declarations/8daf69c0f5a6fed5dc25.txt,,,
8deb6dfd7bca131cebeac99f,method,"public int getInt(java.lang.String, int);",binary_declaration,tmp\authoritative_artifacts\android\android-4.1.1.4.jar,declarations/8daf69c0f5a6fed5dc25.txt,,,
8deb6dfd7bca131cebeac99f,method,public int[] getIntArray(java.lang.String);,binary_declaration,tmp\authoritative_artifacts\android\android-4.1.1.4.jar,declarations/8daf69c0f5a6fed5dc25.txt,,,
8deb6dfd7bca131cebeac99f,method,public java.io.Serializable getSerializable(java.lang.String);,binary_declaration,tmp\authoritative_artifacts\android\android-4.1.1.4.jar,declarations/8daf69c0f5a6fed5dc25.txt,,,
8deb6dfd7bca131cebeac99f,method,"public java.lang.Byte getByte(java.lang.String, byte);",binary_declaration,tmp\authoritative_artifacts\android\android-4.1.1.4.jar,declarations/8daf69c0f5a6fed5dc25.txt,,,
8deb6dfd7bca131cebeac99f,method,public java.lang.CharSequence getCharSequence(java.lang.String);,binary_declaration,tmp\authoritative_artifacts\android\android-4.1.1.4.jar,declarations/8daf69c0f5a6fed5dc25.txt,,,
8deb6dfd7bca131cebeac99f,method,"public java.lang.CharSequence getCharSequence(java.lang.String, java.lang.CharSequence);",binary_declaration,tmp\authoritative_artifacts\android\android-4.1.1.4.jar,declarations/8daf69c0f5a6fed5dc25.txt,,,
8deb6dfd7bca131cebeac99f,method,public java.lang.CharSequence[] getCharSequenceArray(java.lang.String);,binary_declaration,tmp\authoritative_artifacts\android\android-4.1.1.4.jar,declarations/8daf69c0f5a6fed5dc25.txt,,,
8deb6dfd7bca131cebeac99f,method,public java.lang.Object get(java.lang.String);,binary_declaration,tmp\authoritative_artifacts\android\android-4.1.1.4.jar,declarations/8daf69c0f5a6fed5dc25.txt,,,
8deb6dfd7bca131cebeac99f,method,public java.lang.String getString(java.lang.String);,binary_declaration,tmp\authoritative_artifacts\android\android-4.1.1.4.jar,declarations/8daf69c0f5a6fed5dc25.txt,,,
8deb6dfd7bca131cebeac99f,method,"public java.lang.String getString(java.lang.String, java.lang.String);",binary_declaration,tmp\authoritative_artifacts\android\android-4.1.1.4.jar,declarations/8daf69c0f5a6fed5dc25.txt,,,
8deb6dfd7bca131cebeac99f,method,public java.lang.String[] getStringArray(java.lang.String);,binary_declaration,tmp\authoritative_artifacts\android\android-4.1.1.4.jar,declarations/8daf69c0f5a6fed5dc25.txt,,,
8deb6dfd7bca131cebeac99f,method,public java.util.ArrayList<java.lang.CharSequence> getCharSequenceArrayList(java.lang.String);,binary_declaration,tmp\authoritative_artifacts\android\android-4.1.1.4.jar,declarations/8daf69c0f5a6fed5dc25.txt,,,
8deb6dfd7bca131cebeac99f,method,public java.util.ArrayList<java.lang.Integer> getIntegerArrayList(java.lang.String);,binary_declaration,tmp\authoritative_artifacts\android\android-4.1.1.4.jar,declarations/8daf69c0f5a6fed5dc25.txt,,,
8deb6dfd7bca131cebeac99f,method,public java.util.ArrayList<java.lang.String> getStringArrayList(java.lang.String);,binary_declaration,tmp\authoritative_artifacts\android\android-4.1.1.4.jar,declarations/8daf69c0f5a6fed5dc25.txt,,,
8deb6dfd7bca131cebeac99f,method,public long getLong(java.lang.String);,binary_declaration,tmp\authoritative_artifacts\android\android-4.1.1.4.jar,declarations/8daf69c0f5a6fed5dc25.txt,,,
8deb6dfd7bca131cebeac99f,method,"public long getLong(java.lang.String, long);",binary_declaration,tmp\authoritative_artifacts\android\android-4.1.1.4.jar,declarations/8daf69c0f5a6fed5dc25.txt,,,
8deb6dfd7bca131cebeac99f,method,public long[] getLongArray(java.lang.String);,binary_declaration,tmp\authoritative_artifacts\android\android-4.1.1.4.jar,declarations/8daf69c0f5a6fed5dc25.txt,,,
8deb6dfd7bca131cebeac99f,method,public short getShort(java.lang.String);,binary_declaration,tmp\authoritative_artifacts\android\android-4.1.1.4.jar,declarations/8daf69c0f5a6fed5dc25.txt,,,
8deb6dfd7bca131cebeac99f,method,"public short getShort(java.lang.String, short);",binary_declaration,tmp\authoritative_artifacts\android\android-4.1.1.4.jar,declarations/8daf69c0f5a6fed5dc25.txt,,,
8deb6dfd7bca131cebeac99f,method,public short[] getShortArray(java.lang.String);,binary_declaration,tmp\authoritative_artifacts\android\android-4.1.1.4.jar,declarations/8daf69c0f5a6fed5dc25.txt,,,
8deb6dfd7bca131cebeac99f,method,"public void putBoolean(java.lang.String, boolean);",binary_declaration,tmp\authoritative_artifacts\android\android-4.1.1.4.jar,declarations/8daf69c0f5a6fed5dc25.txt,,,
8deb6dfd7bca131cebeac99f,method,"public void putBooleanArray(java.lang.String, boolean[]);",binary_declaration,tmp\authoritative_artifacts\android\android-4.1.1.4.jar,declarations/8daf69c0f5a6fed5dc25.txt,,,
8deb6dfd7bca131cebeac99f,method,"public void putBundle(java.lang.String, android.os.Bundle);",binary_declaration,tmp\authoritative_artifacts\android\android-4.1.1.4.jar,declarations/8daf69c0f5a6fed5dc25.txt,,,
8deb6dfd7bca131cebeac99f,method,"public void putByte(java.lang.String, byte);",binary_declaration,tmp\authoritative_artifacts\android\android-4.1.1.4.jar,declarations/8daf69c0f5a6fed5dc25.txt,,,
8deb6dfd7bca131cebeac99f,method,"public void putByteArray(java.lang.String, byte[]);",binary_declaration,tmp\authoritative_artifacts\android\android-4.1.1.4.jar,declarations/8daf69c0f5a6fed5dc25.txt,,,
8deb6dfd7bca131cebeac99f,method,"public void putChar(java.lang.String, char);",binary_declaration,tmp\authoritative_artifacts\android\android-4.1.1.4.jar,declarations/8daf69c0f5a6fed5dc25.txt,,,
8deb6dfd7bca131cebeac99f,method,"public void putCharArray(java.lang.String, char[]);",binary_declaration,tmp\authoritative_artifacts\android\android-4.1.1.4.jar,declarations/8daf69c0f5a6fed5dc25.txt,,,
8deb6dfd7bca131cebeac99f,method,"public void putCharSequence(java.lang.String, java.lang.CharSequence);",binary_declaration,tmp\authoritative_artifacts\android\android-4.1.1.4.jar,declarations/8daf69c0f5a6fed5dc25.txt,,,
8deb6dfd7bca131cebeac99f,method,"public void putCharSequenceArray(java.lang.String, java.lang.CharSequence[]);",binary_declaration,tmp\authoritative_artifacts\android\android-4.1.1.4.jar,declarations/8daf69c0f5a6fed5dc25.txt,,,
8deb6dfd7bca131cebeac99f,method,"public void putCharSequenceArrayList(java.lang.String, java.util.ArrayList<java.lang.CharSequence>);",binary_declaration,tmp\authoritative_artifacts\android\android-4.1.1.4.jar,declarations/8daf69c0f5a6fed5dc25.txt,,,
8deb6dfd7bca131cebeac99f,method,"public void putDouble(java.lang.String, double);",binary_declaration,tmp\authoritative_artifacts\android\android-4.1.1.4.jar,declarations/8daf69c0f5a6fed5dc25.txt,,,
8deb6dfd7bca131cebeac99f,method,"public void putDoubleArray(java.lang.String, double[]);",binary_declaration,tmp\authoritative_artifacts\android\android-4.1.1.4.jar,declarations/8daf69c0f5a6fed5dc25.txt,,,
8deb6dfd7bca131cebeac99f,method,"public void putFloat(java.lang.String, float);",binary_declaration,tmp\authoritative_artifacts\android\android-4.1.1.4.jar,declarations/8daf69c0f5a6fed5dc25.txt,,,
8deb6dfd7bca131cebeac99f,method,"public void putFloatArray(java.lang.String, float[]);",binary_declaration,tmp\authoritative_artifacts\android\android-4.1.1.4.jar,declarations/8daf69c0f5a6fed5dc25.txt,,,
8deb6dfd7bca131cebeac99f,method,"public void putInt(java.lang.String, int);",binary_declaration,tmp\authoritative_artifacts\android\android-4.1.1.4.jar,declarations/8daf69c0f5a6fed5dc25.txt,,,
8deb6dfd7bca131cebeac99f,method,"public void putIntArray(java.lang.String, int[]);",binary_declaration,tmp\authoritative_artifacts\android\android-4.1.1.4.jar,declarations/8daf69c0f5a6fed5dc25.txt,,,
8deb6dfd7bca131cebeac99f,method,"public void putIntegerArrayList(java.lang.String, java.util.ArrayList<java.lang.Integer>);",binary_declaration,tmp\authoritative_artifacts\android\android-4.1.1.4.jar,declarations/8daf69c0f5a6fed5dc25.txt,,,
8deb6dfd7bca131cebeac99f,method,"public void putLong(java.lang.String, long);",binary_declaration,tmp\authoritative_artifacts\android\android-4.1.1.4.jar,declarations/8daf69c0f5a6fed5dc25.txt,,,
8deb6dfd7bca131cebeac99f,method,"public void putLongArray(java.lang.String, long[]);",binary_declaration,tmp\authoritative_artifacts\android\android-4.1.1.4.jar,declarations/8daf69c0f5a6fed5dc25.txt,,,
8deb6dfd7bca131cebeac99f,method,"public void putParcelable(java.lang.String, android.os.Parcelable);",binary_declaration,tmp\authoritative_artifacts\android\android-4.1.1.4.jar,declarations/8daf69c0f5a6fed5dc25.txt,,,
8deb6dfd7bca131cebeac99f,method,"public void putParcelableArray(java.lang.String, android.os.Parcelable[]);",binary_declaration,tmp\authoritative_artifacts\android\android-4.1.1.4.jar,declarations/8daf69c0f5a6fed5dc25.txt,,,
8deb6dfd7bca131cebeac99f,method,"public void putParcelableArrayList(java.lang.String, java.util.ArrayList<? extends android.os.Parcelable>);",binary_declaration,tmp\authoritative_artifacts\android\android-4.1.1.4.jar,declarations/8daf69c0f5a6fed5dc25.txt,,,
8deb6dfd7bca131cebeac99f,method,"public void putSerializable(java.lang.String, java.io.Serializable);",binary_declaration,tmp\authoritative_artifacts\android\android-4.1.1.4.jar,declarations/8daf69c0f5a6fed5dc25.txt,,,
8deb6dfd7bca131cebeac99f,method,"public void putShort(java.lang.String, short);",binary_declaration,tmp\authoritative_artifacts\android\android-4.1.1.4.jar,declarations/8daf69c0f5a6fed5dc25.txt,,,
8deb6dfd7bca131cebeac99f,method,"public void putShortArray(java.lang.String, short[]);",binary_declaration,tmp\authoritative_artifacts\android\android-4.1.1.4.jar,declarations/8daf69c0f5a6fed5dc25.txt,,,
8deb6dfd7bca131cebeac99f,method,"public void putSparseParcelableArray(java.lang.String, android.util.SparseArray<? extends android.os.Parcelable>);",binary_declaration,tmp\authoritative_artifacts\android\android-4.1.1.4.jar,declarations/8daf69c0f5a6fed5dc25.txt,,,
8deb6dfd7bca131cebeac99f,method,"public void putString(java.lang.String, java.lang.String);",binary_declaration,tmp\authoritative_artifacts\android\android-4.1.1.4.jar,declarations/8daf69c0f5a6fed5dc25.txt,,,
8deb6dfd7bca131cebeac99f,method,"public void putStringArray(java.lang.String, java.lang.String[]);",binary_declaration,tmp\authoritative_artifacts\android\android-4.1.1.4.jar,declarations/8daf69c0f5a6fed5dc25.txt,,,
8deb6dfd7bca131cebeac99f,method,"public void putStringArrayList(java.lang.String, java.util.ArrayList<java.lang.String>);",binary_declaration,tmp\authoritative_artifacts\android\android-4.1.1.4.jar,declarations/8daf69c0f5a6fed5dc25.txt,,,
8deb6dfd7bca131cebeac99f,method,public void remove(java.lang.String);,binary_declaration,tmp\authoritative_artifacts\android\android-4.1.1.4.jar,declarations/8daf69c0f5a6fed5dc25.txt,,,
dda4715eee3748673faf5f6d,method,public java.lang.String getString(java.lang.String);,binary_declaration,tmp\authoritative_artifacts\android\android-4.1.1.4.jar,declarations/8daf69c0f5a6fed5dc25.txt,,,
dda4715eee3748673faf5f6d,method,"public java.lang.String getString(java.lang.String, java.lang.String);",binary_declaration,tmp\authoritative_artifacts\android\android-4.1.1.4.jar,declarations/8daf69c0f5a6fed5dc25.txt,,,
dda4715eee3748673faf5f6d,method,public java.lang.String[] getStringArray(java.lang.String);,binary_declaration,tmp\authoritative_artifacts\android\android-4.1.1.4.jar,declarations/8daf69c0f5a6fed5dc25.txt,,,
dda4715eee3748673faf5f6d,method,public synchronized java.lang.String toString();,binary_declaration,tmp\authoritative_artifacts\android\android-4.1.1.4.jar,declarations/8daf69c0f5a6fed5dc25.txt,,,
9f47cf38f69ff857c3cb8514,constructor,public android.view.View(android.content.Context);,binary_declaration,tmp\authoritative_artifacts\android\android-4.1.1.4.jar,declarations/902b2f738c5a9733681b.txt,,,
9f47cf38f69ff857c3cb8514,constructor,"public android.view.View(android.content.Context, android.util.AttributeSet);",binary_declaration,tmp\authoritative_artifacts\android\android-4.1.1.4.jar,declarations/902b2f738c5a9733681b.txt,,,
9f47cf38f69ff857c3cb8514,constructor,"public android.view.View(android.content.Context, android.util.AttributeSet, int);",binary_declaration,tmp\authoritative_artifacts\android\android-4.1.1.4.jar,declarations/902b2f738c5a9733681b.txt,,,
9f47cf38f69ff857c3cb8514,method,"public static android.view.View inflate(android.content.Context, int, android.view.ViewGroup);",binary_declaration,tmp\authoritative_artifacts\android\android-4.1.1.4.jar,declarations/902b2f738c5a9733681b.txt,,,
f74436d761fdb6861fe95ed3,method,public final android.content.Context getContext();,binary_declaration,tmp\authoritative_artifacts\android\android-4.1.1.4.jar,declarations/902b2f738c5a9733681b.txt,,,
cef402bad705217b8fcedb7b,method,public android.content.res.Resources getResources();,binary_declaration,tmp\authoritative_artifacts\android\android-4.1.1.4.jar,declarations/902b2f738c5a9733681b.txt,,,
f9d8faad9b85835151f59726,method,public android.graphics.Bitmap getDrawingCache();,binary_declaration,tmp\authoritative_artifacts\android\android-4.1.1.4.jar,declarations/902b2f738c5a9733681b.txt,,,
f9d8faad9b85835151f59726,method,public android.graphics.Bitmap getDrawingCache(boolean);,binary_declaration,tmp\authoritative_artifacts\android\android-4.1.1.4.jar,declarations/902b2f738c5a9733681b.txt,,,
6ba3fb4eea892291f0c0b1c7,method,public void invalidateDrawable(android.graphics.drawable.Drawable);,binary_declaration,tmp\authoritative_artifacts\android\android-4.1.1.4.jar,declarations/902b2f738c5a9733681b.txt,,,
6ba3fb4eea892291f0c0b1c7,method,"public void scheduleDrawable(android.graphics.drawable.Drawable, java.lang.Runnable, long);",binary_declaration,tmp\authoritative_artifacts\android\android-4.1.1.4.jar,declarations/902b2f738c5a9733681b.txt,,,
6ba3fb4eea892291f0c0b1c7,method,public void setBackground(android.graphics.drawable.Drawable);,binary_declaration,tmp\authoritative_artifacts\android\android-4.1.1.4.jar,declarations/902b2f738c5a9733681b.txt,,,
6ba3fb4eea892291f0c0b1c7,method,public void setBackgroundDrawable(android.graphics.drawable.Drawable);,binary_declaration,tmp\authoritative_artifacts\android\android-4.1.1.4.jar,declarations/902b2f738c5a9733681b.txt,,,
6ba3fb4eea892291f0c0b1c7,method,public void unscheduleDrawable(android.graphics.drawable.Drawable);,binary_declaration,tmp\authoritative_artifacts\android\android-4.1.1.4.jar,declarations/902b2f738c5a9733681b.txt,,,
6ba3fb4eea892291f0c0b1c7,method,"public void unscheduleDrawable(android.graphics.drawable.Drawable, java.lang.Runnable);",binary_declaration,tmp\authoritative_artifacts\android\android-4.1.1.4.jar,declarations/902b2f738c5a9733681b.txt,,,
c23e47b8b10225a709d5f6ae,method,public android.graphics.drawable.Drawable getBackground();,binary_declaration,tmp\authoritative_artifacts\android\android-4.1.1.4.jar,declarations/902b2f738c5a9733681b.txt,,,
a72d46287e0934a6cda3e372,method,"public boolean performAccessibilityAction(int, android.os.Bundle);",binary_declaration,tmp\authoritative_artifacts\android\android-4.1.1.4.jar,declarations/902b2f738c5a9733681b.txt,,,
512d4bffe3c05e85c950ea6d,method,public void setAnimation(android.view.animation.Animation);,binary_declaration,tmp\authoritative_artifacts\android\android-4.1.1.4.jar,declarations/902b2f738c5a9733681b.txt,,,
512d4bffe3c05e85c950ea6d,method,public void startAnimation(android.view.animation.Animation);,binary_declaration,tmp\authoritative_artifacts\android\android-4.1.1.4.jar,declarations/902b2f738c5a9733681b.txt,,,
da89096a02c3fd1709c4ee95,method,public android.view.animation.Animation getAnimation();,binary_declaration,tmp\authoritative_artifacts\android\android-4.1.1.4.jar,declarations/902b2f738c5a9733681b.txt,,,
b299d66db650d41d5b48a534,method,public final android.view.View findViewWithTag(java.lang.Object);,binary_declaration,tmp\authoritative_artifacts\android\android-4.1.1.4.jar,declarations/902b2f738c5a9733681b.txt,,,
b299d66db650d41d5b48a534,method,"public final boolean startDrag(android.content.ClipData, android.view.View$DragShadowBuilder, java.lang.Object, int);",binary_declaration,tmp\authoritative_artifacts\android\android-4.1.1.4.jar,declarations/902b2f738c5a9733681b.txt,,,
b299d66db650d41d5b48a534,method,"public void setTag(int, java.lang.Object);",binary_declaration,tmp\authoritative_artifacts\android\android-4.1.1.4.jar,declarations/902b2f738c5a9733681b.txt,,,
b299d66db650d41d5b48a534,method,public void setTag(java.lang.Object);,binary_declaration,tmp\authoritative_artifacts\android\android-4.1.1.4.jar,declarations/902b2f738c5a9733681b.txt,,,
f3c858f4dce3ed951d6e0157,method,public java.lang.Object getTag();,binary_declaration,tmp\authoritative_artifacts\android\android-4.1.1.4.jar,declarations/902b2f738c5a9733681b.txt,,,
f3c858f4dce3ed951d6e0157,method,public java.lang.Object getTag(int);,binary_declaration,tmp\authoritative_artifacts\android\android-4.1.1.4.jar,declarations/902b2f738c5a9733681b.txt,,,
cb72f41dd2454d308bcf379d,constructor,public android.view.Window(android.content.Context);,binary_declaration,tmp\authoritative_artifacts\android\android-4.1.1.4.jar,declarations/1c988ba52dff166f0a3d.txt,,,
02ce52a0575ec7f43bd2b935,method,public final android.content.Context getContext();,binary_declaration,tmp\authoritative_artifacts\android\android-4.1.1.4.jar,declarations/1c988ba52dff166f0a3d.txt,,,
16b345f40f3283040a58c439,method,public final android.content.res.TypedArray getWindowStyle();,binary_declaration,tmp\authoritative_artifacts\android\android-4.1.1.4.jar,declarations/1c988ba52dff166f0a3d.txt,,,
c3b34de355d787b204c5dd2e,method,public abstract void setBackgroundDrawable(android.graphics.drawable.Drawable);,binary_declaration,tmp\authoritative_artifacts\android\android-4.1.1.4.jar,declarations/1c988ba52dff166f0a3d.txt,,,
c3b34de355d787b204c5dd2e,method,"public abstract void setChildDrawable(int, android.graphics.drawable.Drawable);",binary_declaration,tmp\authoritative_artifacts\android\android-4.1.1.4.jar,declarations/1c988ba52dff166f0a3d.txt,,,
c3b34de355d787b204c5dd2e,method,"public abstract void setFeatureDrawable(int, android.graphics.drawable.Drawable);",binary_declaration,tmp\authoritative_artifacts\android\android-4.1.1.4.jar,declarations/1c988ba52dff166f0a3d.txt,,,
39cea10752afd3d16fca60e9,method,public abstract void restoreHierarchyState(android.os.Bundle);,binary_declaration,tmp\authoritative_artifacts\android\android-4.1.1.4.jar,declarations/1c988ba52dff166f0a3d.txt,,,
91ec7ddb59922e75501cb31c,method,public abstract android.os.Bundle saveHierarchyState();,binary_declaration,tmp\authoritative_artifacts\android\android-4.1.1.4.jar,declarations/1c988ba52dff166f0a3d.txt,,,
e778c3e58ed1ff749ac13da2,method,"public abstract void addContentView(android.view.View, android.view.ViewGroup$LayoutParams);",binary_declaration,tmp\authoritative_artifacts\android\android-4.1.1.4.jar,declarations/1c988ba52dff166f0a3d.txt,,,
e778c3e58ed1ff749ac13da2,method,public abstract void setContentView(android.view.View);,binary_declaration,tmp\authoritative_artifacts\android\android-4.1.1.4.jar,declarations/1c988ba52dff166f0a3d.txt,,,
e778c3e58ed1ff749ac13da2,method,"public abstract void setContentView(android.view.View, android.view.ViewGroup$LayoutParams);",binary_declaration,tmp\authoritative_artifacts\android\android-4.1.1.4.jar,declarations/1c988ba52dff166f0a3d.txt,,,
cc0713f2d64e4ca82eb68586,method,public abstract android.view.View getCurrentFocus();,binary_declaration,tmp\authoritative_artifacts\android\android-4.1.1.4.jar,declarations/1c988ba52dff166f0a3d.txt,,,
cc0713f2d64e4ca82eb68586,method,public abstract android.view.View getDecorView();,binary_declaration,tmp\authoritative_artifacts\android\android-4.1.1.4.jar,declarations/1c988ba52dff166f0a3d.txt,,,
cc0713f2d64e4ca82eb68586,method,public abstract android.view.View peekDecorView();,binary_declaration,tmp\authoritative_artifacts\android\android-4.1.1.4.jar,declarations/1c988ba52dff166f0a3d.txt,,,
cc0713f2d64e4ca82eb68586,method,public android.view.View findViewById(int);,binary_declaration,tmp\authoritative_artifacts\android\android-4.1.1.4.jar,declarations/1c988ba52dff166f0a3d.txt,,,
34094b4f383feedb83dae54a,method,"public void setWindowManager(android.view.WindowManager, android.os.IBinder, java.lang.String);",binary_declaration,tmp\authoritative_artifacts\android\android-4.1.1.4.jar,declarations/1c988ba52dff166f0a3d.txt,,,
34094b4f383feedb83dae54a,method,"public void setWindowManager(android.view.WindowManager, android.os.IBinder, java.lang.String, boolean);",binary_declaration,tmp\authoritative_artifacts\android\android-4.1.1.4.jar,declarations/1c988ba52dff166f0a3d.txt,,,
142a88d0dbaa7a5802bbd831,constructor,"public android.view.animation.AccelerateDecelerateInterpolator(android.content.Context, android.util.AttributeSet);",binary_declaration,tmp\authoritative_artifacts\android\android-4.1.1.4.jar,declarations/564b6e6369d92d567cef.txt,,,
f58ec77098751184d3179f0d,type,class android.view.animation.AccelerateDecelerateInterpolator implements android.view.animation.Interpolator {,binary_declaration,tmp\authoritative_artifacts\android\android-4.1.1.4.jar,declarations/564b6e6369d92d567cef.txt,,,
457ec313e81fdc67e9823386,constructor,"public android.view.animation.AccelerateInterpolator(android.content.Context, android.util.AttributeSet);",binary_declaration,tmp\authoritative_artifacts\android\android-4.1.1.4.jar,declarations/a9f0ed32ae9365c239b5.txt,,,
0bd76b3b2859b480ab91640a,type,class android.view.animation.AccelerateInterpolator implements android.view.animation.Interpolator {,binary_declaration,tmp\authoritative_artifacts\android\android-4.1.1.4.jar,declarations/a9f0ed32ae9365c239b5.txt,,,
5f255f9e5ec5539da8629a18,constructor,"public android.view.animation.AlphaAnimation(android.content.Context, android.util.AttributeSet);",binary_declaration,tmp\authoritative_artifacts\android\android-4.1.1.4.jar,declarations/34382b4f974b8aa70f46.txt,,,
5a83ce151b6e44eab7261e84,type,class android.view.animation.AlphaAnimation extends android.view.animation.Animation {,binary_declaration,tmp\authoritative_artifacts\android\android-4.1.1.4.jar,declarations/34382b4f974b8aa70f46.txt,,,
849a06a5905a6f2dfc2ad481,constructor,"public android.view.animation.Animation(android.content.Context, android.util.AttributeSet);",binary_declaration,tmp\authoritative_artifacts\android\android-4.1.1.4.jar,declarations/102c02fa04e55bedb24d.txt,,,
849a06a5905a6f2dfc2ad481,method,"public void setInterpolator(android.content.Context, int);",binary_declaration,tmp\authoritative_artifacts\android\android-4.1.1.4.jar,declarations/102c02fa04e55bedb24d.txt,,,
5bcaa6c6aeadd716980ac95d,method,public void setInterpolator(android.view.animation.Interpolator);,binary_declaration,tmp\authoritative_artifacts\android\android-4.1.1.4.jar,declarations/102c02fa04e55bedb24d.txt,,,
bb9f0beeb9e001f2b2f1c381,method,public android.view.animation.Interpolator getInterpolator();,binary_declaration,tmp\authoritative_artifacts\android\android-4.1.1.4.jar,declarations/102c02fa04e55bedb24d.txt,,,
2e77472aba573b9f42d6d80b,constructor,"public android.view.animation.AnimationSet(android.content.Context, android.util.AttributeSet);",binary_declaration,tmp\authoritative_artifacts\android\android-4.1.1.4.jar,declarations/0186d5045f88ba9ae969.txt,,,
f117cbe41e146537e4f203b4,method,public void addAnimation(android.view.animation.Animation);,binary_declaration,tmp\authoritative_artifacts\android\android-4.1.1.4.jar,declarations/0186d5045f88ba9ae969.txt,,,
705f3f721e996aa4725f75f7,type,class android.view.animation.AnimationSet extends android.view.animation.Animation {,binary_declaration,tmp\authoritative_artifacts\android\android-4.1.1.4.jar,declarations/0186d5045f88ba9ae969.txt,,,
8908a6f9808a8643be72086d,method,"public static android.view.animation.Animation loadAnimation(android.content.Context, int) throws android.content.res.Resources$NotFoundException;",binary_declaration,tmp\authoritative_artifacts\android\android-4.1.1.4.jar,declarations/b21a53e3bedc70754577.txt,,,
8908a6f9808a8643be72086d,method,"public static android.view.animation.Animation makeInAnimation(android.content.Context, boolean);",binary_declaration,tmp\authoritative_artifacts\android\android-4.1.1.4.jar,declarations/b21a53e3bedc70754577.txt,,,
8908a6f9808a8643be72086d,method,public static android.view.animation.Animation makeInChildBottomAnimation(android.content.Context);,binary_declaration,tmp\authoritative_artifacts\android\android-4.1.1.4.jar,declarations/b21a53e3bedc70754577.txt,,,
8908a6f9808a8643be72086d,method,"public static android.view.animation.Animation makeOutAnimation(android.content.Context, boolean);",binary_declaration,tmp\authoritative_artifacts\android\android-4.1.1.4.jar,declarations/b21a53e3bedc70754577.txt,,,
8908a6f9808a8643be72086d,method,"public static android.view.animation.Interpolator loadInterpolator(android.content.Context, int) throws android.content.res.Resources$NotFoundException;",binary_declaration,tmp\authoritative_artifacts\android\android-4.1.1.4.jar,declarations/b21a53e3bedc70754577.txt,,,
8908a6f9808a8643be72086d,method,"public static android.view.animation.LayoutAnimationController loadLayoutAnimation(android.content.Context, int) throws android.content.res.Resources$NotFoundException;",binary_declaration,tmp\authoritative_artifacts\android\android-4.1.1.4.jar,declarations/b21a53e3bedc70754577.txt,,,
2cadc374d33f74235af7d3f1,method,"public static android.view.animation.Animation loadAnimation(android.content.Context, int) throws android.content.res.Resources$NotFoundException;",binary_declaration,tmp\authoritative_artifacts\android\android-4.1.1.4.jar,declarations/b21a53e3bedc70754577.txt,,,
2cadc374d33f74235af7d3f1,method,"public static android.view.animation.Animation makeInAnimation(android.content.Context, boolean);",binary_declaration,tmp\authoritative_artifacts\android\android-4.1.1.4.jar,declarations/b21a53e3bedc70754577.txt,,,
2cadc374d33f74235af7d3f1,method,public static android.view.animation.Animation makeInChildBottomAnimation(android.content.Context);,binary_declaration,tmp\authoritative_artifacts\android\android-4.1.1.4.jar,declarations/b21a53e3bedc70754577.txt,,,
2cadc374d33f74235af7d3f1,method,"public static android.view.animation.Animation makeOutAnimation(android.content.Context, boolean);",binary_declaration,tmp\authoritative_artifacts\android\android-4.1.1.4.jar,declarations/b21a53e3bedc70754577.txt,,,
fc38ed5284e34afb9808775f,method,"public static android.view.animation.Interpolator loadInterpolator(android.content.Context, int) throws android.content.res.Resources$NotFoundException;",binary_declaration,tmp\authoritative_artifacts\android\android-4.1.1.4.jar,declarations/b21a53e3bedc70754577.txt,,,
07859661f3e271926eedeb44,constructor,"public android.view.animation.AnticipateInterpolator(android.content.Context, android.util.AttributeSet);",binary_declaration,tmp\authoritative_artifacts\android\android-4.1.1.4.jar,declarations/1c0c1a62400612a3a4d7.txt,,,
6803fe864674694cac7a5b1b,type,class android.view.animation.AnticipateInterpolator implements android.view.animation.Interpolator {,binary_declaration,tmp\authoritative_artifacts\android\android-4.1.1.4.jar,declarations/1c0c1a62400612a3a4d7.txt,,,
73e6f35ac92ec47b4b58068f,constructor,"public android.view.animation.CycleInterpolator(android.content.Context, android.util.AttributeSet);",binary_declaration,tmp\authoritative_artifacts\android\android-4.1.1.4.jar,declarations/d0408fc7be58bc7b6934.txt,,,
c06820bce537311abd3df3fe,type,class android.view.animation.CycleInterpolator implements android.view.animation.Interpolator {,binary_declaration,tmp\authoritative_artifacts\android\android-4.1.1.4.jar,declarations/d0408fc7be58bc7b6934.txt,,,
505fadd1e34e5d2343c41110,constructor,"public android.view.animation.DecelerateInterpolator(android.content.Context, android.util.AttributeSet);",binary_declaration,tmp\authoritative_artifacts\android\android-4.1.1.4.jar,declarations/23f9e7953d3c27c32acc.txt,,,
63cbe54ffd95e197df9257c3,type,class android.view.animation.DecelerateInterpolator implements android.view.animation.Interpolator {,binary_declaration,tmp\authoritative_artifacts\android\android-4.1.1.4.jar,declarations/23f9e7953d3c27c32acc.txt,,,
175996e84e4b708035f1532b,constructor,"public android.view.animation.LinearInterpolator(android.content.Context, android.util.AttributeSet);",binary_declaration,tmp\authoritative_artifacts\android\android-4.1.1.4.jar,declarations/eb2ee8dbf8b48def69e2.txt,,,
b9e1636097c063f1e2afd09a,type,class android.view.animation.LinearInterpolator implements android.view.animation.Interpolator {,binary_declaration,tmp\authoritative_artifacts\android\android-4.1.1.4.jar,declarations/eb2ee8dbf8b48def69e2.txt,,,
9d7ab45014467eaf0370cbc7,constructor,"public android.view.animation.RotateAnimation(android.content.Context, android.util.AttributeSet);",binary_declaration,tmp\authoritative_artifacts\android\android-4.1.1.4.jar,declarations/ba6fd0e1a2a76e457734.txt,,,
94531c0e2b7163c76062efe3,type,class android.view.animation.RotateAnimation extends android.view.animation.Animation {,binary_declaration,tmp\authoritative_artifacts\android\android-4.1.1.4.jar,declarations/ba6fd0e1a2a76e457734.txt,,,
2bc03b827d7ce2d8483c25e5,constructor,"public android.view.animation.TranslateAnimation(android.content.Context, android.util.AttributeSet);",binary_declaration,tmp\authoritative_artifacts\android\android-4.1.1.4.jar,declarations/705817a155b7d8fa8527.txt,,,
6e689cba990f2ddf544c102e,type,class android.view.animation.TranslateAnimation extends android.view.animation.Animation {,binary_declaration,tmp\authoritative_artifacts\android\android-4.1.1.4.jar,declarations/705817a155b7d8fa8527.txt,,,
88e4591c4ee5b181331014c1,constructor,public android.widget.Button(android.content.Context);,binary_declaration,tmp\authoritative_artifacts\android\android-4.1.1.4.jar,declarations/750121fd5b889cea093b.txt,,,
88e4591c4ee5b181331014c1,constructor,"public android.widget.Button(android.content.Context, android.util.AttributeSet);",binary_declaration,tmp\authoritative_artifacts\android\android-4.1.1.4.jar,declarations/750121fd5b889cea093b.txt,,,
88e4591c4ee5b181331014c1,constructor,"public android.widget.Button(android.content.Context, android.util.AttributeSet, int);",binary_declaration,tmp\authoritative_artifacts\android\android-4.1.1.4.jar,declarations/750121fd5b889cea093b.txt,,,
2b26cc769c61c609210742ce,type,class android.widget.Button extends android.widget.TextView {,binary_declaration,tmp\authoritative_artifacts\android\android-4.1.1.4.jar,declarations/750121fd5b889cea093b.txt,,,
385324b9387f351508e058af,constructor,public android.widget.ImageView(android.content.Context);,binary_declaration,tmp\authoritative_artifacts\android\android-4.1.1.4.jar,declarations/19bd1e44187c4fcba793.txt,,,
385324b9387f351508e058af,constructor,"public android.widget.ImageView(android.content.Context, android.util.AttributeSet);",binary_declaration,tmp\authoritative_artifacts\android\android-4.1.1.4.jar,declarations/19bd1e44187c4fcba793.txt,,,
385324b9387f351508e058af,constructor,"public android.widget.ImageView(android.content.Context, android.util.AttributeSet, int);",binary_declaration,tmp\authoritative_artifacts\android\android-4.1.1.4.jar,declarations/19bd1e44187c4fcba793.txt,,,
beddf6a9ddd72504f3fb47fa,method,public void setImageBitmap(android.graphics.Bitmap);,binary_declaration,tmp\authoritative_artifacts\android\android-4.1.1.4.jar,declarations/19bd1e44187c4fcba793.txt,,,
27949dc7e0e73ad6cacead37,method,public void invalidateDrawable(android.graphics.drawable.Drawable);,binary_declaration,tmp\authoritative_artifacts\android\android-4.1.1.4.jar,declarations/19bd1e44187c4fcba793.txt,,,
27949dc7e0e73ad6cacead37,method,public void setImageDrawable(android.graphics.drawable.Drawable);,binary_declaration,tmp\authoritative_artifacts\android\android-4.1.1.4.jar,declarations/19bd1e44187c4fcba793.txt,,,
43bfeb4dbd8afc2eeec03722,method,public android.graphics.drawable.Drawable getDrawable();,binary_declaration,tmp\authoritative_artifacts\android\android-4.1.1.4.jar,declarations/19bd1e44187c4fcba793.txt,,,
4834427a0e3846c0a15e4070,type,class android.widget.ImageView extends android.view.View {,binary_declaration,tmp\authoritative_artifacts\android\android-4.1.1.4.jar,declarations/19bd1e44187c4fcba793.txt,,,
69aaa4843a68238490205f3f,constructor,public android.widget.TextView(android.content.Context);,binary_declaration,tmp\authoritative_artifacts\android\android-4.1.1.4.jar,declarations/d1509ef30186fa2549aa.txt,,,
69aaa4843a68238490205f3f,constructor,"public android.widget.TextView(android.content.Context, android.util.AttributeSet);",binary_declaration,tmp\authoritative_artifacts\android\android-4.1.1.4.jar,declarations/d1509ef30186fa2549aa.txt,,,
69aaa4843a68238490205f3f,constructor,"public android.widget.TextView(android.content.Context, android.util.AttributeSet, int);",binary_declaration,tmp\authoritative_artifacts\android\android-4.1.1.4.jar,declarations/d1509ef30186fa2549aa.txt,,,
69aaa4843a68238490205f3f,method,"public static android.content.res.ColorStateList getTextColors(android.content.Context, android.content.res.TypedArray);",binary_declaration,tmp\authoritative_artifacts\android\android-4.1.1.4.jar,declarations/d1509ef30186fa2549aa.txt,,,
69aaa4843a68238490205f3f,method,"public static int getTextColor(android.content.Context, android.content.res.TypedArray, int);",binary_declaration,tmp\authoritative_artifacts\android\android-4.1.1.4.jar,declarations/d1509ef30186fa2549aa.txt,,,
69aaa4843a68238490205f3f,method,"public void setTextAppearance(android.content.Context, int);",binary_declaration,tmp\authoritative_artifacts\android\android-4.1.1.4.jar,declarations/d1509ef30186fa2549aa.txt,,,
13fb3dea2f563466b09a5fbf,method,"public static android.content.res.ColorStateList getTextColors(android.content.Context, android.content.res.TypedArray);",binary_declaration,tmp\authoritative_artifacts\android\android-4.1.1.4.jar,declarations/d1509ef30186fa2549aa.txt,,,
13fb3dea2f563466b09a5fbf,method,"public static int getTextColor(android.content.Context, android.content.res.TypedArray, int);",binary_declaration,tmp\authoritative_artifacts\android\android-4.1.1.4.jar,declarations/d1509ef30186fa2549aa.txt,,,
8a95ff1a10c5beab986249d8,method,public void invalidateDrawable(android.graphics.drawable.Drawable);,binary_declaration,tmp\authoritative_artifacts\android\android-4.1.1.4.jar,declarations/d1509ef30186fa2549aa.txt,,,
8a95ff1a10c5beab986249d8,method,"public void setCompoundDrawables(android.graphics.drawable.Drawable, android.graphics.drawable.Drawable, android.graphics.drawable.Drawable, android.graphics.drawable.Drawable);",binary_declaration,tmp\authoritative_artifacts\android\android-4.1.1.4.jar,declarations/d1509ef30186fa2549aa.txt,,,
8a95ff1a10c5beab986249d8,method,"public void setCompoundDrawablesWithIntrinsicBounds(android.graphics.drawable.Drawable, android.graphics.drawable.Drawable, android.graphics.drawable.Drawable, android.graphics.drawable.Drawable);",binary_declaration,tmp\authoritative_artifacts\android\android-4.1.1.4.jar,declarations/d1509ef30186fa2549aa.txt,,,
8a95ff1a10c5beab986249d8,method,"public void setError(java.lang.CharSequence, android.graphics.drawable.Drawable);",binary_declaration,tmp\authoritative_artifacts\android\android-4.1.1.4.jar,declarations/d1509ef30186fa2549aa.txt,,,
2625c235b1ac8265144f5029,method,public android.graphics.drawable.Drawable[] getCompoundDrawables();,binary_declaration,tmp\authoritative_artifacts\android\android-4.1.1.4.jar,declarations/d1509ef30186fa2549aa.txt,,,
9630ab02e6c726ff980c0d75,method,"public boolean onPrivateIMECommand(java.lang.String, android.os.Bundle);",binary_declaration,tmp\authoritative_artifacts\android\android-4.1.1.4.jar,declarations/d1509ef30186fa2549aa.txt,,,
3f4abfa48ea6874efb74e3be,method,public android.os.Bundle getInputExtras(boolean);,binary_declaration,tmp\authoritative_artifacts\android\android-4.1.1.4.jar,declarations/d1509ef30186fa2549aa.txt,,,
72d3aa4001374b431fe80931,type,class android.widget.TextView extends android.view.View implements android.view.ViewTreeObserver$OnPreDrawListener {,binary_declaration,tmp\authoritative_artifacts\android\android-4.1.1.4.jar,declarations/d1509ef30186fa2549aa.txt,,,
2085016ae45818f3f3334c08,method,"public boolean onPrivateIMECommand(java.lang.String, android.os.Bundle);",binary_declaration,tmp\authoritative_artifacts\android\android-4.1.1.4.jar,declarations/d1509ef30186fa2549aa.txt,,,
2085016ae45818f3f3334c08,method,public void setPrivateImeOptions(java.lang.String);,binary_declaration,tmp\authoritative_artifacts\android\android-4.1.1.4.jar,declarations/d1509ef30186fa2549aa.txt,,,
02baf0a0f3502c1edb9f5d42,method,public java.lang.String getPrivateImeOptions();,binary_declaration,tmp\authoritative_artifacts\android\android-4.1.1.4.jar,declarations/d1509ef30186fa2549aa.txt,,,
1c18e99b5f5c156d8ebb790e,method,public java.lang.String toString();,binary_declaration,tmp\authoritative_artifacts\jdk8\extracted\jdk8u504-b01\jre\lib\rt.jar,declarations/a6b9e0505186124241c7.txt,,,
131e8be66022df7188d6b10a,method,public boolean equals(java.lang.Object);,binary_declaration,tmp\authoritative_artifacts\jdk8\extracted\jdk8u504-b01\jre\lib\rt.jar,declarations/73cc7ce309d9be85f1d2.txt,,,
131e8be66022df7188d6b10a,method,public int compareTo(java.lang.Object);,binary_declaration,tmp\authoritative_artifacts\jdk8\extracted\jdk8u504-b01\jre\lib\rt.jar,declarations/73cc7ce309d9be85f1d2.txt,,,
131e8be66022df7188d6b10a,method,"public static java.lang.String format(java.lang.String, java.lang.Object...);",binary_declaration,tmp\authoritative_artifacts\jdk8\extracted\jdk8u504-b01\jre\lib\rt.jar,declarations/73cc7ce309d9be85f1d2.txt,,,
131e8be66022df7188d6b10a,method,"public static java.lang.String format(java.util.Locale, java.lang.String, java.lang.Object...);",binary_declaration,tmp\authoritative_artifacts\jdk8\extracted\jdk8u504-b01\jre\lib\rt.jar,declarations/73cc7ce309d9be85f1d2.txt,,,
131e8be66022df7188d6b10a,method,public static java.lang.String valueOf(java.lang.Object);,binary_declaration,tmp\authoritative_artifacts\jdk8\extracted\jdk8u504-b01\jre\lib\rt.jar,declarations/73cc7ce309d9be85f1d2.txt,,,
668fdc097b92bccde811f17d,loading an animator from a compiled resource via loadAnimator,"ObjectAnimator anim = (ObjectAnimator) AnimatorInflater.loadAnimator(mContext, R.animator.flipping);",identified_ku:SO,RESOURCES-0062,semantic_source_documents.json#RESOURCES-0062:ku,5849b0fd45f43feca2a08fa6befa812d8bb50eed90bdf28ca077d7d643d807e2,38d30e0bd50578a593d0d31b410f29f94fd6c69543431bc475bae0d4a766a6e7,fb69c582e1f2873b52586ae34bb4574b657ca35487c7c9175e5573526e02238e
b75eba3a6d55c14bebdb5c6a,building the ActionBar hide animation: AnimatorSet.play() takes an ObjectAnimator and returns a Builder used to chain further animators,"invoke-static {v2, v3, v4}, Landroid/animation/ObjectAnimator;->ofFloat(Ljava/lang/Object;Ljava/lang/String;[F)Landroid/animation/ObjectAnimator; move-result-object v2 invoke-virtual {v0, v2}, Landroid/animation/AnimatorSet;->play(Landroid/animation/Animator;)Landroid/animation/AnimatorSet$Builder;",identified_ku:SO,RESOURCES-0195,semantic_source_documents.json#RESOURCES-0195:ku,7abf75845074d471ef8229dc62d45121a46914022b2f1a5373e6c69a3998363b,61983b91135f378e9355808df13d2b5ea9ec90dcdd9fbae4c1789fbf0bafbd18,caf514d7046f862671bb0c204fe885493cab860ed2611843fff38a6877ef9eb2
b75eba3a6d55c14bebdb5c6a,combining an alpha ObjectAnimator with a height ValueAnimator in a custom ItemAnimator,"AnimatorSet animSet = new AnimatorSet() .setDuration(getChangeDuration()); animSet.playTogether(heightAnim, alphaAnim);",identified_ku:SO,RESOURCES-0184,semantic_source_documents.json#RESOURCES-0184:ku,884f456152b91fcc555a73060f8b1b31095b472e664fa740c3baee37c8dbb957,b33de1a3f7352665e3d74dedf12ee53c4188b8cdf9a7c2d7f6104956e1a372e6,a7cb42090bad3f17ae1522dae22f326630447007a4f980208fa76f5f383cad3d
92d3770e2d2012bce21db1f9,custom ItemAnimator.animateChange: AnimatorSet.playTogether() runs a height ValueAnimator and an alpha ObjectAnimator together,"AnimatorSet animSet = new AnimatorSet() .setDuration(getChangeDuration()); animSet.playTogether(heightAnim, alphaAnim);",identified_ku:SO,RESOURCES-0047,semantic_source_documents.json#RESOURCES-0047:ku,7abf75845074d471ef8229dc62d45121a46914022b2f1a5373e6c69a3998363b,61983b91135f378e9355808df13d2b5ea9ec90dcdd9fbae4c1789fbf0bafbd18,caf514d7046f862671bb0c204fe885493cab860ed2611843fff38a6877ef9eb2
92d3770e2d2012bce21db1f9,custom ItemAnimator animateChange: heightAnim and alphaAnim are played together via AnimatorSet,"AnimatorSet animSet = new AnimatorSet() .setDuration(getChangeDuration()); animSet.playTogether(heightAnim, alphaAnim);",identified_ku:SO,RESOURCES-0145,semantic_source_documents.json#RESOURCES-0145:ku,480c83b2c10a75f4ec46649376599630a92cebce21f8ff06a2bf776317743ebf,ecadbb43e39b70ba886e2bdfeffffae3bff5792bd4c74efd9f78d1830d757dd7,66f9ae0ff0511b1e8e843081fc38ba739698fb79d778b4de7c6f3b8f9a6048bf
9f5e33b4337ee485bb4dc166,running height and alpha animations together on an expandable view during a RecyclerView item change,"AnimatorSet animSet = new AnimatorSet() .setDuration(getChangeDuration()); animSet.playTogether(heightAnim, alphaAnim);",identified_ku:SO,RESOURCES-0077,semantic_source_documents.json#RESOURCES-0077:ku,5c8fe57c4e85c82d8a37c6162878ab1682fab39079514962145106ea264e1210,a04a231ebef3e0af575874da52045196cfb95db24a526eaf53989a84f9670f5a,2fce8460966bf1c160a8dc88dd63af18b51351a9a43731dbf48ec0074842c736
8b8159b50086bf8aa77a23bd,custom ItemAnimator animateChange: heightAnim (ValueAnimator) and alphaAnim (ObjectAnimator) are played together,final ValueAnimator heightAnim; final ObjectAnimator alphaAnim;,identified_ku:SO,RESOURCES-0145,semantic_source_documents.json#RESOURCES-0145:ku,480c83b2c10a75f4ec46649376599630a92cebce21f8ff06a2bf776317743ebf,ecadbb43e39b70ba886e2bdfeffffae3bff5792bd4c74efd9f78d1830d757dd7,66f9ae0ff0511b1e8e843081fc38ba739698fb79d778b4de7c6f3b8f9a6048bf
1019ccd506228a05f6e819ff,"3D flip animation of an ImageView using rotationY property, ObjectAnimator loaded from animator XML, target set to the ImageView, duration 3000ms","ObjectAnimator anim = (ObjectAnimator) AnimatorInflater.loadAnimator(mContext, R.animator.flipping); anim.setTarget(A View Object reference goes here i.e. ImageView); anim.setDuration(3000); anim.start();",identified_ku:SO,RESOURCES-0061,semantic_source_documents.json#RESOURCES-0061:ku,b08137efe88da08a5f6e714f24d5cdeef3cc538355d61d1f3752fa5a6ea066d4,095c55435e991228421d11380519a6b2cf9fa852b27a29d3afe7e2b9c5e9ef86,f231e9a07638745363f282369ba0a8b1122014d092d15e82721f98f833410544
eacce56c73def8349d31b67a,animating the height of an expandable view inside a RecyclerView ViewHolder by updating LayoutParams on each animation update,"heightAnim = ValueAnimator.ofInt(expandableView.getHeight(), toHeight); heightAnim.addUpdateListener(new ValueAnimator.AnimatorUpdateListener() { @Override public void onAnimationUpdate(ValueAnimator animation) { expandableView.getLayoutParams().height = (Integer) heightAnim.getAnimatedValue(); expandableView.requestLayout(); } });",identified_ku:SO,RESOURCES-0077,semantic_source_documents.json#RESOURCES-0077:ku,5c8fe57c4e85c82d8a37c6162878ab1682fab39079514962145106ea264e1210,a04a231ebef3e0af575874da52045196cfb95db24a526eaf53989a84f9670f5a,2fce8460966bf1c160a8dc88dd63af18b51351a9a43731dbf48ec0074842c736
be2a3a9ad9f1f15b82e236f0,obtaining a Resources instance to access resources such as strings or drawables,"If that doesn't work, you can always use a context's <code>getResources</code> method ...",identified_ku:SO,RESOURCES-0215,semantic_source_documents.json#RESOURCES-0215:ku,f5baa94ff69e106eca0a8fe0fca6b9c3c97f971b4ea95aa323e9b67b5d7d80ed,1a7b63823e4cdf8b4269863769778f38aea9d98e790221b878289d23d0ab66f5,969483a5169ad3f3e5f28a35e0fb686155337b78ebe2fb40db3a9bcc0cdec972
d0aa4b0cd55fbf3d1dfeba9f,obtaining a TypedArray for a styleable attribute set inside a custom View constructor,"TypedArray typedArray = context.obtainStyledAttributes(attrs, R.styleable.ExpandableTextView);",identified_ku:SO,RESOURCES-0179,semantic_source_documents.json#RESOURCES-0179:ku,b9a02fa1859c6ae5ec620ce7898bcecf5ded3aa843451f555aca412e69e07c02,dcaf5de9cc31fec2162f2af2f9efce51c6db25b112fd35269141e942630e6225,c13d957a4368baa20784fd5fc9634d00c0b5c7738686f72fcd610b2ec527cbff
586aef0edd5524a2fdf8eb89,displaying a decoded bitmap in the ImageView,"Bitmap b = BitmapFactory.decodeStream(assetManager.open(fileName + "".png"")); imageView.setImageBitmap(b);",identified_ku:SO,RESOURCES-0015,semantic_source_documents.json#RESOURCES-0015:ku,d77a047234769ebb3678c5438111171660bb4194908a1d92aa9a579fc1835338,a6c33d4f3f4aaaeaaddb6a284f016c753182a561f678610ec2c4c79f79ad3f4a,390b61476f595935309f5dd47988df5736e366cdac5177acf8de1704767d4055
e50eda38a3ac69332ff8cd8f,"assigning a Nine-Patch image as the background of a View with at least one dimension set to ""wrap_content""; the image scales to match the View when it grows to accommodate content","You typically assign this type of image as the background of a View that has at least one dimension set to `""wrap_content""`, and when the View grows to accomodate the content, the Nine-Patch image is also scaled to match the size of the View.",identified_ku:TU,RESOURCES-0169,semantic_source_documents.json#RESOURCES-0169:ku,ee01adcea29ed9c4b430641c53f3863ce1e1838e9588bb5a97caaaa0d9f00321,1db2aa4db6694f7e61d2097dc2aa5dc4c52cfc717894471c0e8fbc449ff2af33,62d84de1895de7dfcf664419d417cc8db289be9bb6dacad6eb99ccd439c8e7db
b3f8aae6820dfd9de43712e0,"Nine-Patch image used as the background of Android's standard Button widget, which must stretch to accommodate the text (or image) inside the button","An example use of a Nine-Patch image is the background used by Android's standard `Button` widget, which must stretch to accommodate the text (or image) inside the button.",identified_ku:TU,RESOURCES-0169,semantic_source_documents.json#RESOURCES-0169:ku,ee01adcea29ed9c4b430641c53f3863ce1e1838e9588bb5a97caaaa0d9f00321,1db2aa4db6694f7e61d2097dc2aa5dc4c52cfc717894471c0e8fbc449ff2af33,62d84de1895de7dfcf664419d417cc8db289be9bb6dacad6eb99ccd439c8e7db
782c99d589e66f192d86bda5,setting the animation as the background for a View and playing it,"This application code will set the animation as the background for a View, then play the animation: ImageView rocketImage = (ImageView) findViewById(R.id.rocket_image); rocketImage.setBackgroundResource(R.drawable.rocket_thrust); rocketAnimation = (AnimationDrawable) rocketImage.getBackground(); rocketAnimation.start();",identified_ku:TU,RESOURCES-0167,semantic_source_documents.json#RESOURCES-0167:ku,335bc623dcec81f89b2b19c47dc46314a6e4ae6f97d941c1766473e6fff411ba,c4460ad759dbcfcae32321b5e94009e5d1660f805d339a9a17fa39d6b231e346,097f281b7fcabe64adf6335ea5aef5024f01f8dd31c3815832af35e65a1f8ace
782c99d589e66f192d86bda5,"frame animation: ImageView background set to an animation-list resource, then AnimationDrawable retrieved from getBackground() and started",animImg = (ImageView)findViewById(R.id.listen_anim); animImg.setBackgroundResource(R.drawable.listening); anim = (AnimationDrawable) animImg.getBackground(); anim.start();,identified_ku:SO,RESOURCES-0035,semantic_source_documents.json#RESOURCES-0035:ku,b08137efe88da08a5f6e714f24d5cdeef3cc538355d61d1f3752fa5a6ea066d4,095c55435e991228421d11380519a6b2cf9fa852b27a29d3afe7e2b9c5e9ef86,f231e9a07638745363f282369ba0a8b1122014d092d15e82721f98f833410544
823005e30674663089544ad9,"releasing memory for an AnimationDrawable frame that is a BitmapDrawable, by calling getBitmap().recycle()",if (frame instanceof BitmapDrawable) { ((BitmapDrawable)frame).getBitmap().recycle(); },identified_ku:SO,RESOURCES-0013,semantic_source_documents.json#RESOURCES-0013:ku,7ac51a42aeec2158d56f36cf43d5d58360092e1a696c0f9341a1644cfa3845ef,9dbde02e2e337597d846aeea03644090fa502d861f9af0c9a25932d7ef90fc94,0a5ea6cfe91f9b95f78b1e7d8502c4ca92f510ad61b55ccb40f60435cfe2345e
9f54affc9629fee92fc5e72d,XML clip drawable definition; android:drawable attribute references a drawable resource to be clipped,`android:drawable` Drawable resource. Required. Reference to a drawable resource to be clipped.,identified_ku:TU,RESOURCES-0105,semantic_source_documents.json#RESOURCES-0105:ku,3ec0e120ccfed30f8abde8ef24bece81b24e6a7c83edc49f9f1253b95012f7f5,33c3c9228b4bb974fd284ee67f854ddf2caceff9e72100d8ba456cd6c639b0e0,58ca20feac1f37154de72503a9953b97876557a45be774b77c0133dafcf2cca5
fe644f98ddf04fd66ea01809,each of the two items inside the <transition> element must reference a drawable resource that the TransitionDrawable cross-fades between,`android:drawable` Drawable resource. Required. Reference to a drawable resource.,identified_ku:TU,RESOURCES-0054,semantic_source_documents.json#RESOURCES-0054:ku,49f2a22b1d6630254847b81f3d7d90ab181044410b2b1022be521c1725969d53,ca0d4548484809edc324ac1d31968ee07cf88153885a2fc29ffcc29d44893853,9244b09a10dd2c5e75f9019bac286ac97debdaeed704c98295315c8846f7408e
7f3b9c9466834fe144a8b454,applying the TransitionDrawable as a view's background and animating the transition to smoothly change that background,"Then, in your XML for the actual View you would reference this TransitionDrawable in the <code>android:background</code> attribute.",identified_ku:SO,RESOURCES-0029,semantic_source_documents.json#RESOURCES-0029:ku,49f2a22b1d6630254847b81f3d7d90ab181044410b2b1022be521c1725969d53,ca0d4548484809edc324ac1d31968ee07cf88153885a2fc29ffcc29d44893853,9244b09a10dd2c5e75f9019bac286ac97debdaeed704c98295315c8846f7408e
1968a3ad41fa7c96aba43cd6,choosing an interpolator for an animation via setInterpolator(),Optionally set the interpolator for your animation using <code>setInterpolator()</code> (for exapmle you can use <code>LinearInterpolator</code> or <code>AccelerateInterpolator</code> etc.),identified_ku:SO,RESOURCES-0172,semantic_source_documents.json#RESOURCES-0172:ku,d3c0765764e354ed3f361d4a323d7ab22ee3146971a944c7671be1f3a27b9178,2ca7f347d5e153cb4db604708c51ddaa6f03146c7d49ba2d3a6e99629c3cf750,1640de1f6c598a4aae6a34bf6356db74ffb4a811b8d7759c7d3e1a19e885afaf
a8f7254d3291875bca6ce891,sequencing a fade out then fade in on a TextView by adding both AlphaAnimations to the AnimationSet and starting the set,AnimationSet as = new AnimationSet(true); as.addAnimation(out); in.setStartOffset(3000); as.addAnimation(in);,identified_ku:SO,RESOURCES-0012,semantic_source_documents.json#RESOURCES-0012:ku,54cf894485f646fbae40ffa0b149703f75fbbb4bc48c1af49037860afa1515c8,ac795e515885d2d304652a83ea4a9c34b42d88d9022909ef386fdcb1179184dc,0704d8724591da27587389125d8f82c636c5fcefbb4d8749d268953d098cc3c3
4fa4668b1f2793e971143d6b,applying an interpolator to an animation element via the android:interpolator attribute referencing an interpolator resource,"An interpolator is applied to an animation element with the `android:interpolator` attribute, the value of which is a reference to an interpolator resource.",identified_ku:TU,RESOURCES-0187,semantic_source_documents.json#RESOURCES-0187:ku,2825a8aad34f31658903607d29cf3e8afe04792049e3bbc17a64db6406dec343,f691a4c59135e05e0cc551894e2cfc7aad6b48208ce668c1371c0c35711e78c1,5fda15a00e241bf77c34ff5646723c317640b3ce51c277b90087ac19de7f78cb
cdc4eb21b0ebc80e3a61a4d6,setting the interpolator for a custom Animation via setInterpolator(),Optionally set the interpolator for your animation using <code>setInterpolator()</code> (for exapmle you can use <code>LinearInterpolator</code> or <code>AccelerateInterpolator</code> etc.),identified_ku:SO,RESOURCES-0172,semantic_source_documents.json#RESOURCES-0172:ku,d3c0765764e354ed3f361d4a323d7ab22ee3146971a944c7671be1f3a27b9178,2ca7f347d5e153cb4db604708c51ddaa6f03146c7d49ba2d3a6e99629c3cf750,1640de1f6c598a4aae6a34bf6356db74ffb4a811b8d7759c7d3e1a19e885afaf
80b1e60abb03945e3750eb7d,applying an interpolator to a set of animations via the android:interpolator attribute on the set element,"Here's how you can apply one of these with the `android:interpolator` attribute: <set android:interpolator=""@android:anim/accelerate_interpolator""> ... </set>",identified_ku:TU,RESOURCES-0187,semantic_source_documents.json#RESOURCES-0187:ku,2825a8aad34f31658903607d29cf3e8afe04792049e3bbc17a64db6406dec343,f691a4c59135e05e0cc551894e2cfc7aad6b48208ce668c1371c0c35711e78c1,5fda15a00e241bf77c34ff5646723c317640b3ce51c277b90087ac19de7f78cb
432c4b7ace02a133efda17e2,loadAnimation requires a Context to resolve the animation resource id,"anim1 = AnimationUtils.loadAnimation(getApplicationContext(), R.anim.progress);",identified_ku:SO,RESOURCES-0104,semantic_source_documents.json#RESOURCES-0104:ku,b92f3f7e5853b5f1506055bb361211113a4a681a9f25be9753c62485f5ce88d8,f85916830cb63c6461fe86e00d5c9304e8597b9b745490a98c34fae33f08bde6,ff0ea0bc3253eda95d90366774fbd4a56160530da93f7bbe45adcf3100e1f028
1e9cec67c20b93e434d82e75,repeated rotate animation applied to an ImageView,anim.setInterpolator(new LinearInterpolator());,identified_ku:SO,RESOURCES-0110,semantic_source_documents.json#RESOURCES-0110:ku,d3c0765764e354ed3f361d4a323d7ab22ee3146971a944c7671be1f3a27b9178,2ca7f347d5e153cb4db604708c51ddaa6f03146c7d49ba2d3a6e99629c3cf750,1640de1f6c598a4aae6a34bf6356db74ffb4a811b8d7759c7d3e1a19e885afaf
8bfbeb0d1c9c5d8037e8a97a,"repeated rotate animation applied to an ImageView via startAnimation, with pivot at image center, LinearInterpolator, repeatCount INFINITE, duration 700ms","RotateAnimation anim = new RotateAnimation(0f, 350f, 15f, 15f); anim.setInterpolator(new LinearInterpolator()); anim.setRepeatCount(Animation.INFINITE); anim.setDuration(700); // Start animating the image final ImageView splash = (ImageView) findViewById(R.id.splash); splash.startAnimation(anim);",identified_ku:SO,RESOURCES-0108,semantic_source_documents.json#RESOURCES-0108:ku,b08137efe88da08a5f6e714f24d5cdeef3cc538355d61d1f3752fa5a6ea066d4,095c55435e991228421d11380519a6b2cf9fa852b27a29d3afe7e2b9c5e9ef86,f231e9a07638745363f282369ba0a8b1122014d092d15e82721f98f833410544
721f1e9cfe20a92136427c2b,fade-out AlphaAnimation using AccelerateInterpolator via setInterpolator(),fadeOut.setInterpolator(new AccelerateInterpolator()); //and this,identified_ku:SO,RESOURCES-0216,semantic_source_documents.json#RESOURCES-0216:ku,2f35c8d2735bc5b3595269259b7f8fb78809c890dbe34925e8a5a675984c87bd,3781054d3187c106b33b1984bb8ec310d208bae6a1abb212820d0099f8a39e1a,d7c93efe4fb428f5ed97ba501bfe4addb9b1e878564a1932f1277caf66242e71
6594aaeff76f3da27477735a,setting the interpolator of an Animation via setInterpolator() to control its timing curve,Optionally set the interpolator for your animation using <code>setInterpolator()</code> (for exapmle you can use <code>LinearInterpolator</code> or <code>AccelerateInterpolator</code> etc.),identified_ku:SO,RESOURCES-0115,semantic_source_documents.json#RESOURCES-0115:ku,2f35c8d2735bc5b3595269259b7f8fb78809c890dbe34925e8a5a675984c87bd,3781054d3187c106b33b1984bb8ec310d208bae6a1abb212820d0099f8a39e1a,d7c93efe4fb428f5ed97ba501bfe4addb9b1e878564a1932f1277caf66242e71
716612bd33e16961dc3792bf,setting the interpolator on a fade-in AlphaAnimation so the fade-in decelerates,fadeIn.setInterpolator(new DecelerateInterpolator()); //add this,identified_ku:SO,RESOURCES-0118,semantic_source_documents.json#RESOURCES-0118:ku,bf711115a9d6e7cfaea7de265ab128e9263c2b1ba33667fab4e1c5a36e6431ca,8e543a6b1d4c875cf600e4aa91ec4a48adbecafbb58f8eec661ea070a04f5d1e,5059a63c8956946d2ff979ba88bc41e39d650b1fdc3f252ef16b893a6435928e
