source,target,relation,evidence,basis,meaning,scope,evidence_source,evidence_target
smack:API:org.jivesoftware.smack.Chat,smack:API:org.jivesoftware.smack.PacketCollector,returns,org.jivesoftware.smack.Chat#createCollector() returns org.jivesoftware.smack.PacketCollector,official_declaration,,,,
smack:API:org.jivesoftware.smack.Connection,smack:API:org.jivesoftware.smack.PacketCollector,returns,org.jivesoftware.smack.Connection#createPacketCollector(org.jivesoftware.smack.filter.PacketFilter) returns org.jivesoftware.smack.PacketCollector,official_declaration,,,,
smack:API:org.jivesoftware.smack.Connection,smack:API:org.jivesoftware.smack.PacketListener,accepts,"org.jivesoftware.smack.Connection#addPacketListener(org.jivesoftware.smack.PacketListener,org.jivesoftware.smack.filter.PacketFilter) accepts org.jivesoftware.smack.PacketListener | org.jivesoftware.smack.Connection#addPacketSendingListener(org.jivesoftware.smack.PacketListener,org.jivesoftware.smack.filter.PacketFilter) accepts org.jivesoftware.smack.PacketListener | org.jivesoftware.smack.Connection#removePacketListener(org.jivesoftware.smack.PacketListener) accepts org.jivesoftware.smack.PacketListener",official_declaration,,,,
smack:API:org.jivesoftware.smack.Connection,smack:API:org.jivesoftware.smack.Roster,returns,org.jivesoftware.smack.Connection#getRoster() returns org.jivesoftware.smack.Roster,official_declaration,,,,
smack:API:org.jivesoftware.smack.Connection,smack:API:org.jivesoftware.smack.filter.PacketFilter,accepts,"org.jivesoftware.smack.Connection#addPacketInterceptor(org.jivesoftware.smack.PacketInterceptor,org.jivesoftware.smack.filter.PacketFilter) accepts org.jivesoftware.smack.filter.PacketFilter | org.jivesoftware.smack.Connection#addPacketListener(org.jivesoftware.smack.PacketListener,org.jivesoftware.smack.filter.PacketFilter) accepts org.jivesoftware.smack.filter.PacketFilter | org.jivesoftware.smack.Connection#addPacketSendingListener(org.jivesoftware.smack.PacketListener,org.jivesoftware.smack.filter.PacketFilter) accepts org.jivesoftware.smack.filter.PacketFilter",official_declaration,,,,
smack:API:org.jivesoftware.smack.PacketCollector,smack:API:org.jivesoftware.smack.filter.PacketFilter,returns,org.jivesoftware.smack.PacketCollector#getPacketFilter() returns org.jivesoftware.smack.filter.PacketFilter,official_declaration,,,,
smack:API:org.jivesoftware.smackx.DefaultMessageEventRequestListener,smack:API:org.jivesoftware.smackx.MessageEventManager,accepts,"org.jivesoftware.smackx.DefaultMessageEventRequestListener#composingNotificationRequested(java.lang.String,java.lang.String,org.jivesoftware.smackx.MessageEventManager) accepts org.jivesoftware.smackx.MessageEventManager | org.jivesoftware.smackx.DefaultMessageEventRequestListener#deliveredNotificationRequested(java.lang.String,java.lang.String,org.jivesoftware.smackx.MessageEventManager) accepts org.jivesoftware.smackx.MessageEventManager | org.jivesoftware.smackx.DefaultMessageEventRequestListener#displayedNotificationRequested(java.lang.String,java.lang.String,org.jivesoftware.smackx.MessageEventManager) accepts org.jivesoftware.smackx.MessageEventManager",official_declaration,,,,
smack:API:org.jivesoftware.smackx.DefaultMessageEventRequestListener,smack:API:org.jivesoftware.smackx.MessageEventRequestListener,subtype_of,extends/implements org.jivesoftware.smackx.MessageEventRequestListener,official_declaration,,,,
smack:API:org.jivesoftware.smackx.Form,smack:API:org.jivesoftware.smackx.FormField,accepts,org.jivesoftware.smackx.Form#addField(org.jivesoftware.smackx.FormField) accepts org.jivesoftware.smackx.FormField,official_declaration,,,,
smack:API:org.jivesoftware.smackx.Form,smack:API:org.jivesoftware.smackx.FormField,returns,org.jivesoftware.smackx.Form#getField(java.lang.String) returns org.jivesoftware.smackx.FormField,official_declaration,,,,
smack:API:org.jivesoftware.smackx.MessageEventManager,smack:API:org.jivesoftware.smack.Connection,accepts,org.jivesoftware.smackx.MessageEventManager#<init>(org.jivesoftware.smack.Connection) accepts org.jivesoftware.smack.Connection,official_declaration,,,,
smack:API:org.jivesoftware.smackx.MessageEventManager,smack:API:org.jivesoftware.smackx.MessageEventRequestListener,accepts,org.jivesoftware.smackx.MessageEventManager#addMessageEventRequestListener(org.jivesoftware.smackx.MessageEventRequestListener) accepts org.jivesoftware.smackx.MessageEventRequestListener | org.jivesoftware.smackx.MessageEventManager#removeMessageEventRequestListener(org.jivesoftware.smackx.MessageEventRequestListener) accepts org.jivesoftware.smackx.MessageEventRequestListener,official_declaration,,,,
smack:API:org.jivesoftware.smackx.MessageEventRequestListener,smack:API:org.jivesoftware.smackx.MessageEventManager,accepts,"org.jivesoftware.smackx.MessageEventRequestListener#composingNotificationRequested(java.lang.String,java.lang.String,org.jivesoftware.smackx.MessageEventManager) accepts org.jivesoftware.smackx.MessageEventManager | org.jivesoftware.smackx.MessageEventRequestListener#deliveredNotificationRequested(java.lang.String,java.lang.String,org.jivesoftware.smackx.MessageEventManager) accepts org.jivesoftware.smackx.MessageEventManager | org.jivesoftware.smackx.MessageEventRequestListener#displayedNotificationRequested(java.lang.String,java.lang.String,org.jivesoftware.smackx.MessageEventManager) accepts org.jivesoftware.smackx.MessageEventManager",official_declaration,,,,
smack:API:org.jivesoftware.smackx.RosterExchangeManager,smack:API:org.jivesoftware.smack.Connection,accepts,org.jivesoftware.smackx.RosterExchangeManager#<init>(org.jivesoftware.smack.Connection) accepts org.jivesoftware.smack.Connection,official_declaration,,,,
smack:API:org.jivesoftware.smackx.RosterExchangeManager,smack:API:org.jivesoftware.smack.Roster,accepts,"org.jivesoftware.smackx.RosterExchangeManager#send(org.jivesoftware.smack.Roster,java.lang.String) accepts org.jivesoftware.smack.Roster",official_declaration,,,,
smack:API:org.jivesoftware.smackx.RosterExchangeManager,smack:API:org.jivesoftware.smackx.RosterExchangeListener,accepts,org.jivesoftware.smackx.RosterExchangeManager#addRosterListener(org.jivesoftware.smackx.RosterExchangeListener) accepts org.jivesoftware.smackx.RosterExchangeListener | org.jivesoftware.smackx.RosterExchangeManager#removeRosterListener(org.jivesoftware.smackx.RosterExchangeListener) accepts org.jivesoftware.smackx.RosterExchangeListener,official_declaration,,,,
smack:API:org.jivesoftware.smackx.ServiceDiscoveryManager,smack:API:org.jivesoftware.smack.Connection,accepts,org.jivesoftware.smackx.ServiceDiscoveryManager#<init>(org.jivesoftware.smack.Connection) accepts org.jivesoftware.smack.Connection | org.jivesoftware.smackx.ServiceDiscoveryManager#getInstanceFor(org.jivesoftware.smack.Connection) accepts org.jivesoftware.smack.Connection,official_declaration,,,,
smack:API:org.jivesoftware.smackx.ServiceDiscoveryManager,smack:API:org.jivesoftware.smackx.NodeInformationProvider,accepts,"org.jivesoftware.smackx.ServiceDiscoveryManager#setNodeInformationProvider(java.lang.String,org.jivesoftware.smackx.NodeInformationProvider) accepts org.jivesoftware.smackx.NodeInformationProvider",official_declaration,,,,
smack:API:org.jivesoftware.smackx.XHTMLManager,smack:API:org.jivesoftware.smack.Connection,accepts,"org.jivesoftware.smackx.XHTMLManager#isServiceEnabled(org.jivesoftware.smack.Connection) accepts org.jivesoftware.smack.Connection | org.jivesoftware.smackx.XHTMLManager#isServiceEnabled(org.jivesoftware.smack.Connection,java.lang.String) accepts org.jivesoftware.smack.Connection | org.jivesoftware.smackx.XHTMLManager#setServiceEnabled(org.jivesoftware.smack.Connection,boolean) accepts org.jivesoftware.smack.Connection",official_declaration,,,,
smack:API:org.jivesoftware.smackx.filetransfer.FileTransferListener,smack:API:org.jivesoftware.smackx.filetransfer.FileTransferRequest,accepts,org.jivesoftware.smackx.filetransfer.FileTransferListener#fileTransferRequest(org.jivesoftware.smackx.filetransfer.FileTransferRequest) accepts org.jivesoftware.smackx.filetransfer.FileTransferRequest,official_declaration,,,,
smack:API:org.jivesoftware.smackx.filetransfer.FileTransferManager,smack:API:org.jivesoftware.smack.Connection,accepts,org.jivesoftware.smackx.filetransfer.FileTransferManager#<init>(org.jivesoftware.smack.Connection) accepts org.jivesoftware.smack.Connection,official_declaration,,,,
smack:API:org.jivesoftware.smackx.filetransfer.FileTransferManager,smack:API:org.jivesoftware.smackx.filetransfer.FileTransferListener,accepts,org.jivesoftware.smackx.filetransfer.FileTransferManager#addFileTransferListener(org.jivesoftware.smackx.filetransfer.FileTransferListener) accepts org.jivesoftware.smackx.filetransfer.FileTransferListener | org.jivesoftware.smackx.filetransfer.FileTransferManager#removeFileTransferListener(org.jivesoftware.smackx.filetransfer.FileTransferListener) accepts org.jivesoftware.smackx.filetransfer.FileTransferListener,official_declaration,,,,
smack:API:org.jivesoftware.smackx.filetransfer.FileTransferManager,smack:API:org.jivesoftware.smackx.filetransfer.OutgoingFileTransfer,returns,org.jivesoftware.smackx.filetransfer.FileTransferManager#createOutgoingFileTransfer(java.lang.String) returns org.jivesoftware.smackx.filetransfer.OutgoingFileTransfer,official_declaration,,,,
smack:API:org.jivesoftware.smackx.filetransfer.FileTransferRequest,smack:API:org.jivesoftware.smackx.filetransfer.FileTransferManager,accepts,"org.jivesoftware.smackx.filetransfer.FileTransferRequest#<init>(org.jivesoftware.smackx.filetransfer.FileTransferManager,org.jivesoftware.smackx.packet.StreamInitiation) accepts org.jivesoftware.smackx.filetransfer.FileTransferManager",official_declaration,,,,
smack:API:org.jivesoftware.smackx.filetransfer.FileTransferRequest,smack:API:org.jivesoftware.smackx.filetransfer.IncomingFileTransfer,returns,org.jivesoftware.smackx.filetransfer.FileTransferRequest#accept() returns org.jivesoftware.smackx.filetransfer.IncomingFileTransfer,official_declaration,,,,
smack:API:org.jivesoftware.smackx.filetransfer.IncomingFileTransfer,smack:API:org.jivesoftware.smackx.filetransfer.FileTransfer,subtype_of,extends/implements org.jivesoftware.smackx.filetransfer.FileTransfer,official_declaration,,,,
smack:API:org.jivesoftware.smackx.filetransfer.OutgoingFileTransfer,smack:API:org.jivesoftware.smackx.filetransfer.FileTransfer,subtype_of,extends/implements org.jivesoftware.smackx.filetransfer.FileTransfer,official_declaration,,,,
smack:API:org.jivesoftware.smackx.muc.DefaultParticipantStatusListener,smack:API:org.jivesoftware.smackx.muc.ParticipantStatusListener,subtype_of,extends/implements org.jivesoftware.smackx.muc.ParticipantStatusListener,official_declaration,,,,
smack:API:org.jivesoftware.smackx.muc.InvitationListener,smack:API:org.jivesoftware.smack.Connection,accepts,"org.jivesoftware.smackx.muc.InvitationListener#invitationReceived(org.jivesoftware.smack.Connection,java.lang.String,java.lang.String,java.lang.String,java.lang.String,org.jivesoftware.smack.packet.Message) accepts org.jivesoftware.smack.Connection",official_declaration,,,,
smack:API:org.jivesoftware.smackx.muc.MultiUserChat,smack:API:org.jivesoftware.smack.Chat,returns,"org.jivesoftware.smackx.muc.MultiUserChat#createPrivateChat(java.lang.String,org.jivesoftware.smack.MessageListener) returns org.jivesoftware.smack.Chat",official_declaration,,,,
smack:API:org.jivesoftware.smackx.muc.MultiUserChat,smack:API:org.jivesoftware.smack.Connection,accepts,"org.jivesoftware.smackx.muc.MultiUserChat#<init>(org.jivesoftware.smack.Connection,java.lang.String) accepts org.jivesoftware.smack.Connection | org.jivesoftware.smackx.muc.MultiUserChat#addInvitationListener(org.jivesoftware.smack.Connection,org.jivesoftware.smackx.muc.InvitationListener) accepts org.jivesoftware.smack.Connection | org.jivesoftware.smackx.muc.MultiUserChat#decline(org.jivesoftware.smack.Connection,java.lang.String,java.lang.String,java.lang.String) accepts org.jivesoftware.smack.Connection",official_declaration,,,,
smack:API:org.jivesoftware.smackx.muc.MultiUserChat,smack:API:org.jivesoftware.smack.PacketListener,accepts,org.jivesoftware.smackx.muc.MultiUserChat#addMessageListener(org.jivesoftware.smack.PacketListener) accepts org.jivesoftware.smack.PacketListener | org.jivesoftware.smackx.muc.MultiUserChat#addParticipantListener(org.jivesoftware.smack.PacketListener) accepts org.jivesoftware.smack.PacketListener | org.jivesoftware.smackx.muc.MultiUserChat#removeMessageListener(org.jivesoftware.smack.PacketListener) accepts org.jivesoftware.smack.PacketListener,official_declaration,,,,
smack:API:org.jivesoftware.smackx.muc.MultiUserChat,smack:API:org.jivesoftware.smackx.Form,accepts,org.jivesoftware.smackx.muc.MultiUserChat#sendConfigurationForm(org.jivesoftware.smackx.Form) accepts org.jivesoftware.smackx.Form | org.jivesoftware.smackx.muc.MultiUserChat#sendRegistrationForm(org.jivesoftware.smackx.Form) accepts org.jivesoftware.smackx.Form,official_declaration,,,,
smack:API:org.jivesoftware.smackx.muc.MultiUserChat,smack:API:org.jivesoftware.smackx.Form,returns,org.jivesoftware.smackx.muc.MultiUserChat#getConfigurationForm() returns org.jivesoftware.smackx.Form | org.jivesoftware.smackx.muc.MultiUserChat#getRegistrationForm() returns org.jivesoftware.smackx.Form,official_declaration,,,,
smack:API:org.jivesoftware.smackx.muc.MultiUserChat,smack:API:org.jivesoftware.smackx.muc.InvitationListener,accepts,"org.jivesoftware.smackx.muc.MultiUserChat#addInvitationListener(org.jivesoftware.smack.Connection,org.jivesoftware.smackx.muc.InvitationListener) accepts org.jivesoftware.smackx.muc.InvitationListener | org.jivesoftware.smackx.muc.MultiUserChat#removeInvitationListener(org.jivesoftware.smack.Connection,org.jivesoftware.smackx.muc.InvitationListener) accepts org.jivesoftware.smackx.muc.InvitationListener",official_declaration,,,,
smack:API:org.jivesoftware.smackx.muc.MultiUserChat,smack:API:org.jivesoftware.smackx.muc.InvitationRejectionListener,accepts,org.jivesoftware.smackx.muc.MultiUserChat#addInvitationRejectionListener(org.jivesoftware.smackx.muc.InvitationRejectionListener) accepts org.jivesoftware.smackx.muc.InvitationRejectionListener | org.jivesoftware.smackx.muc.MultiUserChat#removeInvitationRejectionListener(org.jivesoftware.smackx.muc.InvitationRejectionListener) accepts org.jivesoftware.smackx.muc.InvitationRejectionListener,official_declaration,,,,
smack:API:org.jivesoftware.smackx.muc.MultiUserChat,smack:API:org.jivesoftware.smackx.muc.ParticipantStatusListener,accepts,org.jivesoftware.smackx.muc.MultiUserChat#addParticipantStatusListener(org.jivesoftware.smackx.muc.ParticipantStatusListener) accepts org.jivesoftware.smackx.muc.ParticipantStatusListener | org.jivesoftware.smackx.muc.MultiUserChat#removeParticipantStatusListener(org.jivesoftware.smackx.muc.ParticipantStatusListener) accepts org.jivesoftware.smackx.muc.ParticipantStatusListener,official_declaration,,,,
smack:API:org.jivesoftware.smackx.muc.MultiUserChat,smack:API:org.jivesoftware.smackx.muc.SubjectUpdatedListener,accepts,org.jivesoftware.smackx.muc.MultiUserChat#addSubjectUpdatedListener(org.jivesoftware.smackx.muc.SubjectUpdatedListener) accepts org.jivesoftware.smackx.muc.SubjectUpdatedListener | org.jivesoftware.smackx.muc.MultiUserChat#removeSubjectUpdatedListener(org.jivesoftware.smackx.muc.SubjectUpdatedListener) accepts org.jivesoftware.smackx.muc.SubjectUpdatedListener,official_declaration,,,,
smack:API:org.jivesoftware.smackx.muc.MultiUserChat,smack:API:org.jivesoftware.smackx.muc.UserStatusListener,accepts,org.jivesoftware.smackx.muc.MultiUserChat#addUserStatusListener(org.jivesoftware.smackx.muc.UserStatusListener) accepts org.jivesoftware.smackx.muc.UserStatusListener | org.jivesoftware.smackx.muc.MultiUserChat#removeUserStatusListener(org.jivesoftware.smackx.muc.UserStatusListener) accepts org.jivesoftware.smackx.muc.UserStatusListener,official_declaration,,,,
smack:API:org.jivesoftware.smackx.pubsub.LeafNode,smack:API:org.jivesoftware.smackx.pubsub.Node,subtype_of,extends/implements org.jivesoftware.smackx.pubsub.Node,official_declaration,,,,
smack:API:org.jivesoftware.smackx.pubsub.Node,smack:API:org.jivesoftware.smackx.Form,accepts,org.jivesoftware.smackx.pubsub.Node#sendConfigurationForm(org.jivesoftware.smackx.Form) accepts org.jivesoftware.smackx.Form,official_declaration,,,,
smack:API:org.jivesoftware.smackx.pubsub.PubSubManager,smack:API:org.jivesoftware.smack.Connection,accepts,"org.jivesoftware.smackx.pubsub.PubSubManager#<init>(org.jivesoftware.smack.Connection) accepts org.jivesoftware.smack.Connection | org.jivesoftware.smackx.pubsub.PubSubManager#<init>(org.jivesoftware.smack.Connection,java.lang.String) accepts org.jivesoftware.smack.Connection",official_declaration,,,,
smack:API:org.jivesoftware.smackx.pubsub.PubSubManager,smack:API:org.jivesoftware.smackx.Form,accepts,"org.jivesoftware.smackx.pubsub.PubSubManager#createNode(java.lang.String,org.jivesoftware.smackx.Form) accepts org.jivesoftware.smackx.Form",official_declaration,,,,
smack:API:org.jivesoftware.smackx.pubsub.PubSubManager,smack:API:org.jivesoftware.smackx.pubsub.LeafNode,returns,org.jivesoftware.smackx.pubsub.PubSubManager#createNode() returns org.jivesoftware.smackx.pubsub.LeafNode | org.jivesoftware.smackx.pubsub.PubSubManager#createNode(java.lang.String) returns org.jivesoftware.smackx.pubsub.LeafNode,official_declaration,,,,
smack:API:org.jivesoftware.smackx.pubsub.PubSubManager,smack:API:org.jivesoftware.smackx.pubsub.Node,returns,"org.jivesoftware.smackx.pubsub.PubSubManager#createNode(java.lang.String,org.jivesoftware.smackx.Form) returns org.jivesoftware.smackx.pubsub.Node | org.jivesoftware.smackx.pubsub.PubSubManager#getNode(java.lang.String) returns org.jivesoftware.smackx.pubsub.Node",official_declaration,,,,
smack:KU:org.jivesoftware.smack.PacketListener:SMACK-0001,smack:KU:org.jivesoftware.smack.filter.PacketFilter:SMACK-0021,same_ku,b8d950c9bd7a19d095276acc2fa08a7f0f238305601025e96f5f8d410f5746df,deterministic_identity,,,,
smack:KU:org.jivesoftware.smackx.FormField:SMACK-0003,smack:KU:org.jivesoftware.smackx.Form:SMACK-0051,same_ku,b5c1d4b58ae20b30eed309e6ad8600cc602a7b59992c6a4316053bcb25ef3b13,deterministic_identity,,,,
smack:KU:org.jivesoftware.smackx.pubsub.PubSubManager:SMACK-0005,smack:KU:org.jivesoftware.smackx.pubsub.Node:SMACK-0054,same_ku,39fa4f8c47c38a5a6062e4357b4eb3a0f2f60d2b7d621e88a3de58d23c7d178e,deterministic_identity,,,,
smack:KU:org.jivesoftware.smackx.XHTMLManager:SMACK-0006,smack:KU:org.jivesoftware.smackx.XHTMLText:SMACK-0079,same_ku,46ebe66ebd5410b0aea58bcc9a87219de6f42abc99c6816015273deeac0dfefe,deterministic_identity,,,,
smack:KU:org.jivesoftware.smackx.muc.MultiUserChat:SMACK-0007,smack:KU:org.jivesoftware.smackx.muc.InvitationRejectionListener:SMACK-0064,same_ku,5132e02819830f41f674f8fc05032ab1c95a0ee0a63818d15a1c7af8b9b4b1c6,deterministic_identity,,,,
smack:KU:org.jivesoftware.smackx.muc.MultiUserChat:SMACK-0008,smack:KU:org.jivesoftware.smackx.muc.UserStatusListener:SMACK-0032,same_ku,994bdd08e8a6f31081abc8d3654304928165c09fa66b8c5bb389999269bafde3,deterministic_identity,,,,
smack:KU:org.jivesoftware.smackx.muc.MultiUserChat:SMACK-0008,smack:KU:org.jivesoftware.smackx.muc.ParticipantStatusListener:SMACK-0082,same_ku,994bdd08e8a6f31081abc8d3654304928165c09fa66b8c5bb389999269bafde3,deterministic_identity,,,,
smack:KU:org.jivesoftware.smackx.muc.UserStatusListener:SMACK-0032,smack:KU:org.jivesoftware.smackx.muc.ParticipantStatusListener:SMACK-0082,same_ku,994bdd08e8a6f31081abc8d3654304928165c09fa66b8c5bb389999269bafde3,deterministic_identity,,,,
smack:KU:org.jivesoftware.smackx.filetransfer.FileTransferListener:SMACK-0010,smack:KU:org.jivesoftware.smackx.filetransfer.IncomingFileTransfer:SMACK-0027,same_ku,7453041104899d75d6fd8584139ae56b072a0c5b8a0060ce8a960d2d0b1eefd6,deterministic_identity,,,,
smack:KU:org.jivesoftware.smackx.filetransfer.FileTransferListener:SMACK-0010,smack:KU:org.jivesoftware.smackx.filetransfer.FileTransferRequest:SMACK-0034,same_ku,7453041104899d75d6fd8584139ae56b072a0c5b8a0060ce8a960d2d0b1eefd6,deterministic_identity,,,,
smack:KU:org.jivesoftware.smackx.filetransfer.FileTransferListener:SMACK-0010,smack:KU:org.jivesoftware.smackx.filetransfer.FileTransferManager:SMACK-0067,same_ku,7453041104899d75d6fd8584139ae56b072a0c5b8a0060ce8a960d2d0b1eefd6,deterministic_identity,,,,
smack:KU:org.jivesoftware.smackx.filetransfer.IncomingFileTransfer:SMACK-0027,smack:KU:org.jivesoftware.smackx.filetransfer.FileTransferRequest:SMACK-0034,same_ku,7453041104899d75d6fd8584139ae56b072a0c5b8a0060ce8a960d2d0b1eefd6,deterministic_identity,,,,
smack:KU:org.jivesoftware.smackx.filetransfer.IncomingFileTransfer:SMACK-0027,smack:KU:org.jivesoftware.smackx.filetransfer.FileTransferManager:SMACK-0067,same_ku,7453041104899d75d6fd8584139ae56b072a0c5b8a0060ce8a960d2d0b1eefd6,deterministic_identity,,,,
smack:KU:org.jivesoftware.smackx.filetransfer.FileTransferRequest:SMACK-0034,smack:KU:org.jivesoftware.smackx.filetransfer.FileTransferManager:SMACK-0067,same_ku,7453041104899d75d6fd8584139ae56b072a0c5b8a0060ce8a960d2d0b1eefd6,deterministic_identity,,,,
smack:KU:org.jivesoftware.smackx.muc.InvitationListener:SMACK-0011,smack:KU:org.jivesoftware.smackx.Form:SMACK-0020,same_ku,1198511b2211ed4370f3734816ad250ebab4c2cc81f02d89441ef703bfd1988a,deterministic_identity,,,,
smack:KU:org.jivesoftware.smackx.muc.InvitationListener:SMACK-0011,smack:KU:org.jivesoftware.smackx.muc.MultiUserChat:SMACK-0059,same_ku,1198511b2211ed4370f3734816ad250ebab4c2cc81f02d89441ef703bfd1988a,deterministic_identity,,,,
smack:KU:org.jivesoftware.smackx.muc.InvitationListener:SMACK-0011,smack:KU:org.jivesoftware.smack.Connection:SMACK-0068,same_ku,1198511b2211ed4370f3734816ad250ebab4c2cc81f02d89441ef703bfd1988a,deterministic_identity,,,,
smack:KU:org.jivesoftware.smackx.muc.InvitationListener:SMACK-0011,smack:KU:org.jivesoftware.smackx.FormField:SMACK-0077,same_ku,1198511b2211ed4370f3734816ad250ebab4c2cc81f02d89441ef703bfd1988a,deterministic_identity,,,,
smack:KU:org.jivesoftware.smackx.Form:SMACK-0020,smack:KU:org.jivesoftware.smackx.muc.MultiUserChat:SMACK-0059,same_ku,1198511b2211ed4370f3734816ad250ebab4c2cc81f02d89441ef703bfd1988a,deterministic_identity,,,,
smack:KU:org.jivesoftware.smackx.Form:SMACK-0020,smack:KU:org.jivesoftware.smack.Connection:SMACK-0068,same_ku,1198511b2211ed4370f3734816ad250ebab4c2cc81f02d89441ef703bfd1988a,deterministic_identity,,,,
smack:KU:org.jivesoftware.smackx.Form:SMACK-0020,smack:KU:org.jivesoftware.smackx.FormField:SMACK-0077,same_ku,1198511b2211ed4370f3734816ad250ebab4c2cc81f02d89441ef703bfd1988a,deterministic_identity,,,,
smack:KU:org.jivesoftware.smackx.muc.MultiUserChat:SMACK-0059,smack:KU:org.jivesoftware.smack.Connection:SMACK-0068,same_ku,1198511b2211ed4370f3734816ad250ebab4c2cc81f02d89441ef703bfd1988a,deterministic_identity,,,,
smack:KU:org.jivesoftware.smackx.muc.MultiUserChat:SMACK-0059,smack:KU:org.jivesoftware.smackx.FormField:SMACK-0077,same_ku,1198511b2211ed4370f3734816ad250ebab4c2cc81f02d89441ef703bfd1988a,deterministic_identity,,,,
smack:KU:org.jivesoftware.smack.Connection:SMACK-0068,smack:KU:org.jivesoftware.smackx.FormField:SMACK-0077,same_ku,1198511b2211ed4370f3734816ad250ebab4c2cc81f02d89441ef703bfd1988a,deterministic_identity,,,,
smack:KU:org.jivesoftware.smackx.filetransfer.IncomingFileTransfer:SMACK-0013,smack:KU:org.jivesoftware.smackx.filetransfer.FileTransferRequest:SMACK-0029,same_ku,7c0d2bfebab7ef8e4cc1b737a5d6a7be65ccb948a2d4f71d966ef8139aff041d,deterministic_identity,,,,
smack:KU:org.jivesoftware.smackx.muc.UserStatusListener:SMACK-0015,smack:KU:org.jivesoftware.smackx.muc.ParticipantStatusListener:SMACK-0040,same_ku,2d68642d09abcfb0585f325a480c6a2e4dc73759faeea5d745601748ce494788,deterministic_identity,,,,
smack:KU:org.jivesoftware.smackx.muc.UserStatusListener:SMACK-0015,smack:KU:org.jivesoftware.smackx.muc.MultiUserChat:SMACK-0047,same_ku,2d68642d09abcfb0585f325a480c6a2e4dc73759faeea5d745601748ce494788,deterministic_identity,,,,
smack:KU:org.jivesoftware.smackx.muc.ParticipantStatusListener:SMACK-0040,smack:KU:org.jivesoftware.smackx.muc.MultiUserChat:SMACK-0047,same_ku,2d68642d09abcfb0585f325a480c6a2e4dc73759faeea5d745601748ce494788,deterministic_identity,,,,
smack:KU:org.jivesoftware.smackx.DefaultMessageEventRequestListener:SMACK-0017,smack:KU:org.jivesoftware.smackx.MessageEventRequestListener:SMACK-0018,same_ku,70a8d1ac524bbd00363381a2fff59a566c23e2e9e53555abc67063683f289a05,deterministic_identity,,,,
smack:KU:org.jivesoftware.smackx.muc.MultiUserChat:SMACK-0024,smack:KU:org.jivesoftware.smackx.muc.SubjectUpdatedListener:SMACK-0025,same_ku,49ba425f17eadb1aa64dab3758ca0811205e697fa4028865660b83b782fcb3ad,deterministic_identity,,,,
smack:KU:org.jivesoftware.smackx.DefaultMessageEventRequestListener:SMACK-0033,smack:KU:org.jivesoftware.smackx.MessageEventManager:SMACK-0057,same_ku,ba5acaf8bc660f333b44706368166a7b6ad651e0d748ed87f3631c1eab552ae4,deterministic_identity,,,,
smack:KU:org.jivesoftware.smackx.filetransfer.FileTransfer:SMACK-0035,smack:KU:org.jivesoftware.smack.Chat:SMACK-0042,same_ku,cb2ef0349510cca1e70fd89f66174631293be2db11017abc70514b7534636922,deterministic_identity,,,,
smack:KU:org.jivesoftware.smackx.ServiceDiscoveryManager:SMACK-0038,smack:KU:org.jivesoftware.smackx.NodeInformationProvider:SMACK-0045,same_ku,73dd22bcf85095ab84fdbf33df9586bee6a3fb33ae34da55fb16dd2ff31e513a,deterministic_identity,,,,
smack:KU:org.jivesoftware.smackx.filetransfer.FileTransferManager:SMACK-0044,smack:KU:org.jivesoftware.smackx.filetransfer.FileTransferListener:SMACK-0072,same_ku,5eda975428d253edfd12eb10e0387c79d19b76ffeb1a9dee932264a77159054b,deterministic_identity,,,,
smack:KU:org.jivesoftware.smack.PacketCollector:SMACK-0052,smack:KU:org.jivesoftware.smack.PacketListener:SMACK-0078,same_ku,28df77549d75221a01d0d1891bac5616e4b5013738bc94e47c6da473ef47cfa7,deterministic_identity,,,,
smack:KU:org.jivesoftware.smackx.FormField:SMACK-0003,smack:API:org.jivesoftware.smackx.FormField,has_guidance,In order to create and customize a FormField use the FormField 's constructor specifying the variable name of the field as the parameter. Then use FormField.setType(String type) to set the field's type,llm_quote_grounded,Explains how to create and customize a FormField using its constructor and setType method.,,,
smack:KU:org.jivesoftware.smackx.FormField:SMACK-0003,smack:API:org.jivesoftware.smackx.FormField,has_example,"> // Add a hidden variable to the form > FormField field = new FormField(""hidden_var""); > field.setType(FormField.TYPE_HIDDEN); > field.addValue(""Some value for the hidden variable"");",llm_quote_grounded,Provides code examples showing the instantiation and configuration of FormField objects.,,,
smack:KU:org.jivesoftware.smackx.Form:SMACK-0051,smack:API:org.jivesoftware.smackx.Form,has_guidance,In order to create a Form to fill out use the Form 's constructor passing the constant Form.TYPE_FORM as the parameter. The next step is to create the form fields and add them to the form.,llm_quote_grounded,"Describes the steps to create a Form, specify fields, and send it.",,,
smack:KU:org.jivesoftware.smackx.Form:SMACK-0051,smack:API:org.jivesoftware.smackx.Form,has_example,"> // Create a new form to gather data > Form formToSend = new Form(Form.TYPE_FORM); > formToSend.setInstructions( > ""Fill out this form to report your case.\nThe case will be created automatically.""); > formToSend.setTitle(""Case configurations"");",llm_quote_grounded,"Shows code for creating a Form instance, setting instructions/title, adding fields, and sending it via a message.",,,
smack:KU:org.jivesoftware.smackx.pubsub.LeafNode:SMACK-0004,smack:API:org.jivesoftware.smackx.pubsub.LeafNode,has_guidance,"To publish to a node, you will have to either create or retrieve an existing node and then create and send items to that node.",llm_quote_grounded,Explains that publishing involves retrieving or creating a node and then sending items to it.,,,
smack:KU:org.jivesoftware.smackx.pubsub.LeafNode:SMACK-0004,smack:API:org.jivesoftware.smackx.pubsub.LeafNode,has_example,"> // Get the node > LeafNode node = mgr.getNode(""testNode""); > // Publish an Item, let service set the id > node.send(new Item());",llm_quote_grounded,Provides code snippets demonstrating how to get a LeafNode and publish items with and without payload.,,,
smack:KU:org.jivesoftware.smackx.pubsub.PubSubManager:SMACK-0005,smack:API:org.jivesoftware.smackx.pubsub.PubSubManager,has_guidance,"To retrieve information, a user will simply use either the PubSubManager or Node classes depending on what type of information is required.",llm_quote_grounded,"States that PubSubManager is used to retrieve general pubsub information like capabilities, subscriptions, and affiliations.",,,
smack:KU:org.jivesoftware.smackx.pubsub.PubSubManager:SMACK-0005,smack:API:org.jivesoftware.smackx.pubsub.PubSubManager,has_example,> // Create a pubsub manager using an existing Connection > PubSubManager mgr = new PubSubManager(con); > // Get the pubsub features that are supported > DiscoverInfo supportedFeatures = mgr.getSupportedFeatures();,llm_quote_grounded,"Shows code examples for getting supported features, subscriptions, and affiliations using PubSubManager.",,,
smack:KU:org.jivesoftware.smackx.pubsub.Node:SMACK-0054,smack:API:org.jivesoftware.smackx.pubsub.Node,has_guidance,"To retrieve information, a user will simply use either the PubSubManager or Node classes depending on what type of information is required.",llm_quote_grounded,"Indicates that Node class is used to retrieve specific node-related information such as discover info, items, and subscriptions.",,,
smack:KU:org.jivesoftware.smackx.pubsub.Node:SMACK-0054,smack:API:org.jivesoftware.smackx.pubsub.Node,has_example,"> Node node = mgr.getNode(""testNode""); > // Get the node information > DiscoverInfo nodeInfo = node.discoverInfo();",llm_quote_grounded,"Provides code examples for discovering node information, items, and subscriptions using the Node class.",,,
smack:KU:org.jivesoftware.smackx.XHTMLManager:SMACK-0006,smack:API:org.jivesoftware.smackx.XHTMLManager,has_guidance,"In order to add the XHTML text to the message send the message #XHTMLManager.addBody(Message message, String body) to the XHTMLManager class where message is the message that will receive the XHTML body and body is the string to add as an XHTML body to the message.",llm_quote_grounded,Explains how to add XHTML text to a message using XHTMLManager.addBody.,,,
smack:KU:org.jivesoftware.smackx.muc.MultiUserChat:SMACK-0007,smack:API:org.jivesoftware.smackx.muc.MultiUserChat,has_guidance,"In order to invite another user to a room you must be already joined to the room. Once you are joined just send MultiUserChat.invite(String participant, String reason) to the MultiUserChat",llm_quote_grounded,Explains how to invite users to a room using MultiUserChat.invite and how to add listeners for invitations and rejections.,,,
smack:KU:org.jivesoftware.smackx.muc.InvitationRejectionListener:SMACK-0064,smack:API:org.jivesoftware.smackx.muc.InvitationRejectionListener,has_guidance,"If an inviter wants to listen for room invitation rejections, just add an InvitationRejectionListener to the MultiUserChat . InvitationRejectionListener is also an interface so you will need to create a class that implements this interface.",llm_quote_grounded,Describes the usage of InvitationRejectionListener to listen for invitation rejections by adding it to MultiUserChat.,,,
smack:KU:org.jivesoftware.smackx.muc.MultiUserChat:SMACK-0008,smack:API:org.jivesoftware.smackx.muc.MultiUserChat,has_guidance,"In order to ban a user from the room just send the message MultiUserChat.banUser(String jid, String reason) to MultiUserChat . Smack allows you to listen for affiliation modification events.",llm_quote_grounded,Explains how to ban a user and add status listeners to MultiUserChat.,,,
smack:KU:org.jivesoftware.smackx.muc.MultiUserChat:SMACK-0008,smack:API:org.jivesoftware.smackx.muc.MultiUserChat,has_constraint,Smack provides default implementations for these listeners avoiding you to implement all the interfaces' methods.,llm_quote_grounded,Notes that default implementations exist to avoid implementing all interface methods.,,,
smack:KU:org.jivesoftware.smackx.muc.UserStatusListener:SMACK-0032,smack:API:org.jivesoftware.smackx.muc.UserStatusListener,has_guidance,"But if you are interested in listening for your own affiliation modification events, use the listener UserStatusListener . Both listeners should be added to the MultiUserChat by using MultiUserChat.addParticipantStatusListener(ParticipantStatusListener listener) or MultiUserChat.addUserStatusListener(UserStatusListener listener) respectively.",llm_quote_grounded,Specifies that UserStatusListener should be used to listen for one's own affiliation modification events.,,,
smack:KU:org.jivesoftware.smackx.muc.ParticipantStatusListener:SMACK-0082,smack:API:org.jivesoftware.smackx.muc.ParticipantStatusListener,has_guidance,If you are interested in listening affiliation modification events of any user then use the listener ParticipantStatusListener .,llm_quote_grounded,Specifies that ParticipantStatusListener should be used to listen for any user's affiliation modification events.,,,
smack:KU:org.jivesoftware.smack.provider.IQProvider:SMACK-0009,smack:API:org.jivesoftware.smack.provider.IQProvider,has_guidance,"Step3: register to your ProviderManager an IQProvider ProviderManager.addIQProvider(""usercustomparam "",""com.records.iq"", new IQUserCustomParamProvider()); Step4: implements your IQUserCustomParamProvider as you need public class IQUserCustomParamProvider extends IQProvider into Provider you'll parse the incoming IQ from server",llm_quote_grounded,Explains the process of registering an IQProvider with ProviderManager and implementing it to parse incoming IQs.,,,
smack:KU:org.jivesoftware.smackx.filetransfer.FileTransferListener:SMACK-0010,smack:API:org.jivesoftware.smackx.filetransfer.FileTransferListener,has_example,manager.addFileTransferListener(new FileTransferListener() { public void fileTransferRequest(FileTransferRequest request) { IncomingFileTransfer transfer = request.accept(); try { InputStream input = transfer.recieveFile();,llm_quote_grounded,Shows code for adding a FileTransferListener to automatically accept file transfer requests.,,,
smack:KU:org.jivesoftware.smackx.filetransfer.IncomingFileTransfer:SMACK-0027,smack:API:org.jivesoftware.smackx.filetransfer.IncomingFileTransfer,has_example,IncomingFileTransfer transfer = request.accept(); try { InputStream input = transfer.recieveFile(); //This will be a binary stream and you can process it.,llm_quote_grounded,Demonstrates accepting a request and receiving the file stream via IncomingFileTransfer.,,,
smack:KU:org.jivesoftware.smackx.filetransfer.FileTransferRequest:SMACK-0034,smack:API:org.jivesoftware.smackx.filetransfer.FileTransferRequest,has_example,public void fileTransferRequest(FileTransferRequest request) { IncomingFileTransfer transfer = request.accept();,llm_quote_grounded,Shows how to handle a FileTransferRequest by calling accept().,,,
smack:KU:org.jivesoftware.smackx.filetransfer.FileTransferManager:SMACK-0067,smack:API:org.jivesoftware.smackx.filetransfer.FileTransferManager,has_example,final FileTransferManager manager = new FileTransferManager(connection); //Use your xmpp connection manager.addFileTransferListener(new FileTransferListener() {,llm_quote_grounded,Illustrates creating a FileTransferManager and adding a listener to it.,,,
smack:KU:org.jivesoftware.smackx.muc.InvitationListener:SMACK-0011,smack:API:org.jivesoftware.smackx.muc.InvitationListener,has_example,"private void setChatRoomInvitationListener() {
 MultiUserChat.addInvitationListener(mXmppConnection, new InvitationListener() {
 @Override
 public void invitationReceived(Connection connection, String room, String inviter, String reason, String unKnown, Message message) {",llm_quote_grounded,The KU provides a code snippet demonstrating how to implement and use the InvitationListener to handle incoming MUC invitations.,,,
smack:KU:org.jivesoftware.smackx.Form:SMACK-0020,smack:API:org.jivesoftware.smackx.Form,has_example,"Form form = muc.getConfigurationForm();
 // Create a new form to submit based on the original form
 Form submitForm = form.createAnswerForm();",llm_quote_grounded,The KU contains code examples showing how to create an answer form from a configuration form and submit it.,,,
smack:KU:org.jivesoftware.smackx.muc.MultiUserChat:SMACK-0059,smack:API:org.jivesoftware.smackx.muc.MultiUserChat,has_explanation,"The 404 error indicates that: 404 error can occur if the room does not exist or is locked So, ensure that your room is not locked or existed!",llm_quote_grounded,"The KU explains that a 404 error during join can occur if the room does not exist or is locked, relating to the lifecycle of the MultiUserChat object.",,,
smack:KU:org.jivesoftware.smackx.muc.MultiUserChat:SMACK-0059,smack:API:org.jivesoftware.smackx.muc.MultiUserChat,has_example,"MultiUserChat muc3 = new MultiUserChat(connection,room); muc3.join(""testbot3"");",llm_quote_grounded,"The KU provides multiple code snippets demonstrating the creation, joining, inviting, and configuring of a MultiUserChat instance.",,,
smack:KU:org.jivesoftware.smack.Connection:SMACK-0068,smack:API:org.jivesoftware.smack.Connection,has_example,"MultiUserChat muc3 = new MultiUserChat(connection,room);",llm_quote_grounded,"The KU shows usage of the Connection object in various contexts, such as initializing MultiUserChat and adding listeners.",,,
smack:KU:org.jivesoftware.smackx.FormField:SMACK-0077,smack:API:org.jivesoftware.smackx.FormField,has_example,"for (Iterator fields = form.getFields(); fields.hasNext();) {
 FormField field = (FormField) fields.next();
 if (!FormField.TYPE_HIDDEN.equals(field.getType()) && field.getVariable() != null) {
 // Sets the default value as the answer
 submitForm.setDefaultAnswer(field.getVariable());
 }
 }",llm_quote_grounded,The KU includes code iterating over FormFields to set default answers for a submission form.,,,
smack:KU:org.jivesoftware.smackx.Form:SMACK-0012,smack:API:org.jivesoftware.smackx.Form,has_guidance,In order to create a new Form to complete based on the original Form just send Form.createAnswerForm() to the original Form .,llm_quote_grounded,"The KU describes the workflow for completing a form, specifically instructing to create an answer form and then set answers.",,,
smack:KU:org.jivesoftware.smackx.Form:SMACK-0012,smack:API:org.jivesoftware.smackx.Form,has_explanation,Smack lets the data-providing entity to complete the form in an easy way and send it back to the data-gathering entity.,llm_quote_grounded,The KU explains the purpose of the Form class in gathering data and the distinction between the initial form and the answer form.,,,
smack:KU:org.jivesoftware.smackx.filetransfer.IncomingFileTransfer:SMACK-0013,smack:API:org.jivesoftware.smackx.filetransfer.IncomingFileTransfer,has_guidance,After you have the file transfer you may start to transfer the file by calling the IncomingFileTransfer.recieveFile(file) method.,llm_quote_grounded,The KU instructs on how to start the file transfer by calling receiveFile with a target File object.,,,
smack:KU:org.jivesoftware.smackx.filetransfer.FileTransferRequest:SMACK-0029,smack:API:org.jivesoftware.smackx.filetransfer.FileTransferRequest,has_guidance,"To accept the file transfer, call the FileTransferRequest.accept() , this method will create an IncomingFileTransfer .",llm_quote_grounded,The KU explains that accept() creates an IncomingFileTransfer and reject() is used to decline the request.,,,
smack:KU:org.jivesoftware.smackx.pubsub.LeafNode:SMACK-0014,smack:API:org.jivesoftware.smackx.pubsub.LeafNode,has_guidance,"To synchronously retrieve existing items from a persistent node, you will have to get an instance of a LeafNode and call one of the retrieve methods.",llm_quote_grounded,The KU advises getting an instance of LeafNode to synchronously retrieve existing items from a persistent node.,,,
smack:KU:org.jivesoftware.smackx.muc.UserStatusListener:SMACK-0015,smack:API:org.jivesoftware.smackx.muc.UserStatusListener,has_guidance,"But if you are interested in listening for your own role modification events, use the listener UserStatusListener .",llm_quote_grounded,The KU specifies that UserStatusListener should be used when interested in listening for one's own role modification events.,,,
smack:KU:org.jivesoftware.smackx.muc.ParticipantStatusListener:SMACK-0040,smack:API:org.jivesoftware.smackx.muc.ParticipantStatusListener,has_guidance,If you are interested in listening role modification events of any occupant then use the listener ParticipantStatusListener .,llm_quote_grounded,The KU specifies that ParticipantStatusListener should be used when interested in listening for role modification events of any occupant.,,,
smack:KU:org.jivesoftware.smackx.muc.MultiUserChat:SMACK-0047,smack:API:org.jivesoftware.smackx.muc.MultiUserChat,has_guidance,In order to grant voice (i.e. make someone a participant) just send the message MultiUserChat.grantVoice(String nickname) to MultiUserChat .,llm_quote_grounded,"The KU lists specific methods on MultiUserChat for granting/revoking voice and moderator privileges, and for adding status listeners.",,,
smack:KU:org.jivesoftware.smack.Chat:SMACK-0016,smack:API:org.jivesoftware.smack.Chat,has_explanation,"Although individual messages can be sent and received as packets, it's generally easier to treat the string of messages as a chat using the ` org.jivesoftware.smack.Chat ` class.",llm_quote_grounded,"The KU explains that while individual messages can be sent as packets, treating them as a chat using the Chat class is generally easier.",,,
smack:KU:org.jivesoftware.smackx.DefaultMessageEventRequestListener:SMACK-0017,smack:API:org.jivesoftware.smackx.DefaultMessageEventRequestListener,has_explanation,The class DefaultMessageEventRequestListener automatically sends a delivered notification to the sender of the message if the sender has requested to be notified when the message is delivered.,llm_quote_grounded,The KU explains that DefaultMessageEventRequestListener automatically sends a delivered notification if requested by the sender.,,,
smack:KU:org.jivesoftware.smackx.DefaultMessageEventRequestListener:SMACK-0017,smack:API:org.jivesoftware.smackx.DefaultMessageEventRequestListener,has_guidance,To create an event notification requests listener create a subclass of DefaultMessageEventRequestListener or create a class that implements the MessageEventRequestListener interface.,llm_quote_grounded,The KU suggests creating a subclass of DefaultMessageEventRequestListener to listen to event notifications.,,,
smack:KU:org.jivesoftware.smackx.MessageEventRequestListener:SMACK-0018,smack:API:org.jivesoftware.smackx.MessageEventRequestListener,has_constraint,"If you decide to create a new class that implements the MessageEventRequestListener interface, please remember to send the delivered notification.",llm_quote_grounded,"The KU warns that if implementing the interface directly, one must remember to manually send the delivered notification.",,,
smack:KU:org.jivesoftware.smack.Connection:SMACK-0019,smack:API:org.jivesoftware.smack.Connection,has_example,"ConnectionConfiguration config = new ConnectionConfiguration(""192.32.104.93"", 5222, ""ELVES-D463645"");
 Connection connection = new XMPPConnection(config);
 connection.connect();",llm_quote_grounded,The KU provides code snippets showing how to instantiate XMPPConnection (which implements Connection) with configuration settings.,,,
smack:KU:org.jivesoftware.smack.Connection:SMACK-0019,smack:API:org.jivesoftware.smack.Connection,has_guidance,"config.setCompressionEnabled(false);
 config.setSASLAuthenticationEnabled(false);",llm_quote_grounded,The KU suggests disabling compression and SASL authentication in the configuration to resolve connection issues.,,,
smack:KU:org.jivesoftware.smackx.RosterExchangeManager:SMACK-0022,smack:API:org.jivesoftware.smackx.RosterExchangeManager,has_explanation,Sometimes you may need to send a single roster entry to another XMPP client.,llm_quote_grounded,Explains the purpose of sending a single roster entry.,,,
smack:KU:org.jivesoftware.smackx.RosterExchangeManager:SMACK-0022,smack:API:org.jivesoftware.smackx.RosterExchangeManager,has_guidance,"Create an instance of RosterExchangeManager and use the #RosterExchangeManager.send(RosterEntry, String) message to send a roster entry to a given user.",llm_quote_grounded,Provides steps on how to use the API to send a roster entry.,,,
smack:KU:org.jivesoftware.smackx.RosterExchangeManager:SMACK-0022,smack:API:org.jivesoftware.smackx.RosterExchangeManager,has_example,"// Connect to the server and log in > conn1 = new XMPPConnection(host); > conn1.login(server_user1, pass1);",llm_quote_grounded,Shows code example of sending a roster entry.,,,
smack:KU:org.jivesoftware.smackx.muc.MultiUserChat:SMACK-0023,smack:API:org.jivesoftware.smackx.muc.MultiUserChat,has_explanation,There are two types of rooms that you can create. Instant rooms which are available for immediate access,llm_quote_grounded,Describes the types of rooms that can be created.,,,
smack:KU:org.jivesoftware.smackx.muc.MultiUserChat:SMACK-0023,smack:API:org.jivesoftware.smackx.muc.MultiUserChat,has_guidance,In order to create a room you will need to first create an instance of MultiUserChat . The room name passed to the constructor will be the name of the room to create.,llm_quote_grounded,Explains the process to create a room using MultiUserChat.,,,
smack:KU:org.jivesoftware.smackx.muc.MultiUserChat:SMACK-0024,smack:API:org.jivesoftware.smackx.muc.MultiUserChat,has_explanation,"As a default, only users with a role of ""moderator"" are allowed to change the subject in a room.",llm_quote_grounded,Explains who is allowed to change the subject by default.,,,
smack:KU:org.jivesoftware.smackx.muc.MultiUserChat:SMACK-0024,smack:API:org.jivesoftware.smackx.muc.MultiUserChat,has_guidance,In order to modify the room's subject just send MultiUserChat.changeSubject(String subject) to the MultiUserChat that you used to join the room,llm_quote_grounded,Instructions on how to modify the room's subject.,,,
smack:KU:org.jivesoftware.smackx.muc.MultiUserChat:SMACK-0024,smack:API:org.jivesoftware.smackx.muc.MultiUserChat,has_example,"// A room's owner changes the room's subject > muc2.changeSubject(""New Subject"");",llm_quote_grounded,Code snippet showing how to change the subject.,,,
smack:KU:org.jivesoftware.smackx.muc.SubjectUpdatedListener:SMACK-0025,smack:API:org.jivesoftware.smackx.muc.SubjectUpdatedListener,has_guidance,if you want to be notified whenever the room's subject is modified you should add a SubjectUpdatedListener to the MultiUserChat,llm_quote_grounded,Instructions on how to add a listener for subject updates.,,,
smack:KU:org.jivesoftware.smackx.muc.SubjectUpdatedListener:SMACK-0025,smack:API:org.jivesoftware.smackx.muc.SubjectUpdatedListener,has_example,"muc3.addSubjectUpdatedListener(new SubjectUpdatedListener() { > public void subjectUpdated(String subject, String from) {",llm_quote_grounded,Code snippet showing implementation of SubjectUpdatedListener.,,,
smack:KU:org.jivesoftware.smackx.MessageEventManager:SMACK-0026,smack:API:org.jivesoftware.smackx.MessageEventManager,has_explanation,"You can receive notifications of the following events: delivered, displayed, composing, offline and cancelled.",llm_quote_grounded,Lists the types of event notifications received.,,,
smack:KU:org.jivesoftware.smackx.MessageEventManager:SMACK-0026,smack:API:org.jivesoftware.smackx.MessageEventManager,has_guidance,The general idea is to create a new MessageEventNotificationListener that will listen to the event notifications and react with custom logic.,llm_quote_grounded,Steps to set up listeners and managers for event notifications.,,,
smack:KU:org.jivesoftware.smackx.MessageEventManager:SMACK-0026,smack:API:org.jivesoftware.smackx.MessageEventManager,has_example,// Create a MessageEventManager > MessageEventManager messageEventManager = new MessageEventManager(conn1);,llm_quote_grounded,Code example demonstrating usage of MessageEventManager.,,,
smack:KU:org.jivesoftware.smackx.pubsub.PubSubManager:SMACK-0028,smack:API:org.jivesoftware.smackx.pubsub.PubSubManager,has_guidance,"Could you try to replace: PubSubManager manager = new PubSubManager(connection, ""computer""); with this String pubSubAddress = ""pubsub."" + connection.getServiceName();",llm_quote_grounded,Suggests a fix for PubSubManager initialization address.,,,
smack:KU:org.jivesoftware.smackx.ServiceDiscoveryManager:SMACK-0030,smack:API:org.jivesoftware.smackx.ServiceDiscoveryManager,has_explanation,This enables other entities to query that entity using the disco#items namespace and receive a result even when the entity being queried is not online,llm_quote_grounded,Explains the benefit of publishing items to persistent storage.,,,
smack:KU:org.jivesoftware.smackx.ServiceDiscoveryManager:SMACK-0030,smack:API:org.jivesoftware.smackx.ServiceDiscoveryManager,has_guidance,To publish the items of a given XMPP entity you have to first create an instance of DiscoverItems and configure it with the items to publish.,llm_quote_grounded,Steps to publish items using ServiceDiscoveryManager.,,,
smack:KU:org.jivesoftware.smackx.ServiceDiscoveryManager:SMACK-0030,smack:API:org.jivesoftware.smackx.ServiceDiscoveryManager,has_example,// Obtain the ServiceDiscoveryManager associated with my Connection > ServiceDiscoveryManager discoManager = ServiceDiscoveryManager.getInstanceFor(connection);,llm_quote_grounded,Code example showing how to publish new items.,,,
smack:KU:org.jivesoftware.smack.Roster:SMACK-0031,smack:API:org.jivesoftware.smack.Roster,has_explanation,"The roster lets you keep track of the availability (""presence"") of other users. A roster also allows you to organize users into groups",llm_quote_grounded,Defines what a roster is and its function.,,,
smack:KU:org.jivesoftware.smack.Roster:SMACK-0031,smack:API:org.jivesoftware.smack.Roster,has_guidance,A ` Roster ` instance is obtained using the ` Connection.getRoster() ` method.,llm_quote_grounded,How to obtain a Roster instance.,,,
smack:KU:org.jivesoftware.smackx.filetransfer.FileTransfer:SMACK-0036,smack:API:org.jivesoftware.smackx.filetransfer.FileTransfer,has_explanation,"The file transfer can be in several states, negotiating, rejected, canceled, in progress, error, and complete.",llm_quote_grounded,Explains the states and return values of FileTransfer methods.,,,
smack:KU:org.jivesoftware.smackx.filetransfer.FileTransfer:SMACK-0036,smack:API:org.jivesoftware.smackx.filetransfer.FileTransfer,has_guidance,Both the IncomingFileTransfer and the OutgoingFileTransfer extend the FileTransfer class which provides several methods to monitor how a file transfer is progressing,llm_quote_grounded,Provides steps on how to monitor file transfer progress using specific methods.,,,
smack:KU:org.jivesoftware.smackx.pubsub.Node:SMACK-0037,smack:API:org.jivesoftware.smackx.pubsub.Node,has_guidance,"To get messages asynchronously when items are published to a node, you will have to * Get a node. * Create and register a listener. * Subscribe to the node.",llm_quote_grounded,Lists the required steps to receive pubsub messages asynchronously.,,,
smack:KU:org.jivesoftware.smackx.pubsub.Node:SMACK-0037,smack:API:org.jivesoftware.smackx.pubsub.Node,has_constraint,Please note that you should register the listener before subscribing so that all messages sent after subscribing are received.,llm_quote_grounded,Specifies the order of operations required to ensure all messages are received.,,,
smack:KU:org.jivesoftware.smackx.ServiceDiscoveryManager:SMACK-0038,smack:API:org.jivesoftware.smackx.ServiceDiscoveryManager,has_guidance,To get your ServiceDiscoveryManager send ServiceDiscoveryManager.getInstanceFor(connection) to the class ServiceDiscoveryManager where connection is your Connection.,llm_quote_grounded,Explains how to obtain an instance of ServiceDiscoveryManager.,,,
smack:KU:org.jivesoftware.smackx.ServiceDiscoveryManager:SMACK-0038,smack:API:org.jivesoftware.smackx.ServiceDiscoveryManager,has_guidance,"To register a new node information provider send ServiceDiscoveryManager.setNodeInformationProvider(String node, NodeInformationProvider listener) to your ServiceDiscoveryManager",llm_quote_grounded,Describes how to register a node information provider with the manager.,,,
smack:KU:org.jivesoftware.smackx.NodeInformationProvider:SMACK-0045,smack:API:org.jivesoftware.smackx.NodeInformationProvider,has_explanation,In order to answer the correct information it is necessary to configure the information providers associated to the items/nodes within the Smack client.,llm_quote_grounded,Explains the purpose of NodeInformationProvider in responding to discovery requests.,,,
smack:KU:org.jivesoftware.smackx.NodeInformationProvider:SMACK-0045,smack:API:org.jivesoftware.smackx.NodeInformationProvider,has_guidance,you will need to create a NodeInformationProvider and register it with the ServiceDiscoveryManager .,llm_quote_grounded,Indicates that a NodeInformationProvider must be created and registered.,,,
smack:KU:org.jivesoftware.smackx.muc.MultiUserChat:SMACK-0039,smack:API:org.jivesoftware.smackx.muc.MultiUserChat,has_guidance,"In order to get the rooms where a user is in just send MultiUserChat.getJoinedRooms(Connection connection, String user) to the MultiUserChat class",llm_quote_grounded,Explains how to retrieve joined rooms for a user using MultiUserChat static method.,,,
smack:KU:org.jivesoftware.smackx.muc.MultiUserChat:SMACK-0039,smack:API:org.jivesoftware.smackx.muc.MultiUserChat,has_example,"Iterator joinedRooms = MultiUserChat.getJoinedRooms(conn, ""user3@host.org/Smack"");",llm_quote_grounded,Provides code example for getting joined rooms.,,,
smack:KU:org.jivesoftware.smack.filter.PacketFilter:SMACK-0041,smack:API:org.jivesoftware.smack.filter.PacketFilter,has_example,PacketFilter filter = new MessageTypeFilter(Message.Type.chat);,llm_quote_grounded,Shows usage of PacketFilter in creating a chat listener.,,,
smack:KU:org.jivesoftware.smack.filter.PacketFilter:SMACK-0041,smack:API:org.jivesoftware.smack.filter.PacketFilter,has_guidance,I've tryed to replace: PacketFilter filter = new MessageTypeFilter(Message.Type.chat); with: PacketFilter filter = new AndFilter(new PacketTypeFilter(Message.class));,llm_quote_grounded,Suggests replacing the deprecated filter with AndFilter/PacketTypeFilter to fix interception issues.,,,
smack:KU:org.jivesoftware.smackx.Form:SMACK-0043,smack:API:org.jivesoftware.smackx.Form,has_example,"Form searchForm = search.getSearchForm(""search.""+xmppConnection.getServiceName()); Form answerForm = searchForm.createAnswerForm(); answerForm.setAnswer(""Username"", true); answerForm.setAnswer(""search"", user);",llm_quote_grounded,Demonstrates creating and answering a search form to check user existence.,,,
smack:KU:org.jivesoftware.smackx.filetransfer.FileTransferManager:SMACK-0044,smack:API:org.jivesoftware.smackx.filetransfer.FileTransferManager,has_guidance,In order to recieve a file you must first construct an instance of the FileTransferManager class. This class has one constructor with one parameter which is your Connection.,llm_quote_grounded,Explains the process of constructing FileTransferManager and registering a listener.,,,
smack:KU:org.jivesoftware.smackx.filetransfer.FileTransferManager:SMACK-0044,smack:API:org.jivesoftware.smackx.filetransfer.FileTransferManager,has_explanation,"When a request is recieved through this method, you can either accept or reject the request.",llm_quote_grounded,Describes how file transfer requests are handled via listeners.,,,
smack:KU:org.jivesoftware.smackx.filetransfer.FileTransferListener:SMACK-0072,smack:API:org.jivesoftware.smackx.filetransfer.FileTransferListener,has_guidance,"The FileTransferListner interface has one method, FileTransferListener.fileTransferRequest(request) .",llm_quote_grounded,Identifies the interface and method needed to listen for file transfer requests.,,,
smack:KU:org.jivesoftware.smackx.ServiceDiscoveryManager:SMACK-0046,smack:API:org.jivesoftware.smackx.ServiceDiscoveryManager,has_guidance,To discover the items of a given XMPP entity send ServiceDiscoveryManager.discoverItems(entityID) to your ServiceDiscoveryManager where entityID is the ID of the entity.,llm_quote_grounded,Explains the procedure to discover items using the API.,,,
smack:KU:org.jivesoftware.smackx.ServiceDiscoveryManager:SMACK-0046,smack:API:org.jivesoftware.smackx.ServiceDiscoveryManager,has_example,"// Obtain the ServiceDiscoveryManager associated with my Connection > ServiceDiscoveryManager discoManager = ServiceDiscoveryManager.getInstanceFor(connection); > // Get the items of a given XMPP entity > // This example gets the items associated with online catalog service > DiscoverItems discoItems = discoManager.discoverItems(""plays.shakespeare.lit"");",llm_quote_grounded,Provides code snippet demonstrating usage.,,,
smack:KU:org.jivesoftware.smackx.muc.MultiUserChat:SMACK-0048,smack:API:org.jivesoftware.smackx.muc.MultiUserChat,has_explanation,"The member affiliation provides a way for a room owner or admin to specify a ""whitelist"" of users who are allowed to enter a members-only room. When a member enters a members-only room, his or her affiliation does not change, no matter what his or her role is.",llm_quote_grounded,Defines the concept and behavior of member affiliation.,,,
smack:KU:org.jivesoftware.smackx.muc.MultiUserChat:SMACK-0048,smack:API:org.jivesoftware.smackx.muc.MultiUserChat,has_guidance,"In order to grant membership to a room, administrator privileges or owner priveliges just send MultiUserChat.grantMembership(String jid) , MultiUserChat.grantAdmin(String jid) or MultiUserChat.grantOwnership(String jid) to MultiUserChat respectively.",llm_quote_grounded,Instructs on how to grant and revoke affiliations using specific methods.,,,
smack:KU:org.jivesoftware.smackx.MessageEventManager:SMACK-0049,smack:API:org.jivesoftware.smackx.MessageEventManager,has_explanation,In order to receive event notifications for a given message you first have to specify which events are you interested in. Each message that you send has to request its own event notifications.,llm_quote_grounded,Explains the requirement to request event notifications per message.,,,
smack:KU:org.jivesoftware.smackx.MessageEventManager:SMACK-0049,smack:API:org.jivesoftware.smackx.MessageEventManager,has_guidance,"Use the static method MessageEventManager.MessageEventManager.addNotificationsRequests(Message message, boolean offline, boolean delivered, boolean displayed, boolean composing) for requesting event notifications.",llm_quote_grounded,Directs user to use the static method for requesting notifications.,,,
smack:KU:org.jivesoftware.smackx.MessageEventManager:SMACK-0049,smack:API:org.jivesoftware.smackx.MessageEventManager,has_example,"// Add to the message all the notifications requests (offline, delivered, displayed, > // composing) > MessageEventManager.addNotificationsRequests(msg, true, true, true, true); > // Send the message that contains the notifications request > chat1.sendMessage(msg);",llm_quote_grounded,Shows code implementation for adding notification requests.,,,
smack:KU:org.jivesoftware.smackx.filetransfer.OutgoingFileTransfer:SMACK-0050,smack:API:org.jivesoftware.smackx.filetransfer.OutgoingFileTransfer,has_constraint,"You have to send a fully-qualified jabber ID as detination userID when you create the `OutgoingFileTransfer` it consists of a node, a domain, and a resource (user@domain/resource)",llm_quote_grounded,Specifies the required format for the destination JID.,,,
smack:KU:org.jivesoftware.smackx.filetransfer.OutgoingFileTransfer:SMACK-0050,smack:API:org.jivesoftware.smackx.filetransfer.OutgoingFileTransfer,has_guidance,"So, your sentTo variable shoulbe String sentTo = ""user@domain/resource""; OutgoingFileTransfer transfer = manager.createOutgoingFileTransfer(sentTo)",llm_quote_grounded,Corrects the variable assignment based on the constraint.,,,
smack:KU:org.jivesoftware.smack.PacketCollector:SMACK-0052,smack:API:org.jivesoftware.smack.PacketCollector,has_explanation,` org.jivesoftware.smack.PacketCollector ` \-- a class that lets you synchronously wait for new packets.,llm_quote_grounded,Describes the purpose and mechanism of PacketCollector.,,,
smack:KU:org.jivesoftware.smack.PacketCollector:SMACK-0052,smack:API:org.jivesoftware.smack.PacketCollector,has_guidance,while a packet collector is useful when you want to wait for a specific packet to arrive.,llm_quote_grounded,Explains when to use PacketCollector vs Listener.,,,
smack:KU:org.jivesoftware.smack.PacketCollector:SMACK-0052,smack:API:org.jivesoftware.smack.PacketCollector,has_example,"// First, register a packet collector using the filter we created. PacketCollector myCollector = connection.createPacketCollector(filter);",llm_quote_grounded,Code snippet showing creation of a packet collector.,,,
smack:KU:org.jivesoftware.smack.PacketListener:SMACK-0078,smack:API:org.jivesoftware.smack.PacketListener,has_explanation,` org.jivesoftware.smack.PacketListener ` \-- an interface for asynchronously notifying you of incoming packets.,llm_quote_grounded,Describes the purpose and mechanism of PacketListener.,,,
smack:KU:org.jivesoftware.smack.PacketListener:SMACK-0078,smack:API:org.jivesoftware.smack.PacketListener,has_guidance,a packet listener is useful when you want to take some action whenever a packet happens to come in,llm_quote_grounded,Explains when to use PacketListener vs Collector.,,,
smack:KU:org.jivesoftware.smack.PacketListener:SMACK-0078,smack:API:org.jivesoftware.smack.PacketListener,has_example,"// Next, create a packet listener. We use an anonymous inner class for brevity. PacketListener myListener = new PacketListener() { public void processPacket(Packet packet) { // Do something with the incoming packet here. } }; // Register the listener. connection.addPacketListener(myListener, filter);",llm_quote_grounded,Code snippet showing creation and registration of a packet listener.,,,
smack:KU:org.jivesoftware.smackx.pubsub.PubSubManager:SMACK-0053,smack:API:org.jivesoftware.smackx.pubsub.PubSubManager,has_explanation,"There are two types of nodes that can be created, leaf nodes and collection nodes. * Leaf Nodes - contains only messages * Collection Nodes - contains only nodes (both Leaf and Collection are allowed), but no messages The current version of this API only supports Leaf Nodes.",llm_quote_grounded,Defines types of nodes and current API support limitations.,,,
smack:KU:org.jivesoftware.smackx.pubsub.PubSubManager:SMACK-0053,smack:API:org.jivesoftware.smackx.pubsub.PubSubManager,has_guidance,"In order to create a node you will need to first create an instance of PubSubManager . There are several options for node creation which range from creating an instant node, default configuration, or a fully configured node.",llm_quote_grounded,Steps to create a node instance.,,,
smack:KU:org.jivesoftware.smackx.pubsub.PubSubManager:SMACK-0053,smack:API:org.jivesoftware.smackx.pubsub.PubSubManager,has_example,// Create a pubsub manager using an existing Connection > PubSubManager mgr = new PubSubManager(con); > // Create the node > LeafNode leaf = mgr.createNode();,llm_quote_grounded,Multiple code examples for different node creation scenarios.,,,
smack:KU:org.jivesoftware.smackx.ServiceDiscoveryManager:SMACK-0055,smack:API:org.jivesoftware.smackx.ServiceDiscoveryManager,has_explanation,This extension automatically responds to a discovery request with the information that you previously configured.,llm_quote_grounded,Explains automatic response behavior for discovery requests.,,,
smack:KU:org.jivesoftware.smackx.ServiceDiscoveryManager:SMACK-0055,smack:API:org.jivesoftware.smackx.ServiceDiscoveryManager,has_guidance,To get your ServiceDiscoveryManager send ServiceDiscoveryManager.getInstanceFor(connection) to the class ServiceDiscoveryManager where connection is your Connection. Once you have your ServiceDiscoveryManager you will be able to manage the supported features.,llm_quote_grounded,Instructions on obtaining manager and managing features.,,,
smack:KU:org.jivesoftware.smackx.ServiceDiscoveryManager:SMACK-0055,smack:API:org.jivesoftware.smackx.ServiceDiscoveryManager,has_example,// Obtain the ServiceDiscoveryManager associated with my Connection > ServiceDiscoveryManager discoManager = ServiceDiscoveryManager.getInstanceFor(connection); > // Register that a new feature is supported by this XMPP entity > discoManager.addFeature(namespace1); > // Remove the specified feature from the supported features by this XMPP entity > discoManager.removeFeature(namespace2);,llm_quote_grounded,Code snippet for adding and removing features.,,,
smack:KU:org.jivesoftware.smack.Connection:SMACK-0058,smack:API:org.jivesoftware.smack.Connection,has_example,package test2XMPP; import org.jivesoftware.smack.Chat; import org.jivesoftware.smack.ConnectionConfiguration; import org.jivesoftware.smack.XMPPConnection;,llm_quote_grounded,"The KU provides a complete Java code snippet demonstrating how to instantiate and use the Connection class (via XMPPConnection) to connect, login, and chat.",,,
smack:KU:org.jivesoftware.smack.Connection:SMACK-0058,smack:API:org.jivesoftware.smack.Connection,has_guidance,Just needed to identify Hostname of the machine where Ejabberd was installed & made sure that both of them were the same for the client's to communicate across.,llm_quote_grounded,The KU offers troubleshooting advice regarding hostname and domain name configuration when using the Connection constructor.,,,
smack:KU:org.jivesoftware.smack.packet.PacketExtension:SMACK-0060,smack:API:org.jivesoftware.smack.packet.PacketExtension,has_guidance,"If you do not want key/value pairs, but structured data, use `addExtension()` in the message body. This is a little more complicated because you basically have to extend `PacketExtension`, provide your own namespace.",llm_quote_grounded,"The KU explains that PacketExtension is used for structured data in messages, noting it is more complicated than properties and requires extending the class.",,,
smack:KU:org.jivesoftware.smackx.filetransfer.OutgoingFileTransfer:SMACK-0061,smack:API:org.jivesoftware.smackx.filetransfer.OutgoingFileTransfer,has_explanation,"Now that you have your OutgoingFileTransfer instance you will want to send the file. The method to send a file is OutgoingFileTransfer.sendFile(file, description) .",llm_quote_grounded,The KU describes the purpose of OutgoingFileTransfer and the specific method used to send files.,,,
smack:KU:org.jivesoftware.smackx.filetransfer.OutgoingFileTransfer:SMACK-0061,smack:API:org.jivesoftware.smackx.filetransfer.OutgoingFileTransfer,has_example,"> // Create the outgoing file transfer > OutgoingFileTransfer transfer = manager.createOutgoingFileTransfer(""romeo@montague.net""); > // Send the file > transfer.sendFile(new File(""shakespeare_complete_works.txt""), ""You won't believe this!"");",llm_quote_grounded,The KU provides a code example showing how to create an OutgoingFileTransfer instance and call sendFile.,,,
smack:KU:org.jivesoftware.smackx.RosterExchangeListener:SMACK-0062,smack:API:org.jivesoftware.smackx.RosterExchangeListener,has_guidance,"1. Create a class that implements the RosterExchangeListener interface. 2. Implement the method RosterExchangeListener.entriesReceived(String, Iterator) that will be called when new entries are received with custom logic.",llm_quote_grounded,The KU outlines the steps required to implement RosterExchangeListener to handle incoming roster entries.,,,
smack:KU:org.jivesoftware.smackx.RosterExchangeListener:SMACK-0062,smack:API:org.jivesoftware.smackx.RosterExchangeListener,has_example,"> RosterExchangeListener rosterExchangeListener = new RosterExchangeListener() { > public void entriesReceived(String from, Iterator remoteRosterEntries) {",llm_quote_grounded,The KU provides a code snippet demonstrating the implementation of the listener and its registration.,,,
smack:KU:org.jivesoftware.smackx.XHTMLManager:SMACK-0063,smack:API:org.jivesoftware.smackx.XHTMLManager,has_guidance,"In order to discover if a remote user supports XHTML messages send #XHTMLManager.isServiceEnabled(Connection connection, String userID) to the class XHTMLManager",llm_quote_grounded,The KU explains how to use XHTMLManager to check if a user supports XHTML messages before sending them.,,,
smack:KU:org.jivesoftware.smackx.XHTMLManager:SMACK-0063,smack:API:org.jivesoftware.smackx.XHTMLManager,has_example,"> if (XHTMLManager.isServiceEnabled(connection, chat.getParticipant())) { > // Obtain the XHTML text to send from somewhere > String xhtmlBody = getXHTMLTextToSend(); > // Include an XHTML body in the message > XHTMLManager.addBody(msg, xhtmlBody); > }",llm_quote_grounded,The KU provides a code example showing how to conditionally add an XHTML body based on service discovery.,,,
smack:KU:org.jivesoftware.smackx.muc.MultiUserChat:SMACK-0065,smack:API:org.jivesoftware.smackx.muc.MultiUserChat,has_guidance,"In order to discover if one of the user's contacts supports MUC just send MultiUserChat.isServiceEnabled(Connection connection, String user) to the MultiUserChat class",llm_quote_grounded,The KU describes how to use MultiUserChat to discover if a contact supports MUC.,,,
smack:KU:org.jivesoftware.smackx.muc.MultiUserChat:SMACK-0065,smack:API:org.jivesoftware.smackx.muc.MultiUserChat,has_example,"> boolean supports = MultiUserChat.isServiceEnabled(conn, ""user3@host.org/Smack"");",llm_quote_grounded,The KU provides a code snippet demonstrating the call to isServiceEnabled.,,,
smack:KU:org.jivesoftware.smackx.muc.MultiUserChat:SMACK-0066,smack:API:org.jivesoftware.smackx.muc.MultiUserChat,has_guidance,To create a private chat with another room occupant just send MultiUserChat.createPrivateChat(String participant) to the MultiUserChat that you used to join the room.,llm_quote_grounded,The KU explains how to initiate a private chat between room occupants using MultiUserChat.,,,
smack:KU:org.jivesoftware.smackx.muc.MultiUserChat:SMACK-0066,smack:API:org.jivesoftware.smackx.muc.MultiUserChat,has_example,"> Chat chat = muc2.createPrivateChat(""myroom@conference.jabber.org/johndoe""); > chat.sendMessage(""Hello there"");",llm_quote_grounded,The KU provides a code example showing how to create a private chat and send a message.,,,
smack:KU:org.jivesoftware.smackx.Form:SMACK-0070,smack:API:org.jivesoftware.smackx.Form,has_example,// Get the message with the form to fill out > Message msg2 = chat2.nextMessage(); > // Retrieve the form to fill out from the message > Form formToRespond = Form.getFormFrom(msg2);,llm_quote_grounded,"The KU provides a code example demonstrating how to retrieve, complete, and send a form using the Form class.",,,
smack:KU:org.jivesoftware.smackx.filetransfer.FileTransferManager:SMACK-0071,smack:API:org.jivesoftware.smackx.filetransfer.FileTransferManager,has_guidance,In order to send a file you must first construct an instance of the FileTransferManager class. This class has one constructor with one parameter which is your Connection.,llm_quote_grounded,"The KU explains the steps required to use FileTransferManager, specifically constructing an instance and creating an outgoing transfer.",,,
smack:KU:org.jivesoftware.smackx.ServiceDiscoveryManager:SMACK-0073,smack:API:org.jivesoftware.smackx.ServiceDiscoveryManager,has_example,// Obtain the ServiceDiscoveryManager associated with my Connection > ServiceDiscoveryManager discoManager = ServiceDiscoveryManager.getInstanceFor(connection); > // Get the information of a given XMPP entity,llm_quote_grounded,The KU includes a code snippet showing how to obtain the manager and discover information for a specific entity.,,,
smack:KU:org.jivesoftware.smackx.RosterExchangeManager:SMACK-0074,smack:API:org.jivesoftware.smackx.RosterExchangeManager,has_example,"// Connect to the server and log in > conn1 = new XMPPConnection(host); > conn1.login(server_user1, pass1); > // Create a new roster exchange manager on conn1 > RosterExchangeManager rosterExchangeManager = new RosterExchangeManager(conn1);",llm_quote_grounded,The KU provides a concrete code example of sending a roster from one user to another using RosterExchangeManager.,,,
smack:KU:org.jivesoftware.smackx.RosterExchangeManager:SMACK-0075,smack:API:org.jivesoftware.smackx.RosterExchangeManager,has_explanation,A roster group groups a set of roster entries under a name.,llm_quote_grounded,Explains the purpose of RosterExchangeManager and how it groups roster entries.,,,
smack:KU:org.jivesoftware.smackx.RosterExchangeManager:SMACK-0075,smack:API:org.jivesoftware.smackx.RosterExchangeManager,has_guidance,"Create an instance of RosterExchangeManager and use the #RosterExchangeManager.send(RosterGroup, String) message to send a roster group to a given user.",llm_quote_grounded,Provides steps on how to create an instance and use the send method.,,,
smack:KU:org.jivesoftware.smackx.RosterExchangeManager:SMACK-0075,smack:API:org.jivesoftware.smackx.RosterExchangeManager,has_example,"// Connect to the server and log in > conn1 = new XMPPConnection(host); > conn1.login(server_user1, pass1); > // Create a new roster exchange manager on conn1 > RosterExchangeManager rosterExchangeManager = new RosterExchangeManager(conn1); > // Send user1's RosterGroups to user2 > for (Iterator it = conn1.getRoster().getGroups(); it.hasNext(); ) > rosterExchangeManager.send((RosterGroup)it.next(), user2);",llm_quote_grounded,Shows code example of sending roster groups from one user to another.,,,
smack:KU:org.jivesoftware.smackx.muc.DefaultParticipantStatusListener:SMACK-0076,smack:API:org.jivesoftware.smackx.muc.DefaultParticipantStatusListener,has_guidance,"then, to keep Occupants list updated, register a DefaultParticipantStatusListener to your muc and define that Listner:",llm_quote_grounded,Instructs to register a DefaultParticipantStatusListener to keep occupants list updated.,,,
smack:KU:org.jivesoftware.smackx.muc.DefaultParticipantStatusListener:SMACK-0076,smack:API:org.jivesoftware.smackx.muc.DefaultParticipantStatusListener,has_example,"public class CustomParticipantStatusListner extends DefaultParticipantStatusListener { public void joined(String participant) { System.out.println(participant + ""just joined MUC""); //actions (add occupantsRightNow) } public void left(String participant) { System.out.println(participant + "" just left MUC""); //actions (remove occupantsRightNow) } }",llm_quote_grounded,Provides a code snippet showing how to extend DefaultParticipantStatusListener and implement methods.,,,
smack:KU:org.jivesoftware.smackx.muc.MultiUserChat:SMACK-0080,smack:API:org.jivesoftware.smackx.muc.MultiUserChat,has_explanation,Your usual first step in order to send messages to a room is to join the room. Multi User Chat allows to specify several parameter while joining a room.,llm_quote_grounded,Describes the process of joining a room and the parameters involved.,,,
smack:KU:org.jivesoftware.smackx.muc.MultiUserChat:SMACK-0080,smack:API:org.jivesoftware.smackx.muc.MultiUserChat,has_guidance,"If you want to just join the room without a password and without specifying the amount of history to receive then you could use MultiUserChat.join(String nickname) where nickname if your nickname in the room. In case the room requires a password in order to join you could then use MultiUserChat.join(String nickname, String password) . And finally, the most complete way to join a room is to send MultiUserChat.join(String nickname, String password, DiscussionHistory history, long timeout)",llm_quote_grounded,Details the specific methods to use for joining with or without password/history options.,,,
smack:KU:org.jivesoftware.smackx.muc.MultiUserChat:SMACK-0081,smack:API:org.jivesoftware.smackx.muc.MultiUserChat,has_explanation,A user may need to discover information about a room without having to actually join the room. The server will provide information only for public rooms.,llm_quote_grounded,Explains the capability to discover room information without joining.,,,
smack:KU:org.jivesoftware.smackx.muc.MultiUserChat:SMACK-0081,smack:API:org.jivesoftware.smackx.muc.MultiUserChat,has_guidance,"In order to discover information about a room just send MultiUserChat.getRoomInfo(Connection connection, String room) to the MultiUserChat class where room is the XMPP ID of the room, e.g. roomName@conference.myserver. You will get a RoomInfo object that contains the discovered room information.",llm_quote_grounded,Instructs on using getRoomInfo method and what object is returned.,,,
smack:KU:org.jivesoftware.smackx.muc.MultiUserChat:SMACK-0081,smack:API:org.jivesoftware.smackx.muc.MultiUserChat,has_example,"// Discover information about the room roomName@conference.myserver > RoomInfo info = MultiUserChat.getRoomInfo(conn, ""roomName@conference.myserver""); > System.out.println(""Number of occupants:"" + info.getOccupantsCount()); > System.out.println(""Room Subject:"" + info.getSubject());",llm_quote_grounded,Shows code example of calling getRoomInfo and accessing properties.,,,
smack:KU:org.jivesoftware.smack.Chat:SMACK-0016,smack:KU:org.jivesoftware.smack.Chat:SMACK-0069,task_related,,llm_quote_grounded,"The first KU introduces the Chat class for messaging, while the second KU details a specific task involving managing multiple Chat instances to handle resource-specific responses in XMPP.",Using Smack's Chat API for complex multi-resource communication.,it's generally easier to treat the string of messages as a chat using the ` org.jivesoftware.smack.Chat ` class.,"chat = com.andreaslekas.pim.PIM.connection.getChatManager().createChat(recipient.getUser(), new MessageListener() {"
smack:KU:org.jivesoftware.smack.Chat:SMACK-0016,smack:KU:org.jivesoftware.smack.packet.PacketExtension:SMACK-0060,complements,,llm_quote_grounded,"The Chat class provides the basic mechanism for sending messages, while PacketExtension allows adding structured data or properties to those messages that are not displayed in the standard chat window.",When extending message content beyond simple text bodies using the Chat API.,it's generally easier to treat the string of messages as a chat using the ` org.jivesoftware.smack.Chat ` class.,"If you do not want key/value pairs, but structured data, use `addExtension()` in the message body. This is a little more complicated because you basically have to extend `PacketExtension`"
smack:KU:org.jivesoftware.smack.Chat:SMACK-0016,smack:KU:org.jivesoftware.smackx.XHTMLManager:SMACK-0056,complements,,llm_quote_grounded,"The Chat class manages the conversation flow, while XHTMLManager allows retrieving rich text (XHTML) content from messages received within that chat context.",Processing incoming messages in a chat to extract XHTML bodies.,it's generally easier to treat the string of messages as a chat using the ` org.jivesoftware.smack.Chat ` class.,> }; > chat.addMessageListener(packetListener);
smack:KU:org.jivesoftware.smack.Chat:SMACK-0016,smack:KU:org.jivesoftware.smackx.muc.MultiUserChat:SMACK-0066,complements,,llm_quote_grounded,"The MultiUserChat API provides a method to create a Chat object, which is the class described in the left KU for messaging.",When initiating a private chat from within a multi-user room context.,treat the string of messages as a chat using the ` org.jivesoftware.smack.Chat ` class,You will receive a regular Chat object that you can use to chat with the other room occupant.
smack:KU:org.jivesoftware.smack.Chat:SMACK-0042,smack:KU:org.jivesoftware.smackx.Form:SMACK-0012,complements,,llm_quote_grounded,"The left KU demonstrates the usage of Form.createAnswerForm() and setAnswer() in a specific scenario (UserSearch), while the right KU provides the general documentation and explanation for these methods.",Usage of Smack Form API for answering forms,"Form answerForm = searchForm.createAnswerForm(); answerForm.setAnswer(""Username"", true);","In order to create a new Form to complete based on the original Form just send Form.createAnswerForm() to the original Form . Once you have a valid form that could be actually completed all you have to do is send Form.setAnswer(String variable, String value) to the form"
smack:KU:org.jivesoftware.smack.Chat:SMACK-0042,smack:KU:org.jivesoftware.smackx.Form:SMACK-0043,task_related,,llm_quote_grounded,"Both KUs address the task of performing a User Search using `UserSearchManager` and `Form` APIs. The left KU discusses a failure case (null return) due to provider configuration, while the right KU provides a working code snippet for checking user existence via search.",Implementing XMPP User Search functionality,"UserSearchManager usm = new UserSearchManager(conn); Form searchForm = usm.getSearchForm(""search.myserver.com""); Form answerForm = searchForm.createAnswerForm(); answerForm.setAnswer(""Username"", true); answerForm.setAnswer(""search"", contact.getJid()); ReportedData data = usm.getSearchResults(answerForm, ""search.myserver.com"");","UserSearchManager search = new UserSearchManager(xmppConnection); Form searchForm = search.getSearchForm(""search.""+xmppConnection.getServiceName()); Form answerForm = searchForm.createAnswerForm(); answerForm.setAnswer(""Username"", true); answerForm.setAnswer(""search"", user); ReportedData data = search.getSearchResults(answerForm,""search.""+xmppConnection.getServiceName());"
smack:KU:org.jivesoftware.smack.Chat:SMACK-0069,smack:KU:org.jivesoftware.smack.Connection:SMACK-0019,constrains,,llm_quote_grounded,"The Chat API usage in SMACK-0069 relies on an active Connection, which is established and configured in SMACK-0019. The connection setup (host, port, auth) constrains the ability to create chats.","When initializing a Smack client for messaging, the Connection object must be successfully created and logged in before Chat objects can be instantiated or used.","chat = com.andreaslekas.pim.PIM.connection.getChatManager().createChat(recipient.getUser(), new MessageListener()","ConnectionConfiguration config = new ConnectionConfiguration(""192.32.104.93"", 5222, ""ELVES-D463645""); Connection connection = new XMPPConnection(config); connection.connect();"
smack:KU:org.jivesoftware.smack.Chat:SMACK-0069,smack:KU:org.jivesoftware.smack.Connection:SMACK-0058,constrains,,llm_quote_grounded,"The Chat operations in SMACK-0069 depend on a valid Connection instance. SMACK-0058 demonstrates that if the Connection fails to establish (e.g., 'Not connected to server'), subsequent Chat creation and message sending will fail.",Chat functionality is unavailable if the underlying Connection is not properly established due to network or configuration errors.,"chat = com.andreaslekas.pim.PIM.connection.getChatManager().createChat(recipient.getUser(), new MessageListener()","Exception in thread ""main"" java.lang.IllegalStateException: Not connected to server."
smack:KU:org.jivesoftware.smack.Chat:SMACK-0069,smack:KU:org.jivesoftware.smack.PacketCollector:SMACK-0052,complements,,llm_quote_grounded,"The Chat API uses MessageListener (an async construct) to handle incoming messages, which is described in the PacketCollector KU as one of two constructs for processing incoming packets.",General Smack packet processing framework,Then I'd set up a MessageListener to listen for a response.,* ` org.jivesoftware.smack.PacketListener ` \-- an interface for asynchronously notifying you of incoming packets.
smack:KU:org.jivesoftware.smack.Chat:SMACK-0069,smack:KU:org.jivesoftware.smack.PacketListener:SMACK-0001,contrasts_with,,llm_quote_grounded,"The left KU demonstrates using a MessageListener attached directly to a Chat object, while the right KU contrasts this by showing that attaching a listener to the Connection itself (using PacketListener) can be more reliable for receiving messages when Chat-specific listeners fail or are insufficient.",Receiving XMPP messages in Smack,"chat = com.andreaslekas.pim.PIM.connection.getChatManager().createChat(recipient.getUser(), new MessageListener() {","Your observation led me to setup a listener on connection (and to listen for packages of type Char), rather than setting a listener on the chat object itself."
smack:KU:org.jivesoftware.smack.Chat:SMACK-0069,smack:KU:org.jivesoftware.smack.PacketListener:SMACK-0078,complements,,llm_quote_grounded,The Chat API relies on MessageListener (which extends/implements the concept of PacketListener) to receive responses. The right KU provides the foundational definition of PacketListener as the asynchronous notification mechanism used by Smack.,Smack's event-driven architecture,"new MessageListener() {
 public void processMessage(Chat chat, Message msg) {",* ` org.jivesoftware.smack.PacketListener ` \-- an interface for asynchronously notifying you of incoming packets.
smack:KU:org.jivesoftware.smack.Chat:SMACK-0069,smack:KU:org.jivesoftware.smack.filter.PacketFilter:SMACK-0021,task_related,,llm_quote_grounded,"Both KUs address the task of receiving and filtering incoming XMPP messages. The left KU uses Chat/MessageListener, while the right KU suggests using Connection/PacketListener with a PacketFilter as an alternative solution to ensure messages are received.",Implementing message reception in Smack clients,Then I'd set up a MessageListener to listen for a response.,"PacketFilter filter = new MessageTypeFilter(Message.Type.chat);
 xmppManager.connection.addPacketListener(new PacketListener() {"
smack:KU:org.jivesoftware.smack.Chat:SMACK-0069,smack:KU:org.jivesoftware.smack.filter.PacketFilter:SMACK-0041,task_related,,llm_quote_grounded,"Both KUs involve setting up listeners to intercept messages. The left KU focuses on routing messages to specific resources via Chat, while the right KU discusses using PacketFilters with MessageListeners to intercept messages from a broker.",Configuring message interception and routing,"chat = com.andreaslekas.pim.PIM.connection.getChatManager().createChat(recipient.getUser(), new MessageListener() {","PacketFilter filter = new MessageTypeFilter(Message.Type.chat);
 /*MessageListener to get messages*/
 MessageListener listen = new MessageListener() {"
smack:KU:org.jivesoftware.smack.Chat:SMACK-0069,smack:KU:org.jivesoftware.smackx.Form:SMACK-0051,task_related,,llm_quote_grounded,"Both knowledge units demonstrate the usage of the `Chat` API to send messages, with one focusing on resource-specific routing and the other on attaching data forms.",Usage of org.jivesoftware.smack.Chat for sending messages in Smack library.,"chat = com.andreaslekas.pim.PIM.connection.getChatManager().createChat(recipient.getUser(), new MessageListener() {","Chat chat = conn1.createChat(""user2@host.com"" );"
smack:KU:org.jivesoftware.smack.Chat:SMACK-0069,smack:KU:org.jivesoftware.smackx.MessageEventManager:SMACK-0026,task_related,,llm_quote_grounded,"Both knowledge units involve creating a `Chat` instance to facilitate message exchange, although they address different aspects (resource routing vs. event notifications).",Creation and usage of Chat objects in Smack.,"chat = com.andreaslekas.pim.PIM.connection.getChatManager().createChat(recipient.getUser(), new MessageListener() {","// Create a chat with user2
> Chat chat1 = conn1.createChat(user2);"
smack:KU:org.jivesoftware.smack.Chat:SMACK-0069,smack:KU:org.jivesoftware.smackx.MessageEventManager:SMACK-0049,task_related,,llm_quote_grounded,"Both knowledge units show how to instantiate a `Chat` object to prepare for sending messages, serving as a common step in messaging workflows.",Instantiation of Chat for messaging tasks.,"chat = com.andreaslekas.pim.PIM.connection.getChatManager().createChat(recipient.getUser(), new MessageListener() {","// Create a chat with user2
> Chat chat1 = conn1.createChat(user2);"
smack:KU:org.jivesoftware.smack.Chat:SMACK-0069,smack:KU:org.jivesoftware.smackx.MessageEventManager:SMACK-0057,task_related,,llm_quote_grounded,"Both knowledge units utilize the `Chat` API to establish communication channels between users, which is a prerequisite for their respective advanced features (resource handling and event notification requests).",Establishing chat sessions using the Chat API.,"chat = com.andreaslekas.pim.PIM.connection.getChatManager().createChat(recipient.getUser(), new MessageListener() {","// User1 creates a chat with user2
> Chat chat1 = conn1.createChat(user2);"
smack:KU:org.jivesoftware.smack.Chat:SMACK-0069,smack:KU:org.jivesoftware.smackx.XHTMLManager:SMACK-0056,task_related,,llm_quote_grounded,"Both knowledge units involve adding listeners to a `Chat` object to process incoming messages, demonstrating a common pattern for handling message reception in Smack.",Adding message listeners to Chat instances.,"chat = com.andreaslekas.pim.PIM.connection.getChatManager().createChat(recipient.getUser(), new MessageListener() {",> chat.addMessageListener(packetListener);
smack:KU:org.jivesoftware.smackx.muc.MultiUserChat:SMACK-0066,smack:KU:org.jivesoftware.smack.Chat:SMACK-0069,complements,,llm_quote_grounded,"The MultiUserChat API provides a method to create a private Chat object, which is the core entity used in the left KU for managing one-on-one conversations.",When initiating a private conversation from within a MUC room context.,You will receive a regular Chat object that you can use to chat with the other room occupant.,"chat = com.andreaslekas.pim.PIM.connection.getChatManager().createChat(recipient.getUser(), new MessageListener() {"
smack:KU:org.jivesoftware.smack.Connection:SMACK-0019,smack:KU:org.jivesoftware.smack.Roster:SMACK-0031,complements,,llm_quote_grounded,"The Connection KU shows how to establish a connection, which is a prerequisite for obtaining a Roster instance as described in the Roster KU.",Using Connection to access Roster functionality.,Connection connection = new XMPPConnection(config); connection.connect();,A ` Roster ` instance is obtained using the ` Connection.getRoster() ` method.
smack:KU:org.jivesoftware.smack.Connection:SMACK-0058,smack:KU:org.jivesoftware.smack.Connection:SMACK-0068,task_related,,llm_quote_grounded,"Both KUs address troubleshooting connection and authentication issues in Smack XMPP clients, specifically dealing with server connectivity errors (host/domain mismatch vs room joining/locking).",Debugging Smack client connections to XMPP servers.,"Exception in thread ""main"" java.lang.IllegalStateException: Not connected to server.",The 404 error indicates that: 404 error can occur if the room does not exist or is locked
smack:KU:org.jivesoftware.smack.Connection:SMACK-0058,smack:KU:org.jivesoftware.smack.PacketListener:SMACK-0001,complements,,llm_quote_grounded,"SMACK-0058 establishes the basic connection and login flow, while SMACK-0001 provides the necessary mechanism (PacketListener) to receive messages after a successful connection, which is often the next step in building a functional chat client.",Building a complete Smack chat client workflow.,"connection.connect();
 connection.login(""test1@locahost"", ""test1"");","xmppManager.connection.addPacketListener(new PacketListener() {
 public void processPacket(Packet packet) {
 Message mes = (Message)packet;
 Log.w(""***""+mes.toString()+""***"",""0"");
 }
 }, filter);"
smack:KU:org.jivesoftware.smack.Connection:SMACK-0058,smack:KU:org.jivesoftware.smack.PacketListener:SMACK-0078,complements,,llm_quote_grounded,"SMACK-0058 shows how to create a Connection instance. SMACK-0078 explains that PacketListeners are registered using a Connection instance, providing the theoretical framework for the practical code seen in other examples.",Understanding the relationship between Connection and PacketListener registration.,XMPPConnection connection = new XMPPConnection(config);,Packet collectors and listeners can be created using an ` Connection ` instance.
smack:KU:org.jivesoftware.smack.Connection:SMACK-0058,smack:KU:org.jivesoftware.smack.Roster:SMACK-0031,complements,,llm_quote_grounded,"SMACK-0058 demonstrates establishing a Connection. SMACK-0031 describes obtaining a Roster from that Connection, which is a standard subsequent step in initializing an XMPP client session.",Client initialization sequence.,"connection.connect();
 connection.login(""test1@locahost"", ""test1"");",A ` Roster ` instance is obtained using the ` Connection.getRoster() ` method.
smack:KU:org.jivesoftware.smack.Connection:SMACK-0058,smack:KU:org.jivesoftware.smack.filter.PacketFilter:SMACK-0021,complements,,llm_quote_grounded,SMACK-0058 sets up the connection and sends messages. SMACK-0021 addresses the receiving side by showing how to use PacketFilters with addPacketListener on the connection to handle incoming messages correctly.,Full duplex communication setup in Smack.,"chat.sendMessage(""Howdy test1!"");","PacketFilter filter = new MessageTypeFilter(Message.Type.chat);
 xmppManager.connection.addPacketListener(new PacketListener() {"
smack:KU:org.jivesoftware.smack.Connection:SMACK-0058,smack:KU:org.jivesoftware.smackx.muc.MultiUserChat:SMACK-0039,constrains,,llm_quote_grounded,The Connection API requires a successful login before MultiUserChat operations can be performed.,"When using MultiUserChat.getJoinedRooms or other MUC features, the underlying XMPPConnection must be connected and logged in.","Exception in thread ""main"" java.lang.IllegalStateException: Not connected to server. at org.jivesoftware.smack.XMPPConnection.login(XMPPConnection.java:230) at org.jivesoftware.smack.Connection.login(Connection.java:368)","In order to get the rooms where a user is in just send MultiUserChat.getJoinedRooms(Connection connection, String user)"
smack:KU:org.jivesoftware.smack.Connection:SMACK-0058,smack:KU:org.jivesoftware.smackx.muc.MultiUserChat:SMACK-0059,constrains,,llm_quote_grounded,"A valid, connected, and logged-in Connection object is a prerequisite for creating and joining MultiUserChat rooms.",MultiUserChat instantiation and join methods require an active Connection instance; failure to connect/login results in errors preventing MUC usage.,"connection.connect();
        connection.login(""test1@locahost"", ""test1"");","MultiUserChat muc3 = new MultiUserChat(connection,room);
        muc3.join(""testbot3"");"
smack:KU:org.jivesoftware.smack.Connection:SMACK-0058,smack:KU:org.jivesoftware.smackx.muc.MultiUserChat:SMACK-0065,constrains,,llm_quote_grounded,The Connection API's state (connected/logged in) constrains the ability to perform service discovery via MultiUserChat.,MultiUserChat.isServiceEnabled requires a valid Connection object which implies the client must have successfully established a session with the server.,"Exception in thread ""main"" java.lang.IllegalStateException: Not connected to server.","In order to discover if one of the user's contacts supports MUC just send MultiUserChat.isServiceEnabled(Connection connection, String user)"
smack:KU:org.jivesoftware.smack.Connection:SMACK-0058,smack:KU:org.jivesoftware.smackx.muc.MultiUserChat:SMACK-0081,constrains,,llm_quote_grounded,Successful connection and login are prerequisites for querying room information via MultiUserChat.,"MultiUserChat.getRoomInfo takes a Connection parameter, implying that the connection must be active and authenticated to retrieve data from the server.","connection.connect();
        connection.login(""test1@locahost"", ""test1"");","In order to discover information about a room just send MultiUserChat.getRoomInfo(Connection connection, String room)"
smack:KU:org.jivesoftware.smack.Connection:SMACK-0058,smack:KU:org.jivesoftware.smackx.pubsub.Node:SMACK-0002,constrains,,llm_quote_grounded,"The PubSubManager and Node creation rely on a valid Connection object, which must be connected and logged in as per the Connection API requirements.","Publishing items via PubSub/PEP requires an established XMPP session, enforced by the Connection API's connect/login lifecycle.","XMPPConnection connection = new XMPPConnection(config);
        connection.connect();
        connection.login(""test1@locahost"", ""test1"");","PubSubManager manager = new PubSubManager(connection, ""pubsub.communitivity.com"");
        Node myNode = manager.createNode(""http://jabber.org/protocol/geoloc"", form);"
smack:KU:org.jivesoftware.smack.Connection:SMACK-0068,smack:KU:org.jivesoftware.smack.PacketListener:SMACK-0001,complements,,llm_quote_grounded,"PacketListener attached to the Connection provides a mechanism to receive messages and handle invitations, complementing the MUC join logic which often fails without proper listener setup.",Using Connection.addPacketListener allows the application to react to incoming packets (like chat messages or MUC invitations) that trigger subsequent actions like joining a room.,"connection.addPacketListener(new PacketListener() {
            public void processPacket(Packet packet) {
                Message message = (Message) packet;
                if (message.getBody() != null) {","xmppManager.connection.addPacketListener(new PacketListener() {
        public void processPacket(Packet packet) {
            Message mes = (Message)packet;
            Log.w(""***""+mes.toString()+""***"",""0"");
        }
    }, filter);"
smack:KU:org.jivesoftware.smack.Connection:SMACK-0068,smack:KU:org.jivesoftware.smackx.muc.DefaultParticipantStatusListener:SMACK-0076,complements,,llm_quote_grounded,"The right KU provides the correct mechanism (DefaultParticipantStatusListener) for tracking user presence/joining in a Multi-User Chat, which addresses the underlying goal of the left KU's troubleshooting regarding joining rooms and managing participants.",When implementing or debugging MUC participant tracking and join events in Smack.,i want the user to have a functionality of Multi Users Chatting,"then, to keep Occupants list updated, register a DefaultParticipantStatusListener to your muc"
smack:KU:org.jivesoftware.smack.PacketCollector:SMACK-0052,smack:KU:org.jivesoftware.smack.PacketListener:SMACK-0001,contrasts_with,,llm_quote_grounded,"The tutorial defines PacketCollector for synchronous waiting and PacketListener for asynchronous notification, while the StackOverflow post demonstrates a practical scenario where switching from Chat-level listeners to Connection-level PacketListeners resolved reception issues, highlighting the distinct usage patterns.",Comparison of packet processing mechanisms (synchronous vs asynchronous) and their application in debugging message reception.,"A packet listener is used for event style programming, while a packet collector has a result queue of packets that you can do polling and blocking operations on.","Your observation led me to setup a listener on connection (and to listen for packages of type Char), rather than setting a listener on the chat object itself."
smack:KU:org.jivesoftware.smack.PacketCollector:SMACK-0052,smack:KU:org.jivesoftware.smack.filter.PacketFilter:SMACK-0021,constrains,,llm_quote_grounded,The tutorial states that PacketFilter determines which packets are delivered to collectors or listeners. The SO post shows a specific implementation where MessageTypeFilter is used to constrain the PacketListener to only receive chat messages.,Usage of PacketFilter to restrict the scope of packets processed by listeners/collectors.,The ` org.jivesoftware.smack.filter.PacketFilter ` interface determines which specific packets will be delivered to a ` PacketCollector ` or ` PacketListener `.,PacketFilter filter = new MessageTypeFilter(Message.Type.chat);
smack:KU:org.jivesoftware.smack.PacketCollector:SMACK-0052,smack:KU:org.jivesoftware.smack.filter.PacketFilter:SMACK-0041,constrains,,llm_quote_grounded,The tutorial explains that PacketFilter controls delivery to collectors/listeners. The SO post illustrates this by showing how changing the filter (from MessageTypeFilter to AndFilter with PacketTypeFilter) and using PacketListener instead of MessageListener allowed successful interception of messages.,Configuration of filters to ensure correct packet routing to listeners.,The ` org.jivesoftware.smack.filter.PacketFilter ` interface determines which specific packets will be delivered to a ` PacketCollector ` or ` PacketListener `.,I've tryed to replace: PacketFilter filter = new MessageTypeFilter(Message.Type.chat); with: PacketFilter filter = new AndFilter(new PacketTypeFilter(Message.class));
smack:KU:org.jivesoftware.smack.PacketCollector:SMACK-0052,smack:KU:org.jivesoftware.smackx.XHTMLManager:SMACK-0056,complements,,llm_quote_grounded,The tutorial describes the general mechanism of using PacketListener to process incoming packets. The XHTMLManager documentation provides a concrete example of implementing a PacketListener to extract specific content (XHTML bodies) from those received packets.,Application of the PacketListener pattern to handle specialized message formats like XHTML.,` org.jivesoftware.smack.PacketListener ` \-- an interface for asynchronously notifying you of incoming packets.,// Create a listener for the chat and display any XHTML content > PacketListener packetListener = new PacketListener() {
smack:KU:org.jivesoftware.smack.PacketListener:SMACK-0001,smack:KU:org.jivesoftware.smack.filter.PacketFilter:SMACK-0041,task_related,,llm_quote_grounded,"Both KUs address the task of receiving messages by configuring a listener with a specific filter, contrasting Chat-level vs Connection-level registration.",Setting up message reception in Smack/XMPP clients.,PacketFilter filter = new MessageTypeFilter(Message.Type.chat); xmppManager.connection.addPacketListener(new PacketListener() {,PacketFilter filter = new MessageTypeFilter(Message.Type.chat); /*MessageListener to get messages*/ MessageListener listen = new MessageListener()
smack:KU:org.jivesoftware.smack.PacketListener:SMACK-0001,smack:KU:org.jivesoftware.smackx.Form:SMACK-0020,task_related,,llm_quote_grounded,"Both KUs involve setting up a PacketListener on a Connection to handle incoming messages, though applied in different contexts (general chat vs MUC room joining).",Registering listeners for incoming XMPP packets.,xmppManager.connection.addPacketListener(new PacketListener() { public void processPacket(Packet packet) {,connection.addPacketListener(new PacketListener() { public void processPacket(Packet packet) {
smack:KU:org.jivesoftware.smack.PacketListener:SMACK-0001,smack:KU:org.jivesoftware.smackx.FormField:SMACK-0077,task_related,,llm_quote_grounded,Both KUs demonstrate the implementation of a PacketListener within a connection setup to process incoming messages.,Configuring client-side message handling in Smack.,xmppManager.connection.addPacketListener(new PacketListener() { public void processPacket(Packet packet) {,connection.addPacketListener(new PacketListener() { public void processPacket(Packet packet) {
smack:KU:org.jivesoftware.smack.PacketListener:SMACK-0078,smack:KU:org.jivesoftware.smack.filter.PacketFilter:SMACK-0021,constrains,,llm_quote_grounded,The documentation for PacketListener specifies that a PacketFilter is required to determine which packets are delivered to the listener.,When registering a PacketListener with a Connection.,The ` org.jivesoftware.smack.filter.PacketFilter ` interface determines which specific packets will be delivered to a ` PacketCollector ` or ` PacketListener `.,"PacketFilter filter = new MessageTypeFilter(Message.Type.chat); xmppManager.connection.addPacketListener(new PacketListener() { public void processPacket(Packet packet) { Message mes = (Message)packet; Log.w(""***""+mes.toString()+""***"",""0""); } }, filter);"
smack:KU:org.jivesoftware.smack.PacketListener:SMACK-0078,smack:KU:org.jivesoftware.smackx.XHTMLManager:SMACK-0056,complements,,llm_quote_grounded,The XHTMLManager documentation provides a concrete implementation pattern for processing incoming messages within a PacketListener callback.,Handling specific message content types (XHTML) inside a generic packet listener.,PacketListener myListener = new PacketListener() { public void processPacket(Packet packet) { // Do something with the incoming packet here. } };,// Create a listener for the chat and display any XHTML content > PacketListener packetListener = new PacketListener() { > public void processPacket(Packet packet) { > Message message = (Message) packet; > // Obtain the XHTML bodies of the message > Iterator it = XHTMLManager.getBodies(message);
smack:KU:org.jivesoftware.smack.Roster:SMACK-0031,smack:KU:org.jivesoftware.smackx.RosterExchangeManager:SMACK-0022,complements,,llm_quote_grounded,"RosterExchangeManager provides the functionality to send specific roster entries, which are managed by the Roster class.",When a user needs to share individual contact information from their roster with another user.,"The roster lets you keep track of the availability (""presence"") of other users.",Sometimes you may need to send a single roster entry to another XMPP client.
smack:KU:org.jivesoftware.smack.Roster:SMACK-0031,smack:KU:org.jivesoftware.smackx.RosterExchangeManager:SMACK-0074,complements,,llm_quote_grounded,"RosterExchangeManager allows sending the entire Roster object, complementing the Roster's role as the central container for contact lists.",When a user needs to share their complete list of contacts and groups with another user.,A ` Roster ` instance is obtained using the ` Connection.getRoster() ` method.,Sometimes it is useful to send a whole roster to another user.
smack:KU:org.jivesoftware.smack.Roster:SMACK-0031,smack:KU:org.jivesoftware.smackx.RosterExchangeManager:SMACK-0075,complements,,llm_quote_grounded,"RosterExchangeManager enables sending specific RosterGroups, which are organizational units within the Roster.",When a user needs to share a subset of their contacts organized under a specific group name.,"A roster also allows you to organize users into groups such as ""Friends"" and ""Co-workers"".",It is also possible to send a roster group to another XMPP client.
smack:KU:org.jivesoftware.smack.packet.PacketExtension:SMACK-0060,smack:KU:org.jivesoftware.smackx.Form:SMACK-0051,complements,,llm_quote_grounded,"The PacketExtension KU describes the general mechanism of adding structured data to messages via extensions, while the Form KU provides a specific implementation example of this mechanism by showing how to add a Form (which is an extension) to a message.",Sending structured data in XMPP messages using Smack libraries.,"If you do not want key/value pairs, but structured data, use `addExtension()` in the message body.",// Add the form to fill out to the message to send > msg.addExtension(formToSend.getDataFormToSend());
smack:KU:org.jivesoftware.smack.packet.PacketExtension:SMACK-0060,smack:KU:org.jivesoftware.smackx.XHTMLManager:SMACK-0006,complements,,llm_quote_grounded,"The PacketExtension KU explains the need to extend PacketExtension for structured data, and the XHTMLManager KU demonstrates a concrete usage pattern where XHTML content is added to a message, which typically relies on packet extensions under the hood in Smack.",Adding rich or structured content to XMPP messages.,use `addExtension()` in the message body. This is a little more complicated because you basically have to extend `PacketExtension`,"In order to add the XHTML text to the message send the message #XHTMLManager.addBody(Message message, String body)"
smack:KU:org.jivesoftware.smackx.Form:SMACK-0051,smack:KU:org.jivesoftware.smack.provider.IQProvider:SMACK-0009,complements,,llm_quote_grounded,The Form API provides a structured way to exchange data (via extensions) which complements the custom IQ handling described in the provider guide for managing user parameters.,"When exchanging complex or structured data between clients and servers, using Forms is an alternative or complement to defining entirely new custom IQ stanzas.",Send Form.getDataFormToSend() to the form and add the answer as an extension to the message to send.,You want to define a brand new IQ Stanza to manage an UserCustomParam.
smack:KU:org.jivesoftware.smackx.DefaultMessageEventRequestListener:SMACK-0017,smack:KU:org.jivesoftware.smackx.DefaultMessageEventRequestListener:SMACK-0033,complements,,llm_quote_grounded,"The first KU describes the general usage and API for reacting to event notification requests, while the second KU provides a concrete code example implementing that usage.",Implementation of DefaultMessageEventRequestListener within MessageEventManager,Usage The general idea is to create a new DefaultMessageEventRequestListener that will listen to the event notifications requests and react with custom logic.,"Example Below you can find an example that connects two users to the server. One user will create a message, add the requests for notifications and will send the message to the other user. The other user will add a DefaultMessageEventRequestListener to a MessageEventManager that will listen and react to the event notification requested by the other user."
smack:KU:org.jivesoftware.smackx.DefaultMessageEventRequestListener:SMACK-0017,smack:KU:org.jivesoftware.smackx.MessageEventManager:SMACK-0026,contrasts_with,,llm_quote_grounded,"The first KU deals with listening for and reacting to *requests* for notifications (using RequestListener), whereas the second KU deals with listening for and reacting to the actual *notifications* themselves (using NotificationListener). They represent opposite ends of the message event exchange protocol.",Message Event Protocol roles (Requester vs Receiver),"You can receive notification requests for the following events: delivered, displayed, composing and offline. You must listen for these requests and react accordingly.","Once you have requested for event notifications you will start to receive notifications of events. You can receive notifications of the following events: delivered, displayed, composing, offline and cancelled."
smack:KU:org.jivesoftware.smackx.DefaultMessageEventRequestListener:SMACK-0017,smack:KU:org.jivesoftware.smackx.MessageEventManager:SMACK-0049,task_related,,llm_quote_grounded,"Both KUs are part of the workflow for handling message events. SMACK-0049 explains how to request notifications (sender side), while SMACK-0017 explains how to handle those requests (receiver side).",End-to-end Message Event Notification flow,"You can receive notification requests for the following events: delivered, displayed, composing and offline. You must listen for these requests and react accordingly.",In order to receive event notifications for a given message you first have to specify which events are you interested in. Each message that you send has to request its own event notifications.
smack:KU:org.jivesoftware.smackx.DefaultMessageEventRequestListener:SMACK-0017,smack:KU:org.jivesoftware.smackx.MessageEventManager:SMACK-0057,complements,,llm_quote_grounded,SMACK-0017 defines the interface and general usage for reacting to event requests. SMACK-0057 provides a specific implementation example using DefaultMessageEventRequestListener within a MessageEventManager context.,Code implementation of event request handling,To add a listener to the messageEventManager use the MessageEventManager's message MessageEventManager.addMessageEventRequestListener(MessageEventRequestListener) .,// User2 adds the listener that will react to the event notifications requests > messageEventManager.addMessageEventRequestListener(new DefaultMessageEventRequestListener() {
smack:KU:org.jivesoftware.smackx.DefaultMessageEventRequestListener:SMACK-0033,smack:KU:org.jivesoftware.smackx.MessageEventManager:SMACK-0026,task_related,,llm_quote_grounded,"Both KUs describe complementary sides of the message event notification workflow: SMACK-0033 handles reacting to incoming notification *requests* (as a receiver), while SMACK-0026 handles receiving and reacting to outgoing notification *responses* (as a sender).",XMPP Message Event Notifications (XEP-0085/XEP-0184 style) using MessageEventManager.,The other user will add a DefaultMessageEventRequestListener to a MessageEventManager that will listen and react to the event notification requested by the other user.,"Once you have requested for event notifications you will start to receive notifications of events. You can receive notifications of the following events: delivered, displayed, composing, offline and cancelled."
smack:KU:org.jivesoftware.smackx.DefaultMessageEventRequestListener:SMACK-0033,smack:KU:org.jivesoftware.smackx.MessageEventManager:SMACK-0049,complements,,llm_quote_grounded,"The left KU demonstrates the full workflow of reacting to notifications, which includes the step of requesting them described in the right KU.",When implementing message event notification handling where one user requests and another reacts.,"One user will create a message, add the requests for notifications and will send the message to the other user.",In order to receive event notifications for a given message you first have to specify which events are you interested in.
smack:KU:org.jivesoftware.smackx.DefaultMessageEventRequestListener:SMACK-0033,smack:KU:org.jivesoftware.smackx.MessageEventRequestListener:SMACK-0018,complements,,llm_quote_grounded,The left KU provides a concrete code example of using the listener interface described conceptually in the right KU.,Implementing custom logic for message event notifications.,User2 adds the listener that will react to the event notifications requests,You must listen for these requests and react accordingly.
smack:KU:org.jivesoftware.smackx.Form:SMACK-0012,smack:KU:org.jivesoftware.smackx.Form:SMACK-0020,task_related,,llm_quote_grounded,Both KUs involve creating an answer form from a configuration form to complete a task (registering or configuring a room).,Using Form.createAnswerForm() to prepare data for submission.,In order to create a new Form to complete based on the original Form just send Form.createAnswerForm() to the original Form .,Form submitForm = form.createAnswerForm();
smack:KU:org.jivesoftware.smackx.Form:SMACK-0012,smack:KU:org.jivesoftware.smackx.Form:SMACK-0043,complements,,llm_quote_grounded,"The left KU describes the general mechanism for answering forms (createAnswerForm, setAnswer), while the right KU provides a concrete implementation of this mechanism to solve a specific problem (checking user existence via search).",When implementing form-based queries or searches in Smack.,"In order to create a new Form to complete based on the original Form just send Form.createAnswerForm() to the original Form . Once you have a valid form that could be actually completed all you have to do is send Form.setAnswer(String variable, String value) to the form","Form answerForm = searchForm.createAnswerForm(); answerForm.setAnswer(""Username"", true); answerForm.setAnswer(""search"", user);"
smack:KU:org.jivesoftware.smackx.Form:SMACK-0012,smack:KU:org.jivesoftware.smackx.Form:SMACK-0051,contrasts_with,,llm_quote_grounded,"The left KU explains how to *answer* an existing form (data-providing entity), whereas the right KU explains how to *create* a new form to gather data (data-gathering entity). They represent opposite roles in the form exchange protocol.",Understanding the lifecycle and roles involved in XMPP Data Forms.,Smack lets the data-providing entity to complete the form in an easy way and send it back to the data-gathering entity.,"An XMPP entity may need to gather data from another XMPP entity. Therefore, the data-gathering entity will need to create a new Form, specify the fields that will conform the Form and finally send the Form to the data-providing entity."
smack:KU:org.jivesoftware.smackx.Form:SMACK-0012,smack:KU:org.jivesoftware.smackx.FormField:SMACK-0003,contrasts_with,,llm_quote_grounded,"The left KU focuses on the `Form` object's role in answering data (using `setAnswer`), while the right KU focuses on the `FormField` object's role in defining the structure of a form to be filled out (using `setType`, `addValue`). They address different aspects of the form API: consumption vs. definition.",Distinguishing between form instance manipulation and form field definition.,"send Form.setAnswer(String variable, String value) to the form where variable is the variable of the FormField that you want to answer",In order to create and customize a FormField use the FormField 's constructor specifying the variable name of the field as the parameter. Then use FormField.setType(String type) to set the field's type
smack:KU:org.jivesoftware.smackx.Form:SMACK-0012,smack:KU:org.jivesoftware.smackx.FormField:SMACK-0077,complements,,llm_quote_grounded,"The left KU defines the standard procedure for answering forms (`createAnswerForm`, `setAnswer`). The right KU demonstrates this procedure in a complex scenario (MUC room configuration), specifically iterating over `FormField` objects to set default answers before submitting.",Applying form answering logic to Multi-User Chat (MUC) configurations.,"In order to create a new Form to complete based on the original Form just send Form.createAnswerForm() to the original Form . Once you have a valid form that could be actually completed all you have to do is send Form.setAnswer(String variable, String value) to the form",Form submitForm = form.createAnswerForm(); // Add default answers to the form to submit for (Iterator fields = form.getFields(); fields.hasNext();) { FormField field = (FormField) fields.next(); if (!FormField.TYPE_HIDDEN.equals(field.getType()) && field.getVariable() != null) { // Sets the default value as the answer submitForm.setDefaultAnswer(field.getVariable()); } }
smack:KU:org.jivesoftware.smackx.Form:SMACK-0012,smack:KU:org.jivesoftware.smackx.muc.MultiUserChat:SMACK-0023,complements,,llm_quote_grounded,"The Form KU describes the general mechanism for answering forms (createAnswerForm, setAnswer), which is a prerequisite step mentioned in the MultiUserChat KU for configuring a Reserved room.",When creating a Reserved room that requires manual configuration via a form.,In order to create a new Form to complete based on the original Form just send Form.createAnswerForm() to the original Form,"But if you want to create a Reserved room then you should first get the room's configuration form, complete the form and finally send it back to the server."
smack:KU:org.jivesoftware.smackx.Form:SMACK-0020,smack:KU:org.jivesoftware.smackx.Form:SMACK-0051,contrasts_with,,llm_quote_grounded,"SMACK-0020 demonstrates *answering* an existing form (using `createAnswerForm`), whereas SMACK-0051 demonstrates *creating* a new form from scratch (using `new Form(Form.TYPE_FORM)`).",Different lifecycle stages of Form usage: creation vs. completion.,Form submitForm = form.createAnswerForm();,In order to create a Form to fill out use the Form 's constructor passing the constant Form.TYPE_FORM as the parameter.
smack:KU:org.jivesoftware.smackx.Form:SMACK-0043,smack:KU:org.jivesoftware.smackx.Form:SMACK-0051,task_related,,llm_quote_grounded,"Both KUs involve the creation and usage of Form objects for data exchange, specifically using createAnswerForm() to prepare forms for submission.",General usage of org.jivesoftware.smackx.Form in XMPP interactions,Form answerForm = searchForm.createAnswerForm();,In order to create a Form to fill out use the Form 's constructor passing the constant Form.TYPE_FORM as the parameter.
smack:KU:org.jivesoftware.smackx.Form:SMACK-0051,smack:KU:org.jivesoftware.smackx.FormField:SMACK-0077,complements,,llm_quote_grounded,"The Form KU describes creating a form to gather data, which requires defining fields. The FormField KU provides the specific implementation details and code examples for creating and configuring these fields (including hidden types) within a Form.","When constructing a Form to send to another entity, specifically when adding fields of various types like HIDDEN or TEXT_SINGLE.",In order to create and customize a FormField use the FormField 's constructor specifying the variable name of the field as the parameter.,FormField field = (FormField) fields.next(); if (!FormField.TYPE_HIDDEN.equals(field.getType()) && field.getVariable() != null) {
smack:KU:org.jivesoftware.smackx.FormField:SMACK-0003,smack:KU:org.jivesoftware.smackx.Form:SMACK-0070,complements,,llm_quote_grounded,"The FormField KU describes creating and adding fields to a form, which is the prerequisite step for the Form KU's task of answering and sending that completed form.",Form creation workflow where fields must be defined before the form can be answered and sent.,Once we have the Form instance and the FormFields the last step is to send Form.addField(FormField field) for each field that we want to add to the form.,Once the form has been completed we will want to send it back in a message.
smack:KU:org.jivesoftware.smackx.Form:SMACK-0070,smack:KU:org.jivesoftware.smackx.muc.MultiUserChat:SMACK-0023,complements,,llm_quote_grounded,"The Form KU describes the general mechanism for answering and sending forms, which is a required step in the MultiUserChat KU's process for creating a Reserved room.",When creating a Reserved MUC room that requires configuration via a form.,Once the form has been completed we will want to send it back in a message.,"if you want to create a Reserved room then you should first get the room's configuration form, complete the form and finally send it back to the server."
smack:KU:org.jivesoftware.smackx.FormField:SMACK-0003,smack:KU:org.jivesoftware.smackx.FormField:SMACK-0077,task_related,,llm_quote_grounded,"Both KUs involve the creation and manipulation of FormFields within an XMPP Form context. The left KU provides the API reference for creating fields, while the right KU provides a practical example of iterating over fields to set default answers during room configuration.",Tasks involving the programmatic construction or processing of Data Forms (XEP-0004) in Smack.,In order to create and customize a FormField use the FormField 's constructor specifying the variable name of the field as the parameter.,for (Iterator fields = form.getFields(); fields.hasNext();) { FormField field = (FormField) fields.next();
smack:KU:org.jivesoftware.smackx.MessageEventManager:SMACK-0049,smack:KU:org.jivesoftware.smackx.MessageEventManager:SMACK-0026,complements,,llm_quote_grounded,Requesting event notifications (SMACK-0049) is a prerequisite step that enables the reception and reaction to those notifications (SMACK-0026).,Message delivery lifecycle in XMPP using Smack.,In order to receive event notifications for a given message you first have to specify which events are you interested in.,Once you have requested for event notifications you will start to receive notifications of events.
smack:KU:org.jivesoftware.smackx.MessageEventManager:SMACK-0026,smack:KU:org.jivesoftware.smackx.MessageEventManager:SMACK-0057,contrasts_with,,llm_quote_grounded,"SMACK-0026 describes reacting to received notifications (sender side), while SMACK-0057 describes reacting to notification requests (receiver side). They represent opposite ends of the message event protocol.",Message Event Manager usage patterns.,Reacting to Event Notifications Description Once you have requested for event notifications you will start to receive notifications of events.,"Reacting to Event Notification Requests - part 2 Example Below you can find an example that connects two users to the server. One user will create a message, add the requests for notifications and will send the message to the other user. The other user will add a DefaultMessageEventRequestListener to a MessageEventManager that will listen and react to the event notification requested by the other user."
smack:KU:org.jivesoftware.smackx.MessageEventRequestListener:SMACK-0018,smack:KU:org.jivesoftware.smackx.MessageEventManager:SMACK-0026,contrasts_with,,llm_quote_grounded,"SMACK-0018 handles incoming requests for notifications (receiver role), whereas SMACK-0026 handles incoming notifications themselves (sender role). They address different phases of the message event exchange.",Message Event Manager listener types.,"You can receive notification requests for the following events: delivered, displayed, composing and offline. You must listen for these requests and react accordingly.","Once you have requested for event notifications you will start to receive notifications of events. You can receive notifications of the following events: delivered, displayed, composing, offline and cancelled."
smack:KU:org.jivesoftware.smackx.MessageEventManager:SMACK-0049,smack:KU:org.jivesoftware.smackx.MessageEventManager:SMACK-0057,task_related,,llm_quote_grounded,"Both KUs describe parts of the message event notification workflow: SMACK-0049 covers requesting notifications on sent messages, while SMACK-0057 covers reacting to those requests on the receiving end.",Message event notification lifecycle in XMPP chat,In order to receive event notifications for a given message you first have to specify which events are you interested in.,"One user will create a message, add the requests for notifications and will send the message to the other user. The other user will add a DefaultMessageEventRequestListener to a MessageEventManager that will listen and react to the event notification requested by the other user."
smack:KU:org.jivesoftware.smackx.MessageEventManager:SMACK-0049,smack:KU:org.jivesoftware.smackx.MessageEventRequestListener:SMACK-0018,complements,,llm_quote_grounded,"SMACK-0049 describes how to request event notifications (sender side), while SMACK-0018 describes how to listen for and react to those requests (receiver side). Together they complete the request-response cycle.",Message event notification request handling,"Use the static method MessageEventManager.MessageEventManager.addNotificationsRequests(Message message, boolean offline, boolean delivered, boolean displayed, boolean composing) for requesting event notifications.","You can receive notification requests for the following events: delivered, displayed, composing and offline. You must listen for these requests and react accordingly."
smack:KU:org.jivesoftware.smackx.MessageEventManager:SMACK-0057,smack:KU:org.jivesoftware.smackx.MessageEventRequestListener:SMACK-0018,complements,,llm_quote_grounded,The example in SMACK-0057 demonstrates the usage of the listener interface described in SMACK-0018 by implementing DefaultMessageEventRequestListener and adding it to MessageEventManager.,Implementation of event notification reaction logic,messageEventManager.addMessageEventRequestListener(new DefaultMessageEventRequestListener() {,To add a listener to the messageEventManager use the MessageEventManager's message MessageEventManager.addMessageEventRequestListener(MessageEventRequestListener) .
smack:KU:org.jivesoftware.smackx.NodeInformationProvider:SMACK-0045,smack:KU:org.jivesoftware.smackx.ServiceDiscoveryManager:SMACK-0030,task_related,,llm_quote_grounded,"Both KUs describe tasks related to managing XMPP entity items via ServiceDiscoveryManager, one for local node information and one for persistent storage.",ServiceDiscoveryManager usage for item management,register it with the ServiceDiscoveryManager,publish items to some kind of persistent storage
smack:KU:org.jivesoftware.smackx.NodeInformationProvider:SMACK-0045,smack:KU:org.jivesoftware.smackx.ServiceDiscoveryManager:SMACK-0055,complements,,llm_quote_grounded,"NodeInformationProvider handles item responses, while this KU handles feature registration; both are configuration steps for ServiceDiscoveryManager to respond to discovery requests.",Configuring ServiceDiscoveryManager for discovery responses,register it with the ServiceDiscoveryManager,This extension automatically responds to a discovery request with the information that you previously configured.
smack:KU:org.jivesoftware.smackx.NodeInformationProvider:SMACK-0045,smack:KU:org.jivesoftware.smackx.ServiceDiscoveryManager:SMACK-0073,contrasts_with,,llm_quote_grounded,"One KU focuses on providing item/node information locally, while the other focuses on discovering detailed info (identities/features) of remote entities.",Local provision vs Remote discovery,answer the correct information it is necessary to configure the information providers,discover information associated with an XMPP entity
smack:KU:org.jivesoftware.smackx.NodeInformationProvider:SMACK-0045,smack:KU:org.jivesoftware.smackx.muc.MultiUserChat:SMACK-0039,complements,,llm_quote_grounded,"The NodeInformationProvider example uses MultiUserChat.getJoinedRooms to populate the discovery items, directly utilizing the functionality described in the MultiUserChat KU.",When implementing a NodeInformationProvider for MUC rooms.,Iterator rooms = MultiUserChat.getJoinedRooms(connection);,"In order to get the rooms where a user is in just send MultiUserChat.getJoinedRooms(Connection connection, String user) to the MultiUserChat class"
smack:KU:org.jivesoftware.smackx.RosterExchangeListener:SMACK-0062,smack:KU:org.jivesoftware.smackx.RosterExchangeManager:SMACK-0022,complements,,llm_quote_grounded,"The Listener handles the reception of roster entries, while the Manager provides the mechanism to send them; together they enable bidirectional roster exchange.",Roster exchange operations between XMPP clients,"Since roster items are sent between XMPP clients, it is necessary to listen to possible roster entries receptions.",Sometimes you may need to send a single roster entry to another XMPP client.
smack:KU:org.jivesoftware.smackx.RosterExchangeListener:SMACK-0062,smack:KU:org.jivesoftware.smackx.RosterExchangeManager:SMACK-0074,complements,,llm_quote_grounded,"The Listener processes incoming roster data, complementing the Manager's capability to send entire rosters.",Roster exchange operations involving full roster transfers,Smack provides a mechanism that you can use to execute custom logic when roster entries are received.,Sometimes it is useful to send a whole roster to another user.
smack:KU:org.jivesoftware.smackx.RosterExchangeListener:SMACK-0062,smack:KU:org.jivesoftware.smackx.RosterExchangeManager:SMACK-0075,complements,,llm_quote_grounded,"The Listener handles received roster entries/groups, complementing the Manager's function to send specific roster groups.",Roster exchange operations involving group transfers,it is necessary to listen to possible roster entries receptions,It is also possible to send a roster group to another XMPP client.
smack:KU:org.jivesoftware.smackx.RosterExchangeManager:SMACK-0022,smack:KU:org.jivesoftware.smackx.RosterExchangeManager:SMACK-0074,contrasts_with,,llm_quote_grounded,"The two knowledge units describe different granularities of roster sending operations using the same manager class. One focuses on sending a single entry, while the other focuses on sending an entire roster.",Usage of RosterExchangeManager.send() method with different parameters (RosterEntry vs Roster).,### Send a roster entry Description Sometimes you may need to send a single roster entry to another XMPP client.,### Send a entire roster Description Sometimes it is useful to send a whole roster to another user.
smack:KU:org.jivesoftware.smackx.RosterExchangeManager:SMACK-0022,smack:KU:org.jivesoftware.smackx.RosterExchangeManager:SMACK-0075,contrasts_with,,llm_quote_grounded,"The two knowledge units describe different granularities of roster sending operations. One sends a single entry, while the other sends a group of entries.",Usage of RosterExchangeManager.send() method with different parameters (RosterEntry vs RosterGroup).,### Send a roster entry Description Sometimes you may need to send a single roster entry to another XMPP client.,### Send a roster group Description It is also possible to send a roster group to another XMPP client.
smack:KU:org.jivesoftware.smackx.ServiceDiscoveryManager:SMACK-0030,smack:KU:org.jivesoftware.smackx.ServiceDiscoveryManager:SMACK-0038,complements,,llm_quote_grounded,"Publishing items to persistent storage (SMACK-0030) allows other entities to query the entity even when offline, while providing node information via a local provider (SMACK-0038) handles dynamic queries for non-addressable nodes like MUC rooms. Together they cover static and dynamic aspects of service discovery responses.",Service Discovery Manager configuration for item availability and response handling.,This enables other entities to query that entity using the disco#items namespace and receive a result even when the entity being queried is not online,Your XMPP entity may receive a discovery request for items non-addressable as a JID such as the MUC rooms where you are joined.
smack:KU:org.jivesoftware.smackx.ServiceDiscoveryManager:SMACK-0030,smack:KU:org.jivesoftware.smackx.ServiceDiscoveryManager:SMACK-0046,contrasts_with,,llm_quote_grounded,"SMACK-0030 describes publishing items to make them available for others to discover, whereas SMACK-0046 describes discovering items from another entity. They represent opposite directions of the same data flow (publish vs. discover).",Item management in Service Discovery.,Publish your entity items to some kind of persistent storage.,In order to obtain information about a specific item you have to first discover the items available in an XMPP entity.
smack:KU:org.jivesoftware.smackx.ServiceDiscoveryManager:SMACK-0030,smack:KU:org.jivesoftware.smackx.ServiceDiscoveryManager:SMACK-0055,task_related,,llm_quote_grounded,"Both tasks involve configuring the ServiceDiscoveryManager to define what information the local entity exposes to remote clients. One publishes items, the other registers supported features; both are necessary steps to fully configure the entity's discovery profile.",Configuring local entity metadata for Service Discovery.,Once you have your ServiceDiscoveryManager you will be able to publish items to some kind of persistent storage.,Once you have your ServiceDiscoveryManager you will be able to manage the supported features.
smack:KU:org.jivesoftware.smackx.ServiceDiscoveryManager:SMACK-0030,smack:KU:org.jivesoftware.smackx.ServiceDiscoveryManager:SMACK-0073,contrasts_with,,llm_quote_grounded,"SMACK-0030 focuses on publishing 'items' (disco#items), while SMACK-0073 focuses on discovering 'information' (identity and features, disco#info). They address different namespaces and types of data within the Service Discovery protocol.",Differentiation between Item and Info operations in Service Discovery.,query that entity using the disco#items namespace,The information desired generally is of two kinds: 1) The item's identity and 2) The features offered by the item.
smack:KU:org.jivesoftware.smackx.ServiceDiscoveryManager:SMACK-0038,smack:KU:org.jivesoftware.smackx.ServiceDiscoveryManager:SMACK-0046,complements,,llm_quote_grounded,"SMACK-0038 describes how to configure the server-side provider that answers discovery requests, while SMACK-0046 describes how a client performs the discovery request to retrieve those items.",Service Discovery protocol interaction between provider configuration and item retrieval.,In order to answer the correct information it is necessary to configure the information providers associated to the items/nodes within the Smack client.,To discover the items of a given XMPP entity send ServiceDiscoveryManager.discoverItems(entityID) to your ServiceDiscoveryManager
smack:KU:org.jivesoftware.smackx.ServiceDiscoveryManager:SMACK-0038,smack:KU:org.jivesoftware.smackx.ServiceDiscoveryManager:SMACK-0055,task_related,,llm_quote_grounded,"Both KUs describe configuring the ServiceDiscoveryManager to respond to XMPP discovery requests, one for node items and one for entity features.",Configuring local XMPP entity responses to incoming disco#info/disco#items queries via ServiceDiscoveryManager.,Your XMPP entity may receive a discovery request for items non-addressable as a JID such as the MUC rooms where you are joined.,Any XMPP entity may receive a discovery request and must answer with its associated items or information.
smack:KU:org.jivesoftware.smackx.ServiceDiscoveryManager:SMACK-0038,smack:KU:org.jivesoftware.smackx.ServiceDiscoveryManager:SMACK-0073,contrasts_with,,llm_quote_grounded,"SMACK-0038 focuses on configuring the local client to provide information in response to discovery requests, whereas SMACK-0073 focuses on using the manager to discover information about remote entities.",ServiceDiscoveryManager usage for local configuration vs. remote querying.,In order to configure the associated nodes within the Smack client you will need to create a NodeInformationProvider and register it with the ServiceDiscoveryManager .,To discover the information of a given XMPP entity send ServiceDiscoveryManager.discoverInfo(entityID) to your ServiceDiscoveryManager
smack:KU:org.jivesoftware.smackx.muc.MultiUserChat:SMACK-0039,smack:KU:org.jivesoftware.smackx.ServiceDiscoveryManager:SMACK-0038,complements,,llm_quote_grounded,The MultiUserChat.getJoinedRooms method provides the data source (list of room names) that is used within the NodeInformationProvider implementation shown in the ServiceDiscoveryManager example to answer discovery requests.,Implementation of a NodeInformationProvider for MUC rooms.,"In order to get the rooms where a user is in just send MultiUserChat.getJoinedRooms(Connection connection, String user) to the MultiUserChat class",Iterator rooms = MultiUserChat.getJoinedRooms(connection);
smack:KU:org.jivesoftware.smackx.ServiceDiscoveryManager:SMACK-0038,smack:KU:org.jivesoftware.smackx.muc.MultiUserChat:SMACK-0081,task_related,,llm_quote_grounded,"Both KUs deal with discovering information related to Multi-User Chat (MUC) rooms, one by providing local node info for disco requests and the other by querying remote room info.",XMPP Service Discovery context involving MUC rooms,Your XMPP entity may receive a discovery request for items non-addressable as a JID such as the MUC rooms where you are joined.,A user may need to discover information about a room without having to actually join the room.
smack:KU:org.jivesoftware.smackx.ServiceDiscoveryManager:SMACK-0038,smack:KU:org.jivesoftware.smackx.pubsub.Node:SMACK-0054,task_related,,llm_quote_grounded,"Both KUs involve service discovery mechanisms in Smack; SMACK-0038 configures providers for disco requests, while SMACK-0054 performs disco queries on PubSub nodes.",Service Discovery operations within the Smack library,In order to answer the correct information it is necessary to configure the information providers associated to the items/nodes within the Smack client.,A user may want to query a server or node for a variety of pubsub related information.
smack:KU:org.jivesoftware.smackx.ServiceDiscoveryManager:SMACK-0038,smack:KU:org.jivesoftware.smackx.pubsub.PubSubManager:SMACK-0005,task_related,,llm_quote_grounded,"Both KUs relate to Service Discovery tasks. SMACK-0038 handles incoming disco requests for nodes, while SMACK-0005 handles outgoing disco queries for PubSub capabilities and subscriptions.",Service Discovery protocol usage in Smack,Your XMPP entity may receive a discovery request for items non-addressable as a JID,A user may want to query a server or node for a variety of pubsub related information.
smack:KU:org.jivesoftware.smackx.ServiceDiscoveryManager:SMACK-0046,smack:KU:org.jivesoftware.smackx.ServiceDiscoveryManager:SMACK-0055,complements,,llm_quote_grounded,"SMACK-0046 describes discovering items (entities), while SMACK-0055 describes managing features advertised by the local entity. Together they cover the two main aspects of XEP-0030 Service Discovery: Items and Info/Features.",Complete implementation of Service Discovery Manager functionality,To discover the items of a given XMPP entity send ServiceDiscoveryManager.discoverItems(entityID),In order to configure the supported features by your client you should first obtain the ServiceDiscoveryManager associated with your Connection.
smack:KU:org.jivesoftware.smackx.ServiceDiscoveryManager:SMACK-0046,smack:KU:org.jivesoftware.smackx.ServiceDiscoveryManager:SMACK-0073,task_related,,llm_quote_grounded,"Both KUs describe methods for discovering information about remote XMPP entities using the ServiceDiscoveryManager. One focuses on 'items' (discoverItems), the other on 'info' (discoverInfo).",Remote entity discovery via ServiceDiscoveryManager,To discover the items of a given XMPP entity send ServiceDiscoveryManager.discoverItems(entityID),To discover the information of a given XMPP entity send ServiceDiscoveryManager.discoverInfo(entityID)
smack:KU:org.jivesoftware.smackx.ServiceDiscoveryManager:SMACK-0055,smack:KU:org.jivesoftware.smackx.ServiceDiscoveryManager:SMACK-0073,complements,,llm_quote_grounded,"SMACK-0055 describes configuring local features to be advertised, while SMACK-0073 describes discovering remote entity information (including features). Together they cover the full cycle of feature advertisement and discovery.",Local configuration vs Remote discovery within ServiceDiscoveryManager,To register a new feature send ServiceDiscoveryManager.addFeature(feature) to your ServiceDiscoveryManager,The information desired generally is of two kinds: 1) The item's identity and 2) The features offered by the item.
smack:KU:org.jivesoftware.smackx.ServiceDiscoveryManager:SMACK-0055,smack:KU:org.jivesoftware.smackx.XHTMLManager:SMACK-0063,complements,,llm_quote_grounded,"ServiceDiscoveryManager is used to register the XHTML feature, which XHTMLManager then checks for when discovering support.",When configuring a client to support XHTML-IM and subsequently checking if a remote user supports it.,To register a new feature send ServiceDiscoveryManager.addFeature(feature) to your ServiceDiscoveryManager where feature is a String that represents the supported feature.,"In order to discover if a remote user supports XHTML messages send #XHTMLManager.isServiceEnabled(Connection connection, String userID) to the class XHTMLManager"
smack:KU:org.jivesoftware.smackx.ServiceDiscoveryManager:SMACK-0073,smack:KU:org.jivesoftware.smackx.XHTMLManager:SMACK-0063,task_related,,llm_quote_grounded,"ServiceDiscoveryManager provides the general mechanism to discover entity features, which XHTMLManager uses specifically to check if a user supports XHTML messages.",Feature discovery for protocol support negotiation,The information desired generally is of two kinds: 1) The item's identity and 2) The features offered by the item.,Before you start to send XHTML messages to a user you should discover if the user supports XHTML messages.
smack:KU:org.jivesoftware.smackx.ServiceDiscoveryManager:SMACK-0073,smack:KU:org.jivesoftware.smackx.muc.MultiUserChat:SMACK-0081,contrasts_with,,llm_quote_grounded,"ServiceDiscoveryManager discovers generic XMPP entity info/features, while MultiUserChat.getRoomInfo retrieves specific MUC room metadata like subject and occupant count.",General service discovery vs. specialized MUC room information retrieval,To discover the information of a given XMPP entity send ServiceDiscoveryManager.discoverInfo(entityID) to your ServiceDiscoveryManager,"In order to discover information about a room just send MultiUserChat.getRoomInfo(Connection connection, String room) to the MultiUserChat class"
smack:KU:org.jivesoftware.smackx.XHTMLManager:SMACK-0006,smack:KU:org.jivesoftware.smackx.XHTMLManager:SMACK-0056,contrasts_with,,llm_quote_grounded,"One KU describes composing/sending XHTML messages, while the other describes receiving/extracting them.",XHTML message lifecycle (send vs receive),Compose an XHTML Message,Receive an XHTML Message
smack:KU:org.jivesoftware.smackx.XHTMLManager:SMACK-0063,smack:KU:org.jivesoftware.smackx.XHTMLManager:SMACK-0006,constrains,,llm_quote_grounded,The discovery process in SMACK-0063 determines whether it is safe to proceed with adding an XHTML body as described in SMACK-0006.,Pre-condition for sending XHTML messages,Before you start to send XHTML messages to a user you should discover if the user supports XHTML messages.,"In order to add the XHTML text to the message send the message #XHTMLManager.addBody(Message message, String body)"
smack:KU:org.jivesoftware.smackx.XHTMLManager:SMACK-0063,smack:KU:org.jivesoftware.smackx.XHTMLManager:SMACK-0056,task_related,,llm_quote_grounded,Both KUs describe distinct steps in the lifecycle of handling XHTML messages within a chat session: discovering support before sending (SMACK-0063) and extracting content upon receipt (SMACK-0056).,XHTML message exchange in XMPP chats using Smack library.,Before you start to send XHTML messages to a user you should discover if the user supports XHTML messages.,It is also possible to obtain the XHTML content from a received message.
smack:KU:org.jivesoftware.smackx.XHTMLText:SMACK-0079,smack:KU:org.jivesoftware.smackx.XHTMLManager:SMACK-0056,complements,,llm_quote_grounded,"SMACK-0079 describes how to construct and attach an XHTML body to a message for sending, while SMACK-0056 describes how to extract those bodies from a received message. Together they cover the full cycle of XHTML message processing.",Handling XHTML bodies in XMPP messages.,"In order to add the XHTML text to the message send the message #XHTMLManager.addBody(Message message, String body) to the XHTMLManager class",To get the XHTML bodies of a given message just send the message #XHTMLManager.getBodies(Message) to the class XHTMLManager .
smack:KU:org.jivesoftware.smackx.XHTMLText:SMACK-0079,smack:KU:org.jivesoftware.smackx.XHTMLManager:SMACK-0063,complements,,llm_quote_grounded,"XHTMLText provides the method to append content and add it to a message, which is then used in the workflow described by XHTMLManager for sending messages after checking support.",When composing an XHTML message to send via XHTMLManager,"In order to add the XHTML text to the message send the message #XHTMLManager.addBody(Message message, String body) to the XHTMLManager class","// Include an XHTML body in the message > XHTMLManager.addBody(msg, xhtmlBody);"
smack:KU:org.jivesoftware.smackx.XHTMLManager:SMACK-0063,smack:KU:org.jivesoftware.smackx.muc.MultiUserChat:SMACK-0065,task_related,,llm_quote_grounded,Both APIs provide methods to explicitly discover if a remote user supports a specific XMPP extension protocol (XHTML vs MUC).,Service discovery phase before using the respective protocols,"In order to discover if a remote user supports XHTML messages send #XHTMLManager.isServiceEnabled(Connection connection, String userID)","In order to discover if one of the user's contacts supports MUC just send MultiUserChat.isServiceEnabled(Connection connection, String user)"
smack:KU:org.jivesoftware.smackx.filetransfer.FileTransferListener:SMACK-0072,smack:KU:org.jivesoftware.smackx.filetransfer.FileTransfer:SMACK-0036,complements,,llm_quote_grounded,"The FileTransferListener handles the initial request phase, while FileTransfer methods monitor the progress of the accepted transfer.",File transfer workflow in Smack library,new file transfer requests are recieved from other users via a listener registered with the file transfer manager,While a file transfer is in progress you may wish to monitor the progress of a file transfer.
smack:KU:org.jivesoftware.smackx.filetransfer.FileTransferManager:SMACK-0044,smack:KU:org.jivesoftware.smackx.filetransfer.FileTransfer:SMACK-0036,complements,,llm_quote_grounded,"FileTransferManager initiates and manages the transfer lifecycle (receiving requests), while FileTransfer provides status monitoring for the active transfer.",Receiving files via Smack FileTransfer API,In order to recieve a file you must first construct an instance of the FileTransferManager class.,Both the IncomingFileTransfer and the OutgoingFileTransfer extend the FileTransfer class which provides several methods to monitor how a file transfer is progressing
smack:KU:org.jivesoftware.smackx.filetransfer.IncomingFileTransfer:SMACK-0013,smack:KU:org.jivesoftware.smackx.filetransfer.FileTransfer:SMACK-0036,complements,,llm_quote_grounded,IncomingFileTransfer is a subclass of FileTransfer; the latter defines the monitoring methods used to track the state of the former during reception.,Monitoring incoming file transfers,this method will create an IncomingFileTransfer . After you have the file transfer you may start to transfer the file by calling the IncomingFileTransfer.recieveFile(file) method.,Both the IncomingFileTransfer and the OutgoingFileTransfer extend the FileTransfer class which provides several methods to monitor how a file transfer is progressing
smack:KU:org.jivesoftware.smackx.filetransfer.FileTransfer:SMACK-0036,smack:KU:org.jivesoftware.smackx.filetransfer.OutgoingFileTransfer:SMACK-0061,complements,,llm_quote_grounded,"The FileTransfer KU provides the methods to monitor progress, which is explicitly referenced as a necessary step after initiating the send operation described in the OutgoingFileTransfer KU.",When sending a file via OutgoingFileTransfer and needing to track its status or completion.,While a file transfer is in progress you may wish to monitor the progress of a file transfer.,For information on monitoring the progress of a file transfer see the monitoring progress section of this document.
smack:KU:org.jivesoftware.smackx.filetransfer.FileTransferListener:SMACK-0010,smack:KU:org.jivesoftware.smackx.filetransfer.FileTransferListener:SMACK-0072,task_related,,llm_quote_grounded,"Both KUs describe the process of receiving files using FileTransferListener. SMACK-0010 provides a specific code example for auto-accepting transfers (for inline images), while SMACK-0072 describes the general event-driven mechanism and listener registration required to receive any file.",Implementing file reception logic in Smack XMPP clients.,manager.addFileTransferListener(new FileTransferListener() { public void fileTransferRequest(FileTransferRequest request) { IncomingFileTransfer transfer = request.accept();,"Once you have your FileTransferManager you will need to register a listener with it. The FileTransferListner interface has one method, FileTransferListener.fileTransferRequest(request) ."
smack:KU:org.jivesoftware.smackx.filetransfer.FileTransferListener:SMACK-0010,smack:KU:org.jivesoftware.smackx.filetransfer.FileTransferRequest:SMACK-0029,complements,,llm_quote_grounded,"SMACK-0010 shows a listener implementation that calls `request.accept()` to get an `IncomingFileTransfer`. SMACK-0029 details the behavior of `FileTransferRequest.accept()` and subsequent steps like `recieveFile`, providing the functional definition of the action taken in the example from SMACK-0010.",Handling the acceptance of a file transfer request within a listener callback.,public void fileTransferRequest(FileTransferRequest request) { IncomingFileTransfer transfer = request.accept(); try { InputStream input = transfer.recieveFile();,"To accept the file transfer, call the FileTransferRequest.accept() , this method will create an IncomingFileTransfer . After you have the file transfer you may start to transfer the file by calling the IncomingFileTransfer.recieveFile(file) method."
smack:KU:org.jivesoftware.smackx.filetransfer.FileTransferListener:SMACK-0010,smack:KU:org.jivesoftware.smackx.filetransfer.IncomingFileTransfer:SMACK-0013,complements,,llm_quote_grounded,"SMACK-0010 demonstrates obtaining an `IncomingFileTransfer` object via `request.accept()` and calling `recieveFile()`. SMACK-0013 formally documents the `IncomingFileTransfer` API, specifically the `recieveFile` method used in the example, explaining how data is saved or streamed.",Using the IncomingFileTransfer object returned by accepting a request.,IncomingFileTransfer transfer = request.accept(); try { InputStream input = transfer.recieveFile(); //This will be a binary stream and you can process it.,After you have the file transfer you may start to transfer the file by calling the IncomingFileTransfer.recieveFile(file) method. The file provided to this method will be where the data from thefile transfer is saved.
smack:KU:org.jivesoftware.smackx.filetransfer.FileTransferListener:SMACK-0010,smack:KU:org.jivesoftware.smackx.filetransfer.OutgoingFileTransfer:SMACK-0050,task_related,,llm_quote_grounded,"Both KUs address the task of file transfer in Smack, with one focusing on receiving/accepting (inline images) and the other on sending configuration.",Smack XMPP file transfer operations,send inline images to your chatpartner,How to send file in Android with Asmack+Openfire?
smack:KU:org.jivesoftware.smackx.filetransfer.FileTransferListener:SMACK-0010,smack:KU:org.jivesoftware.smackx.filetransfer.OutgoingFileTransfer:SMACK-0061,task_related,,llm_quote_grounded,"Both KUs relate to the file transfer workflow; SMACK-0010 shows how to handle incoming requests via listener, while SMACK-0061 shows how to initiate outgoing transfers.",Smack File Transfer API usage,manager.addFileTransferListener(new FileTransferListener(),Send a file to another user - part 2
smack:KU:org.jivesoftware.smackx.filetransfer.FileTransferListener:SMACK-0072,smack:KU:org.jivesoftware.smackx.filetransfer.FileTransferManager:SMACK-0067,complements,,llm_quote_grounded,"SMACK-0072 describes the general process of registering a listener with the FileTransferManager, while SMACK-0067 provides a concrete code example of doing exactly that to receive files.",Receiving files using Smack FileTransfer API,Once you have your FileTransferManager you will need to register a listener with it.,manager.addFileTransferListener(new FileTransferListener() {
smack:KU:org.jivesoftware.smackx.filetransfer.FileTransferListener:SMACK-0072,smack:KU:org.jivesoftware.smackx.filetransfer.FileTransferManager:SMACK-0071,contrasts_with,,llm_quote_grounded,"SMACK-0072 details the receiving side (listener registration), whereas SMACK-0071 details the sending side (creating outgoing transfer). They represent opposite directions of the same feature.",Smack File Transfer directionality,Recieving a file from another user,Send a file to another user
smack:KU:org.jivesoftware.smackx.filetransfer.FileTransferListener:SMACK-0072,smack:KU:org.jivesoftware.smackx.filetransfer.FileTransferRequest:SMACK-0029,complements,,llm_quote_grounded,"SMACK-0072 explains that `fileTransferRequest` is called when a request arrives, and SMACK-0029 explains what to do with that `FileTransferRequest` object (accept or reject).",Handling incoming file transfer requests,"When a request is recieved through this method, you can either accept or reject the request.","To accept the file transfer, call the FileTransferRequest.accept()"
smack:KU:org.jivesoftware.smackx.filetransfer.FileTransferListener:SMACK-0072,smack:KU:org.jivesoftware.smackx.filetransfer.FileTransferRequest:SMACK-0034,complements,,llm_quote_grounded,"The listener documentation describes the interface and callback method, while the request documentation provides a concrete code example of implementing that listener to handle an incoming request.",Implementation of file transfer reception in Smack XMPP,"The FileTransferListner interface has one method, FileTransferListener.fileTransferRequest(request) .",manager.addFileTransferListener(new FileTransferListener() { public void fileTransferRequest(FileTransferRequest request) {
smack:KU:org.jivesoftware.smackx.filetransfer.FileTransferListener:SMACK-0072,smack:KU:org.jivesoftware.smackx.filetransfer.IncomingFileTransfer:SMACK-0013,complements,,llm_quote_grounded,"The listener documentation explains how to receive requests, while the IncomingFileTransfer documentation details the subsequent steps (accepting/rejecting) and provides a complete code example combining both.",Full workflow for receiving files via event-driven listeners,"When a request is recieved through this method, you can either accept or reject the request.",// Create the listener > manager.addFileTransferListener(new FileTransferListener() { > public void fileTransferRequest(FileTransferRequest request) { > // Check to see if the request should be accepted > if(shouldAccept(request)) { > // Accept it > IncomingFileTransfer transfer = request.accept();
smack:KU:org.jivesoftware.smackx.filetransfer.FileTransferListener:SMACK-0072,smack:KU:org.jivesoftware.smackx.filetransfer.IncomingFileTransfer:SMACK-0027,complements,,llm_quote_grounded,"The listener documentation defines the interface contract, while the IncomingFileTransfer documentation (via SO answer) shows a specific implementation pattern for auto-accepting transfers within that listener.",Handling incoming file transfer requests programmatically,"The FileTransferListner interface has one method, FileTransferListener.fileTransferRequest(request) .",manager.addFileTransferListener(new FileTransferListener() { public void fileTransferRequest(FileTransferRequest request) { IncomingFileTransfer transfer = request.accept();
smack:KU:org.jivesoftware.smackx.filetransfer.FileTransferListener:SMACK-0072,smack:KU:org.jivesoftware.smackx.filetransfer.OutgoingFileTransfer:SMACK-0061,contrasts_with,,llm_quote_grounded,"One unit describes the mechanism for *receiving* files (event-driven listener), while the other describes the mechanism for *sending* files (explicit API call).",Directionality of file transfer operations in Smack,### Recieving a file from another user,### Send a file to another user - part 2
smack:KU:org.jivesoftware.smackx.filetransfer.FileTransferManager:SMACK-0044,smack:KU:org.jivesoftware.smackx.filetransfer.FileTransferManager:SMACK-0067,complements,,llm_quote_grounded,"The first unit provides the general usage instructions for setting up the manager and listener, while the second unit provides a specific code snippet demonstrating that setup in a real-world scenario (inline images).",Configuring FileTransferManager to listen for requests,Once you have your FileTransferManager you will need to register a listener with it.,final FileTransferManager manager = new FileTransferManager(connection); //Use your xmpp connection manager.addFileTransferListener(new FileTransferListener() {
smack:KU:org.jivesoftware.smackx.filetransfer.FileTransferManager:SMACK-0044,smack:KU:org.jivesoftware.smackx.filetransfer.FileTransferManager:SMACK-0071,contrasts_with,,llm_quote_grounded,Both units describe using the same `FileTransferManager` class but for opposite tasks: one for *receiving* files (registering a listener) and the other for *sending* files (creating an outgoing transfer).,Usage patterns of FileTransferManager for bidirectional transfers,### Recieving a file from another user,### Send a file to another user
smack:KU:org.jivesoftware.smackx.filetransfer.FileTransferManager:SMACK-0044,smack:KU:org.jivesoftware.smackx.filetransfer.FileTransferRequest:SMACK-0029,complements,,llm_quote_grounded,"The manager documentation explains how to set up the listener to get requests, while the request documentation explains what to do with those requests (accept/reject) and provides the full code example linking the two.",End-to-end flow of handling incoming file transfer requests,Once you have your FileTransferManager you will need to register a listener with it.,// Create the file transfer manager > final FileTransferManager manager = new FileTransferManager(connection); > // Create the listener > manager.addFileTransferListener(new FileTransferListener() {
smack:KU:org.jivesoftware.smackx.filetransfer.FileTransferManager:SMACK-0044,smack:KU:org.jivesoftware.smackx.filetransfer.FileTransferRequest:SMACK-0034,complements,,llm_quote_grounded,"The FileTransferManager documentation describes the general process of receiving files via a listener, while the FileTransferRequest documentation provides a specific code example demonstrating how to implement that listener and handle the request.",Implementation of file reception in Smack XMPP,Once you have your FileTransferManager you will need to register a listener with it.,manager.addFileTransferListener(new FileTransferListener() { public void fileTransferRequest(FileTransferRequest request) {
smack:KU:org.jivesoftware.smackx.filetransfer.FileTransferManager:SMACK-0044,smack:KU:org.jivesoftware.smackx.filetransfer.IncomingFileTransfer:SMACK-0013,complements,,llm_quote_grounded,The FileTransferManager KU explains setting up the manager and listener for incoming requests. The IncomingFileTransfer KU details the subsequent steps (accepting/rejecting) and shows the full implementation including the listener registration mentioned in the first KU.,Receiving files workflow,new file transfer requests are recieved from other users via a listener registered with the file transfer manager.,// Create the listener > manager.addFileTransferListener(new FileTransferListener() {
smack:KU:org.jivesoftware.smackx.filetransfer.FileTransferManager:SMACK-0044,smack:KU:org.jivesoftware.smackx.filetransfer.IncomingFileTransfer:SMACK-0027,complements,,llm_quote_grounded,The FileTransferManager KU describes the standard event-driven reception setup. The IncomingFileTransfer KU (which is actually a StackOverflow answer about inline images) provides a concrete code snippet implementing the listener pattern described in the Manager KU.,Code implementation of file transfer listener,"register a listener with it. The FileTransferListner interface has one method, FileTransferListener.fileTransferRequest(request)",manager.addFileTransferListener(new FileTransferListener() { public void fileTransferRequest(FileTransferRequest request) {
smack:KU:org.jivesoftware.smackx.filetransfer.FileTransferManager:SMACK-0044,smack:KU:org.jivesoftware.smackx.filetransfer.OutgoingFileTransfer:SMACK-0061,contrasts_with,,llm_quote_grounded,"One KU focuses on receiving files (incoming), while the other focuses on sending files (outgoing). Both use the same FileTransferManager but for opposite directions of data flow.",Direction of file transfer operations,### Recieving a file from another user,### Send a file to another user - part 2
smack:KU:org.jivesoftware.smackx.filetransfer.FileTransferManager:SMACK-0067,smack:KU:org.jivesoftware.smackx.filetransfer.FileTransferManager:SMACK-0071,contrasts_with,,llm_quote_grounded,"Both KUs describe usage of FileTransferManager, but SMACK-0067 (SO answer) demonstrates receiving/handling incoming requests via a listener, whereas SMACK-0071 (TU doc) describes creating an outgoing transfer to send a file.",Usage direction (Receive vs Send),manager.addFileTransferListener(new FileTransferListener() { public void fileTransferRequest(FileTransferRequest request) {,In order to send a file you must first construct an instance of the FileTransferManager class.
smack:KU:org.jivesoftware.smackx.filetransfer.FileTransferManager:SMACK-0067,smack:KU:org.jivesoftware.smackx.filetransfer.FileTransferRequest:SMACK-0029,complements,,llm_quote_grounded,"The SO answer (SMACK-0067) provides a concise code example of handling a FileTransferRequest. The TU document (SMACK-0029) provides the detailed explanation and broader context for accepting or rejecting such requests, complementing the simple example.",Handling FileTransferRequest objects,IncomingFileTransfer transfer = request.accept();,"To accept the file transfer, call the FileTransferRequest.accept() , this method will create an IncomingFileTransfer ."
smack:KU:org.jivesoftware.smackx.filetransfer.FileTransferManager:SMACK-0067,smack:KU:org.jivesoftware.smackx.filetransfer.IncomingFileTransfer:SMACK-0013,complements,,llm_quote_grounded,"SMACK-0067 shows a minimal implementation of receiving a file using IncomingFileTransfer. SMACK-0013 provides the official tutorial text explaining the lifecycle of IncomingFileTransfer (accept, receive, reject), offering deeper context to the code snippet.",IncomingFileTransfer usage,InputStream input = transfer.recieveFile(); //This will be a binary stream and you can process it.,After you have the file transfer you may start to transfer the file by calling the IncomingFileTransfer.recieveFile(file) method.
smack:KU:org.jivesoftware.smackx.filetransfer.FileTransferManager:SMACK-0067,smack:KU:org.jivesoftware.smackx.filetransfer.OutgoingFileTransfer:SMACK-0061,task_related,,llm_quote_grounded,"Both KUs describe the workflow for sending files using Smack's FileTransferManager and OutgoingFileTransfer, covering setup and execution.",General file transfer operations in Smack XMPP library.,final FileTransferManager manager = new FileTransferManager(connection);,"// Create the file transfer manager
> FileTransferManager manager = new FileTransferManager(connection);
> // Create the outgoing file transfer
> OutgoingFileTransfer transfer = manager.createOutgoingFileTransfer(""romeo@montague.net"");"
smack:KU:org.jivesoftware.smackx.filetransfer.FileTransferManager:SMACK-0071,smack:KU:org.jivesoftware.smackx.filetransfer.FileTransferRequest:SMACK-0029,complements,,llm_quote_grounded,"The left KU describes initiating an outgoing file transfer, while the right KU describes handling the incoming request on the receiver side, completing the transfer lifecycle.",Peer-to-peer file transfer protocol implementation in Smack.,Once you have your FileTransferManager you will need to create an outgoing file transfer to send a file.,"To accept the file transfer, call the FileTransferRequest.accept() , this method will create an IncomingFileTransfer ."
smack:KU:org.jivesoftware.smackx.filetransfer.FileTransferManager:SMACK-0071,smack:KU:org.jivesoftware.smackx.filetransfer.FileTransferRequest:SMACK-0034,constrains,,llm_quote_grounded,"The left KU defines the standard requirement for user acceptance of file transfers, which constrains how the right KU's scenario (auto-accepting inline images) must be implemented by bypassing or modifying that default behavior.",Behavioral constraints on FileTransferRequest handling.,"The other user has the option of acception, rejecting, or ignoring the users request.",You can just make it accepted by default (the user won't be prompted) by using smth like:
smack:KU:org.jivesoftware.smackx.filetransfer.FileTransferManager:SMACK-0071,smack:KU:org.jivesoftware.smackx.filetransfer.IncomingFileTransfer:SMACK-0013,complements,,llm_quote_grounded,"The left KU covers the sender's perspective (creating outgoing transfer), while the right KU covers the receiver's perspective (accepting and receiving via IncomingFileTransfer), together forming the complete transfer process.",End-to-end file transfer workflow.,In order to send a file you must first construct an instance of the FileTransferManager class.,After you have the file transfer you may start to transfer the file by calling the IncomingFileTransfer.recieveFile(file) method.
smack:KU:org.jivesoftware.smackx.filetransfer.FileTransferManager:SMACK-0071,smack:KU:org.jivesoftware.smackx.filetransfer.IncomingFileTransfer:SMACK-0027,task_related,,llm_quote_grounded,"Both KUs describe aspects of the file transfer workflow in Smack, with one focusing on initiating outgoing transfers and the other on handling incoming requests.",Smack XMPP file transfer operations,In order to send a file you must first construct an instance of the FileTransferManager class.,IncomingFileTransfer transfer = request.accept();
smack:KU:org.jivesoftware.smackx.filetransfer.FileTransferManager:SMACK-0071,smack:KU:org.jivesoftware.smackx.filetransfer.OutgoingFileTransfer:SMACK-0050,constrains,,llm_quote_grounded,"The FileTransferManager documentation specifies that the userID for creating an outgoing transfer must be a fully-qualified jabber ID, which constrains how the OutgoingFileTransfer is instantiated in practice.",Creation of OutgoingFileTransfer instances,The userID you provide to this method is the fully-qualified jabber ID of the user you wish to send the file to.,You have to send a fully-qualified jabber ID as detination userID when you create the `OutgoingFileTransfer`
smack:KU:org.jivesoftware.smackx.filetransfer.FileTransferManager:SMACK-0071,smack:KU:org.jivesoftware.smackx.filetransfer.OutgoingFileTransfer:SMACK-0061,complements,,llm_quote_grounded,"The FileTransferManager KU explains how to create an OutgoingFileTransfer instance, while the OutgoingFileTransfer KU explains how to use that instance to actually send the file.",Complete file sending workflow,Once you have your FileTransferManager you will need to create an outgoing file transfer to send a file.,Now that you have your OutgoingFileTransfer instance you will want to send the file.
smack:KU:org.jivesoftware.smackx.filetransfer.FileTransferRequest:SMACK-0029,smack:KU:org.jivesoftware.smackx.filetransfer.OutgoingFileTransfer:SMACK-0061,contrasts_with,,llm_quote_grounded,"The left KU details the receiver's side of the file transfer protocol (accepting/rejecting), while the right KU details the sender's side (creating outgoing transfer and sending file).",File transfer operations in Smack.,"To accept the file transfer, call the FileTransferRequest.accept()",Now that you have your OutgoingFileTransfer instance you will want to send the file.
smack:KU:org.jivesoftware.smackx.filetransfer.FileTransferRequest:SMACK-0034,smack:KU:org.jivesoftware.smackx.filetransfer.IncomingFileTransfer:SMACK-0013,complements,,llm_quote_grounded,"The left KU provides a high-level strategy for auto-accepting transfers for inline images, while the right KU provides the detailed API documentation and standard usage pattern for the resulting IncomingFileTransfer object.",Implementation of automatic file acceptance in Smack.,"IncomingFileTransfer transfer = request.accept();
try {
InputStream input = transfer.recieveFile();",After you have the file transfer you may start to transfer the file by calling the IncomingFileTransfer.recieveFile(file) method.
smack:KU:org.jivesoftware.smackx.filetransfer.FileTransferRequest:SMACK-0034,smack:KU:org.jivesoftware.smackx.filetransfer.OutgoingFileTransfer:SMACK-0050,task_related,,llm_quote_grounded,"Both KUs address the task of transferring files/images in Smack, with the left focusing on the receiving/accepting side for inline display and the right focusing on the sending side configuration.",File transfer implementation in Smack/XMPP.,final FileTransferManager manager = new FileTransferManager(connection);,could you please send me the code to send file using Asmack + openfire.
smack:KU:org.jivesoftware.smackx.filetransfer.IncomingFileTransfer:SMACK-0013,smack:KU:org.jivesoftware.smackx.filetransfer.IncomingFileTransfer:SMACK-0027,complements,,llm_quote_grounded,"The left KU provides the official tutorial documentation for receiving files, explaining the API methods (`accept`, `recieveFile`). The right KU provides a specific StackOverflow example demonstrating an alternative usage pattern where the received stream is processed directly as binary data (for inline images) rather than saved to a file immediately, complementing the standard file-saving approach.",Receiving files using IncomingFileTransfer in Smack,After you have the file transfer you may start to transfer the file by calling the IncomingFileTransfer.recieveFile(file) method. The file provided to this method will be where the data from thefile transfer is saved.,InputStream input = transfer.recieveFile(); //This will be a binary stream and you can process it. Create image and display it inline in your chat app.
smack:KU:org.jivesoftware.smackx.filetransfer.IncomingFileTransfer:SMACK-0013,smack:KU:org.jivesoftware.smackx.filetransfer.OutgoingFileTransfer:SMACK-0061,task_related,,llm_quote_grounded,These two KUs represent the complementary sides of the same task: transferring files between users. One handles the receiver side (IncomingFileTransfer) and the other handles the sender side (OutgoingFileTransfer).,Smack XMPP file transfer protocol implementation,"To accept the file transfer, call the FileTransferRequest.accept() , this method will create an IncomingFileTransfer .","Now that you have your OutgoingFileTransfer instance you will want to send the file. The method to send a file is OutgoingFileTransfer.sendFile(file, description) ."
smack:KU:org.jivesoftware.smackx.filetransfer.OutgoingFileTransfer:SMACK-0050,smack:KU:org.jivesoftware.smackx.filetransfer.OutgoingFileTransfer:SMACK-0061,complements,,llm_quote_grounded,"SMACK-0050 provides specific troubleshooting advice regarding the JID format required for `createOutgoingFileTransfer`, which complements the general usage example in SMACK-0061 that shows the method call but does not detail the strict JID requirements.",Creating an OutgoingFileTransfer instance with a valid destination JID.,"You have to send a fully-qualified jabber ID as detination userID when you create the `OutgoingFileTransfer` it consists of a node, a domain, and a resource (user@domain/resource)","OutgoingFileTransfer transfer = manager.createOutgoingFileTransfer(""romeo@montague.net"");"
smack:KU:org.jivesoftware.smackx.muc.DefaultParticipantStatusListener:SMACK-0076,smack:KU:org.jivesoftware.smackx.muc.MultiUserChat:SMACK-0008,complements,,llm_quote_grounded,"The left KU provides a concrete implementation example of DefaultParticipantStatusListener, while the right KU explains its role as a default implementation for listening to affiliation modification events.",Usage of participant status listeners in Multi-User Chat contexts.,public class CustomParticipantStatusListner extends DefaultParticipantStatusListener,Smack provides default implementations for these listeners avoiding you to implement all the interfaces' methods. The default implementations are DefaultUserStatusListener and DefaultParticipantStatusListener .
smack:KU:org.jivesoftware.smackx.muc.DefaultParticipantStatusListener:SMACK-0076,smack:KU:org.jivesoftware.smackx.muc.SubjectUpdatedListener:SMACK-0025,task_related,,llm_quote_grounded,Both listeners are used to monitor specific state changes within a Multi-User Chat (MUC) room: participant presence/status and room subject updates.,Monitoring MUC room events,register a DefaultParticipantStatusListener to your muc,add a SubjectUpdatedListener to the MultiUserChat
smack:KU:org.jivesoftware.smackx.muc.InvitationListener:SMACK-0011,smack:KU:org.jivesoftware.smackx.muc.MultiUserChat:SMACK-0007,complements,,llm_quote_grounded,"The InvitationListener is the mechanism described in the documentation for receiving invitations, which complements the general invitation management workflow.",Receiving MUC invitations,"MultiUserChat.addInvitationListener(mXmppConnection, new InvitationListener()",If potential invitees want to listen for room invitations then the invitee must add an InvitationListener to the MultiUserChat class.
smack:KU:org.jivesoftware.smackx.muc.InvitationRejectionListener:SMACK-0064,smack:KU:org.jivesoftware.smackx.muc.MultiUserChat:SMACK-0008,contrasts_with,,llm_quote_grounded,"One listener handles invitation rejections (social/entry event), while the other handles affiliation modifications (administrative/ban event). They represent different categories of MUC status notifications.",Types of MUC notification listeners,"If an inviter wants to listen for room invitation rejections, just add an InvitationRejectionListener to the MultiUserChat .",Smack allows you to listen for affiliation modification events. If you are interested in listening affiliation modification events of any user then use the listener ParticipantStatusListener .
smack:KU:org.jivesoftware.smackx.muc.InvitationRejectionListener:SMACK-0064,smack:KU:org.jivesoftware.smackx.muc.MultiUserChat:SMACK-0023,constrains,,llm_quote_grounded,"Sending an invitation (which triggers the rejection listener if declined) requires that the inviter has already created or joined the room, as per the creation/joining constraints.",Prerequisites for inviting users,In order to invite another user to a room you must be already joined to the room.,In order to create a room you will need to first create an instance of MultiUserChat . The room name passed to the constructor will be the name of the room to create.
smack:KU:org.jivesoftware.smackx.muc.InvitationRejectionListener:SMACK-0064,smack:KU:org.jivesoftware.smackx.muc.MultiUserChat:SMACK-0080,constrains,,llm_quote_grounded,"The invitation process described in the left KU requires the user to have already joined the room, which is the action described in the right KU.",Precondition for sending invitations,In order to invite another user to a room you must be already joined to the room.,Your usual first step in order to send messages to a room is to join the room.
smack:KU:org.jivesoftware.smackx.muc.MultiUserChat:SMACK-0023,smack:KU:org.jivesoftware.smackx.muc.MultiUserChat:SMACK-0007,task_related,,llm_quote_grounded,"Creating a room is a prerequisite or context for managing invitations, as invitations are sent to users to join a specific room.",Room lifecycle management,In order to create a room you will need to first create an instance of MultiUserChat,It can be useful to invite another user to a room in which one is an occupant.
smack:KU:org.jivesoftware.smackx.muc.MultiUserChat:SMACK-0007,smack:KU:org.jivesoftware.smackx.muc.MultiUserChat:SMACK-0059,constrains,,llm_quote_grounded,"The documentation states that one must be joined to the room to invite others. The StackOverflow post illustrates a failure case (404 error) when trying to join/invite without proper room configuration or existence, reinforcing the constraint that the room state and user presence are critical for invitation success.",Prerequisites for sending invitations,In order to invite another user to a room you must be already joined to the room.,But this throws 404 error. Do i need to join the user before sending the invitation
smack:KU:org.jivesoftware.smackx.muc.MultiUserChat:SMACK-0080,smack:KU:org.jivesoftware.smackx.muc.MultiUserChat:SMACK-0007,constrains,,llm_quote_grounded,Joining a room is a prerequisite for sending invitations.,When attempting to invite a user to a MultiUserChat room.,Your usual first step in order to send messages to a room is to join the room.,In order to invite another user to a room you must be already joined to the room.
smack:KU:org.jivesoftware.smackx.muc.MultiUserChat:SMACK-0008,smack:KU:org.jivesoftware.smackx.muc.MultiUserChat:SMACK-0047,task_related,,llm_quote_grounded,Both KUs describe managing modifications (affiliation vs role) in a MultiUserChat room using the same listener infrastructure.,Managing user status changes in MUC rooms via Smack API.,Smack allows you to listen for affiliation modification events.,Smack allows you to listen for role modification events.
smack:KU:org.jivesoftware.smackx.muc.MultiUserChat:SMACK-0008,smack:KU:org.jivesoftware.smackx.muc.MultiUserChat:SMACK-0048,complements,,llm_quote_grounded,"SMACK-0048 defines the concept of an 'outcast' (banned user), while SMACK-0008 provides the specific API method `banUser` to execute this action and listen for the resulting event.",Banning users from a MultiUserChat room.,"In order to ban a user from the room just send the message MultiUserChat.banUser(String jid, String reason) to MultiUserChat .",An outcast is a user who has been banned from a room and who is not allowed to enter the room.
smack:KU:org.jivesoftware.smackx.muc.MultiUserChat:SMACK-0008,smack:KU:org.jivesoftware.smackx.muc.ParticipantStatusListener:SMACK-0040,task_related,,llm_quote_grounded,"Both KUs describe the mechanism for listening to status changes in a MultiUserChat room, specifically detailing how to add ParticipantStatusListener and UserStatusListener to receive notifications.",Listening for affiliation (SMACK-0008) and role (SMACK-0040) modifications in MUC rooms.,"Smack allows you to listen for affiliation modification events. If you are interested in listening affiliation modification events of any user then use the listener ParticipantStatusListener . But if you are interested in listening for your own affiliation modification events, use the listener UserStatusListener . Both listeners should be added to the MultiUserChat by using MultiUserChat.addParticipantStatusListener(ParticipantStatusListener listener) or MultiUserChat.addUserStatusListener(UserStatusListener listener) respectively.","Smack allows you to listen for role modification events. If you are interested in listening role modification events of any occupant then use the listener ParticipantStatusListener . But if you are interested in listening for your own role modification events, use the listener UserStatusListener . Both listeners should be added to the MultiUserChat by using MultiUserChat.addParticipantStatusListener(ParticipantStatusListener listener) or MultiUserChat.addUserStatusListener(UserStatusListener listener) respectively."
smack:KU:org.jivesoftware.smackx.muc.MultiUserChat:SMACK-0023,smack:KU:org.jivesoftware.smackx.muc.MultiUserChat:SMACK-0066,task_related,,llm_quote_grounded,Both KUs describe distinct lifecycle operations (creation vs. private messaging) within the same MultiUserChat workflow.,Multi-user chat room management and interaction.,In order to create a room you will need to first create an instance of MultiUserChat,To create a private chat with another room occupant just send MultiUserChat.createPrivateChat(String participant) to the MultiUserChat that you used to join the room.
smack:KU:org.jivesoftware.smackx.muc.MultiUserChat:SMACK-0023,smack:KU:org.jivesoftware.smackx.muc.MultiUserChat:SMACK-0080,complements,,llm_quote_grounded,"Room creation (SMACK-0023) is a prerequisite or alternative entry point to joining a room (SMACK-0080), as both involve initializing a MultiUserChat instance for a specific room name.",Initialization of MultiUserChat instances for room participation.,The room name passed to the constructor will be the name of the room to create.,The room name passed to the constructor will be the name of the room to join.
smack:KU:org.jivesoftware.smackx.muc.MultiUserChat:SMACK-0023,smack:KU:org.jivesoftware.smackx.muc.SubjectUpdatedListener:SMACK-0025,constrains,,llm_quote_grounded,"The configuration choices made during room creation (SMACK-0023) determine permissions, such as who can change the subject, which affects the utility of SubjectUpdatedListener (SMACK-0025).",Room configuration impacting subject modification rights.,Depending on the type of room that you want to create you will have to use different configuration forms.,"As a default, only users with a role of ""moderator"" are allowed to change the subject in a room. Although some rooms may be configured to allow a mere participant or even a visitor to change the subject."
smack:KU:org.jivesoftware.smackx.muc.MultiUserChat:SMACK-0023,smack:KU:org.jivesoftware.smackx.pubsub.PubSubManager:SMACK-0053,contrasts_with,,llm_quote_grounded,"Both KUs describe creating entities with configurable options (rooms vs. pubsub nodes), but they belong to different protocols (MUC vs. PubSub) and use different manager classes.",Entity creation workflows in different XMPP extensions.,In order to create a room you will need to first create an instance of MultiUserChat,In order to create a node you will need to first create an instance of PubSubManager
smack:KU:org.jivesoftware.smackx.muc.MultiUserChat:SMACK-0039,smack:KU:org.jivesoftware.smackx.muc.MultiUserChat:SMACK-0065,task_related,,llm_quote_grounded,Both KUs describe discovery operations regarding a user's MUC status (joined rooms vs. service support).,Discovery tasks for MultiUserChat involving a specific user JID.,Discover joined rooms,Discover MUC support
smack:KU:org.jivesoftware.smackx.muc.MultiUserChat:SMACK-0039,smack:KU:org.jivesoftware.smackx.muc.MultiUserChat:SMACK-0081,task_related,,llm_quote_grounded,"Both KUs describe discovery operations within the MultiUserChat API, specifically querying room-related information (joined rooms vs. room info).",Discovery tasks in MUC context,Discover joined rooms,Discover room information
smack:KU:org.jivesoftware.smackx.muc.MultiUserChat:SMACK-0047,smack:KU:org.jivesoftware.smackx.muc.MultiUserChat:SMACK-0048,contrasts_with,,llm_quote_grounded,The two KUs contrast different types of occupant status modifications: Role (voice/moderator) versus Affiliation (member/admin/owner/outcast).,MUC occupant management concepts,Manage role modifications - part 2,Manage affiliation modifications - part 2
smack:KU:org.jivesoftware.smackx.muc.MultiUserChat:SMACK-0047,smack:KU:org.jivesoftware.smackx.muc.ParticipantStatusListener:SMACK-0082,complements,,llm_quote_grounded,"SMACK-0047 describes managing role modifications and mentions using ParticipantStatusListener to listen for these events. SMACK-0082 details the listener's usage for affiliation changes, complementing the event handling mechanism described in the first KU.",Event listening for MUC status changes,If you are interested in listening role modification events of any occupant then use the listener ParticipantStatusListener .,Smack allows you to listen for affiliation modification events. If you are interested in listening affiliation modification events of any user then use the listener ParticipantStatusListener .
smack:KU:org.jivesoftware.smackx.muc.MultiUserChat:SMACK-0047,smack:KU:org.jivesoftware.smackx.muc.UserStatusListener:SMACK-0032,task_related,,llm_quote_grounded,"Both KUs describe mechanisms for managing and listening to status changes in MultiUserChat, specifically distinguishing between role modifications (voice/moderator) and affiliation modifications (banning), and both reference the same listener interfaces.",Management of occupant status (roles vs affiliations) and event listening in Smack MUC.,"Smack allows you to listen for role modification events. If you are interested in listening role modification events of any occupant then use the listener ParticipantStatusListener . But if you are interested in listening for your own role modification events, use the listener UserStatusListener .","Smack allows you to listen for affiliation modification events. If you are interested in listening affiliation modification events of any user then use the listener ParticipantStatusListener . But if you are interested in listening for your own affiliation modification events, use the listener UserStatusListener ."
smack:KU:org.jivesoftware.smackx.muc.MultiUserChat:SMACK-0048,smack:KU:org.jivesoftware.smackx.muc.ParticipantStatusListener:SMACK-0040,contrasts_with,,llm_quote_grounded,"The left KU describes managing 'affiliation' (membership/admin/owner status), while the right KU describes managing 'role' (voice/moderator status). These are distinct concepts in XMPP MUC that are often confused but have different APIs and effects.",Distinction between Affiliation management and Role management in MultiUserChat.,"### Manage affiliation modifications - part 2 The member affiliation provides a way for a room owner or admin to specify a ""whitelist"" of users who are allowed to enter a members-only room.",### Manage role modifications - part 2 Usage In order to grant voice (i.e. make someone a participant) just send the message MultiUserChat.grantVoice(String nickname) to MultiUserChat .
smack:KU:org.jivesoftware.smackx.muc.MultiUserChat:SMACK-0048,smack:KU:org.jivesoftware.smackx.muc.ParticipantStatusListener:SMACK-0082,complements,,llm_quote_grounded,"The left KU explains how to grant/revoke affiliations (membership, admin, owner), while the right KU explains how to ban a user (an outcast affiliation) and how to listen for these affiliation changes using ParticipantStatusListener.",Complete workflow for managing and monitoring user affiliations in MultiUserChat.,"In order to grant membership to a room, administrator privileges or owner priveliges just send MultiUserChat.grantMembership(String jid) , MultiUserChat.grantAdmin(String jid) or MultiUserChat.grantOwnership(String jid) to MultiUserChat respectively.","In order to ban a user from the room just send the message MultiUserChat.banUser(String jid, String reason) to MultiUserChat . Smack allows you to listen for affiliation modification events. If you are interested in listening affiliation modification events of any user then use the listener ParticipantStatusListener ."
smack:KU:org.jivesoftware.smackx.muc.MultiUserChat:SMACK-0048,smack:KU:org.jivesoftware.smackx.muc.UserStatusListener:SMACK-0015,contrasts_with,,llm_quote_grounded,"The left KU describes managing permanent affiliations (member, admin, owner) which are independent of temporary roles, while the right KU describes managing temporary roles (participant, moderator) via voice privileges.",Multi-user chat room permission models,"When a member enters a members-only room, his or her affiliation does not change, no matter what his or her role is.",In order to grant voice (i.e. make someone a participant) just send the message MultiUserChat.grantVoice(String nickname) to MultiUserChat .
smack:KU:org.jivesoftware.smackx.muc.MultiUserChat:SMACK-0048,smack:KU:org.jivesoftware.smackx.muc.UserStatusListener:SMACK-0032,complements,,llm_quote_grounded,"The left KU defines the concept of an 'outcast' (banned user), and the right KU provides the specific API method (`banUser`) to enforce this status and the listener mechanism to observe such changes.",Managing user bans in MUC rooms,An outcast is a user who has been banned from a room and who is not allowed to enter the room.,"In order to ban a user from the room just send the message MultiUserChat.banUser(String jid, String reason) to MultiUserChat ."
smack:KU:org.jivesoftware.smackx.muc.MultiUserChat:SMACK-0059,smack:KU:org.jivesoftware.smackx.muc.MultiUserChat:SMACK-0066,task_related,,llm_quote_grounded,"Both KUs address tasks within the lifecycle of a Multi-User Chat session: SMACK-0059 deals with joining a room (often after invitation), while SMACK-0066 deals with initiating private communication between occupants once joined.",MUC interaction workflows,other user receives the invitation but the other user is not able to join the room,A room occupant may want to start a private chat with another room occupant
smack:KU:org.jivesoftware.smackx.muc.MultiUserChat:SMACK-0059,smack:KU:org.jivesoftware.smackx.muc.MultiUserChat:SMACK-0080,constrains,,llm_quote_grounded,"The right KU specifies the valid parameters and conditions for joining a room (nickname, password, history), which constrains how the user in the left KU should correctly implement the `join` call to avoid errors like 404.",Room joining implementation details,"muc3.join(""testbot3""); testbot3 is just some random name. But this throws 404 error.","In case the room requires a password in order to join you could then use MultiUserChat.join(String nickname, String password) ."
smack:KU:org.jivesoftware.smackx.muc.MultiUserChat:SMACK-0059,smack:KU:org.jivesoftware.smackx.muc.MultiUserChat:SMACK-0081,task_related,,llm_quote_grounded,"Both relate to diagnosing or preparing for room access issues; SMACK-0059 involves troubleshooting a failed join (potentially due to non-existent/locked room), while SMACK-0081 provides a method to verify room existence/status without joining.",Room state verification and access,404 error can occur if the room does not exist or is locked,A user may need to discover information about a room without having to actually join the room.
smack:KU:org.jivesoftware.smackx.muc.MultiUserChat:SMACK-0065,smack:KU:org.jivesoftware.smackx.muc.MultiUserChat:SMACK-0066,task_related,,llm_quote_grounded,"Both involve interacting with specific users or contacts within the MUC context; one checks if a contact supports MUC generally, while the other initiates a private chat with a specific room occupant.",User-specific MUC interactions,A user may want to discover if one of the user's contacts supports the Multi-User Chat protocol.,A room occupant may want to start a private chat with another room occupant
smack:KU:org.jivesoftware.smackx.muc.MultiUserChat:SMACK-0080,smack:KU:org.jivesoftware.smackx.muc.MultiUserChat:SMACK-0066,constrains,,llm_quote_grounded,Joining a room is a prerequisite for starting a private chat with an occupant.,The user must have successfully joined the MUC room before attempting to create a private chat.,Your usual first step in order to send messages to a room is to join the room.,To create a private chat with another room occupant just send MultiUserChat.createPrivateChat(String participant) to the MultiUserChat that you used to join the room.
smack:KU:org.jivesoftware.smackx.muc.MultiUserChat:SMACK-0081,smack:KU:org.jivesoftware.smackx.muc.MultiUserChat:SMACK-0080,contrasts_with,,llm_quote_grounded,"Discovering room information allows viewing details without joining, whereas joining requires establishing membership to interact.",Comparison of access methods: read-only discovery vs. active participation.,A user may need to discover information about a room without having to actually join the room.,Your usual first step in order to send messages to a room is to join the room.
smack:KU:org.jivesoftware.smackx.muc.ParticipantStatusListener:SMACK-0040,smack:KU:org.jivesoftware.smackx.muc.ParticipantStatusListener:SMACK-0082,task_related,,llm_quote_grounded,"Both KUs describe the usage of ParticipantStatusListener to monitor changes in a MultiUserChat room, specifically focusing on role modifications in one and affiliation modifications in the other.",Monitoring user status changes in MUC rooms using ParticipantStatusListener,Smack allows you to listen for role modification events. If you are interested in listening role modification events of any occupant then use the listener ParticipantStatusListener .,Smack allows you to listen for affiliation modification events. If you are interested in listening affiliation modification events of any user then use the listener ParticipantStatusListener .
smack:KU:org.jivesoftware.smackx.muc.ParticipantStatusListener:SMACK-0040,smack:KU:org.jivesoftware.smackx.muc.UserStatusListener:SMACK-0032,contrasts_with,,llm_quote_grounded,"The two KUs describe listeners for different types of status changes: ParticipantStatusListener (in SMACK-0040) is used for role modifications, while UserStatusListener (in SMACK-0032) is used for affiliation modifications.",Comparison of listener usage contexts within MultiUserChat.,Smack allows you to listen for role modification events. If you are interested in listening role modification events of any occupant then use the listener ParticipantStatusListener .,"Smack allows you to listen for affiliation modification events. If you are interested in listening affiliation modification events of any user then use the listener ParticipantStatusListener . But if you are interested in listening for your own affiliation modification events, use the listener UserStatusListener ."
smack:KU:org.jivesoftware.smackx.muc.ParticipantStatusListener:SMACK-0082,smack:KU:org.jivesoftware.smackx.muc.UserStatusListener:SMACK-0015,contrasts_with,,llm_quote_grounded,"The left KU focuses on affiliation modifications (ban/unban), while the right KU focuses on role modifications (voice/moderator). They represent distinct event categories managed by similar listener patterns.",Differentiation between affiliation and role management tasks.,"### Manage affiliation modifications - part 3 In order to ban a user from the room just send the message MultiUserChat.banUser(String jid, String reason) to MultiUserChat .",### Manage role modifications - part 2 Usage In order to grant voice (i.e. make someone a participant) just send the message MultiUserChat.grantVoice(String nickname) to MultiUserChat .
smack:KU:org.jivesoftware.smackx.pubsub.LeafNode:SMACK-0004,smack:KU:org.jivesoftware.smackx.pubsub.LeafNode:SMACK-0014,complements,,llm_quote_grounded,"The first KU describes publishing items to a LeafNode, while the second KU describes retrieving persisted items from a LeafNode. Together they cover the write and read operations for pubsub nodes.",PubSub node interaction lifecycle (publishing and retrieving).,"To publish to a node, you will have to either create or retrieve an existing node and then create and send items to that node.",This section deals with the specific methods for retrieving these items. There are several means of retrieving existing items.
smack:KU:org.jivesoftware.smackx.pubsub.LeafNode:SMACK-0004,smack:KU:org.jivesoftware.smackx.pubsub.Node:SMACK-0037,task_related,,llm_quote_grounded,"Publishing items to a node (LeafNode) is the action that triggers notifications for subscribers (Node), representing the producer-consumer relationship in pubsub.",Pubsub message flow where publishing leads to subscription events.,"Usage of a node typically involves either sending or receiving data, referred to as items.",Subscribers are interested in being notified when items are published to the pubsub node.
smack:KU:org.jivesoftware.smackx.pubsub.PubSubManager:SMACK-0053,smack:KU:org.jivesoftware.smackx.pubsub.LeafNode:SMACK-0004,constrains,,llm_quote_grounded,The configuration options set during node creation (specifically `setDeliverPayloads`) determine whether the subsequent publishing operations can include payload data.,Node lifecycle from creation/configuration to usage/publishing.,form.setDeliverPayloads(false);,Determination of an items acceptable properties is defined by a combination of node configuration and its purpose.
smack:KU:org.jivesoftware.smackx.pubsub.LeafNode:SMACK-0014,smack:KU:org.jivesoftware.smackx.pubsub.Node:SMACK-0037,contrasts_with,,llm_quote_grounded,"Retrieving persisted items synchronously via LeafNode methods contrasts with receiving new messages asynchronously via Node subscription listeners; one fetches existing state, the other reacts to future events.",Methods for accessing pubsub data (pull vs push).,"To synchronously retrieve existing items from a persistent node, you will have to get an instance of a LeafNode and call one of the retrieve methods.","To get messages asynchronously when items are published to a node, you will have to * Get a node. * Create and register a listener. * Subscribe to the node."
smack:KU:org.jivesoftware.smackx.pubsub.LeafNode:SMACK-0014,smack:KU:org.jivesoftware.smackx.pubsub.PubSubManager:SMACK-0053,complements,,llm_quote_grounded,"The PubSubManager documentation describes creating persistent nodes, which is a prerequisite for the LeafNode documentation's task of retrieving persisted items.",Retrieving items from persistent pubsub nodes requires prior creation/configuration of such nodes via PubSubManager.,"When persistent nodes are used, the subscription and registration methods described in the last section will not enable the retrieval of items that already exist in the node.",form.setPersistentItems(true);
smack:KU:org.jivesoftware.smackx.pubsub.Node:SMACK-0002,smack:KU:org.jivesoftware.smackx.pubsub.Node:SMACK-0037,task_related,,llm_quote_grounded,"Both KUs address the workflow of publishing and receiving items on a Node. SMACK-0002 provides a concrete example including listener registration, while SMACK-0037 explains the general mechanism and ordering constraints for receiving messages.",Implementing asynchronous message reception on a pubsub Node.,// Required to recieve the events being published myNode.addItemEventListener(myEventHandler);,"To get messages asynchronously when items are published to a node, you will have to * Get a node. * Create and register a listener. * Subscribe to the node."
smack:KU:org.jivesoftware.smackx.pubsub.Node:SMACK-0002,smack:KU:org.jivesoftware.smackx.pubsub.PubSubManager:SMACK-0053,complements,,llm_quote_grounded,"SMACK-0002 shows a specific usage example of creating a configured node (geoloc) using PubSubManager, which complements the general API documentation in SMACK-0053 regarding node creation and configuration options.",Creating and configuring pubsub nodes with specific settings like persistence and payload delivery.,"PubSubManager manager = new PubSubManager(connection, ""pubsub.communitivity.com""); Node myNode = manager.createNode(""http://jabber.org/protocol/geoloc"", form);","In order to create a node you will need to first create an instance of PubSubManager . There are several options for node creation which range from creating an instant node, default configuration, or a fully configured node."
smack:KU:org.jivesoftware.smackx.pubsub.Node:SMACK-0037,smack:KU:org.jivesoftware.smackx.pubsub.PubSubManager:SMACK-0005,task_related,,llm_quote_grounded,"Both KUs describe tasks within the PubSub workflow: SMACK-0037 covers subscribing to receive messages, while SMACK-0005 covers discovering information (including subscriptions) via PubSubManager.",General PubSub usage involving Node and PubSubManager classes.,This section deals with the Node.subscribe portion of pubsub.,### Discover pubsub information Description A user may want to query a server or node for a variety of pubsub related information.
smack:KU:org.jivesoftware.smackx.pubsub.Node:SMACK-0037,smack:KU:org.jivesoftware.smackx.pubsub.PubSubManager:SMACK-0028,complements,,llm_quote_grounded,"SMACK-0037 provides the standard procedure for subscribing to a node. SMACK-0028 addresses a specific failure case (404 error) when trying to subscribe/retrieve, suggesting a configuration fix for PubSubManager initialization that complements the general subscription instructions.",Troubleshooting subscription failures in PubSub.,"To get messages asynchronously when items are published to a node, you will have to * Get a node. * Create and register a listener. * Subscribe to the node.","but when i try to subsript and retrieve from the same node , i get error 404"
smack:KU:org.jivesoftware.smackx.pubsub.Node:SMACK-0037,smack:KU:org.jivesoftware.smackx.pubsub.PubSubManager:SMACK-0053,task_related,,llm_quote_grounded,"SMACK-0053 describes creating nodes using PubSubManager, which is a prerequisite step before one can subscribe to them as described in SMACK-0037.",PubSub lifecycle: Creation followed by Subscription.,"Usage To get messages asynchronously when items are published to a node, you will have to * Get a node.",In order to create a node you will need to first create an instance of PubSubManager .
smack:KU:org.jivesoftware.smackx.pubsub.Node:SMACK-0054,smack:KU:org.jivesoftware.smackx.pubsub.PubSubManager:SMACK-0028,constrains,,llm_quote_grounded,"SMACK-0054 shows how to discover information using PubSubManager. SMACK-0028 demonstrates that incorrect initialization of PubSubManager (wrong service address) constrains this functionality, leading to 404 errors during discovery/subscription attempts.",Correct initialization of PubSubManager is required for successful discovery operations.,// Create a pubsub manager using an existing Connection > PubSubManager mgr = new PubSubManager(con); > // Get the pubsub features that are supported > DiscoverInfo supportedFeatures = mgr.getSupportedFeatures();,"You've received the 404 error from ""computer"" (your xmpp server) for this query: Which hast to do with service discovery."
smack:KU:org.jivesoftware.smackx.pubsub.Node:SMACK-0054,smack:KU:org.jivesoftware.smackx.pubsub.PubSubManager:SMACK-0053,task_related,,llm_quote_grounded,SMACK-0053 details node creation/configuration. SMACK-0054 details discovering information about those nodes (and the service). They represent sequential steps in managing PubSub entities.,PubSub management: Creating nodes then querying their info.,A user may want to query a server or node for a variety of pubsub related information.,Allowed users may create and configure pubsub nodes.
smack:KU:org.jivesoftware.smackx.pubsub.PubSubManager:SMACK-0005,smack:KU:org.jivesoftware.smackx.pubsub.PubSubManager:SMACK-0028,constrains,,llm_quote_grounded,SMACK-0005 provides examples of successful discovery queries using PubSubManager. SMACK-0028 highlights a constraint/failure mode where improper PubSubManager instantiation leads to 404 errors on similar discovery/subscription queries.,Initialization parameters affect the success of discovery methods.,// Create a pubsub manager using an existing Connection > PubSubManager mgr = new PubSubManager(con); > // Get the pubsub features that are supported > DiscoverInfo supportedFeatures = mgr.getSupportedFeatures();,"Could you try to replace: PubSubManager manager = new PubSubManager(connection, ""computer""); with this String pubSubAddress = ""pubsub."" + connection.getServiceName(); PubSubManager manager = new PubSubManager(connection, pubSubAddress);"
smack:KU:org.jivesoftware.smackx.pubsub.PubSubManager:SMACK-0005,smack:KU:org.jivesoftware.smackx.pubsub.PubSubManager:SMACK-0053,task_related,,llm_quote_grounded,"Both KUs use PubSubManager for different aspects of PubSub interaction: SMACK-0053 for creating/configuring nodes, and SMACK-0005 for discovering information about them.",PubSubManager API usage for node lifecycle management.,"Usage To retrieve information, a user will simply use either the PubSubManager or Node classes depending on what type of information is required.",Usage In order to create a node you will need to first create an instance of PubSubManager .
smack:KU:org.jivesoftware.smackx.pubsub.PubSubManager:SMACK-0028,smack:KU:org.jivesoftware.smackx.pubsub.PubSubManager:SMACK-0053,contrasts_with,,llm_quote_grounded,"SMACK-0053 presents the standard, correct way to initialize PubSubManager for node creation. SMACK-0028 presents a scenario where incorrect initialization (hardcoding 'computer' instead of deriving the pubsub service name) causes failures, contrasting the proper setup with a common mistake.",Comparison of correct vs. incorrect PubSubManager initialization patterns.,"Could you try to replace: PubSubManager manager = new PubSubManager(connection, ""computer""); with this String pubSubAddress = ""pubsub."" + connection.getServiceName(); PubSubManager manager = new PubSubManager(connection, pubSubAddress);",// Create a pubsub manager using an existing Connection > PubSubManager mgr = new PubSubManager(con); > // Create the node > LeafNode leaf = mgr.createNode();
