source,target,relation,evidence,basis,meaning,scope,evidence_source,evidence_target
resources:API:android.animation.Animator,resources:API:java.lang.Object,accepts,android.animation.Animator#setTarget(java.lang.Object) accepts java.lang.Object,official_declaration,,,,
resources:API:android.animation.Animator,resources:API:java.lang.Object,returns,android.animation.Animator#clone() returns java.lang.Object,official_declaration,,,,
resources:API:android.animation.AnimatorInflater,resources:API:android.animation.Animator,returns,"android.animation.AnimatorInflater#loadAnimator(android.content.Context,int) returns android.animation.Animator",official_declaration,,,,
resources:API:android.animation.AnimatorInflater,resources:API:android.content.Context,accepts,"android.animation.AnimatorInflater#loadAnimator(android.content.Context,int) accepts android.content.Context",official_declaration,,,,
resources:API:android.animation.AnimatorSet,resources:API:android.animation.Animator,accepts,android.animation.AnimatorSet#play(android.animation.Animator) accepts android.animation.Animator,official_declaration,,,,
resources:API:android.animation.AnimatorSet,resources:API:android.animation.Animator,returns,android.animation.AnimatorSet#setDuration(long) returns android.animation.Animator,official_declaration,,,,
resources:API:android.animation.AnimatorSet,resources:API:android.animation.Animator,subtype_of,extends/implements android.animation.Animator,official_declaration,,,,
resources:API:android.animation.AnimatorSet,resources:API:java.lang.Object,accepts,android.animation.AnimatorSet#setTarget(java.lang.Object) accepts java.lang.Object,official_declaration,,,,
resources:API:android.animation.AnimatorSet,resources:API:java.lang.Object,returns,android.animation.AnimatorSet#clone() returns java.lang.Object,official_declaration,,,,
resources:API:android.animation.ObjectAnimator,resources:API:android.animation.Animator,returns,android.animation.ObjectAnimator#setDuration(long) returns android.animation.Animator,official_declaration,,,,
resources:API:android.animation.ObjectAnimator,resources:API:android.animation.ValueAnimator,subtype_of,extends/implements android.animation.ValueAnimator,official_declaration,,,,
resources:API:android.animation.ObjectAnimator,resources:API:java.lang.Object,accepts,"android.animation.ObjectAnimator#ofFloat(java.lang.Object,java.lang.String,float...) accepts java.lang.Object | android.animation.ObjectAnimator#ofInt(java.lang.Object,java.lang.String,int...) accepts java.lang.Object | android.animation.ObjectAnimator#ofObject(java.lang.Object,java.lang.String,android.animation.TypeEvaluator,java.lang.Object...) accepts java.lang.Object",official_declaration,,,,
resources:API:android.animation.ObjectAnimator,resources:API:java.lang.Object,returns,android.animation.ObjectAnimator#clone() returns java.lang.Object | android.animation.ObjectAnimator#getTarget() returns java.lang.Object,official_declaration,,,,
resources:API:android.animation.ObjectAnimator,resources:API:java.lang.String,accepts,"android.animation.ObjectAnimator#ofFloat(java.lang.Object,java.lang.String,float...) accepts java.lang.String | android.animation.ObjectAnimator#ofInt(java.lang.Object,java.lang.String,int...) accepts java.lang.String | android.animation.ObjectAnimator#ofObject(java.lang.Object,java.lang.String,android.animation.TypeEvaluator,java.lang.Object...) accepts java.lang.String",official_declaration,,,,
resources:API:android.animation.ObjectAnimator,resources:API:java.lang.String,returns,android.animation.ObjectAnimator#getPropertyName() returns java.lang.String | android.animation.ObjectAnimator#toString() returns java.lang.String,official_declaration,,,,
resources:API:android.animation.ValueAnimator,resources:API:android.animation.Animator,returns,android.animation.ValueAnimator#setDuration(long) returns android.animation.Animator,official_declaration,,,,
resources:API:android.animation.ValueAnimator,resources:API:android.animation.Animator,subtype_of,extends/implements android.animation.Animator,official_declaration,,,,
resources:API:android.animation.ValueAnimator,resources:API:java.lang.Object,returns,android.animation.ValueAnimator#clone() returns java.lang.Object | android.animation.ValueAnimator#getAnimatedValue() returns java.lang.Object | android.animation.ValueAnimator#getAnimatedValue(java.lang.String) returns java.lang.Object,official_declaration,,,,
resources:API:android.animation.ValueAnimator,resources:API:java.lang.String,accepts,android.animation.ValueAnimator#getAnimatedValue(java.lang.String) accepts java.lang.String,official_declaration,,,,
resources:API:android.animation.ValueAnimator,resources:API:java.lang.String,returns,android.animation.ValueAnimator#toString() returns java.lang.String,official_declaration,,,,
resources:API:android.app.Activity,resources:API:android.content.Context,accepts,"android.app.Activity#onCreateView(android.view.View,java.lang.String,android.content.Context,android.util.AttributeSet) accepts android.content.Context | android.app.Activity#onCreateView(java.lang.String,android.content.Context,android.util.AttributeSet) accepts android.content.Context",official_declaration,,,,
resources:API:android.app.Activity,resources:API:android.graphics.Bitmap,accepts,"android.app.Activity#onCreateThumbnail(android.graphics.Bitmap,android.graphics.Canvas) accepts android.graphics.Bitmap",official_declaration,,,,
resources:API:android.app.Activity,resources:API:android.graphics.drawable.Drawable,accepts,"android.app.Activity#setFeatureDrawable(int,android.graphics.drawable.Drawable) accepts android.graphics.drawable.Drawable",official_declaration,,,,
resources:API:android.app.Activity,resources:API:android.os.Bundle,accepts,"android.app.Activity#showDialog(int,android.os.Bundle) accepts android.os.Bundle | android.app.Activity#startActivities(android.content.Intent[],android.os.Bundle) accepts android.os.Bundle | android.app.Activity#startActivity(android.content.Intent,android.os.Bundle) accepts android.os.Bundle",official_declaration,,,,
resources:API:android.app.Activity,resources:API:android.view.Menu,accepts,"android.app.Activity#onContextMenuClosed(android.view.Menu) accepts android.view.Menu | android.app.Activity#onCreateOptionsMenu(android.view.Menu) accepts android.view.Menu | android.app.Activity#onCreatePanelMenu(int,android.view.Menu) accepts android.view.Menu",official_declaration,,,,
resources:API:android.app.Activity,resources:API:android.view.View,accepts,"android.app.Activity#addContentView(android.view.View,android.view.ViewGroup.LayoutParams) accepts android.view.View | android.app.Activity#onCreateContextMenu(android.view.ContextMenu,android.view.View,android.view.ContextMenu.ContextMenuInfo) accepts android.view.View | android.app.Activity#onCreateView(android.view.View,java.lang.String,android.content.Context,android.util.AttributeSet) accepts android.view.View",official_declaration,,,,
resources:API:android.app.Activity,resources:API:android.view.View,returns,android.app.Activity#findViewById(int) returns android.view.View | android.app.Activity#getCurrentFocus() returns android.view.View | android.app.Activity#onCreatePanelView(int) returns android.view.View,official_declaration,,,,
resources:API:android.app.Activity,resources:API:android.view.Window,returns,android.app.Activity#getWindow() returns android.view.Window,official_declaration,,,,
resources:API:android.app.Activity,resources:API:java.lang.Object,returns,android.app.Activity#getLastNonConfigurationInstance() returns java.lang.Object | android.app.Activity#getSystemService(java.lang.String) returns java.lang.Object | android.app.Activity#onRetainNonConfigurationInstance() returns java.lang.Object,official_declaration,,,,
resources:API:android.app.Activity,resources:API:java.lang.String,accepts,"android.app.Activity#dump(java.lang.String,java.io.FileDescriptor,java.io.PrintWriter,java.lang.String[]) accepts java.lang.String | android.app.Activity#dump(java.lang.String,java.io.FileDescriptor,java.io.PrintWriter,java.lang.String[]) accepts java.lang.String[] | android.app.Activity#getSystemService(java.lang.String) accepts java.lang.String",official_declaration,,,,
resources:API:android.app.Activity,resources:API:java.lang.String,returns,android.app.Activity#getCallingPackage() returns java.lang.String | android.app.Activity#getLocalClassName() returns java.lang.String,official_declaration,,,,
resources:API:android.content.Context,resources:API:android.content.res.Resources,returns,android.content.Context#getResources() returns android.content.res.Resources,official_declaration,,,,
resources:API:android.content.Context,resources:API:android.content.res.TypedArray,returns,"android.content.Context#obtainStyledAttributes(android.util.AttributeSet,int[]) returns android.content.res.TypedArray | android.content.Context#obtainStyledAttributes(android.util.AttributeSet,int[],int,int) returns android.content.res.TypedArray | android.content.Context#obtainStyledAttributes(int,int[]) returns android.content.res.TypedArray",official_declaration,,,,
resources:API:android.content.Context,resources:API:android.graphics.Bitmap,accepts,android.content.Context#setWallpaper(android.graphics.Bitmap) accepts android.graphics.Bitmap,official_declaration,,,,
resources:API:android.content.Context,resources:API:android.graphics.drawable.Drawable,returns,android.content.Context#getWallpaper() returns android.graphics.drawable.Drawable | android.content.Context#peekWallpaper() returns android.graphics.drawable.Drawable,official_declaration,,,,
resources:API:android.content.Context,resources:API:android.os.Bundle,accepts,"android.content.Context#sendOrderedBroadcast(android.content.Intent,java.lang.String,android.content.BroadcastReceiver,android.os.Handler,int,java.lang.String,android.os.Bundle) accepts android.os.Bundle | android.content.Context#sendStickyOrderedBroadcast(android.content.Intent,android.content.BroadcastReceiver,android.os.Handler,int,java.lang.String,android.os.Bundle) accepts android.os.Bundle | android.content.Context#startActivities(android.content.Intent[],android.os.Bundle) accepts android.os.Bundle",official_declaration,,,,
resources:API:android.content.Context,resources:API:java.lang.Object,returns,android.content.Context#getSystemService(java.lang.String) returns java.lang.Object,official_declaration,,,,
resources:API:android.content.Context,resources:API:java.lang.String,accepts,"android.content.Context#checkCallingOrSelfPermission(java.lang.String) accepts java.lang.String | android.content.Context#checkCallingPermission(java.lang.String) accepts java.lang.String | android.content.Context#checkPermission(java.lang.String,int,int) accepts java.lang.String",official_declaration,,,,
resources:API:android.content.Context,resources:API:java.lang.String,returns,android.content.Context#databaseList() returns java.lang.String[] | android.content.Context#fileList() returns java.lang.String[] | android.content.Context#getPackageCodePath() returns java.lang.String,official_declaration,,,,
resources:API:android.content.res.Resources,resources:API:android.content.res.TypedArray,returns,"android.content.res.Resources#obtainAttributes(android.util.AttributeSet,int[]) returns android.content.res.TypedArray | android.content.res.Resources#obtainTypedArray(int) returns android.content.res.TypedArray",official_declaration,,,,
resources:API:android.content.res.Resources,resources:API:android.graphics.drawable.Drawable,returns,"android.content.res.Resources#getDrawable(int) returns android.graphics.drawable.Drawable | android.content.res.Resources#getDrawableForDensity(int,int) returns android.graphics.drawable.Drawable",official_declaration,,,,
resources:API:android.content.res.Resources,resources:API:android.os.Bundle,accepts,"android.content.res.Resources#parseBundleExtra(java.lang.String,android.util.AttributeSet,android.os.Bundle) accepts android.os.Bundle | android.content.res.Resources#parseBundleExtras(android.content.res.XmlResourceParser,android.os.Bundle) accepts android.os.Bundle",official_declaration,,,,
resources:API:android.content.res.Resources,resources:API:java.lang.String,accepts,"android.content.res.Resources#getIdentifier(java.lang.String,java.lang.String,java.lang.String) accepts java.lang.String | android.content.res.Resources#getValue(java.lang.String,android.util.TypedValue,boolean) accepts java.lang.String | android.content.res.Resources#parseBundleExtra(java.lang.String,android.util.AttributeSet,android.os.Bundle) accepts java.lang.String",official_declaration,,,,
resources:API:android.content.res.Resources,resources:API:java.lang.String,returns,"android.content.res.Resources#getQuantityString(int,int) returns java.lang.String | android.content.res.Resources#getQuantityString(int,int,java.lang.Object...) returns java.lang.String | android.content.res.Resources#getResourceEntryName(int) returns java.lang.String",official_declaration,,,,
resources:API:android.content.res.TypedArray,resources:API:android.content.res.Resources,returns,android.content.res.TypedArray#getResources() returns android.content.res.Resources,official_declaration,,,,
resources:API:android.content.res.TypedArray,resources:API:android.graphics.drawable.Drawable,returns,android.content.res.TypedArray#getDrawable(int) returns android.graphics.drawable.Drawable,official_declaration,,,,
resources:API:android.content.res.TypedArray,resources:API:java.lang.String,accepts,"android.content.res.TypedArray#getLayoutDimension(int,java.lang.String) accepts java.lang.String",official_declaration,,,,
resources:API:android.content.res.TypedArray,resources:API:java.lang.String,returns,android.content.res.TypedArray#getNonResourceString(int) returns java.lang.String | android.content.res.TypedArray#getPositionDescription() returns java.lang.String | android.content.res.TypedArray#getString(int) returns java.lang.String,official_declaration,,,,
resources:API:android.graphics.NinePatch,resources:API:android.graphics.Bitmap,accepts,"android.graphics.NinePatch#<init>(android.graphics.Bitmap,byte[],java.lang.String) accepts android.graphics.Bitmap",official_declaration,,,,
resources:API:android.graphics.NinePatch,resources:API:java.lang.String,accepts,"android.graphics.NinePatch#<init>(android.graphics.Bitmap,byte[],java.lang.String) accepts java.lang.String",official_declaration,,,,
resources:API:android.graphics.drawable.AnimationDrawable,resources:API:android.content.res.Resources,accepts,"android.graphics.drawable.AnimationDrawable#inflate(android.content.res.Resources,org.xmlpull.v1.XmlPullParser,android.util.AttributeSet) accepts android.content.res.Resources",official_declaration,,,,
resources:API:android.graphics.drawable.AnimationDrawable,resources:API:android.graphics.drawable.Drawable,accepts,"android.graphics.drawable.AnimationDrawable#addFrame(android.graphics.drawable.Drawable,int) accepts android.graphics.drawable.Drawable",official_declaration,,,,
resources:API:android.graphics.drawable.AnimationDrawable,resources:API:android.graphics.drawable.Drawable,returns,android.graphics.drawable.AnimationDrawable#getFrame(int) returns android.graphics.drawable.Drawable | android.graphics.drawable.AnimationDrawable#mutate() returns android.graphics.drawable.Drawable,official_declaration,,,,
resources:API:android.graphics.drawable.BitmapDrawable,resources:API:android.content.res.Resources,accepts,"android.graphics.drawable.BitmapDrawable#<init>(android.content.res.Resources) accepts android.content.res.Resources | android.graphics.drawable.BitmapDrawable#<init>(android.content.res.Resources,android.graphics.Bitmap) accepts android.content.res.Resources | android.graphics.drawable.BitmapDrawable#<init>(android.content.res.Resources,java.io.InputStream) accepts android.content.res.Resources",official_declaration,,,,
resources:API:android.graphics.drawable.BitmapDrawable,resources:API:android.graphics.Bitmap,accepts,"android.graphics.drawable.BitmapDrawable#<init>(android.content.res.Resources,android.graphics.Bitmap) accepts android.graphics.Bitmap | android.graphics.drawable.BitmapDrawable#<init>(android.graphics.Bitmap) accepts android.graphics.Bitmap",official_declaration,,,,
resources:API:android.graphics.drawable.BitmapDrawable,resources:API:android.graphics.Bitmap,returns,android.graphics.drawable.BitmapDrawable#getBitmap() returns android.graphics.Bitmap,official_declaration,,,,
resources:API:android.graphics.drawable.BitmapDrawable,resources:API:android.graphics.drawable.Drawable,returns,android.graphics.drawable.BitmapDrawable#mutate() returns android.graphics.drawable.Drawable,official_declaration,,,,
resources:API:android.graphics.drawable.BitmapDrawable,resources:API:android.graphics.drawable.Drawable,subtype_of,extends/implements android.graphics.drawable.Drawable,official_declaration,,,,
resources:API:android.graphics.drawable.BitmapDrawable,resources:API:java.lang.String,accepts,"android.graphics.drawable.BitmapDrawable#<init>(android.content.res.Resources,java.lang.String) accepts java.lang.String | android.graphics.drawable.BitmapDrawable#<init>(java.lang.String) accepts java.lang.String",official_declaration,,,,
resources:API:android.graphics.drawable.ClipDrawable,resources:API:android.content.res.Resources,accepts,"android.graphics.drawable.ClipDrawable#inflate(android.content.res.Resources,org.xmlpull.v1.XmlPullParser,android.util.AttributeSet) accepts android.content.res.Resources",official_declaration,,,,
resources:API:android.graphics.drawable.ClipDrawable,resources:API:android.graphics.drawable.Drawable,accepts,"android.graphics.drawable.ClipDrawable#<init>(android.graphics.drawable.Drawable,int,int) accepts android.graphics.drawable.Drawable | android.graphics.drawable.ClipDrawable#invalidateDrawable(android.graphics.drawable.Drawable) accepts android.graphics.drawable.Drawable | android.graphics.drawable.ClipDrawable#scheduleDrawable(android.graphics.drawable.Drawable,java.lang.Runnable,long) accepts android.graphics.drawable.Drawable",official_declaration,,,,
resources:API:android.graphics.drawable.ClipDrawable,resources:API:android.graphics.drawable.Drawable,subtype_of,extends/implements android.graphics.drawable.Drawable,official_declaration,,,,
resources:API:android.graphics.drawable.Drawable,resources:API:android.content.res.Resources,accepts,"android.graphics.drawable.Drawable#createFromResourceStream(android.content.res.Resources,android.util.TypedValue,java.io.InputStream,java.lang.String) accepts android.content.res.Resources | android.graphics.drawable.Drawable#createFromResourceStream(android.content.res.Resources,android.util.TypedValue,java.io.InputStream,java.lang.String,android.graphics.BitmapFactory.Options) accepts android.content.res.Resources | android.graphics.drawable.Drawable#createFromXml(android.content.res.Resources,org.xmlpull.v1.XmlPullParser) accepts android.content.res.Resources",official_declaration,,,,
resources:API:android.graphics.drawable.Drawable,resources:API:java.lang.String,accepts,"android.graphics.drawable.Drawable#createFromPath(java.lang.String) accepts java.lang.String | android.graphics.drawable.Drawable#createFromResourceStream(android.content.res.Resources,android.util.TypedValue,java.io.InputStream,java.lang.String) accepts java.lang.String | android.graphics.drawable.Drawable#createFromResourceStream(android.content.res.Resources,android.util.TypedValue,java.io.InputStream,java.lang.String,android.graphics.BitmapFactory.Options) accepts java.lang.String",official_declaration,,,,
resources:API:android.graphics.drawable.GradientDrawable,resources:API:android.content.res.Resources,accepts,"android.graphics.drawable.GradientDrawable#inflate(android.content.res.Resources,org.xmlpull.v1.XmlPullParser,android.util.AttributeSet) accepts android.content.res.Resources",official_declaration,,,,
resources:API:android.graphics.drawable.GradientDrawable,resources:API:android.graphics.drawable.Drawable,returns,android.graphics.drawable.GradientDrawable#mutate() returns android.graphics.drawable.Drawable,official_declaration,,,,
resources:API:android.graphics.drawable.GradientDrawable,resources:API:android.graphics.drawable.Drawable,subtype_of,extends/implements android.graphics.drawable.Drawable,official_declaration,,,,
resources:API:android.graphics.drawable.InsetDrawable,resources:API:android.content.res.Resources,accepts,"android.graphics.drawable.InsetDrawable#inflate(android.content.res.Resources,org.xmlpull.v1.XmlPullParser,android.util.AttributeSet) accepts android.content.res.Resources",official_declaration,,,,
resources:API:android.graphics.drawable.InsetDrawable,resources:API:android.graphics.drawable.Drawable,accepts,"android.graphics.drawable.InsetDrawable#<init>(android.graphics.drawable.Drawable,int) accepts android.graphics.drawable.Drawable | android.graphics.drawable.InsetDrawable#<init>(android.graphics.drawable.Drawable,int,int,int,int) accepts android.graphics.drawable.Drawable | android.graphics.drawable.InsetDrawable#invalidateDrawable(android.graphics.drawable.Drawable) accepts android.graphics.drawable.Drawable",official_declaration,,,,
resources:API:android.graphics.drawable.InsetDrawable,resources:API:android.graphics.drawable.Drawable,returns,android.graphics.drawable.InsetDrawable#mutate() returns android.graphics.drawable.Drawable,official_declaration,,,,
resources:API:android.graphics.drawable.InsetDrawable,resources:API:android.graphics.drawable.Drawable,subtype_of,extends/implements android.graphics.drawable.Drawable,official_declaration,,,,
resources:API:android.graphics.drawable.NinePatchDrawable,resources:API:android.content.res.Resources,accepts,"android.graphics.drawable.NinePatchDrawable#<init>(android.content.res.Resources,android.graphics.Bitmap,byte[],android.graphics.Rect,java.lang.String) accepts android.content.res.Resources | android.graphics.drawable.NinePatchDrawable#<init>(android.content.res.Resources,android.graphics.NinePatch) accepts android.content.res.Resources | android.graphics.drawable.NinePatchDrawable#inflate(android.content.res.Resources,org.xmlpull.v1.XmlPullParser,android.util.AttributeSet) accepts android.content.res.Resources",official_declaration,,,,
resources:API:android.graphics.drawable.NinePatchDrawable,resources:API:android.graphics.Bitmap,accepts,"android.graphics.drawable.NinePatchDrawable#<init>(android.content.res.Resources,android.graphics.Bitmap,byte[],android.graphics.Rect,java.lang.String) accepts android.graphics.Bitmap | android.graphics.drawable.NinePatchDrawable#<init>(android.graphics.Bitmap,byte[],android.graphics.Rect,java.lang.String) accepts android.graphics.Bitmap",official_declaration,,,,
resources:API:android.graphics.drawable.NinePatchDrawable,resources:API:android.graphics.NinePatch,accepts,"android.graphics.drawable.NinePatchDrawable#<init>(android.content.res.Resources,android.graphics.NinePatch) accepts android.graphics.NinePatch | android.graphics.drawable.NinePatchDrawable#<init>(android.graphics.NinePatch) accepts android.graphics.NinePatch",official_declaration,,,,
resources:API:android.graphics.drawable.NinePatchDrawable,resources:API:android.graphics.drawable.Drawable,returns,android.graphics.drawable.NinePatchDrawable#mutate() returns android.graphics.drawable.Drawable,official_declaration,,,,
resources:API:android.graphics.drawable.NinePatchDrawable,resources:API:android.graphics.drawable.Drawable,subtype_of,extends/implements android.graphics.drawable.Drawable,official_declaration,,,,
resources:API:android.graphics.drawable.NinePatchDrawable,resources:API:java.lang.String,accepts,"android.graphics.drawable.NinePatchDrawable#<init>(android.content.res.Resources,android.graphics.Bitmap,byte[],android.graphics.Rect,java.lang.String) accepts java.lang.String | android.graphics.drawable.NinePatchDrawable#<init>(android.graphics.Bitmap,byte[],android.graphics.Rect,java.lang.String) accepts java.lang.String",official_declaration,,,,
resources:API:android.graphics.drawable.ScaleDrawable,resources:API:android.content.res.Resources,accepts,"android.graphics.drawable.ScaleDrawable#inflate(android.content.res.Resources,org.xmlpull.v1.XmlPullParser,android.util.AttributeSet) accepts android.content.res.Resources",official_declaration,,,,
resources:API:android.graphics.drawable.ScaleDrawable,resources:API:android.graphics.drawable.Drawable,accepts,"android.graphics.drawable.ScaleDrawable#<init>(android.graphics.drawable.Drawable,int,float,float) accepts android.graphics.drawable.Drawable | android.graphics.drawable.ScaleDrawable#invalidateDrawable(android.graphics.drawable.Drawable) accepts android.graphics.drawable.Drawable | android.graphics.drawable.ScaleDrawable#scheduleDrawable(android.graphics.drawable.Drawable,java.lang.Runnable,long) accepts android.graphics.drawable.Drawable",official_declaration,,,,
resources:API:android.graphics.drawable.ScaleDrawable,resources:API:android.graphics.drawable.Drawable,returns,android.graphics.drawable.ScaleDrawable#getDrawable() returns android.graphics.drawable.Drawable | android.graphics.drawable.ScaleDrawable#mutate() returns android.graphics.drawable.Drawable,official_declaration,,,,
resources:API:android.graphics.drawable.ScaleDrawable,resources:API:android.graphics.drawable.Drawable,subtype_of,extends/implements android.graphics.drawable.Drawable,official_declaration,,,,
resources:API:android.graphics.drawable.TransitionDrawable,resources:API:android.graphics.drawable.Drawable,accepts,android.graphics.drawable.TransitionDrawable#<init>(android.graphics.drawable.Drawable[]) accepts android.graphics.drawable.Drawable[],official_declaration,,,,
resources:API:android.os.Bundle,resources:API:java.lang.Object,returns,android.os.Bundle#clone() returns java.lang.Object | android.os.Bundle#get(java.lang.String) returns java.lang.Object,official_declaration,,,,
resources:API:android.os.Bundle,resources:API:java.lang.String,accepts,android.os.Bundle#containsKey(java.lang.String) accepts java.lang.String | android.os.Bundle#get(java.lang.String) accepts java.lang.String | android.os.Bundle#getBoolean(java.lang.String) accepts java.lang.String,official_declaration,,,,
resources:API:android.os.Bundle,resources:API:java.lang.String,returns,"android.os.Bundle#getString(java.lang.String) returns java.lang.String | android.os.Bundle#getString(java.lang.String,java.lang.String) returns java.lang.String | android.os.Bundle#getStringArray(java.lang.String) returns java.lang.String[]",official_declaration,,,,
resources:API:android.view.View,resources:API:android.content.Context,accepts,"android.view.View#<init>(android.content.Context) accepts android.content.Context | android.view.View#<init>(android.content.Context,android.util.AttributeSet) accepts android.content.Context | android.view.View#<init>(android.content.Context,android.util.AttributeSet,int) accepts android.content.Context",official_declaration,,,,
resources:API:android.view.View,resources:API:android.content.Context,returns,android.view.View#getContext() returns android.content.Context,official_declaration,,,,
resources:API:android.view.View,resources:API:android.content.res.Resources,returns,android.view.View#getResources() returns android.content.res.Resources,official_declaration,,,,
resources:API:android.view.View,resources:API:android.graphics.Bitmap,returns,android.view.View#getDrawingCache() returns android.graphics.Bitmap | android.view.View#getDrawingCache(boolean) returns android.graphics.Bitmap,official_declaration,,,,
resources:API:android.view.View,resources:API:android.graphics.drawable.Drawable,accepts,"android.view.View#invalidateDrawable(android.graphics.drawable.Drawable) accepts android.graphics.drawable.Drawable | android.view.View#scheduleDrawable(android.graphics.drawable.Drawable,java.lang.Runnable,long) accepts android.graphics.drawable.Drawable | android.view.View#setBackground(android.graphics.drawable.Drawable) accepts android.graphics.drawable.Drawable",official_declaration,,,,
resources:API:android.view.View,resources:API:android.graphics.drawable.Drawable,returns,android.view.View#getBackground() returns android.graphics.drawable.Drawable,official_declaration,,,,
resources:API:android.view.View,resources:API:android.os.Bundle,accepts,"android.view.View#performAccessibilityAction(int,android.os.Bundle) accepts android.os.Bundle",official_declaration,,,,
resources:API:android.view.View,resources:API:android.view.animation.Animation,accepts,android.view.View#setAnimation(android.view.animation.Animation) accepts android.view.animation.Animation | android.view.View#startAnimation(android.view.animation.Animation) accepts android.view.animation.Animation,official_declaration,,,,
resources:API:android.view.View,resources:API:android.view.animation.Animation,returns,android.view.View#getAnimation() returns android.view.animation.Animation,official_declaration,,,,
resources:API:android.view.View,resources:API:java.lang.Object,accepts,"android.view.View#findViewWithTag(java.lang.Object) accepts java.lang.Object | android.view.View#setTag(int,java.lang.Object) accepts java.lang.Object | android.view.View#setTag(java.lang.Object) accepts java.lang.Object",official_declaration,,,,
resources:API:android.view.View,resources:API:java.lang.Object,returns,android.view.View#getTag() returns java.lang.Object | android.view.View#getTag(int) returns java.lang.Object,official_declaration,,,,
resources:API:android.view.Window,resources:API:android.content.Context,accepts,android.view.Window#<init>(android.content.Context) accepts android.content.Context,official_declaration,,,,
resources:API:android.view.Window,resources:API:android.content.Context,returns,android.view.Window#getContext() returns android.content.Context,official_declaration,,,,
resources:API:android.view.Window,resources:API:android.content.res.TypedArray,returns,android.view.Window#getWindowStyle() returns android.content.res.TypedArray,official_declaration,,,,
resources:API:android.view.Window,resources:API:android.graphics.drawable.Drawable,accepts,"android.view.Window#setBackgroundDrawable(android.graphics.drawable.Drawable) accepts android.graphics.drawable.Drawable | android.view.Window#setChildDrawable(int,android.graphics.drawable.Drawable) accepts android.graphics.drawable.Drawable | android.view.Window#setFeatureDrawable(int,android.graphics.drawable.Drawable) accepts android.graphics.drawable.Drawable",official_declaration,,,,
resources:API:android.view.Window,resources:API:android.os.Bundle,accepts,android.view.Window#restoreHierarchyState(android.os.Bundle) accepts android.os.Bundle,official_declaration,,,,
resources:API:android.view.Window,resources:API:android.os.Bundle,returns,android.view.Window#saveHierarchyState() returns android.os.Bundle,official_declaration,,,,
resources:API:android.view.Window,resources:API:android.view.View,accepts,"android.view.Window#addContentView(android.view.View,android.view.ViewGroup.LayoutParams) accepts android.view.View | android.view.Window#setContentView(android.view.View) accepts android.view.View | android.view.Window#setContentView(android.view.View,android.view.ViewGroup.LayoutParams) accepts android.view.View",official_declaration,,,,
resources:API:android.view.Window,resources:API:android.view.View,returns,android.view.Window#findViewById(int) returns android.view.View | android.view.Window#getCurrentFocus() returns android.view.View | android.view.Window#getDecorView() returns android.view.View,official_declaration,,,,
resources:API:android.view.Window,resources:API:java.lang.String,accepts,"android.view.Window#setWindowManager(android.view.WindowManager,android.os.IBinder,java.lang.String) accepts java.lang.String | android.view.Window#setWindowManager(android.view.WindowManager,android.os.IBinder,java.lang.String,boolean) accepts java.lang.String",official_declaration,,,,
resources:API:android.view.animation.AccelerateDecelerateInterpolator,resources:API:android.content.Context,accepts,"android.view.animation.AccelerateDecelerateInterpolator#<init>(android.content.Context,android.util.AttributeSet) accepts android.content.Context",official_declaration,,,,
resources:API:android.view.animation.AccelerateDecelerateInterpolator,resources:API:android.view.animation.Interpolator,subtype_of,extends/implements android.view.animation.Interpolator,official_declaration,,,,
resources:API:android.view.animation.AccelerateInterpolator,resources:API:android.content.Context,accepts,"android.view.animation.AccelerateInterpolator#<init>(android.content.Context,android.util.AttributeSet) accepts android.content.Context",official_declaration,,,,
resources:API:android.view.animation.AccelerateInterpolator,resources:API:android.view.animation.Interpolator,subtype_of,extends/implements android.view.animation.Interpolator,official_declaration,,,,
resources:API:android.view.animation.AlphaAnimation,resources:API:android.content.Context,accepts,"android.view.animation.AlphaAnimation#<init>(android.content.Context,android.util.AttributeSet) accepts android.content.Context",official_declaration,,,,
resources:API:android.view.animation.AlphaAnimation,resources:API:android.view.animation.Animation,subtype_of,extends/implements android.view.animation.Animation,official_declaration,,,,
resources:API:android.view.animation.Animation,resources:API:android.content.Context,accepts,"android.view.animation.Animation#<init>(android.content.Context,android.util.AttributeSet) accepts android.content.Context | android.view.animation.Animation#setInterpolator(android.content.Context,int) accepts android.content.Context",official_declaration,,,,
resources:API:android.view.animation.Animation,resources:API:android.view.animation.Interpolator,accepts,android.view.animation.Animation#setInterpolator(android.view.animation.Interpolator) accepts android.view.animation.Interpolator,official_declaration,,,,
resources:API:android.view.animation.Animation,resources:API:android.view.animation.Interpolator,returns,android.view.animation.Animation#getInterpolator() returns android.view.animation.Interpolator,official_declaration,,,,
resources:API:android.view.animation.AnimationSet,resources:API:android.content.Context,accepts,"android.view.animation.AnimationSet#<init>(android.content.Context,android.util.AttributeSet) accepts android.content.Context",official_declaration,,,,
resources:API:android.view.animation.AnimationSet,resources:API:android.view.animation.Animation,accepts,android.view.animation.AnimationSet#addAnimation(android.view.animation.Animation) accepts android.view.animation.Animation,official_declaration,,,,
resources:API:android.view.animation.AnimationSet,resources:API:android.view.animation.Animation,subtype_of,extends/implements android.view.animation.Animation,official_declaration,,,,
resources:API:android.view.animation.AnimationUtils,resources:API:android.content.Context,accepts,"android.view.animation.AnimationUtils#loadAnimation(android.content.Context,int) accepts android.content.Context | android.view.animation.AnimationUtils#loadInterpolator(android.content.Context,int) accepts android.content.Context | android.view.animation.AnimationUtils#loadLayoutAnimation(android.content.Context,int) accepts android.content.Context",official_declaration,,,,
resources:API:android.view.animation.AnimationUtils,resources:API:android.view.animation.Animation,returns,"android.view.animation.AnimationUtils#loadAnimation(android.content.Context,int) returns android.view.animation.Animation | android.view.animation.AnimationUtils#makeInAnimation(android.content.Context,boolean) returns android.view.animation.Animation | android.view.animation.AnimationUtils#makeInChildBottomAnimation(android.content.Context) returns android.view.animation.Animation",official_declaration,,,,
resources:API:android.view.animation.AnimationUtils,resources:API:android.view.animation.Interpolator,returns,"android.view.animation.AnimationUtils#loadInterpolator(android.content.Context,int) returns android.view.animation.Interpolator",official_declaration,,,,
resources:API:android.view.animation.AnticipateInterpolator,resources:API:android.content.Context,accepts,"android.view.animation.AnticipateInterpolator#<init>(android.content.Context,android.util.AttributeSet) accepts android.content.Context",official_declaration,,,,
resources:API:android.view.animation.AnticipateInterpolator,resources:API:android.view.animation.Interpolator,subtype_of,extends/implements android.view.animation.Interpolator,official_declaration,,,,
resources:API:android.view.animation.CycleInterpolator,resources:API:android.content.Context,accepts,"android.view.animation.CycleInterpolator#<init>(android.content.Context,android.util.AttributeSet) accepts android.content.Context",official_declaration,,,,
resources:API:android.view.animation.CycleInterpolator,resources:API:android.view.animation.Interpolator,subtype_of,extends/implements android.view.animation.Interpolator,official_declaration,,,,
resources:API:android.view.animation.DecelerateInterpolator,resources:API:android.content.Context,accepts,"android.view.animation.DecelerateInterpolator#<init>(android.content.Context,android.util.AttributeSet) accepts android.content.Context",official_declaration,,,,
resources:API:android.view.animation.DecelerateInterpolator,resources:API:android.view.animation.Interpolator,subtype_of,extends/implements android.view.animation.Interpolator,official_declaration,,,,
resources:API:android.view.animation.LinearInterpolator,resources:API:android.content.Context,accepts,"android.view.animation.LinearInterpolator#<init>(android.content.Context,android.util.AttributeSet) accepts android.content.Context",official_declaration,,,,
resources:API:android.view.animation.LinearInterpolator,resources:API:android.view.animation.Interpolator,subtype_of,extends/implements android.view.animation.Interpolator,official_declaration,,,,
resources:API:android.view.animation.RotateAnimation,resources:API:android.content.Context,accepts,"android.view.animation.RotateAnimation#<init>(android.content.Context,android.util.AttributeSet) accepts android.content.Context",official_declaration,,,,
resources:API:android.view.animation.RotateAnimation,resources:API:android.view.animation.Animation,subtype_of,extends/implements android.view.animation.Animation,official_declaration,,,,
resources:API:android.view.animation.TranslateAnimation,resources:API:android.content.Context,accepts,"android.view.animation.TranslateAnimation#<init>(android.content.Context,android.util.AttributeSet) accepts android.content.Context",official_declaration,,,,
resources:API:android.view.animation.TranslateAnimation,resources:API:android.view.animation.Animation,subtype_of,extends/implements android.view.animation.Animation,official_declaration,,,,
resources:API:android.widget.Button,resources:API:android.content.Context,accepts,"android.widget.Button#<init>(android.content.Context) accepts android.content.Context | android.widget.Button#<init>(android.content.Context,android.util.AttributeSet) accepts android.content.Context | android.widget.Button#<init>(android.content.Context,android.util.AttributeSet,int) accepts android.content.Context",official_declaration,,,,
resources:API:android.widget.Button,resources:API:android.widget.TextView,subtype_of,extends/implements android.widget.TextView,official_declaration,,,,
resources:API:android.widget.ImageView,resources:API:android.content.Context,accepts,"android.widget.ImageView#<init>(android.content.Context) accepts android.content.Context | android.widget.ImageView#<init>(android.content.Context,android.util.AttributeSet) accepts android.content.Context | android.widget.ImageView#<init>(android.content.Context,android.util.AttributeSet,int) accepts android.content.Context",official_declaration,,,,
resources:API:android.widget.ImageView,resources:API:android.graphics.Bitmap,accepts,android.widget.ImageView#setImageBitmap(android.graphics.Bitmap) accepts android.graphics.Bitmap,official_declaration,,,,
resources:API:android.widget.ImageView,resources:API:android.graphics.drawable.Drawable,accepts,android.widget.ImageView#invalidateDrawable(android.graphics.drawable.Drawable) accepts android.graphics.drawable.Drawable | android.widget.ImageView#setImageDrawable(android.graphics.drawable.Drawable) accepts android.graphics.drawable.Drawable,official_declaration,,,,
resources:API:android.widget.ImageView,resources:API:android.graphics.drawable.Drawable,returns,android.widget.ImageView#getDrawable() returns android.graphics.drawable.Drawable,official_declaration,,,,
resources:API:android.widget.ImageView,resources:API:android.view.View,subtype_of,extends/implements android.view.View,official_declaration,,,,
resources:API:android.widget.TextView,resources:API:android.content.Context,accepts,"android.widget.TextView#<init>(android.content.Context) accepts android.content.Context | android.widget.TextView#<init>(android.content.Context,android.util.AttributeSet) accepts android.content.Context | android.widget.TextView#<init>(android.content.Context,android.util.AttributeSet,int) accepts android.content.Context",official_declaration,,,,
resources:API:android.widget.TextView,resources:API:android.content.res.TypedArray,accepts,"android.widget.TextView#getTextColor(android.content.Context,android.content.res.TypedArray,int) accepts android.content.res.TypedArray | android.widget.TextView#getTextColors(android.content.Context,android.content.res.TypedArray) accepts android.content.res.TypedArray",official_declaration,,,,
resources:API:android.widget.TextView,resources:API:android.graphics.drawable.Drawable,accepts,"android.widget.TextView#invalidateDrawable(android.graphics.drawable.Drawable) accepts android.graphics.drawable.Drawable | android.widget.TextView#setCompoundDrawables(android.graphics.drawable.Drawable,android.graphics.drawable.Drawable,android.graphics.drawable.Drawable,android.graphics.drawable.Drawable) accepts android.graphics.drawable.Drawable | android.widget.TextView#setCompoundDrawablesWithIntrinsicBounds(android.graphics.drawable.Drawable,android.graphics.drawable.Drawable,android.graphics.drawable.Drawable,android.graphics.drawable.Drawable) accepts android.graphics.drawable.Drawable",official_declaration,,,,
resources:API:android.widget.TextView,resources:API:android.graphics.drawable.Drawable,returns,android.widget.TextView#getCompoundDrawables() returns android.graphics.drawable.Drawable[],official_declaration,,,,
resources:API:android.widget.TextView,resources:API:android.os.Bundle,accepts,"android.widget.TextView#onPrivateIMECommand(java.lang.String,android.os.Bundle) accepts android.os.Bundle",official_declaration,,,,
resources:API:android.widget.TextView,resources:API:android.os.Bundle,returns,android.widget.TextView#getInputExtras(boolean) returns android.os.Bundle,official_declaration,,,,
resources:API:android.widget.TextView,resources:API:android.view.View,subtype_of,extends/implements android.view.View,official_declaration,,,,
resources:API:android.widget.TextView,resources:API:java.lang.String,accepts,"android.widget.TextView#onPrivateIMECommand(java.lang.String,android.os.Bundle) accepts java.lang.String | android.widget.TextView#setPrivateImeOptions(java.lang.String) accepts java.lang.String",official_declaration,,,,
resources:API:android.widget.TextView,resources:API:java.lang.String,returns,android.widget.TextView#getPrivateImeOptions() returns java.lang.String,official_declaration,,,,
resources:API:java.lang.Object,resources:API:java.lang.String,returns,java.lang.Object#toString() returns java.lang.String,official_declaration,,,,
resources:API:java.lang.String,resources:API:java.lang.Object,accepts,java.lang.String#compareTo(java.lang.Object) accepts java.lang.Object | java.lang.String#equals(java.lang.Object) accepts java.lang.Object | java.lang.String#valueOf(java.lang.Object) accepts java.lang.Object,official_declaration,,,,
resources:API:java.lang.String,resources:API:java.lang.Object,returns,java.lang.String#resolveConstantDesc(java.lang.invoke.MethodHandles.Lookup) returns java.lang.Object,official_declaration,,,,
resources:KU:android.view.animation.RotateAnimation:RESOURCES-0001,resources:KU:android.widget.ImageView:RESOURCES-0108,same_ku,7992bf0a18c9feb68d45c96c3bf1a1d93232115dd6204e9081142d4b410aea49,deterministic_identity,,,,
resources:KU:android.view.animation.RotateAnimation:RESOURCES-0001,resources:KU:android.view.animation.Animation:RESOURCES-0109,same_ku,7992bf0a18c9feb68d45c96c3bf1a1d93232115dd6204e9081142d4b410aea49,deterministic_identity,,,,
resources:KU:android.view.animation.RotateAnimation:RESOURCES-0001,resources:KU:android.view.animation.LinearInterpolator:RESOURCES-0110,same_ku,7992bf0a18c9feb68d45c96c3bf1a1d93232115dd6204e9081142d4b410aea49,deterministic_identity,,,,
resources:KU:android.widget.ImageView:RESOURCES-0108,resources:KU:android.view.animation.Animation:RESOURCES-0109,same_ku,7992bf0a18c9feb68d45c96c3bf1a1d93232115dd6204e9081142d4b410aea49,deterministic_identity,,,,
resources:KU:android.widget.ImageView:RESOURCES-0108,resources:KU:android.view.animation.LinearInterpolator:RESOURCES-0110,same_ku,7992bf0a18c9feb68d45c96c3bf1a1d93232115dd6204e9081142d4b410aea49,deterministic_identity,,,,
resources:KU:android.view.animation.Animation:RESOURCES-0109,resources:KU:android.view.animation.LinearInterpolator:RESOURCES-0110,same_ku,7992bf0a18c9feb68d45c96c3bf1a1d93232115dd6204e9081142d4b410aea49,deterministic_identity,,,,
resources:KU:android.graphics.drawable.Drawable:RESOURCES-0002,resources:KU:android.app.Activity:RESOURCES-0030,same_ku,cac0ceb5ff9fcf4692f02919bd479841cd73bafd6b5ef72014bdb2853b099cab,deterministic_identity,,,,
resources:KU:android.graphics.drawable.Drawable:RESOURCES-0002,resources:KU:java.lang.String:RESOURCES-0031,same_ku,cac0ceb5ff9fcf4692f02919bd479841cd73bafd6b5ef72014bdb2853b099cab,deterministic_identity,,,,
resources:KU:android.graphics.drawable.Drawable:RESOURCES-0002,resources:KU:android.content.Context:RESOURCES-0058,same_ku,cac0ceb5ff9fcf4692f02919bd479841cd73bafd6b5ef72014bdb2853b099cab,deterministic_identity,,,,
resources:KU:android.graphics.drawable.Drawable:RESOURCES-0002,resources:KU:android.content.res.Resources:RESOURCES-0215,same_ku,cac0ceb5ff9fcf4692f02919bd479841cd73bafd6b5ef72014bdb2853b099cab,deterministic_identity,,,,
resources:KU:android.app.Activity:RESOURCES-0030,resources:KU:java.lang.String:RESOURCES-0031,same_ku,cac0ceb5ff9fcf4692f02919bd479841cd73bafd6b5ef72014bdb2853b099cab,deterministic_identity,,,,
resources:KU:android.app.Activity:RESOURCES-0030,resources:KU:android.content.Context:RESOURCES-0058,same_ku,cac0ceb5ff9fcf4692f02919bd479841cd73bafd6b5ef72014bdb2853b099cab,deterministic_identity,,,,
resources:KU:android.app.Activity:RESOURCES-0030,resources:KU:android.content.res.Resources:RESOURCES-0215,same_ku,cac0ceb5ff9fcf4692f02919bd479841cd73bafd6b5ef72014bdb2853b099cab,deterministic_identity,,,,
resources:KU:java.lang.String:RESOURCES-0031,resources:KU:android.content.Context:RESOURCES-0058,same_ku,cac0ceb5ff9fcf4692f02919bd479841cd73bafd6b5ef72014bdb2853b099cab,deterministic_identity,,,,
resources:KU:java.lang.String:RESOURCES-0031,resources:KU:android.content.res.Resources:RESOURCES-0215,same_ku,cac0ceb5ff9fcf4692f02919bd479841cd73bafd6b5ef72014bdb2853b099cab,deterministic_identity,,,,
resources:KU:android.content.Context:RESOURCES-0058,resources:KU:android.content.res.Resources:RESOURCES-0215,same_ku,cac0ceb5ff9fcf4692f02919bd479841cd73bafd6b5ef72014bdb2853b099cab,deterministic_identity,,,,
resources:KU:java.lang.Object:RESOURCES-0003,resources:KU:android.content.res.Resources:RESOURCES-0130,same_ku,f4b174397cad3b87950ff351303013ef1d36e03d5cf0414afd1ebd0e557de0c6,deterministic_identity,,,,
resources:KU:java.lang.Object:RESOURCES-0003,resources:KU:java.lang.String:RESOURCES-0193,same_ku,f4b174397cad3b87950ff351303013ef1d36e03d5cf0414afd1ebd0e557de0c6,deterministic_identity,,,,
resources:KU:android.content.res.Resources:RESOURCES-0130,resources:KU:java.lang.String:RESOURCES-0193,same_ku,f4b174397cad3b87950ff351303013ef1d36e03d5cf0414afd1ebd0e557de0c6,deterministic_identity,,,,
resources:KU:android.view.animation.Animation:RESOURCES-0004,resources:KU:android.animation.ObjectAnimator:RESOURCES-0059,same_ku,9f9ddbe4a7978c272b18eeee0f54785762b0fec90d8aeeab45b87c1354ad27cc,deterministic_identity,,,,
resources:KU:android.view.animation.Animation:RESOURCES-0004,resources:KU:android.animation.Animator:RESOURCES-0114,same_ku,9f9ddbe4a7978c272b18eeee0f54785762b0fec90d8aeeab45b87c1354ad27cc,deterministic_identity,,,,
resources:KU:android.view.animation.Animation:RESOURCES-0004,resources:KU:android.view.animation.AccelerateInterpolator:RESOURCES-0115,same_ku,9f9ddbe4a7978c272b18eeee0f54785762b0fec90d8aeeab45b87c1354ad27cc,deterministic_identity,,,,
resources:KU:android.view.animation.Animation:RESOURCES-0004,resources:KU:android.view.View:RESOURCES-0171,same_ku,9f9ddbe4a7978c272b18eeee0f54785762b0fec90d8aeeab45b87c1354ad27cc,deterministic_identity,,,,
resources:KU:android.view.animation.Animation:RESOURCES-0004,resources:KU:android.view.animation.LinearInterpolator:RESOURCES-0172,same_ku,9f9ddbe4a7978c272b18eeee0f54785762b0fec90d8aeeab45b87c1354ad27cc,deterministic_identity,,,,
resources:KU:android.view.animation.Animation:RESOURCES-0004,resources:KU:android.graphics.Bitmap:RESOURCES-0173,same_ku,9f9ddbe4a7978c272b18eeee0f54785762b0fec90d8aeeab45b87c1354ad27cc,deterministic_identity,,,,
resources:KU:android.animation.ObjectAnimator:RESOURCES-0059,resources:KU:android.animation.Animator:RESOURCES-0114,same_ku,9f9ddbe4a7978c272b18eeee0f54785762b0fec90d8aeeab45b87c1354ad27cc,deterministic_identity,,,,
resources:KU:android.animation.ObjectAnimator:RESOURCES-0059,resources:KU:android.view.animation.AccelerateInterpolator:RESOURCES-0115,same_ku,9f9ddbe4a7978c272b18eeee0f54785762b0fec90d8aeeab45b87c1354ad27cc,deterministic_identity,,,,
resources:KU:android.animation.ObjectAnimator:RESOURCES-0059,resources:KU:android.view.View:RESOURCES-0171,same_ku,9f9ddbe4a7978c272b18eeee0f54785762b0fec90d8aeeab45b87c1354ad27cc,deterministic_identity,,,,
resources:KU:android.animation.ObjectAnimator:RESOURCES-0059,resources:KU:android.view.animation.LinearInterpolator:RESOURCES-0172,same_ku,9f9ddbe4a7978c272b18eeee0f54785762b0fec90d8aeeab45b87c1354ad27cc,deterministic_identity,,,,
resources:KU:android.animation.ObjectAnimator:RESOURCES-0059,resources:KU:android.graphics.Bitmap:RESOURCES-0173,same_ku,9f9ddbe4a7978c272b18eeee0f54785762b0fec90d8aeeab45b87c1354ad27cc,deterministic_identity,,,,
resources:KU:android.animation.Animator:RESOURCES-0114,resources:KU:android.view.animation.AccelerateInterpolator:RESOURCES-0115,same_ku,9f9ddbe4a7978c272b18eeee0f54785762b0fec90d8aeeab45b87c1354ad27cc,deterministic_identity,,,,
resources:KU:android.animation.Animator:RESOURCES-0114,resources:KU:android.view.View:RESOURCES-0171,same_ku,9f9ddbe4a7978c272b18eeee0f54785762b0fec90d8aeeab45b87c1354ad27cc,deterministic_identity,,,,
resources:KU:android.animation.Animator:RESOURCES-0114,resources:KU:android.view.animation.LinearInterpolator:RESOURCES-0172,same_ku,9f9ddbe4a7978c272b18eeee0f54785762b0fec90d8aeeab45b87c1354ad27cc,deterministic_identity,,,,
resources:KU:android.animation.Animator:RESOURCES-0114,resources:KU:android.graphics.Bitmap:RESOURCES-0173,same_ku,9f9ddbe4a7978c272b18eeee0f54785762b0fec90d8aeeab45b87c1354ad27cc,deterministic_identity,,,,
resources:KU:android.view.animation.AccelerateInterpolator:RESOURCES-0115,resources:KU:android.view.View:RESOURCES-0171,same_ku,9f9ddbe4a7978c272b18eeee0f54785762b0fec90d8aeeab45b87c1354ad27cc,deterministic_identity,,,,
resources:KU:android.view.animation.AccelerateInterpolator:RESOURCES-0115,resources:KU:android.view.animation.LinearInterpolator:RESOURCES-0172,same_ku,9f9ddbe4a7978c272b18eeee0f54785762b0fec90d8aeeab45b87c1354ad27cc,deterministic_identity,,,,
resources:KU:android.view.animation.AccelerateInterpolator:RESOURCES-0115,resources:KU:android.graphics.Bitmap:RESOURCES-0173,same_ku,9f9ddbe4a7978c272b18eeee0f54785762b0fec90d8aeeab45b87c1354ad27cc,deterministic_identity,,,,
resources:KU:android.view.View:RESOURCES-0171,resources:KU:android.view.animation.LinearInterpolator:RESOURCES-0172,same_ku,9f9ddbe4a7978c272b18eeee0f54785762b0fec90d8aeeab45b87c1354ad27cc,deterministic_identity,,,,
resources:KU:android.view.View:RESOURCES-0171,resources:KU:android.graphics.Bitmap:RESOURCES-0173,same_ku,9f9ddbe4a7978c272b18eeee0f54785762b0fec90d8aeeab45b87c1354ad27cc,deterministic_identity,,,,
resources:KU:android.view.animation.LinearInterpolator:RESOURCES-0172,resources:KU:android.graphics.Bitmap:RESOURCES-0173,same_ku,9f9ddbe4a7978c272b18eeee0f54785762b0fec90d8aeeab45b87c1354ad27cc,deterministic_identity,,,,
resources:KU:android.graphics.drawable.Drawable:RESOURCES-0005,resources:KU:android.content.res.Resources:RESOURCES-0087,same_ku,2726a0ffe9c7b7abe806990b4a3358cedb7066163bed245659cf1be71648aa93,deterministic_identity,,,,
resources:KU:android.graphics.drawable.Drawable:RESOURCES-0005,resources:KU:java.lang.String:RESOURCES-0131,same_ku,2726a0ffe9c7b7abe806990b4a3358cedb7066163bed245659cf1be71648aa93,deterministic_identity,,,,
resources:KU:android.content.res.Resources:RESOURCES-0087,resources:KU:java.lang.String:RESOURCES-0131,same_ku,2726a0ffe9c7b7abe806990b4a3358cedb7066163bed245659cf1be71648aa93,deterministic_identity,,,,
resources:KU:android.widget.TextView:RESOURCES-0006,resources:KU:android.app.Activity:RESOURCES-0007,same_ku,6827bd53e038536c8bc1c4aa710f43295b9f461399b2ce0d4a82f018c12a8d49,deterministic_identity,,,,
resources:KU:android.widget.TextView:RESOURCES-0006,resources:KU:java.lang.String:RESOURCES-0090,same_ku,6827bd53e038536c8bc1c4aa710f43295b9f461399b2ce0d4a82f018c12a8d49,deterministic_identity,,,,
resources:KU:android.widget.TextView:RESOURCES-0006,resources:KU:android.content.Context:RESOURCES-0151,same_ku,6827bd53e038536c8bc1c4aa710f43295b9f461399b2ce0d4a82f018c12a8d49,deterministic_identity,,,,
resources:KU:android.widget.TextView:RESOURCES-0006,resources:KU:android.os.Bundle:RESOURCES-0194,same_ku,6827bd53e038536c8bc1c4aa710f43295b9f461399b2ce0d4a82f018c12a8d49,deterministic_identity,,,,
resources:KU:android.app.Activity:RESOURCES-0007,resources:KU:java.lang.String:RESOURCES-0090,same_ku,6827bd53e038536c8bc1c4aa710f43295b9f461399b2ce0d4a82f018c12a8d49,deterministic_identity,,,,
resources:KU:android.app.Activity:RESOURCES-0007,resources:KU:android.content.Context:RESOURCES-0151,same_ku,6827bd53e038536c8bc1c4aa710f43295b9f461399b2ce0d4a82f018c12a8d49,deterministic_identity,,,,
resources:KU:android.app.Activity:RESOURCES-0007,resources:KU:android.os.Bundle:RESOURCES-0194,same_ku,6827bd53e038536c8bc1c4aa710f43295b9f461399b2ce0d4a82f018c12a8d49,deterministic_identity,,,,
resources:KU:java.lang.String:RESOURCES-0090,resources:KU:android.content.Context:RESOURCES-0151,same_ku,6827bd53e038536c8bc1c4aa710f43295b9f461399b2ce0d4a82f018c12a8d49,deterministic_identity,,,,
resources:KU:java.lang.String:RESOURCES-0090,resources:KU:android.os.Bundle:RESOURCES-0194,same_ku,6827bd53e038536c8bc1c4aa710f43295b9f461399b2ce0d4a82f018c12a8d49,deterministic_identity,,,,
resources:KU:android.content.Context:RESOURCES-0151,resources:KU:android.os.Bundle:RESOURCES-0194,same_ku,6827bd53e038536c8bc1c4aa710f43295b9f461399b2ce0d4a82f018c12a8d49,deterministic_identity,,,,
resources:KU:android.view.animation.AnimationSet:RESOURCES-0008,resources:KU:android.view.animation.AlphaAnimation:RESOURCES-0091,same_ku,72f3e9920bc7beff8c71b8e30ec4b588140319e61d94ca71dfe7ce312dcd6abe,deterministic_identity,,,,
resources:KU:android.view.animation.AnimationSet:RESOURCES-0008,resources:KU:android.view.animation.Animation:RESOURCES-0117,same_ku,72f3e9920bc7beff8c71b8e30ec4b588140319e61d94ca71dfe7ce312dcd6abe,deterministic_identity,,,,
resources:KU:android.view.animation.AnimationSet:RESOURCES-0008,resources:KU:android.view.animation.DecelerateInterpolator:RESOURCES-0118,same_ku,72f3e9920bc7beff8c71b8e30ec4b588140319e61d94ca71dfe7ce312dcd6abe,deterministic_identity,,,,
resources:KU:android.view.animation.AnimationSet:RESOURCES-0008,resources:KU:android.view.animation.AccelerateInterpolator:RESOURCES-0216,same_ku,72f3e9920bc7beff8c71b8e30ec4b588140319e61d94ca71dfe7ce312dcd6abe,deterministic_identity,,,,
resources:KU:android.view.animation.AlphaAnimation:RESOURCES-0091,resources:KU:android.view.animation.Animation:RESOURCES-0117,same_ku,72f3e9920bc7beff8c71b8e30ec4b588140319e61d94ca71dfe7ce312dcd6abe,deterministic_identity,,,,
resources:KU:android.view.animation.AlphaAnimation:RESOURCES-0091,resources:KU:android.view.animation.DecelerateInterpolator:RESOURCES-0118,same_ku,72f3e9920bc7beff8c71b8e30ec4b588140319e61d94ca71dfe7ce312dcd6abe,deterministic_identity,,,,
resources:KU:android.view.animation.AlphaAnimation:RESOURCES-0091,resources:KU:android.view.animation.AccelerateInterpolator:RESOURCES-0216,same_ku,72f3e9920bc7beff8c71b8e30ec4b588140319e61d94ca71dfe7ce312dcd6abe,deterministic_identity,,,,
resources:KU:android.view.animation.Animation:RESOURCES-0117,resources:KU:android.view.animation.DecelerateInterpolator:RESOURCES-0118,same_ku,72f3e9920bc7beff8c71b8e30ec4b588140319e61d94ca71dfe7ce312dcd6abe,deterministic_identity,,,,
resources:KU:android.view.animation.Animation:RESOURCES-0117,resources:KU:android.view.animation.AccelerateInterpolator:RESOURCES-0216,same_ku,72f3e9920bc7beff8c71b8e30ec4b588140319e61d94ca71dfe7ce312dcd6abe,deterministic_identity,,,,
resources:KU:android.view.animation.DecelerateInterpolator:RESOURCES-0118,resources:KU:android.view.animation.AccelerateInterpolator:RESOURCES-0216,same_ku,72f3e9920bc7beff8c71b8e30ec4b588140319e61d94ca71dfe7ce312dcd6abe,deterministic_identity,,,,
resources:KU:android.view.View:RESOURCES-0009,resources:KU:android.widget.ImageView:RESOURCES-0061,same_ku,4f30782e64e5624b26d85052861c8f546e6b61c0fda15ccb5d9c851e697eaee3,deterministic_identity,,,,
resources:KU:android.view.View:RESOURCES-0009,resources:KU:android.animation.AnimatorInflater:RESOURCES-0062,same_ku,4f30782e64e5624b26d85052861c8f546e6b61c0fda15ccb5d9c851e697eaee3,deterministic_identity,,,,
resources:KU:android.view.View:RESOURCES-0009,resources:KU:android.animation.ObjectAnimator:RESOURCES-0093,same_ku,4f30782e64e5624b26d85052861c8f546e6b61c0fda15ccb5d9c851e697eaee3,deterministic_identity,,,,
resources:KU:android.view.View:RESOURCES-0009,resources:KU:java.lang.Object:RESOURCES-0218,same_ku,4f30782e64e5624b26d85052861c8f546e6b61c0fda15ccb5d9c851e697eaee3,deterministic_identity,,,,
resources:KU:android.widget.ImageView:RESOURCES-0061,resources:KU:android.animation.AnimatorInflater:RESOURCES-0062,same_ku,4f30782e64e5624b26d85052861c8f546e6b61c0fda15ccb5d9c851e697eaee3,deterministic_identity,,,,
resources:KU:android.widget.ImageView:RESOURCES-0061,resources:KU:android.animation.ObjectAnimator:RESOURCES-0093,same_ku,4f30782e64e5624b26d85052861c8f546e6b61c0fda15ccb5d9c851e697eaee3,deterministic_identity,,,,
resources:KU:android.widget.ImageView:RESOURCES-0061,resources:KU:java.lang.Object:RESOURCES-0218,same_ku,4f30782e64e5624b26d85052861c8f546e6b61c0fda15ccb5d9c851e697eaee3,deterministic_identity,,,,
resources:KU:android.animation.AnimatorInflater:RESOURCES-0062,resources:KU:android.animation.ObjectAnimator:RESOURCES-0093,same_ku,4f30782e64e5624b26d85052861c8f546e6b61c0fda15ccb5d9c851e697eaee3,deterministic_identity,,,,
resources:KU:android.animation.AnimatorInflater:RESOURCES-0062,resources:KU:java.lang.Object:RESOURCES-0218,same_ku,4f30782e64e5624b26d85052861c8f546e6b61c0fda15ccb5d9c851e697eaee3,deterministic_identity,,,,
resources:KU:android.animation.ObjectAnimator:RESOURCES-0093,resources:KU:java.lang.Object:RESOURCES-0218,same_ku,4f30782e64e5624b26d85052861c8f546e6b61c0fda15ccb5d9c851e697eaee3,deterministic_identity,,,,
resources:KU:android.app.Activity:RESOURCES-0010,resources:KU:android.os.Bundle:RESOURCES-0011,same_ku,1610429e8d83dc7c1719d82369db0afa827a5988aaf829071f80041b24915b2f,deterministic_identity,,,,
resources:KU:android.app.Activity:RESOURCES-0010,resources:KU:android.view.animation.Animation:RESOURCES-0063,same_ku,1610429e8d83dc7c1719d82369db0afa827a5988aaf829071f80041b24915b2f,deterministic_identity,,,,
resources:KU:android.app.Activity:RESOURCES-0010,resources:KU:android.widget.Button:RESOURCES-0219,same_ku,1610429e8d83dc7c1719d82369db0afa827a5988aaf829071f80041b24915b2f,deterministic_identity,,,,
resources:KU:android.os.Bundle:RESOURCES-0011,resources:KU:android.view.animation.Animation:RESOURCES-0063,same_ku,1610429e8d83dc7c1719d82369db0afa827a5988aaf829071f80041b24915b2f,deterministic_identity,,,,
resources:KU:android.os.Bundle:RESOURCES-0011,resources:KU:android.widget.Button:RESOURCES-0219,same_ku,1610429e8d83dc7c1719d82369db0afa827a5988aaf829071f80041b24915b2f,deterministic_identity,,,,
resources:KU:android.view.animation.Animation:RESOURCES-0063,resources:KU:android.widget.Button:RESOURCES-0219,same_ku,1610429e8d83dc7c1719d82369db0afa827a5988aaf829071f80041b24915b2f,deterministic_identity,,,,
resources:KU:android.view.animation.AnimationSet:RESOURCES-0012,resources:KU:android.view.animation.AlphaAnimation:RESOURCES-0064,same_ku,c7193210a7a47a09a1f5134ed08cb907ea11144da96437b4d041d37f62da7d9e,deterministic_identity,,,,
resources:KU:android.view.animation.AnimationSet:RESOURCES-0012,resources:KU:android.view.animation.Animation:RESOURCES-0152,same_ku,c7193210a7a47a09a1f5134ed08cb907ea11144da96437b4d041d37f62da7d9e,deterministic_identity,,,,
resources:KU:android.view.animation.AnimationSet:RESOURCES-0012,resources:KU:android.view.View:RESOURCES-0196,same_ku,c7193210a7a47a09a1f5134ed08cb907ea11144da96437b4d041d37f62da7d9e,deterministic_identity,,,,
resources:KU:android.view.animation.AlphaAnimation:RESOURCES-0064,resources:KU:android.view.animation.Animation:RESOURCES-0152,same_ku,c7193210a7a47a09a1f5134ed08cb907ea11144da96437b4d041d37f62da7d9e,deterministic_identity,,,,
resources:KU:android.view.animation.AlphaAnimation:RESOURCES-0064,resources:KU:android.view.View:RESOURCES-0196,same_ku,c7193210a7a47a09a1f5134ed08cb907ea11144da96437b4d041d37f62da7d9e,deterministic_identity,,,,
resources:KU:android.view.animation.Animation:RESOURCES-0152,resources:KU:android.view.View:RESOURCES-0196,same_ku,c7193210a7a47a09a1f5134ed08cb907ea11144da96437b4d041d37f62da7d9e,deterministic_identity,,,,
resources:KU:android.graphics.drawable.BitmapDrawable:RESOURCES-0013,resources:KU:android.graphics.drawable.Drawable:RESOURCES-0220,same_ku,21bc73dc1914b35f14e5cfa60b34ed9ae0b267a25f555eaa74160865d5e37744,deterministic_identity,,,,
resources:KU:android.view.View:RESOURCES-0014,resources:KU:android.widget.Button:RESOURCES-0095,same_ku,85521a97e7100a4002e6f16d9121ff0c28b07fa59f4d64c5ab8e930ce5109aab,deterministic_identity,,,,
resources:KU:android.view.View:RESOURCES-0014,resources:KU:android.os.Bundle:RESOURCES-0135,same_ku,85521a97e7100a4002e6f16d9121ff0c28b07fa59f4d64c5ab8e930ce5109aab,deterministic_identity,,,,
resources:KU:android.view.View:RESOURCES-0014,resources:KU:android.app.Activity:RESOURCES-0156,same_ku,85521a97e7100a4002e6f16d9121ff0c28b07fa59f4d64c5ab8e930ce5109aab,deterministic_identity,,,,
resources:KU:android.view.View:RESOURCES-0014,"resources:KU:android.view.View#layout(int,int,int,int):RESOURCES-0198",same_ku,85521a97e7100a4002e6f16d9121ff0c28b07fa59f4d64c5ab8e930ce5109aab,deterministic_identity,,,,
resources:KU:android.widget.Button:RESOURCES-0095,resources:KU:android.os.Bundle:RESOURCES-0135,same_ku,85521a97e7100a4002e6f16d9121ff0c28b07fa59f4d64c5ab8e930ce5109aab,deterministic_identity,,,,
resources:KU:android.widget.Button:RESOURCES-0095,resources:KU:android.app.Activity:RESOURCES-0156,same_ku,85521a97e7100a4002e6f16d9121ff0c28b07fa59f4d64c5ab8e930ce5109aab,deterministic_identity,,,,
resources:KU:android.widget.Button:RESOURCES-0095,"resources:KU:android.view.View#layout(int,int,int,int):RESOURCES-0198",same_ku,85521a97e7100a4002e6f16d9121ff0c28b07fa59f4d64c5ab8e930ce5109aab,deterministic_identity,,,,
resources:KU:android.os.Bundle:RESOURCES-0135,resources:KU:android.app.Activity:RESOURCES-0156,same_ku,85521a97e7100a4002e6f16d9121ff0c28b07fa59f4d64c5ab8e930ce5109aab,deterministic_identity,,,,
resources:KU:android.os.Bundle:RESOURCES-0135,"resources:KU:android.view.View#layout(int,int,int,int):RESOURCES-0198",same_ku,85521a97e7100a4002e6f16d9121ff0c28b07fa59f4d64c5ab8e930ce5109aab,deterministic_identity,,,,
resources:KU:android.app.Activity:RESOURCES-0156,"resources:KU:android.view.View#layout(int,int,int,int):RESOURCES-0198",same_ku,85521a97e7100a4002e6f16d9121ff0c28b07fa59f4d64c5ab8e930ce5109aab,deterministic_identity,,,,
resources:KU:android.graphics.Bitmap:RESOURCES-0015,resources:KU:java.lang.String:RESOURCES-0142,same_ku,e46128acac022d1decc9707e8c9759505e11b95ba8fa4d7bf6a862429a416567,deterministic_identity,,,,
resources:KU:android.widget.ImageView:RESOURCES-0016,resources:KU:android.graphics.Bitmap:RESOURCES-0123,same_ku,f916dabb03d69db7d3d6faf1a915695fb8a4a7f7cac2b3e0ac1a76b10fda1b9b,deterministic_identity,,,,
resources:KU:android.widget.ImageView:RESOURCES-0016,resources:KU:android.view.animation.Animation:RESOURCES-0181,same_ku,f916dabb03d69db7d3d6faf1a915695fb8a4a7f7cac2b3e0ac1a76b10fda1b9b,deterministic_identity,,,,
resources:KU:android.graphics.Bitmap:RESOURCES-0123,resources:KU:android.view.animation.Animation:RESOURCES-0181,same_ku,f916dabb03d69db7d3d6faf1a915695fb8a4a7f7cac2b3e0ac1a76b10fda1b9b,deterministic_identity,,,,
resources:KU:android.view.animation.Animation:RESOURCES-0017,resources:KU:android.view.animation.AnimationUtils:RESOURCES-0205,same_ku,ffe5204efcdf86305b0d9cd3381c50fe93ef1dfd590584325e4f00f905eaa804,deterministic_identity,,,,
resources:KU:android.view.animation.Animation:RESOURCES-0018,resources:KU:android.view.View:RESOURCES-0102,same_ku,0cf23eff28514e4fffe826873ee872e1bd0c8d595cfc34c6cfea9d85304bced9,deterministic_identity,,,,
resources:KU:android.view.animation.Animation:RESOURCES-0018,resources:KU:android.view.animation.AnimationUtils:RESOURCES-0162,same_ku,0cf23eff28514e4fffe826873ee872e1bd0c8d595cfc34c6cfea9d85304bced9,deterministic_identity,,,,
resources:KU:android.view.View:RESOURCES-0102,resources:KU:android.view.animation.AnimationUtils:RESOURCES-0162,same_ku,0cf23eff28514e4fffe826873ee872e1bd0c8d595cfc34c6cfea9d85304bced9,deterministic_identity,,,,
"resources:KU:android.view.View#layout(int,int,int,int):RESOURCES-0019",resources:KU:android.os.Bundle:RESOURCES-0020,same_ku,1ec8b9bd0be24580eff5ef8f6bbcb1f3bc290f23d77403abaf05a5c4b8dd2165,deterministic_identity,,,,
"resources:KU:android.view.View#layout(int,int,int,int):RESOURCES-0019",resources:KU:android.animation.Animator:RESOURCES-0163,same_ku,1ec8b9bd0be24580eff5ef8f6bbcb1f3bc290f23d77403abaf05a5c4b8dd2165,deterministic_identity,,,,
"resources:KU:android.view.View#layout(int,int,int,int):RESOURCES-0019",resources:KU:android.app.Activity:RESOURCES-0182,same_ku,1ec8b9bd0be24580eff5ef8f6bbcb1f3bc290f23d77403abaf05a5c4b8dd2165,deterministic_identity,,,,
"resources:KU:android.view.View#layout(int,int,int,int):RESOURCES-0019",resources:KU:android.view.View:RESOURCES-0229,same_ku,1ec8b9bd0be24580eff5ef8f6bbcb1f3bc290f23d77403abaf05a5c4b8dd2165,deterministic_identity,,,,
resources:KU:android.os.Bundle:RESOURCES-0020,resources:KU:android.animation.Animator:RESOURCES-0163,same_ku,1ec8b9bd0be24580eff5ef8f6bbcb1f3bc290f23d77403abaf05a5c4b8dd2165,deterministic_identity,,,,
resources:KU:android.os.Bundle:RESOURCES-0020,resources:KU:android.app.Activity:RESOURCES-0182,same_ku,1ec8b9bd0be24580eff5ef8f6bbcb1f3bc290f23d77403abaf05a5c4b8dd2165,deterministic_identity,,,,
resources:KU:android.os.Bundle:RESOURCES-0020,resources:KU:android.view.View:RESOURCES-0229,same_ku,1ec8b9bd0be24580eff5ef8f6bbcb1f3bc290f23d77403abaf05a5c4b8dd2165,deterministic_identity,,,,
resources:KU:android.animation.Animator:RESOURCES-0163,resources:KU:android.app.Activity:RESOURCES-0182,same_ku,1ec8b9bd0be24580eff5ef8f6bbcb1f3bc290f23d77403abaf05a5c4b8dd2165,deterministic_identity,,,,
resources:KU:android.animation.Animator:RESOURCES-0163,resources:KU:android.view.View:RESOURCES-0229,same_ku,1ec8b9bd0be24580eff5ef8f6bbcb1f3bc290f23d77403abaf05a5c4b8dd2165,deterministic_identity,,,,
resources:KU:android.app.Activity:RESOURCES-0182,resources:KU:android.view.View:RESOURCES-0229,same_ku,1ec8b9bd0be24580eff5ef8f6bbcb1f3bc290f23d77403abaf05a5c4b8dd2165,deterministic_identity,,,,
resources:KU:android.view.animation.Animation:RESOURCES-0021,resources:KU:android.view.animation.AnimationUtils:RESOURCES-0046,same_ku,3f5c1f65c4bae997c4db4d14c0250ca04047280107de5bec561b43638c0d3735,deterministic_identity,,,,
resources:KU:android.view.animation.Animation:RESOURCES-0021,resources:KU:android.widget.TextView:RESOURCES-0076,same_ku,3f5c1f65c4bae997c4db4d14c0250ca04047280107de5bec561b43638c0d3735,deterministic_identity,,,,
resources:KU:android.view.animation.AnimationUtils:RESOURCES-0046,resources:KU:android.widget.TextView:RESOURCES-0076,same_ku,3f5c1f65c4bae997c4db4d14c0250ca04047280107de5bec561b43638c0d3735,deterministic_identity,,,,
resources:KU:android.view.animation.AnimationUtils:RESOURCES-0023,resources:KU:android.view.View:RESOURCES-0048,same_ku,a6d627a6e3c57d7eff48bf1cfa826f60aac00dc425f1df9fdea59978bc58872f,deterministic_identity,,,,
resources:KU:android.view.animation.AnimationUtils:RESOURCES-0023,resources:KU:android.content.Context:RESOURCES-0206,same_ku,a6d627a6e3c57d7eff48bf1cfa826f60aac00dc425f1df9fdea59978bc58872f,deterministic_identity,,,,
resources:KU:android.view.animation.AnimationUtils:RESOURCES-0023,resources:KU:android.view.animation.Animation:RESOURCES-0207,same_ku,a6d627a6e3c57d7eff48bf1cfa826f60aac00dc425f1df9fdea59978bc58872f,deterministic_identity,,,,
resources:KU:android.view.View:RESOURCES-0048,resources:KU:android.content.Context:RESOURCES-0206,same_ku,a6d627a6e3c57d7eff48bf1cfa826f60aac00dc425f1df9fdea59978bc58872f,deterministic_identity,,,,
resources:KU:android.view.View:RESOURCES-0048,resources:KU:android.view.animation.Animation:RESOURCES-0207,same_ku,a6d627a6e3c57d7eff48bf1cfa826f60aac00dc425f1df9fdea59978bc58872f,deterministic_identity,,,,
resources:KU:android.content.Context:RESOURCES-0206,resources:KU:android.view.animation.Animation:RESOURCES-0207,same_ku,a6d627a6e3c57d7eff48bf1cfa826f60aac00dc425f1df9fdea59978bc58872f,deterministic_identity,,,,
resources:KU:android.view.animation.Animation:RESOURCES-0025,resources:KU:android.graphics.drawable.AnimationDrawable:RESOURCES-0026,same_ku,269871985c67fe7d07452d79164b6d91af42a0695a609af8d6e4769015842be7,deterministic_identity,,,,
resources:KU:android.view.animation.Animation:RESOURCES-0025,resources:KU:android.animation.Animator:RESOURCES-0210,same_ku,269871985c67fe7d07452d79164b6d91af42a0695a609af8d6e4769015842be7,deterministic_identity,,,,
resources:KU:android.graphics.drawable.AnimationDrawable:RESOURCES-0026,resources:KU:android.animation.Animator:RESOURCES-0210,same_ku,269871985c67fe7d07452d79164b6d91af42a0695a609af8d6e4769015842be7,deterministic_identity,,,,
resources:KU:android.os.Bundle:RESOURCES-0028,resources:KU:android.view.animation.AnimationUtils:RESOURCES-0082,same_ku,1a44b30a3dd847a38ae4a45dda36d3b84a6965076a4026c10e085ba089e6a4b7,deterministic_identity,,,,
resources:KU:android.os.Bundle:RESOURCES-0028,resources:KU:android.view.animation.Animation:RESOURCES-0111,same_ku,1a44b30a3dd847a38ae4a45dda36d3b84a6965076a4026c10e085ba089e6a4b7,deterministic_identity,,,,
resources:KU:android.os.Bundle:RESOURCES-0028,resources:KU:android.app.Activity:RESOURCES-0149,same_ku,1a44b30a3dd847a38ae4a45dda36d3b84a6965076a4026c10e085ba089e6a4b7,deterministic_identity,,,,
resources:KU:android.os.Bundle:RESOURCES-0028,"resources:KU:android.view.View#layout(int,int,int,int):RESOURCES-0170",same_ku,1a44b30a3dd847a38ae4a45dda36d3b84a6965076a4026c10e085ba089e6a4b7,deterministic_identity,,,,
resources:KU:android.os.Bundle:RESOURCES-0028,resources:KU:android.widget.ImageView:RESOURCES-0191,same_ku,1a44b30a3dd847a38ae4a45dda36d3b84a6965076a4026c10e085ba089e6a4b7,deterministic_identity,,,,
resources:KU:android.os.Bundle:RESOURCES-0028,resources:KU:android.content.Context:RESOURCES-0213,same_ku,1a44b30a3dd847a38ae4a45dda36d3b84a6965076a4026c10e085ba089e6a4b7,deterministic_identity,,,,
resources:KU:android.view.animation.AnimationUtils:RESOURCES-0082,resources:KU:android.view.animation.Animation:RESOURCES-0111,same_ku,1a44b30a3dd847a38ae4a45dda36d3b84a6965076a4026c10e085ba089e6a4b7,deterministic_identity,,,,
resources:KU:android.view.animation.AnimationUtils:RESOURCES-0082,resources:KU:android.app.Activity:RESOURCES-0149,same_ku,1a44b30a3dd847a38ae4a45dda36d3b84a6965076a4026c10e085ba089e6a4b7,deterministic_identity,,,,
resources:KU:android.view.animation.AnimationUtils:RESOURCES-0082,"resources:KU:android.view.View#layout(int,int,int,int):RESOURCES-0170",same_ku,1a44b30a3dd847a38ae4a45dda36d3b84a6965076a4026c10e085ba089e6a4b7,deterministic_identity,,,,
resources:KU:android.view.animation.AnimationUtils:RESOURCES-0082,resources:KU:android.widget.ImageView:RESOURCES-0191,same_ku,1a44b30a3dd847a38ae4a45dda36d3b84a6965076a4026c10e085ba089e6a4b7,deterministic_identity,,,,
resources:KU:android.view.animation.AnimationUtils:RESOURCES-0082,resources:KU:android.content.Context:RESOURCES-0213,same_ku,1a44b30a3dd847a38ae4a45dda36d3b84a6965076a4026c10e085ba089e6a4b7,deterministic_identity,,,,
resources:KU:android.view.animation.Animation:RESOURCES-0111,resources:KU:android.app.Activity:RESOURCES-0149,same_ku,1a44b30a3dd847a38ae4a45dda36d3b84a6965076a4026c10e085ba089e6a4b7,deterministic_identity,,,,
resources:KU:android.view.animation.Animation:RESOURCES-0111,"resources:KU:android.view.View#layout(int,int,int,int):RESOURCES-0170",same_ku,1a44b30a3dd847a38ae4a45dda36d3b84a6965076a4026c10e085ba089e6a4b7,deterministic_identity,,,,
resources:KU:android.view.animation.Animation:RESOURCES-0111,resources:KU:android.widget.ImageView:RESOURCES-0191,same_ku,1a44b30a3dd847a38ae4a45dda36d3b84a6965076a4026c10e085ba089e6a4b7,deterministic_identity,,,,
resources:KU:android.view.animation.Animation:RESOURCES-0111,resources:KU:android.content.Context:RESOURCES-0213,same_ku,1a44b30a3dd847a38ae4a45dda36d3b84a6965076a4026c10e085ba089e6a4b7,deterministic_identity,,,,
resources:KU:android.app.Activity:RESOURCES-0149,"resources:KU:android.view.View#layout(int,int,int,int):RESOURCES-0170",same_ku,1a44b30a3dd847a38ae4a45dda36d3b84a6965076a4026c10e085ba089e6a4b7,deterministic_identity,,,,
resources:KU:android.app.Activity:RESOURCES-0149,resources:KU:android.widget.ImageView:RESOURCES-0191,same_ku,1a44b30a3dd847a38ae4a45dda36d3b84a6965076a4026c10e085ba089e6a4b7,deterministic_identity,,,,
resources:KU:android.app.Activity:RESOURCES-0149,resources:KU:android.content.Context:RESOURCES-0213,same_ku,1a44b30a3dd847a38ae4a45dda36d3b84a6965076a4026c10e085ba089e6a4b7,deterministic_identity,,,,
"resources:KU:android.view.View#layout(int,int,int,int):RESOURCES-0170",resources:KU:android.widget.ImageView:RESOURCES-0191,same_ku,1a44b30a3dd847a38ae4a45dda36d3b84a6965076a4026c10e085ba089e6a4b7,deterministic_identity,,,,
"resources:KU:android.view.View#layout(int,int,int,int):RESOURCES-0170",resources:KU:android.content.Context:RESOURCES-0213,same_ku,1a44b30a3dd847a38ae4a45dda36d3b84a6965076a4026c10e085ba089e6a4b7,deterministic_identity,,,,
resources:KU:android.widget.ImageView:RESOURCES-0191,resources:KU:android.content.Context:RESOURCES-0213,same_ku,1a44b30a3dd847a38ae4a45dda36d3b84a6965076a4026c10e085ba089e6a4b7,deterministic_identity,,,,
resources:KU:android.graphics.drawable.TransitionDrawable:RESOURCES-0029,resources:KU:android.view.View:RESOURCES-0150,same_ku,486b6a4a33fa37943ba5fbd1f7a816b3a6cb1c4bf2b2cc019d093d5344454795,deterministic_identity,,,,
resources:KU:java.lang.String:RESOURCES-0034,resources:KU:java.lang.Object:RESOURCES-0134,same_ku,fa24f24dcd103726b9cc5cabc63c82621c8fb216cbc9fb51865768ea7becc348,deterministic_identity,,,,
resources:KU:java.lang.String:RESOURCES-0034,resources:KU:android.animation.Animator:RESOURCES-0175,same_ku,fa24f24dcd103726b9cc5cabc63c82621c8fb216cbc9fb51865768ea7becc348,deterministic_identity,,,,
resources:KU:java.lang.String:RESOURCES-0034,resources:KU:android.animation.ObjectAnimator:RESOURCES-0176,same_ku,fa24f24dcd103726b9cc5cabc63c82621c8fb216cbc9fb51865768ea7becc348,deterministic_identity,,,,
resources:KU:java.lang.String:RESOURCES-0034,resources:KU:android.animation.AnimatorSet:RESOURCES-0195,same_ku,fa24f24dcd103726b9cc5cabc63c82621c8fb216cbc9fb51865768ea7becc348,deterministic_identity,,,,
resources:KU:java.lang.String:RESOURCES-0034,resources:KU:android.view.View:RESOURCES-0217,same_ku,fa24f24dcd103726b9cc5cabc63c82621c8fb216cbc9fb51865768ea7becc348,deterministic_identity,,,,
resources:KU:java.lang.Object:RESOURCES-0134,resources:KU:android.animation.Animator:RESOURCES-0175,same_ku,fa24f24dcd103726b9cc5cabc63c82621c8fb216cbc9fb51865768ea7becc348,deterministic_identity,,,,
resources:KU:java.lang.Object:RESOURCES-0134,resources:KU:android.animation.ObjectAnimator:RESOURCES-0176,same_ku,fa24f24dcd103726b9cc5cabc63c82621c8fb216cbc9fb51865768ea7becc348,deterministic_identity,,,,
resources:KU:java.lang.Object:RESOURCES-0134,resources:KU:android.animation.AnimatorSet:RESOURCES-0195,same_ku,fa24f24dcd103726b9cc5cabc63c82621c8fb216cbc9fb51865768ea7becc348,deterministic_identity,,,,
resources:KU:java.lang.Object:RESOURCES-0134,resources:KU:android.view.View:RESOURCES-0217,same_ku,fa24f24dcd103726b9cc5cabc63c82621c8fb216cbc9fb51865768ea7becc348,deterministic_identity,,,,
resources:KU:android.animation.Animator:RESOURCES-0175,resources:KU:android.animation.ObjectAnimator:RESOURCES-0176,same_ku,fa24f24dcd103726b9cc5cabc63c82621c8fb216cbc9fb51865768ea7becc348,deterministic_identity,,,,
resources:KU:android.animation.Animator:RESOURCES-0175,resources:KU:android.animation.AnimatorSet:RESOURCES-0195,same_ku,fa24f24dcd103726b9cc5cabc63c82621c8fb216cbc9fb51865768ea7becc348,deterministic_identity,,,,
resources:KU:android.animation.Animator:RESOURCES-0175,resources:KU:android.view.View:RESOURCES-0217,same_ku,fa24f24dcd103726b9cc5cabc63c82621c8fb216cbc9fb51865768ea7becc348,deterministic_identity,,,,
resources:KU:android.animation.ObjectAnimator:RESOURCES-0176,resources:KU:android.animation.AnimatorSet:RESOURCES-0195,same_ku,fa24f24dcd103726b9cc5cabc63c82621c8fb216cbc9fb51865768ea7becc348,deterministic_identity,,,,
resources:KU:android.animation.ObjectAnimator:RESOURCES-0176,resources:KU:android.view.View:RESOURCES-0217,same_ku,fa24f24dcd103726b9cc5cabc63c82621c8fb216cbc9fb51865768ea7becc348,deterministic_identity,,,,
resources:KU:android.animation.AnimatorSet:RESOURCES-0195,resources:KU:android.view.View:RESOURCES-0217,same_ku,fa24f24dcd103726b9cc5cabc63c82621c8fb216cbc9fb51865768ea7becc348,deterministic_identity,,,,
resources:KU:android.widget.ImageView:RESOURCES-0035,resources:KU:android.app.Activity:RESOURCES-0036,same_ku,12c78e14a65bfee57c9a855800d957ba75e63434590d3422bee1d9e996170b54,deterministic_identity,,,,
resources:KU:android.widget.ImageView:RESOURCES-0035,resources:KU:java.lang.String:RESOURCES-0092,same_ku,12c78e14a65bfee57c9a855800d957ba75e63434590d3422bee1d9e996170b54,deterministic_identity,,,,
resources:KU:android.widget.ImageView:RESOURCES-0035,resources:KU:android.graphics.drawable.AnimationDrawable:RESOURCES-0177,same_ku,12c78e14a65bfee57c9a855800d957ba75e63434590d3422bee1d9e996170b54,deterministic_identity,,,,
resources:KU:android.app.Activity:RESOURCES-0036,resources:KU:java.lang.String:RESOURCES-0092,same_ku,12c78e14a65bfee57c9a855800d957ba75e63434590d3422bee1d9e996170b54,deterministic_identity,,,,
resources:KU:android.app.Activity:RESOURCES-0036,resources:KU:android.graphics.drawable.AnimationDrawable:RESOURCES-0177,same_ku,12c78e14a65bfee57c9a855800d957ba75e63434590d3422bee1d9e996170b54,deterministic_identity,,,,
resources:KU:java.lang.String:RESOURCES-0092,resources:KU:android.graphics.drawable.AnimationDrawable:RESOURCES-0177,same_ku,12c78e14a65bfee57c9a855800d957ba75e63434590d3422bee1d9e996170b54,deterministic_identity,,,,
resources:KU:android.widget.TextView:RESOURCES-0037,"resources:KU:android.view.View#layout(int,int,int,int):RESOURCES-0065",same_ku,38b07ec01e4f1ea9c3f1ad81ba73b650cbdf2536a5f2eeb94c762f5d04545f1d,deterministic_identity,,,,
resources:KU:android.widget.TextView:RESOURCES-0037,resources:KU:android.app.Activity:RESOURCES-0119,same_ku,38b07ec01e4f1ea9c3f1ad81ba73b650cbdf2536a5f2eeb94c762f5d04545f1d,deterministic_identity,,,,
resources:KU:android.widget.TextView:RESOURCES-0037,resources:KU:android.view.View:RESOURCES-0153,same_ku,38b07ec01e4f1ea9c3f1ad81ba73b650cbdf2536a5f2eeb94c762f5d04545f1d,deterministic_identity,,,,
resources:KU:android.widget.TextView:RESOURCES-0037,resources:KU:android.os.Bundle:RESOURCES-0154,same_ku,38b07ec01e4f1ea9c3f1ad81ba73b650cbdf2536a5f2eeb94c762f5d04545f1d,deterministic_identity,,,,
"resources:KU:android.view.View#layout(int,int,int,int):RESOURCES-0065",resources:KU:android.app.Activity:RESOURCES-0119,same_ku,38b07ec01e4f1ea9c3f1ad81ba73b650cbdf2536a5f2eeb94c762f5d04545f1d,deterministic_identity,,,,
"resources:KU:android.view.View#layout(int,int,int,int):RESOURCES-0065",resources:KU:android.view.View:RESOURCES-0153,same_ku,38b07ec01e4f1ea9c3f1ad81ba73b650cbdf2536a5f2eeb94c762f5d04545f1d,deterministic_identity,,,,
"resources:KU:android.view.View#layout(int,int,int,int):RESOURCES-0065",resources:KU:android.os.Bundle:RESOURCES-0154,same_ku,38b07ec01e4f1ea9c3f1ad81ba73b650cbdf2536a5f2eeb94c762f5d04545f1d,deterministic_identity,,,,
resources:KU:android.app.Activity:RESOURCES-0119,resources:KU:android.view.View:RESOURCES-0153,same_ku,38b07ec01e4f1ea9c3f1ad81ba73b650cbdf2536a5f2eeb94c762f5d04545f1d,deterministic_identity,,,,
resources:KU:android.app.Activity:RESOURCES-0119,resources:KU:android.os.Bundle:RESOURCES-0154,same_ku,38b07ec01e4f1ea9c3f1ad81ba73b650cbdf2536a5f2eeb94c762f5d04545f1d,deterministic_identity,,,,
resources:KU:android.view.View:RESOURCES-0153,resources:KU:android.os.Bundle:RESOURCES-0154,same_ku,38b07ec01e4f1ea9c3f1ad81ba73b650cbdf2536a5f2eeb94c762f5d04545f1d,deterministic_identity,,,,
resources:KU:android.view.View:RESOURCES-0038,resources:KU:android.content.res.Resources:RESOURCES-0066,same_ku,e36cfde7cf0fe304e739f612dcf1d724dcecccdf242bf9f5d1a6bf2212b2e8b1,deterministic_identity,,,,
resources:KU:android.view.View:RESOURCES-0038,resources:KU:java.lang.String:RESOURCES-0096,same_ku,e36cfde7cf0fe304e739f612dcf1d724dcecccdf242bf9f5d1a6bf2212b2e8b1,deterministic_identity,,,,
resources:KU:android.content.res.Resources:RESOURCES-0066,resources:KU:java.lang.String:RESOURCES-0096,same_ku,e36cfde7cf0fe304e739f612dcf1d724dcecccdf242bf9f5d1a6bf2212b2e8b1,deterministic_identity,,,,
resources:KU:android.animation.ObjectAnimator:RESOURCES-0039,resources:KU:android.animation.AnimatorInflater:RESOURCES-0199,same_ku,eea02d47d62fe53d521a93704e84f636b7aeab09315d8cf6117b6fae22e4a9ba,deterministic_identity,,,,
resources:KU:android.animation.ObjectAnimator:RESOURCES-0039,resources:KU:android.content.Context:RESOURCES-0222,same_ku,eea02d47d62fe53d521a93704e84f636b7aeab09315d8cf6117b6fae22e4a9ba,deterministic_identity,,,,
resources:KU:android.animation.ObjectAnimator:RESOURCES-0039,resources:KU:java.lang.String:RESOURCES-0223,same_ku,eea02d47d62fe53d521a93704e84f636b7aeab09315d8cf6117b6fae22e4a9ba,deterministic_identity,,,,
resources:KU:android.animation.AnimatorInflater:RESOURCES-0199,resources:KU:android.content.Context:RESOURCES-0222,same_ku,eea02d47d62fe53d521a93704e84f636b7aeab09315d8cf6117b6fae22e4a9ba,deterministic_identity,,,,
resources:KU:android.animation.AnimatorInflater:RESOURCES-0199,resources:KU:java.lang.String:RESOURCES-0223,same_ku,eea02d47d62fe53d521a93704e84f636b7aeab09315d8cf6117b6fae22e4a9ba,deterministic_identity,,,,
resources:KU:android.content.Context:RESOURCES-0222,resources:KU:java.lang.String:RESOURCES-0223,same_ku,eea02d47d62fe53d521a93704e84f636b7aeab09315d8cf6117b6fae22e4a9ba,deterministic_identity,,,,
resources:KU:android.content.Context:RESOURCES-0040,resources:KU:android.animation.Animator:RESOURCES-0041,same_ku,e6eafd6b8cf7f2debd98b4af4180a2b1780adae00c33e5ab1f2cc56a4659456d,deterministic_identity,,,,
resources:KU:android.content.Context:RESOURCES-0040,resources:KU:android.view.View:RESOURCES-0042,same_ku,e6eafd6b8cf7f2debd98b4af4180a2b1780adae00c33e5ab1f2cc56a4659456d,deterministic_identity,,,,
resources:KU:android.content.Context:RESOURCES-0040,"resources:KU:android.view.View#layout(int,int,int,int):RESOURCES-0068",same_ku,e6eafd6b8cf7f2debd98b4af4180a2b1780adae00c33e5ab1f2cc56a4659456d,deterministic_identity,,,,
resources:KU:android.content.Context:RESOURCES-0040,resources:KU:android.animation.AnimatorSet:RESOURCES-0069,same_ku,e6eafd6b8cf7f2debd98b4af4180a2b1780adae00c33e5ab1f2cc56a4659456d,deterministic_identity,,,,
resources:KU:android.content.Context:RESOURCES-0040,resources:KU:android.animation.ObjectAnimator:RESOURCES-0098,same_ku,e6eafd6b8cf7f2debd98b4af4180a2b1780adae00c33e5ab1f2cc56a4659456d,deterministic_identity,,,,
resources:KU:android.content.Context:RESOURCES-0040,resources:KU:android.widget.Button:RESOURCES-0136,same_ku,e6eafd6b8cf7f2debd98b4af4180a2b1780adae00c33e5ab1f2cc56a4659456d,deterministic_identity,,,,
resources:KU:android.animation.Animator:RESOURCES-0041,resources:KU:android.view.View:RESOURCES-0042,same_ku,e6eafd6b8cf7f2debd98b4af4180a2b1780adae00c33e5ab1f2cc56a4659456d,deterministic_identity,,,,
resources:KU:android.animation.Animator:RESOURCES-0041,"resources:KU:android.view.View#layout(int,int,int,int):RESOURCES-0068",same_ku,e6eafd6b8cf7f2debd98b4af4180a2b1780adae00c33e5ab1f2cc56a4659456d,deterministic_identity,,,,
resources:KU:android.animation.Animator:RESOURCES-0041,resources:KU:android.animation.AnimatorSet:RESOURCES-0069,same_ku,e6eafd6b8cf7f2debd98b4af4180a2b1780adae00c33e5ab1f2cc56a4659456d,deterministic_identity,,,,
resources:KU:android.animation.Animator:RESOURCES-0041,resources:KU:android.animation.ObjectAnimator:RESOURCES-0098,same_ku,e6eafd6b8cf7f2debd98b4af4180a2b1780adae00c33e5ab1f2cc56a4659456d,deterministic_identity,,,,
resources:KU:android.animation.Animator:RESOURCES-0041,resources:KU:android.widget.Button:RESOURCES-0136,same_ku,e6eafd6b8cf7f2debd98b4af4180a2b1780adae00c33e5ab1f2cc56a4659456d,deterministic_identity,,,,
resources:KU:android.view.View:RESOURCES-0042,"resources:KU:android.view.View#layout(int,int,int,int):RESOURCES-0068",same_ku,e6eafd6b8cf7f2debd98b4af4180a2b1780adae00c33e5ab1f2cc56a4659456d,deterministic_identity,,,,
resources:KU:android.view.View:RESOURCES-0042,resources:KU:android.animation.AnimatorSet:RESOURCES-0069,same_ku,e6eafd6b8cf7f2debd98b4af4180a2b1780adae00c33e5ab1f2cc56a4659456d,deterministic_identity,,,,
resources:KU:android.view.View:RESOURCES-0042,resources:KU:android.animation.ObjectAnimator:RESOURCES-0098,same_ku,e6eafd6b8cf7f2debd98b4af4180a2b1780adae00c33e5ab1f2cc56a4659456d,deterministic_identity,,,,
resources:KU:android.view.View:RESOURCES-0042,resources:KU:android.widget.Button:RESOURCES-0136,same_ku,e6eafd6b8cf7f2debd98b4af4180a2b1780adae00c33e5ab1f2cc56a4659456d,deterministic_identity,,,,
"resources:KU:android.view.View#layout(int,int,int,int):RESOURCES-0068",resources:KU:android.animation.AnimatorSet:RESOURCES-0069,same_ku,e6eafd6b8cf7f2debd98b4af4180a2b1780adae00c33e5ab1f2cc56a4659456d,deterministic_identity,,,,
"resources:KU:android.view.View#layout(int,int,int,int):RESOURCES-0068",resources:KU:android.animation.ObjectAnimator:RESOURCES-0098,same_ku,e6eafd6b8cf7f2debd98b4af4180a2b1780adae00c33e5ab1f2cc56a4659456d,deterministic_identity,,,,
"resources:KU:android.view.View#layout(int,int,int,int):RESOURCES-0068",resources:KU:android.widget.Button:RESOURCES-0136,same_ku,e6eafd6b8cf7f2debd98b4af4180a2b1780adae00c33e5ab1f2cc56a4659456d,deterministic_identity,,,,
resources:KU:android.animation.AnimatorSet:RESOURCES-0069,resources:KU:android.animation.ObjectAnimator:RESOURCES-0098,same_ku,e6eafd6b8cf7f2debd98b4af4180a2b1780adae00c33e5ab1f2cc56a4659456d,deterministic_identity,,,,
resources:KU:android.animation.AnimatorSet:RESOURCES-0069,resources:KU:android.widget.Button:RESOURCES-0136,same_ku,e6eafd6b8cf7f2debd98b4af4180a2b1780adae00c33e5ab1f2cc56a4659456d,deterministic_identity,,,,
resources:KU:android.animation.ObjectAnimator:RESOURCES-0098,resources:KU:android.widget.Button:RESOURCES-0136,same_ku,e6eafd6b8cf7f2debd98b4af4180a2b1780adae00c33e5ab1f2cc56a4659456d,deterministic_identity,,,,
resources:KU:android.content.Context:RESOURCES-0043,resources:KU:android.widget.TextView:RESOURCES-0140,same_ku,d649c8c9be346cece291af01eb9b7aaa7c314ad23ff1724f4d58591c7d25acf8,deterministic_identity,,,,
resources:KU:android.content.Context:RESOURCES-0043,resources:KU:android.app.Activity:RESOURCES-0141,same_ku,d649c8c9be346cece291af01eb9b7aaa7c314ad23ff1724f4d58591c7d25acf8,deterministic_identity,,,,
resources:KU:android.content.Context:RESOURCES-0043,resources:KU:android.os.Bundle:RESOURCES-0159,same_ku,d649c8c9be346cece291af01eb9b7aaa7c314ad23ff1724f4d58591c7d25acf8,deterministic_identity,,,,
resources:KU:android.content.Context:RESOURCES-0043,resources:KU:java.lang.String:RESOURCES-0160,same_ku,d649c8c9be346cece291af01eb9b7aaa7c314ad23ff1724f4d58591c7d25acf8,deterministic_identity,,,,
resources:KU:android.content.Context:RESOURCES-0043,resources:KU:android.content.res.TypedArray:RESOURCES-0179,same_ku,d649c8c9be346cece291af01eb9b7aaa7c314ad23ff1724f4d58591c7d25acf8,deterministic_identity,,,,
resources:KU:android.content.Context:RESOURCES-0043,"resources:KU:android.view.View#layout(int,int,int,int):RESOURCES-0202",same_ku,d649c8c9be346cece291af01eb9b7aaa7c314ad23ff1724f4d58591c7d25acf8,deterministic_identity,,,,
resources:KU:android.content.Context:RESOURCES-0043,resources:KU:android.view.View:RESOURCES-0203,same_ku,d649c8c9be346cece291af01eb9b7aaa7c314ad23ff1724f4d58591c7d25acf8,deterministic_identity,,,,
resources:KU:android.widget.TextView:RESOURCES-0140,resources:KU:android.app.Activity:RESOURCES-0141,same_ku,d649c8c9be346cece291af01eb9b7aaa7c314ad23ff1724f4d58591c7d25acf8,deterministic_identity,,,,
resources:KU:android.widget.TextView:RESOURCES-0140,resources:KU:android.os.Bundle:RESOURCES-0159,same_ku,d649c8c9be346cece291af01eb9b7aaa7c314ad23ff1724f4d58591c7d25acf8,deterministic_identity,,,,
resources:KU:android.widget.TextView:RESOURCES-0140,resources:KU:java.lang.String:RESOURCES-0160,same_ku,d649c8c9be346cece291af01eb9b7aaa7c314ad23ff1724f4d58591c7d25acf8,deterministic_identity,,,,
resources:KU:android.widget.TextView:RESOURCES-0140,resources:KU:android.content.res.TypedArray:RESOURCES-0179,same_ku,d649c8c9be346cece291af01eb9b7aaa7c314ad23ff1724f4d58591c7d25acf8,deterministic_identity,,,,
resources:KU:android.widget.TextView:RESOURCES-0140,"resources:KU:android.view.View#layout(int,int,int,int):RESOURCES-0202",same_ku,d649c8c9be346cece291af01eb9b7aaa7c314ad23ff1724f4d58591c7d25acf8,deterministic_identity,,,,
resources:KU:android.widget.TextView:RESOURCES-0140,resources:KU:android.view.View:RESOURCES-0203,same_ku,d649c8c9be346cece291af01eb9b7aaa7c314ad23ff1724f4d58591c7d25acf8,deterministic_identity,,,,
resources:KU:android.app.Activity:RESOURCES-0141,resources:KU:android.os.Bundle:RESOURCES-0159,same_ku,d649c8c9be346cece291af01eb9b7aaa7c314ad23ff1724f4d58591c7d25acf8,deterministic_identity,,,,
resources:KU:android.app.Activity:RESOURCES-0141,resources:KU:java.lang.String:RESOURCES-0160,same_ku,d649c8c9be346cece291af01eb9b7aaa7c314ad23ff1724f4d58591c7d25acf8,deterministic_identity,,,,
resources:KU:android.app.Activity:RESOURCES-0141,resources:KU:android.content.res.TypedArray:RESOURCES-0179,same_ku,d649c8c9be346cece291af01eb9b7aaa7c314ad23ff1724f4d58591c7d25acf8,deterministic_identity,,,,
resources:KU:android.app.Activity:RESOURCES-0141,"resources:KU:android.view.View#layout(int,int,int,int):RESOURCES-0202",same_ku,d649c8c9be346cece291af01eb9b7aaa7c314ad23ff1724f4d58591c7d25acf8,deterministic_identity,,,,
resources:KU:android.app.Activity:RESOURCES-0141,resources:KU:android.view.View:RESOURCES-0203,same_ku,d649c8c9be346cece291af01eb9b7aaa7c314ad23ff1724f4d58591c7d25acf8,deterministic_identity,,,,
resources:KU:android.os.Bundle:RESOURCES-0159,resources:KU:java.lang.String:RESOURCES-0160,same_ku,d649c8c9be346cece291af01eb9b7aaa7c314ad23ff1724f4d58591c7d25acf8,deterministic_identity,,,,
resources:KU:android.os.Bundle:RESOURCES-0159,resources:KU:android.content.res.TypedArray:RESOURCES-0179,same_ku,d649c8c9be346cece291af01eb9b7aaa7c314ad23ff1724f4d58591c7d25acf8,deterministic_identity,,,,
resources:KU:android.os.Bundle:RESOURCES-0159,"resources:KU:android.view.View#layout(int,int,int,int):RESOURCES-0202",same_ku,d649c8c9be346cece291af01eb9b7aaa7c314ad23ff1724f4d58591c7d25acf8,deterministic_identity,,,,
resources:KU:android.os.Bundle:RESOURCES-0159,resources:KU:android.view.View:RESOURCES-0203,same_ku,d649c8c9be346cece291af01eb9b7aaa7c314ad23ff1724f4d58591c7d25acf8,deterministic_identity,,,,
resources:KU:java.lang.String:RESOURCES-0160,resources:KU:android.content.res.TypedArray:RESOURCES-0179,same_ku,d649c8c9be346cece291af01eb9b7aaa7c314ad23ff1724f4d58591c7d25acf8,deterministic_identity,,,,
resources:KU:java.lang.String:RESOURCES-0160,"resources:KU:android.view.View#layout(int,int,int,int):RESOURCES-0202",same_ku,d649c8c9be346cece291af01eb9b7aaa7c314ad23ff1724f4d58591c7d25acf8,deterministic_identity,,,,
resources:KU:java.lang.String:RESOURCES-0160,resources:KU:android.view.View:RESOURCES-0203,same_ku,d649c8c9be346cece291af01eb9b7aaa7c314ad23ff1724f4d58591c7d25acf8,deterministic_identity,,,,
resources:KU:android.content.res.TypedArray:RESOURCES-0179,"resources:KU:android.view.View#layout(int,int,int,int):RESOURCES-0202",same_ku,d649c8c9be346cece291af01eb9b7aaa7c314ad23ff1724f4d58591c7d25acf8,deterministic_identity,,,,
resources:KU:android.content.res.TypedArray:RESOURCES-0179,resources:KU:android.view.View:RESOURCES-0203,same_ku,d649c8c9be346cece291af01eb9b7aaa7c314ad23ff1724f4d58591c7d25acf8,deterministic_identity,,,,
"resources:KU:android.view.View#layout(int,int,int,int):RESOURCES-0202",resources:KU:android.view.View:RESOURCES-0203,same_ku,d649c8c9be346cece291af01eb9b7aaa7c314ad23ff1724f4d58591c7d25acf8,deterministic_identity,,,,
resources:KU:android.view.View:RESOURCES-0044,resources:KU:android.animation.Animator:RESOURCES-0224,same_ku,50f7b93bed8d448e72e47bbc253915b7bf4e2e9a1da7b0f698001f376aa4d278,deterministic_identity,,,,
resources:KU:android.app.Activity:RESOURCES-0045,resources:KU:android.animation.ValueAnimator:RESOURCES-0075,same_ku,7d22ae832878537f09a08a81747a03a5a2c688545621f74cc9ff30c2f12fef31,deterministic_identity,,,,
resources:KU:android.app.Activity:RESOURCES-0045,resources:KU:android.animation.Animator:RESOURCES-0183,same_ku,7d22ae832878537f09a08a81747a03a5a2c688545621f74cc9ff30c2f12fef31,deterministic_identity,,,,
resources:KU:android.app.Activity:RESOURCES-0045,resources:KU:android.view.View:RESOURCES-0230,same_ku,7d22ae832878537f09a08a81747a03a5a2c688545621f74cc9ff30c2f12fef31,deterministic_identity,,,,
resources:KU:android.animation.ValueAnimator:RESOURCES-0075,resources:KU:android.animation.Animator:RESOURCES-0183,same_ku,7d22ae832878537f09a08a81747a03a5a2c688545621f74cc9ff30c2f12fef31,deterministic_identity,,,,
resources:KU:android.animation.ValueAnimator:RESOURCES-0075,resources:KU:android.view.View:RESOURCES-0230,same_ku,7d22ae832878537f09a08a81747a03a5a2c688545621f74cc9ff30c2f12fef31,deterministic_identity,,,,
resources:KU:android.animation.Animator:RESOURCES-0183,resources:KU:android.view.View:RESOURCES-0230,same_ku,7d22ae832878537f09a08a81747a03a5a2c688545621f74cc9ff30c2f12fef31,deterministic_identity,,,,
resources:KU:android.animation.AnimatorSet:RESOURCES-0047,resources:KU:android.view.View:RESOURCES-0077,same_ku,9cfc937403c10f7d4664895706fdcfb6d30efd258dc97b59161728ed39c9cdcb,deterministic_identity,,,,
resources:KU:android.animation.AnimatorSet:RESOURCES-0047,resources:KU:android.widget.TextView:RESOURCES-0103,same_ku,9cfc937403c10f7d4664895706fdcfb6d30efd258dc97b59161728ed39c9cdcb,deterministic_identity,,,,
resources:KU:android.animation.AnimatorSet:RESOURCES-0047,resources:KU:android.animation.Animator:RESOURCES-0126,same_ku,9cfc937403c10f7d4664895706fdcfb6d30efd258dc97b59161728ed39c9cdcb,deterministic_identity,,,,
resources:KU:android.animation.AnimatorSet:RESOURCES-0047,"resources:KU:android.view.View#layout(int,int,int,int):RESOURCES-0144",same_ku,9cfc937403c10f7d4664895706fdcfb6d30efd258dc97b59161728ed39c9cdcb,deterministic_identity,,,,
resources:KU:android.animation.AnimatorSet:RESOURCES-0047,resources:KU:android.animation.ValueAnimator:RESOURCES-0145,same_ku,9cfc937403c10f7d4664895706fdcfb6d30efd258dc97b59161728ed39c9cdcb,deterministic_identity,,,,
resources:KU:android.animation.AnimatorSet:RESOURCES-0047,resources:KU:android.animation.ObjectAnimator:RESOURCES-0184,same_ku,9cfc937403c10f7d4664895706fdcfb6d30efd258dc97b59161728ed39c9cdcb,deterministic_identity,,,,
resources:KU:android.view.View:RESOURCES-0077,resources:KU:android.widget.TextView:RESOURCES-0103,same_ku,9cfc937403c10f7d4664895706fdcfb6d30efd258dc97b59161728ed39c9cdcb,deterministic_identity,,,,
resources:KU:android.view.View:RESOURCES-0077,resources:KU:android.animation.Animator:RESOURCES-0126,same_ku,9cfc937403c10f7d4664895706fdcfb6d30efd258dc97b59161728ed39c9cdcb,deterministic_identity,,,,
resources:KU:android.view.View:RESOURCES-0077,"resources:KU:android.view.View#layout(int,int,int,int):RESOURCES-0144",same_ku,9cfc937403c10f7d4664895706fdcfb6d30efd258dc97b59161728ed39c9cdcb,deterministic_identity,,,,
resources:KU:android.view.View:RESOURCES-0077,resources:KU:android.animation.ValueAnimator:RESOURCES-0145,same_ku,9cfc937403c10f7d4664895706fdcfb6d30efd258dc97b59161728ed39c9cdcb,deterministic_identity,,,,
resources:KU:android.view.View:RESOURCES-0077,resources:KU:android.animation.ObjectAnimator:RESOURCES-0184,same_ku,9cfc937403c10f7d4664895706fdcfb6d30efd258dc97b59161728ed39c9cdcb,deterministic_identity,,,,
resources:KU:android.widget.TextView:RESOURCES-0103,resources:KU:android.animation.Animator:RESOURCES-0126,same_ku,9cfc937403c10f7d4664895706fdcfb6d30efd258dc97b59161728ed39c9cdcb,deterministic_identity,,,,
resources:KU:android.widget.TextView:RESOURCES-0103,"resources:KU:android.view.View#layout(int,int,int,int):RESOURCES-0144",same_ku,9cfc937403c10f7d4664895706fdcfb6d30efd258dc97b59161728ed39c9cdcb,deterministic_identity,,,,
resources:KU:android.widget.TextView:RESOURCES-0103,resources:KU:android.animation.ValueAnimator:RESOURCES-0145,same_ku,9cfc937403c10f7d4664895706fdcfb6d30efd258dc97b59161728ed39c9cdcb,deterministic_identity,,,,
resources:KU:android.widget.TextView:RESOURCES-0103,resources:KU:android.animation.ObjectAnimator:RESOURCES-0184,same_ku,9cfc937403c10f7d4664895706fdcfb6d30efd258dc97b59161728ed39c9cdcb,deterministic_identity,,,,
resources:KU:android.animation.Animator:RESOURCES-0126,"resources:KU:android.view.View#layout(int,int,int,int):RESOURCES-0144",same_ku,9cfc937403c10f7d4664895706fdcfb6d30efd258dc97b59161728ed39c9cdcb,deterministic_identity,,,,
resources:KU:android.animation.Animator:RESOURCES-0126,resources:KU:android.animation.ValueAnimator:RESOURCES-0145,same_ku,9cfc937403c10f7d4664895706fdcfb6d30efd258dc97b59161728ed39c9cdcb,deterministic_identity,,,,
resources:KU:android.animation.Animator:RESOURCES-0126,resources:KU:android.animation.ObjectAnimator:RESOURCES-0184,same_ku,9cfc937403c10f7d4664895706fdcfb6d30efd258dc97b59161728ed39c9cdcb,deterministic_identity,,,,
"resources:KU:android.view.View#layout(int,int,int,int):RESOURCES-0144",resources:KU:android.animation.ValueAnimator:RESOURCES-0145,same_ku,9cfc937403c10f7d4664895706fdcfb6d30efd258dc97b59161728ed39c9cdcb,deterministic_identity,,,,
"resources:KU:android.view.View#layout(int,int,int,int):RESOURCES-0144",resources:KU:android.animation.ObjectAnimator:RESOURCES-0184,same_ku,9cfc937403c10f7d4664895706fdcfb6d30efd258dc97b59161728ed39c9cdcb,deterministic_identity,,,,
resources:KU:android.animation.ValueAnimator:RESOURCES-0145,resources:KU:android.animation.ObjectAnimator:RESOURCES-0184,same_ku,9cfc937403c10f7d4664895706fdcfb6d30efd258dc97b59161728ed39c9cdcb,deterministic_identity,,,,
resources:KU:android.widget.Button:RESOURCES-0052,resources:KU:android.graphics.NinePatch:RESOURCES-0169,same_ku,decd9661f45a5300a510696199383d1663d1d68db28eaa2cd108fcfc5a6a57e3,deterministic_identity,,,,
resources:KU:android.view.animation.CycleInterpolator:RESOURCES-0053,resources:KU:android.view.animation.Interpolator:RESOURCES-0211,same_ku,9f8da1c91929382893abbdee6c053fcc1c6eadceb1322da61f0d1f8020d2642f,deterministic_identity,,,,
resources:KU:android.view.animation.CycleInterpolator:RESOURCES-0053,resources:KU:android.view.animation.AnticipateInterpolator:RESOURCES-0234,same_ku,9f8da1c91929382893abbdee6c053fcc1c6eadceb1322da61f0d1f8020d2642f,deterministic_identity,,,,
resources:KU:android.view.animation.Interpolator:RESOURCES-0211,resources:KU:android.view.animation.AnticipateInterpolator:RESOURCES-0234,same_ku,9f8da1c91929382893abbdee6c053fcc1c6eadceb1322da61f0d1f8020d2642f,deterministic_identity,,,,
resources:KU:android.widget.ImageView:RESOURCES-0055,resources:KU:android.view.View:RESOURCES-0083,same_ku,fc409aabd7e87f167eeebe5dd5b6cef3acc11d85acc41086dcbc2e0416ae5286,deterministic_identity,,,,
resources:KU:android.widget.ImageView:RESOURCES-0055,resources:KU:android.view.animation.Animation:RESOURCES-0112,same_ku,fc409aabd7e87f167eeebe5dd5b6cef3acc11d85acc41086dcbc2e0416ae5286,deterministic_identity,,,,
resources:KU:android.view.View:RESOURCES-0083,resources:KU:android.view.animation.Animation:RESOURCES-0112,same_ku,fc409aabd7e87f167eeebe5dd5b6cef3acc11d85acc41086dcbc2e0416ae5286,deterministic_identity,,,,
resources:KU:android.app.Activity:RESOURCES-0056,resources:KU:android.os.Bundle:RESOURCES-0113,same_ku,4d4c7112c492af5bf467c953234a0fc6a78de90488863833082524ebcfb44a46,deterministic_identity,,,,
resources:KU:android.app.Activity:RESOURCES-0056,resources:KU:android.view.View:RESOURCES-0192,same_ku,4d4c7112c492af5bf467c953234a0fc6a78de90488863833082524ebcfb44a46,deterministic_identity,,,,
resources:KU:android.app.Activity:RESOURCES-0056,resources:KU:android.widget.Button:RESOURCES-0214,same_ku,4d4c7112c492af5bf467c953234a0fc6a78de90488863833082524ebcfb44a46,deterministic_identity,,,,
resources:KU:android.os.Bundle:RESOURCES-0113,resources:KU:android.view.View:RESOURCES-0192,same_ku,4d4c7112c492af5bf467c953234a0fc6a78de90488863833082524ebcfb44a46,deterministic_identity,,,,
resources:KU:android.os.Bundle:RESOURCES-0113,resources:KU:android.widget.Button:RESOURCES-0214,same_ku,4d4c7112c492af5bf467c953234a0fc6a78de90488863833082524ebcfb44a46,deterministic_identity,,,,
resources:KU:android.view.View:RESOURCES-0192,resources:KU:android.widget.Button:RESOURCES-0214,same_ku,4d4c7112c492af5bf467c953234a0fc6a78de90488863833082524ebcfb44a46,deterministic_identity,,,,
resources:KU:android.os.Bundle:RESOURCES-0057,resources:KU:android.app.Activity:RESOURCES-0084,same_ku,7218962057f430f5ce77b3fccce0a50f55f79a52acb2a0a0c26b977d0dff55d3,deterministic_identity,,,,
resources:KU:android.os.Bundle:RESOURCES-0057,"resources:KU:android.view.View#layout(int,int,int,int):RESOURCES-0085",same_ku,7218962057f430f5ce77b3fccce0a50f55f79a52acb2a0a0c26b977d0dff55d3,deterministic_identity,,,,
resources:KU:android.os.Bundle:RESOURCES-0057,resources:KU:android.view.animation.AnimationUtils:RESOURCES-0086,same_ku,7218962057f430f5ce77b3fccce0a50f55f79a52acb2a0a0c26b977d0dff55d3,deterministic_identity,,,,
resources:KU:android.os.Bundle:RESOURCES-0057,resources:KU:android.view.animation.Animation:RESOURCES-0129,same_ku,7218962057f430f5ce77b3fccce0a50f55f79a52acb2a0a0c26b977d0dff55d3,deterministic_identity,,,,
resources:KU:android.app.Activity:RESOURCES-0084,"resources:KU:android.view.View#layout(int,int,int,int):RESOURCES-0085",same_ku,7218962057f430f5ce77b3fccce0a50f55f79a52acb2a0a0c26b977d0dff55d3,deterministic_identity,,,,
resources:KU:android.app.Activity:RESOURCES-0084,resources:KU:android.view.animation.AnimationUtils:RESOURCES-0086,same_ku,7218962057f430f5ce77b3fccce0a50f55f79a52acb2a0a0c26b977d0dff55d3,deterministic_identity,,,,
resources:KU:android.app.Activity:RESOURCES-0084,resources:KU:android.view.animation.Animation:RESOURCES-0129,same_ku,7218962057f430f5ce77b3fccce0a50f55f79a52acb2a0a0c26b977d0dff55d3,deterministic_identity,,,,
"resources:KU:android.view.View#layout(int,int,int,int):RESOURCES-0085",resources:KU:android.view.animation.AnimationUtils:RESOURCES-0086,same_ku,7218962057f430f5ce77b3fccce0a50f55f79a52acb2a0a0c26b977d0dff55d3,deterministic_identity,,,,
"resources:KU:android.view.View#layout(int,int,int,int):RESOURCES-0085",resources:KU:android.view.animation.Animation:RESOURCES-0129,same_ku,7218962057f430f5ce77b3fccce0a50f55f79a52acb2a0a0c26b977d0dff55d3,deterministic_identity,,,,
resources:KU:android.view.animation.AnimationUtils:RESOURCES-0086,resources:KU:android.view.animation.Animation:RESOURCES-0129,same_ku,7218962057f430f5ce77b3fccce0a50f55f79a52acb2a0a0c26b977d0dff55d3,deterministic_identity,,,,
resources:KU:android.view.animation.Animation:RESOURCES-0060,resources:KU:android.widget.ImageView:RESOURCES-0088,same_ku,56a39302252e463fb7bf914c31656868cb5d90822660e4f63d106f7871be66de,deterministic_identity,,,,
resources:KU:android.view.animation.Animation:RESOURCES-0060,resources:KU:android.view.View:RESOURCES-0089,same_ku,56a39302252e463fb7bf914c31656868cb5d90822660e4f63d106f7871be66de,deterministic_identity,,,,
resources:KU:android.widget.ImageView:RESOURCES-0088,resources:KU:android.view.View:RESOURCES-0089,same_ku,56a39302252e463fb7bf914c31656868cb5d90822660e4f63d106f7871be66de,deterministic_identity,,,,
resources:KU:android.widget.ImageView:RESOURCES-0070,resources:KU:android.view.animation.AnimationUtils:RESOURCES-0071,same_ku,9722d2265ccf5560c5002b38c39d9831d56cab8a2c77584eae80eaee175836bf,deterministic_identity,,,,
resources:KU:android.widget.ImageView:RESOURCES-0070,resources:KU:android.view.animation.Animation:RESOURCES-0138,same_ku,9722d2265ccf5560c5002b38c39d9831d56cab8a2c77584eae80eaee175836bf,deterministic_identity,,,,
resources:KU:android.view.animation.AnimationUtils:RESOURCES-0071,resources:KU:android.view.animation.Animation:RESOURCES-0138,same_ku,9722d2265ccf5560c5002b38c39d9831d56cab8a2c77584eae80eaee175836bf,deterministic_identity,,,,
resources:KU:android.view.View:RESOURCES-0072,resources:KU:android.view.animation.Animation:RESOURCES-0201,same_ku,65ca5ac0abb4c4178692464ab135343a2eaf156e1d00796b00528775a48156a5,deterministic_identity,,,,
resources:KU:android.view.View:RESOURCES-0074,resources:KU:android.content.Context:RESOURCES-0161,same_ku,f75198c30dc62951565d1fe6c46ce5d0186865d3ecbf0a4156fbd1543375a778,deterministic_identity,,,,
resources:KU:android.content.res.Resources:RESOURCES-0097,resources:KU:android.content.Context:RESOURCES-0157,same_ku,f1c84db91497fa0653fd84ae999afea19ab2f834513bec3a9446408347a10b4e,deterministic_identity,,,,
resources:KU:android.content.res.Resources:RESOURCES-0097,resources:KU:android.app.Activity:RESOURCES-0221,same_ku,f1c84db91497fa0653fd84ae999afea19ab2f834513bec3a9446408347a10b4e,deterministic_identity,,,,
resources:KU:android.content.Context:RESOURCES-0157,resources:KU:android.app.Activity:RESOURCES-0221,same_ku,f1c84db91497fa0653fd84ae999afea19ab2f834513bec3a9446408347a10b4e,deterministic_identity,,,,
resources:KU:android.content.res.Resources:RESOURCES-0099,resources:KU:java.lang.String:RESOURCES-0137,same_ku,cc79f48d362617cd80d072e6c498b83bce95db700549726136f02741125d8d37,deterministic_identity,,,,
resources:KU:android.content.res.Resources:RESOURCES-0099,resources:KU:android.content.Context:RESOURCES-0200,same_ku,cc79f48d362617cd80d072e6c498b83bce95db700549726136f02741125d8d37,deterministic_identity,,,,
resources:KU:java.lang.String:RESOURCES-0137,resources:KU:android.content.Context:RESOURCES-0200,same_ku,cc79f48d362617cd80d072e6c498b83bce95db700549726136f02741125d8d37,deterministic_identity,,,,
resources:KU:android.view.animation.Animation:RESOURCES-0100,resources:KU:android.view.View:RESOURCES-0139,same_ku,0aeec9094f8e90f47c183203c3a3ee6f5b593ab6417b88b53fd46235a069cd8c,deterministic_identity,,,,
resources:KU:android.view.animation.Animation:RESOURCES-0101,resources:KU:android.view.animation.AnimationUtils:RESOURCES-0225,same_ku,b8a44634203d4f49a496bcee712c47fd24848bca8ba632d14de4351c90d0acaa,deterministic_identity,,,,
resources:KU:android.view.animation.AnimationUtils:RESOURCES-0104,resources:KU:android.widget.ImageView:RESOURCES-0166,same_ku,3c4074fb9050b5d258942a32108220d13e98d445b1ca57cf169a7ed0a7179f8e,deterministic_identity,,,,
resources:KU:android.view.animation.AnimationUtils:RESOURCES-0104,resources:KU:android.view.animation.Animation:RESOURCES-0185,same_ku,3c4074fb9050b5d258942a32108220d13e98d445b1ca57cf169a7ed0a7179f8e,deterministic_identity,,,,
resources:KU:android.view.animation.AnimationUtils:RESOURCES-0104,"resources:KU:android.view.View#layout(int,int,int,int):RESOURCES-0208",same_ku,3c4074fb9050b5d258942a32108220d13e98d445b1ca57cf169a7ed0a7179f8e,deterministic_identity,,,,
resources:KU:android.view.animation.AnimationUtils:RESOURCES-0104,resources:KU:android.view.View:RESOURCES-0231,same_ku,3c4074fb9050b5d258942a32108220d13e98d445b1ca57cf169a7ed0a7179f8e,deterministic_identity,,,,
resources:KU:android.widget.ImageView:RESOURCES-0166,resources:KU:android.view.animation.Animation:RESOURCES-0185,same_ku,3c4074fb9050b5d258942a32108220d13e98d445b1ca57cf169a7ed0a7179f8e,deterministic_identity,,,,
resources:KU:android.widget.ImageView:RESOURCES-0166,"resources:KU:android.view.View#layout(int,int,int,int):RESOURCES-0208",same_ku,3c4074fb9050b5d258942a32108220d13e98d445b1ca57cf169a7ed0a7179f8e,deterministic_identity,,,,
resources:KU:android.widget.ImageView:RESOURCES-0166,resources:KU:android.view.View:RESOURCES-0231,same_ku,3c4074fb9050b5d258942a32108220d13e98d445b1ca57cf169a7ed0a7179f8e,deterministic_identity,,,,
resources:KU:android.view.animation.Animation:RESOURCES-0185,"resources:KU:android.view.View#layout(int,int,int,int):RESOURCES-0208",same_ku,3c4074fb9050b5d258942a32108220d13e98d445b1ca57cf169a7ed0a7179f8e,deterministic_identity,,,,
resources:KU:android.view.animation.Animation:RESOURCES-0185,resources:KU:android.view.View:RESOURCES-0231,same_ku,3c4074fb9050b5d258942a32108220d13e98d445b1ca57cf169a7ed0a7179f8e,deterministic_identity,,,,
"resources:KU:android.view.View#layout(int,int,int,int):RESOURCES-0208",resources:KU:android.view.View:RESOURCES-0231,same_ku,3c4074fb9050b5d258942a32108220d13e98d445b1ca57cf169a7ed0a7179f8e,deterministic_identity,,,,
resources:KU:android.graphics.drawable.BitmapDrawable:RESOURCES-0106,resources:KU:android.graphics.Bitmap:RESOURCES-0107,same_ku,9c304ea9aebad53ac402aeb1d31f37f338ccb043a57fde6bcfaaae27e8948d56,deterministic_identity,,,,
resources:KU:android.view.Window:RESOURCES-0120,resources:KU:java.lang.String:RESOURCES-0121,same_ku,00abcab8fae214763c46e69c174eacbabdf4d91e10c1d7888eb9eae815d4b67d,deterministic_identity,,,,
resources:KU:android.view.Window:RESOURCES-0120,resources:KU:android.widget.TextView:RESOURCES-0178,same_ku,00abcab8fae214763c46e69c174eacbabdf4d91e10c1d7888eb9eae815d4b67d,deterministic_identity,,,,
resources:KU:java.lang.String:RESOURCES-0121,resources:KU:android.widget.TextView:RESOURCES-0178,same_ku,00abcab8fae214763c46e69c174eacbabdf4d91e10c1d7888eb9eae815d4b67d,deterministic_identity,,,,
resources:KU:android.view.animation.AnimationUtils:RESOURCES-0122,resources:KU:android.view.animation.Animation:RESOURCES-0158,same_ku,500300a01101c65b5bc0124c4ce151458ab291451843387b8d2dc66c3046d29f,deterministic_identity,,,,
resources:KU:android.view.View:RESOURCES-0124,"resources:KU:android.view.View#layout(int,int,int,int):RESOURCES-0226",same_ku,91bf03e8edfce9b9dadb6616fffda7358edc57a8c28ffc2d9fb618d98796a1e5,deterministic_identity,,,,
resources:KU:android.view.animation.LinearInterpolator:RESOURCES-0125,resources:KU:android.view.animation.Interpolator:RESOURCES-0227,same_ku,24f94c9071f22d8dfaaa1cc2e014e7916cdff3dd8fc8525912e9ad3baf651a07,deterministic_identity,,,,
resources:KU:android.graphics.drawable.GradientDrawable:RESOURCES-0127,resources:KU:android.graphics.drawable.InsetDrawable:RESOURCES-0146,same_ku,1f24f46996be015acb03f61e49d2e15463874f4c5501906caf1077e02a414997,deterministic_identity,,,,
resources:KU:android.graphics.drawable.GradientDrawable:RESOURCES-0127,resources:KU:android.graphics.drawable.Drawable:RESOURCES-0165,same_ku,1f24f46996be015acb03f61e49d2e15463874f4c5501906caf1077e02a414997,deterministic_identity,,,,
resources:KU:android.graphics.drawable.InsetDrawable:RESOURCES-0146,resources:KU:android.graphics.drawable.Drawable:RESOURCES-0165,same_ku,1f24f46996be015acb03f61e49d2e15463874f4c5501906caf1077e02a414997,deterministic_identity,,,,
resources:KU:android.view.View:RESOURCES-0133,resources:KU:android.view.animation.Animation:RESOURCES-0174,same_ku,cd95cda7115e757e4833f8e5153f8a0966e17ea9b2e85b5dfa2acfd4ffc0c87f,deterministic_identity,,,,
resources:KU:android.app.Activity:RESOURCES-0143,resources:KU:android.graphics.drawable.Drawable:RESOURCES-0228,same_ku,422c2fdd6e44503d6f1e1a52c3d2a2afb0ed4f1e24c62ee075bfb2e071390938,deterministic_identity,,,,
resources:KU:android.view.animation.Animation:RESOURCES-0155,resources:KU:android.view.animation.TranslateAnimation:RESOURCES-0197,same_ku,56a90ab4dee00310d94318b3b33adf2b333bf12008bf2ea333e4f41eb53c1b45,deterministic_identity,,,,
resources:KU:android.view.animation.Interpolator:RESOURCES-0187,resources:KU:android.view.animation.AccelerateDecelerateInterpolator:RESOURCES-0188,same_ku,3f91579a04e11d562f57fc3ef60c0fe5c54aae53c30c7c65d865d17a15b026ef,deterministic_identity,,,,
resources:KU:android.app.Activity:RESOURCES-0209,resources:KU:java.lang.Object:RESOURCES-0212,same_ku,8698afaba09c07183281adec52ccc96776649ebc5443f46dd5965949c5dcbbcf,deterministic_identity,,,,
resources:KU:android.view.animation.RotateAnimation:RESOURCES-0001,resources:API:android.view.animation.RotateAnimation,has_example,"RotateAnimation anim = new RotateAnimation(0f, 350f, 15f, 15f);",llm_quote_grounded,The KU provides code creating a RotateAnimation instance.,,,
resources:KU:android.widget.ImageView:RESOURCES-0108,resources:API:android.widget.ImageView,has_example,splash.startAnimation(anim);,llm_quote_grounded,The KU shows how to apply the animation to an ImageView.,,,
resources:KU:android.view.animation.Animation:RESOURCES-0109,resources:API:android.view.animation.Animation,has_example,anim.setRepeatCount(Animation.INFINITE);,llm_quote_grounded,The KU uses Animation constants and methods.,,,
resources:KU:android.view.animation.LinearInterpolator:RESOURCES-0110,resources:API:android.view.animation.LinearInterpolator,has_example,anim.setInterpolator(new LinearInterpolator());,llm_quote_grounded,The KU demonstrates setting a LinearInterpolator on the animation.,,,
resources:KU:android.graphics.drawable.Drawable:RESOURCES-0002,resources:API:android.graphics.drawable.Drawable,has_example,Drawable resImg = this.context.getResources().getDrawable(R.drawable.resource);,llm_quote_grounded,The KU shows retrieving a Drawable resource.,,,
resources:KU:java.lang.String:RESOURCES-0031,resources:API:java.lang.String,has_example,"public int getIdentifier (String name, String defType, String defPackage)",llm_quote_grounded,The KU uses String parameters in method calls.,,,
resources:KU:java.lang.Object:RESOURCES-0003,resources:API:java.lang.Object,has_example,"String.format(res.getString(R.string.welcome_messages), username, mailCount);",llm_quote_grounded,The KU shows passing objects to String.format.,,,
resources:KU:android.content.res.Resources:RESOURCES-0130,resources:API:android.content.res.Resources,has_example,"Resources res = getResources(); String text = String.format(res.getString(R.string.welcome_messages), username, mailCount);",llm_quote_grounded,The KU demonstrates getting strings from Resources.,,,
resources:KU:java.lang.String:RESOURCES-0193,resources:API:java.lang.String,has_example,"String text = res.getString(R.string.welcome_messages, username, mailCount);",llm_quote_grounded,The KU shows string formatting and retrieval.,,,
resources:KU:android.view.animation.Animation:RESOURCES-0004,resources:API:android.view.animation.Animation,has_example,public class SlideAnimation extends Animation { private static final float SPEED = 0.5f;,llm_quote_grounded,The KU provides a full example of a custom Animation subclass.,,,
resources:KU:android.view.View:RESOURCES-0171,resources:API:android.view.View,has_example,public class MyView extends View { private int propertyName = 50; /* your code */ public int getPropertyName() {,llm_quote_grounded,The KU shows a custom View implementation for animation properties.,,,
resources:KU:android.view.animation.LinearInterpolator:RESOURCES-0172,resources:API:android.view.animation.LinearInterpolator,has_example,setInterpolator(new LinearInterpolator());,llm_quote_grounded,The KU sets a LinearInterpolator in the custom animation example.,,,
resources:KU:android.graphics.drawable.Drawable:RESOURCES-0005,resources:API:android.graphics.drawable.Drawable,has_example,"getResId(""icon"", Drawable.class);",llm_quote_grounded,The KU provides a code example using Drawable.class to retrieve resource IDs via reflection.,,,
resources:KU:android.content.res.Resources:RESOURCES-0087,resources:API:android.content.res.Resources,has_guidance,I didn't know that <code>Resources.getIdentifier()</code> existed.,llm_quote_grounded,The KU suggests using Resources.getIdentifier() as an alternative method for getting resource IDs.,,,
resources:KU:java.lang.String:RESOURCES-0131,resources:API:java.lang.String,has_constraint,"It would be preferable if all I had to pass to the method is the ""icon"" string.",llm_quote_grounded,The user specifies a preference for passing the string name rather than the ID directly.,,,
resources:KU:android.widget.TextView:RESOURCES-0006,resources:API:android.widget.TextView,has_example,public class Typewriter extends TextView {,llm_quote_grounded,The KU provides a complete class implementation extending TextView to create a typewriter effect.,,,
resources:KU:android.app.Activity:RESOURCES-0007,resources:API:android.app.Activity,has_example,public class MyActivity extends Activity {,llm_quote_grounded,The KU shows how to use the custom view within an Activity's onCreate method.,,,
resources:KU:java.lang.String:RESOURCES-0090,resources:API:java.lang.String,has_example,"writer.animateText(""Sample String"");",llm_quote_grounded,A string literal is used in the example to demonstrate animating text content.,,,
resources:KU:android.content.Context:RESOURCES-0151,resources:API:android.content.Context,has_example,Typewriter writer = new Typewriter(this);,llm_quote_grounded,Context is passed to the constructor of the custom view in the example.,,,
resources:KU:android.os.Bundle:RESOURCES-0194,resources:API:android.os.Bundle,has_example,public void onCreate(Bundle savedInstanceState) {,llm_quote_grounded,Bundle is used in the standard Activity lifecycle override shown in the example.,,,
resources:KU:android.view.animation.AnimationSet:RESOURCES-0008,resources:API:android.view.animation.AnimationSet,has_guidance,AnimationSet animation = new AnimationSet(false); //change to false,llm_quote_grounded,The solution involves changing the AnimationSet constructor parameter from true to false.,,,
resources:KU:android.view.animation.AlphaAnimation:RESOURCES-0091,resources:API:android.view.animation.AlphaAnimation,has_example,"Animation fadeIn = new AlphaAnimation(0, 1);",llm_quote_grounded,AlphaAnimation instances are created to define the fade-in and fade-out effects.,,,
resources:KU:android.view.animation.Animation:RESOURCES-0117,resources:API:android.view.animation.Animation,has_example,"Animation fadeIn = new AlphaAnimation(0, 1);",llm_quote_grounded,The base Animation type is used for variables holding the specific animation objects.,,,
resources:KU:android.view.animation.DecelerateInterpolator:RESOURCES-0118,resources:API:android.view.animation.DecelerateInterpolator,has_example,fadeIn.setInterpolator(new DecelerateInterpolator()); //add this,llm_quote_grounded,DecelerateInterpolator is applied to the fade-in animation in the working solution.,,,
resources:KU:android.view.animation.AccelerateInterpolator:RESOURCES-0216,resources:API:android.view.animation.AccelerateInterpolator,has_example,fadeOut.setInterpolator(new AccelerateInterpolator()); //and this,llm_quote_grounded,AccelerateInterpolator is applied to the fade-out animation in the working solution.,,,
resources:KU:android.view.View:RESOURCES-0009,resources:API:android.view.View,has_guidance,anim.setTarget(A View Object reference goes here i.e. ImageView);,llm_quote_grounded,The instructions specify setting the target of the animator to a View object.,,,
resources:KU:android.widget.ImageView:RESOURCES-0061,resources:API:android.widget.ImageView,has_example,anim.setTarget(A View Object reference goes here i.e. ImageView);,llm_quote_grounded,ImageView is suggested as a concrete example of a View to animate.,,,
resources:KU:android.animation.AnimatorInflater:RESOURCES-0062,resources:API:android.animation.AnimatorInflater,has_example,"ObjectAnimator anim = (ObjectAnimator) AnimatorInflater.loadAnimator(mContext, R.animator.flipping);",llm_quote_grounded,AnimatorInflater is used to load the XML-defined animator into an object.,,,
resources:KU:android.animation.ObjectAnimator:RESOURCES-0093,resources:API:android.animation.ObjectAnimator,has_example,anim.setDuration(3000); anim.start();,llm_quote_grounded,ObjectAnimator is instantiated and configured with duration and start command.,,,
resources:KU:android.app.Activity:RESOURCES-0010,resources:API:android.app.Activity,has_example,public class LayoutAnimationActivity extends Activity {,llm_quote_grounded,The KU provides a full Activity subclass demonstrating the layout animation logic.,,,
resources:KU:android.os.Bundle:RESOURCES-0011,resources:API:android.os.Bundle,has_example,public void onCreate(Bundle savedInstanceState) {,llm_quote_grounded,Bundle is used in the onCreate signature within the provided example code.,,,
resources:KU:android.view.animation.Animation:RESOURCES-0063,resources:API:android.view.animation.Animation,has_example,class Ani extends Animation {,llm_quote_grounded,A custom inner class extends Animation to implement the height expansion logic.,,,
resources:KU:android.widget.Button:RESOURCES-0219,resources:API:android.widget.Button,has_example,btn=new Button(this); btn.setWidth(100); btn.setHeight(200);,llm_quote_grounded,Buttons are programmatically created and added to the layout during the animation.,,,
resources:KU:android.view.animation.AnimationSet:RESOURCES-0012,resources:API:android.view.animation.AnimationSet,has_example,Another approach is to use <code>AnimationSet</code>.,llm_quote_grounded,An alternative approach using AnimationSet is demonstrated in the second part of the answer.,,,
resources:KU:android.view.animation.AlphaAnimation:RESOURCES-0064,resources:API:android.view.animation.AlphaAnimation,has_example,"final Animation in = new AlphaAnimation(0.0f, 1.0f);",llm_quote_grounded,AlphaAnimation objects are created to handle the fade in and out transitions.,,,
resources:KU:android.view.animation.Animation:RESOURCES-0152,resources:API:android.view.animation.Animation,has_guidance,You seem to be setting the animation to in right after you had set it to out.,llm_quote_grounded,The guidance explains that setting animations sequentially without listeners causes issues.,,,
resources:KU:android.view.View:RESOURCES-0196,resources:API:android.view.View,has_example,"mSwitcher.setText(""old text"");",llm_quote_grounded,View methods like setText and startAnimation are called on the TextView instance.,,,
resources:KU:android.graphics.drawable.BitmapDrawable:RESOURCES-0013,resources:API:android.graphics.drawable.BitmapDrawable,has_example,if (frame instanceof BitmapDrawable) { ((BitmapDrawable)frame).getBitmap().recycle(); },llm_quote_grounded,BitmapDrawable is casted from frames to recycle bitmaps explicitly in the suggested fix.,,,
resources:KU:android.graphics.drawable.Drawable:RESOURCES-0220,resources:API:android.graphics.drawable.Drawable,has_example,Drawable frame = ad.getFrame(i);,llm_quote_grounded,Drawable is used as the generic type for iterating through animation frames.,,,
resources:KU:android.view.View:RESOURCES-0014,resources:API:android.view.View,has_example,A1.setVisibility(View.GONE); B1.setVisibility(View.GONE);,llm_quote_grounded,View constants GONE and VISIBLE are used to toggle button visibility.,,,
resources:KU:android.widget.Button:RESOURCES-0095,resources:API:android.widget.Button,has_example,"<Button android:id=""@+id/switcher"" android:layout_width=""wrap_content""",llm_quote_grounded,Button widgets are defined in XML and manipulated in Java to swap positions.,,,
resources:KU:android.os.Bundle:RESOURCES-0135,resources:API:android.os.Bundle,has_example,protected void onCreate(Bundle allthethings) {,llm_quote_grounded,Bundle is used in the onCreate method signature of the example Activity.,,,
resources:KU:android.app.Activity:RESOURCES-0156,resources:API:android.app.Activity,has_example,public class Foo extends Activity {,llm_quote_grounded,The solution is implemented within a class extending Activity.,,,
resources:KU:android.graphics.Bitmap:RESOURCES-0015,resources:API:android.graphics.Bitmap,has_example,"Bitmap b = BitmapFactory.decodeStream(assetManager.open(fileName + "".png"")); imageView.setImageBitmap(b);",llm_quote_grounded,The KU provides a code snippet demonstrating how to create a Bitmap from an asset stream and set it on an ImageView.,,,
resources:KU:java.lang.String:RESOURCES-0142,resources:API:java.lang.String,has_example,"String fileName = ""33""; Bitmap b = BitmapFactory.decodeStream(assetManager.open(fileName + "".png""));",llm_quote_grounded,The KU uses a String variable to hold the image filename which is then used to open the asset.,,,
resources:KU:android.widget.ImageView:RESOURCES-0016,resources:API:android.widget.ImageView,has_example,this.imageView.setImageBitmap(blurred);,llm_quote_grounded,The KU shows how to update an ImageView with a blurred bitmap during animation.,,,
resources:KU:android.graphics.Bitmap:RESOURCES-0123,resources:API:android.graphics.Bitmap,has_example,"public Bitmap blur(Bitmap sentBitmap, int radius) { // Stack Blur Algorithm by Mario Klingemann <mario@quasimondo.com> Bitmap bitmap = sentBitmap.copy(sentBitmap.getConfig(), true);",llm_quote_grounded,"The KU contains a detailed implementation of a blur algorithm that manipulates Bitmap objects, including copying pixels and setting them back.",,,
resources:KU:android.view.animation.Animation:RESOURCES-0181,resources:API:android.view.animation.Animation,has_example,public class BlurAnimation extends Animation { private final ImageView imageView; private final Bitmap bitmap;,llm_quote_grounded,The KU provides a custom class extending Animation to handle the blur effect over time.,,,
resources:KU:android.view.animation.Animation:RESOURCES-0017,resources:API:android.view.animation.Animation,has_example,"Animation animation = AnimationUtils.loadAnimation(context, (position > lastPosition) ? R.anim.up_from_bottom : R.anim.down_from_top); holder.itemView.startAnimation(animation);",llm_quote_grounded,The KU demonstrates loading and starting an animation on a RecyclerView item view.,,,
resources:KU:android.view.animation.AnimationUtils:RESOURCES-0205,resources:API:android.view.animation.AnimationUtils,has_example,"Animation animation = AnimationUtils.loadAnimation(context, (position > lastPosition) ? R.anim.up_from_bottom : R.anim.down_from_top);",llm_quote_grounded,The KU uses AnimationUtils to load animation resources defined in XML.,,,
resources:KU:android.view.animation.Animation:RESOURCES-0018,resources:API:android.view.animation.Animation,has_example,"Animation makeInAnimation = AnimationUtils.makeInAnimation(getBaseContext(), false); makeInAnimation.setAnimationListener(new Animation.AnimationListener() {",llm_quote_grounded,The KU shows how to use Animation objects created by AnimationUtils to animate a FloatingActionButton.,,,
resources:KU:android.view.View:RESOURCES-0102,resources:API:android.view.View,has_example,"createButton.setVisibility(View.VISIBLE); } }); Animation makeOutAnimation = AnimationUtils.makeOutAnimation(getBaseContext(), true);",llm_quote_grounded,The KU demonstrates changing View visibility within animation listeners.,,,
resources:KU:android.view.animation.AnimationUtils:RESOURCES-0162,resources:API:android.view.animation.AnimationUtils,has_example,"Animation makeInAnimation = AnimationUtils.makeInAnimation(getBaseContext(), false); makeInAnimation.setAnimationListener(new Animation.AnimationListener() {",llm_quote_grounded,The KU uses AnimationUtils helper methods to generate standard fade-in/out animations.,,,
resources:KU:android.os.Bundle:RESOURCES-0020,resources:API:android.os.Bundle,has_example,if (savedInstanceState == null) { rootLayout.setVisibility(View.INVISIBLE);,llm_quote_grounded,The KU includes code checking the savedInstanceState Bundle in onCreate.,,,
resources:KU:android.animation.Animator:RESOURCES-0163,resources:API:android.animation.Animator,has_example,"Animator anim = ViewAnimationUtils.createCircularReveal(myView, cx, cy, 0, finalRadius); // make the view visible and start the animation myView.setVisibility(View.VISIBLE); anim.start();",llm_quote_grounded,The KU creates and starts an Animator object for the circular reveal effect.,,,
resources:KU:android.app.Activity:RESOURCES-0182,resources:API:android.app.Activity,has_example,"@Override protected void onCreate(Bundle savedInstanceState) { super.onCreate(savedInstanceState); overridePendingTransition(R.anim.do_not_move, R.anim.do_not_move);",llm_quote_grounded,The KU overrides the Activity's onCreate method to implement the reveal logic.,,,
resources:KU:android.view.View:RESOURCES-0229,resources:API:android.view.View,has_example,rootLayout.setVisibility(View.INVISIBLE); ViewTreeObserver viewTreeObserver = rootLayout.getViewTreeObserver();,llm_quote_grounded,The KU sets visibility on a View to prepare it for the reveal animation.,,,
resources:KU:android.view.animation.Animation:RESOURCES-0021,resources:API:android.view.animation.Animation,has_example,animation.setAnimationListener(new Animation.AnimationListener() { @Override public void onAnimationStart(Animation animation) { tv.setVisibility(View.VISIBLE); },llm_quote_grounded,The KU demonstrates setting an animation listener and starting an animation on a TextView.,,,
resources:KU:android.view.animation.AnimationUtils:RESOURCES-0046,resources:API:android.view.animation.AnimationUtils,has_example,"animation = AnimationUtils.loadAnimation(this,R.anim.fade_in); animation.setAnimationListener(new Animation.AnimationListener() {",llm_quote_grounded,The KU uses AnimationUtils to load an animation resource.,,,
resources:KU:android.widget.TextView:RESOURCES-0076,resources:API:android.widget.TextView,has_example,"tv= (TextView)findViewById(R.id.textView); //-- the below line is returning null animation = AnimationUtils.loadAnimation(this,R.anim.fade_in);",llm_quote_grounded,The KU shows applying an animation to a TextView instance.,,,
resources:KU:android.view.animation.AnimationUtils:RESOURCES-0023,resources:API:android.view.animation.AnimationUtils,has_example,"scaleUp = AnimationUtils.loadAnimation(activity, R.anim.scale_up_fast); } public View getView(final int position, View convertView, ViewGroup parent) {",llm_quote_grounded,The KU uses AnimationUtils to load animations for ListView items.,,,
resources:KU:android.view.View:RESOURCES-0048,resources:API:android.view.View,has_example,cv = (CardView) convertView.findById(R.id.yourView);//Change this to your view cv.startAnimation(scaleUp); },llm_quote_grounded,The KU demonstrates starting an animation on a View obtained from findViewById or inflation.,,,
resources:KU:android.content.Context:RESOURCES-0206,resources:API:android.content.Context,has_example,"inflater = (LayoutInflater) activity.getSystemService(Context.LAYOUT_INFLATER_SERVICE); convertView = inflater.inflate(R.layout.your_layout, parent, false);",llm_quote_grounded,The KU uses Context to retrieve a LayoutInflater service.,,,
resources:KU:android.content.res.Resources:RESOURCES-0024,resources:API:android.content.res.Resources,has_example,Resources res = getResources(); float fontSize = res.getDimension(R.dimen.font_size); This layout XML applies dimensions to attributes:,llm_quote_grounded,The KU provides code showing how to retrieve a dimension value using the Resources object.,,,
resources:KU:android.view.animation.Animation:RESOURCES-0025,resources:API:android.view.animation.Animation,has_explanation,Tween animation: Creates an animation by performing a series of transformations on a single image with an `Animation`,llm_quote_grounded,Explains that Animation is used for tween animations in the view animation framework.,,,
resources:KU:android.graphics.drawable.AnimationDrawable:RESOURCES-0026,resources:API:android.graphics.drawable.AnimationDrawable,has_explanation,Frame animation: or creates an animation by showing a sequence of images in order with an `AnimationDrawable`.,llm_quote_grounded,Explains that AnimationDrawable is used for frame animations showing a sequence of images.,,,
resources:KU:android.animation.Animator:RESOURCES-0210,resources:API:android.animation.Animator,has_explanation,Property Animation Creates an animation by modifying an object's property values over a set period of time with an `Animator`.,llm_quote_grounded,Explains that Animator is used for property animations modifying object properties over time.,,,
resources:KU:android.view.Menu:RESOURCES-0027,resources:API:android.view.Menu,has_explanation,compiled resource datatype: Resource pointer to a `Menu` (or subclass) resource.,llm_quote_grounded,Describes the compiled resource datatype as a pointer to a Menu resource.,,,
resources:KU:android.view.animation.AnimationUtils:RESOURCES-0082,resources:API:android.view.animation.AnimationUtils,has_example,"Animation anim = AnimationUtils.loadAnimation(this, R.anim.slide_in_quickplay);",llm_quote_grounded,Shows usage of AnimationUtils.loadAnimation to load an animation resource.,,,
resources:KU:android.view.animation.Animation:RESOURCES-0111,resources:API:android.view.animation.Animation,has_example,public class QuickPlay extends Activity implements AnimationListener {,llm_quote_grounded,Shows implementation of AnimationListener interface methods for handling animation events.,,,
resources:KU:android.app.Activity:RESOURCES-0149,resources:API:android.app.Activity,has_example,public class QuickPlay extends Activity implements AnimationListener { private ImageView myImageView; private LinearLayout LL; @Override protected void onCreate(Bundle savedInstanceState) { super.onCreate(savedInstanceState); this.setContentView(R.layout.quick_play_screen);,llm_quote_grounded,Provides code example extending Activity and overriding onCreate lifecycle method.,,,
"resources:KU:android.view.View#layout(int,int,int,int):RESOURCES-0170","resources:API:android.view.View#layout(int,int,int,int)",has_example,"LL.layout(0, -(int)this.getResources().getDimension(R.dimen.quickplay_offset), LL.getWidth(), LL.getHeight() + (int)this.getResources().getDimension(R.dimen.quickplay_offset));",llm_quote_grounded,Demonstrates calling layout() to manually position a view off-screen during animation start.,,,
resources:KU:android.widget.ImageView:RESOURCES-0191,resources:API:android.widget.ImageView,has_example,"<ImageView android:id=""@+id/Clip"" android:background=""@drawable/clip"" android:layout_width=""fill_parent"" android:layout_height=""wrap_content""> </ImageView>",llm_quote_grounded,Shows XML definition and Java retrieval of an ImageView used in the animation scenario.,,,
resources:KU:android.content.Context:RESOURCES-0213,resources:API:android.content.Context,has_example,this.getResources().getDimension(R.dimen.quickplay_offset),llm_quote_grounded,Shows usage of Context to retrieve resources via getResources().,,,
resources:KU:android.graphics.drawable.TransitionDrawable:RESOURCES-0029,resources:API:android.graphics.drawable.TransitionDrawable,has_example,TransitionDrawable transition = (TransitionDrawable) viewObj.getBackground(); transition.startTransition(transitionTime);,llm_quote_grounded,Provides XML and Java code examples for creating and starting a TransitionDrawable.,,,
resources:KU:android.view.View:RESOURCES-0150,resources:API:android.view.View,has_example,TransitionDrawable transition = (TransitionDrawable) viewObj.getBackground();,llm_quote_grounded,Shows retrieving the background drawable from a View object.,,,
resources:KU:java.lang.String:RESOURCES-0032,resources:API:java.lang.String,has_example,StringBuilder text = new StringBuilder(); try { while (( line = buffreader.readLine()) != null) { text.append(line); text.append('\\\\\\\\n'); } } catch (IOException e) { return null; } return text.toString();,llm_quote_grounded,Shows String construction and manipulation using StringBuilder and toString.,,,
resources:KU:java.lang.String:RESOURCES-0033,resources:API:java.lang.String,has_example,StringBuilder result = new StringBuilder(); String line; while ((line = reader.readLine()) != null) { result.append(line); } return result.toString();,llm_quote_grounded,Shows String construction using StringBuilder and returning the result.,,,
resources:KU:java.lang.String:RESOURCES-0034,resources:API:java.lang.String,has_example,"const-string v3, ""alpha""",llm_quote_grounded,Shows string literals used as property names in ObjectAnimator creation.,,,
resources:KU:android.animation.Animator:RESOURCES-0175,resources:API:android.animation.Animator,has_example,"iget-object v2, p0, Lcom/android/internal/app/ActionBarImpl;->mCurrentAnim:Landroid/animation/Animator;",llm_quote_grounded,Shows Smali code referencing Animator fields and methods.,,,
resources:KU:android.animation.ObjectAnimator:RESOURCES-0176,resources:API:android.animation.ObjectAnimator,has_example,"invoke-static {v2, v3, v4}, Landroid/animation/ObjectAnimator;->ofFloat(Ljava/lang/Object;Ljava/lang/String;[F)Landroid/animation/ObjectAnimator;",llm_quote_grounded,Shows Smali code invoking ObjectAnimator.ofFloat to create property animations.,,,
resources:KU:android.animation.AnimatorSet:RESOURCES-0195,resources:API:android.animation.AnimatorSet,has_example,"new-instance v0, Landroid/animation/AnimatorSet; invoke-direct {v0}, Landroid/animation/AnimatorSet;-><init>()V",llm_quote_grounded,Shows Smali code instantiating and configuring an AnimatorSet.,,,
resources:KU:android.view.View:RESOURCES-0217,resources:API:android.view.View,has_example,"iget-object v2, p0, Lcom/android/internal/app/ActionBarImpl;->mContentView:Landroid/view/View;",llm_quote_grounded,Shows Smali code accessing View fields like mContentView.,,,
resources:KU:android.widget.ImageView:RESOURCES-0035,resources:API:android.widget.ImageView,has_example,animImg = (ImageView)findViewById(R.id.listen_anim); animImg.setBackgroundResource(R.drawable.listening);,llm_quote_grounded,Shows finding an ImageView and setting its background resource.,,,
resources:KU:android.app.Activity:RESOURCES-0036,resources:API:android.app.Activity,has_example,@Override public void onWindowFocusChanged(boolean hasFocus) { super.onWindowFocusChanged(hasFocus);,llm_quote_grounded,Shows overriding onWindowFocusChanged in an Activity context.,,,
resources:KU:java.lang.String:RESOURCES-0092,resources:API:java.lang.String,has_example,"class AnimTask extends AsyncTask<String, String,String> {",llm_quote_grounded,Shows AsyncTask generic type parameters including String.,,,
resources:KU:android.graphics.drawable.AnimationDrawable:RESOURCES-0177,resources:API:android.graphics.drawable.AnimationDrawable,has_example,anim = (AnimationDrawable) animImg.getBackground(); anim.start();,llm_quote_grounded,Shows casting background to AnimationDrawable and starting it.,,,
resources:KU:android.widget.TextView:RESOURCES-0037,resources:API:android.widget.TextView,has_example,"<TextView android:id=""@+id/usage"" android:layout_marginTop=""220dip""",llm_quote_grounded,The KU provides XML layout code defining a TextView with specific attributes.,,,
"resources:KU:android.view.View#layout(int,int,int,int):RESOURCES-0065","resources:API:android.view.View#layout(int,int,int,int)",has_example,"<TextView android:id=""@+id/usage"" android:layout_marginTop=""220dip""",llm_quote_grounded,The KU shows an XML layout file structure used to define the view hierarchy.,,,
resources:KU:android.app.Activity:RESOURCES-0119,resources:API:android.app.Activity,has_example,public class TesteBlinkActivity extends Activity {,llm_quote_grounded,The KU contains Java code extending Activity and implementing onCreate.,,,
resources:KU:android.view.View:RESOURCES-0153,resources:API:android.view.View,has_example,if(txt.getVisibility() == View.VISIBLE){,llm_quote_grounded,The KU uses View constants like VISIBLE and INVISIBLE in the blinking logic.,,,
resources:KU:android.os.Bundle:RESOURCES-0154,resources:API:android.os.Bundle,has_example,public void onCreate(Bundle savedInstanceState) {,llm_quote_grounded,The KU includes the standard Activity onCreate signature which accepts a Bundle.,,,
resources:KU:android.view.View:RESOURCES-0038,resources:API:android.view.View,has_guidance,"From a View, you'd have to change the last argument to <code>getContext().getPackageName()</code>",llm_quote_grounded,The KU advises on how to retrieve package name when calling from a View context.,,,
resources:KU:android.content.res.Resources:RESOURCES-0066,resources:API:android.content.res.Resources,has_example,"int resId = res.getIdentifier(this.name(), ""string"", context.getPackageName());",llm_quote_grounded,The KU demonstrates using Resources.getIdentifier and getString for enum lookup.,,,
resources:KU:java.lang.String:RESOURCES-0096,resources:API:java.lang.String,has_example,return (res.getString(resId));,llm_quote_grounded,The KU returns localized strings based on resource IDs.,,,
resources:KU:android.animation.ObjectAnimator:RESOURCES-0039,resources:API:android.animation.ObjectAnimator,has_example,"ObjectAnimator oa = ObjectAnimator.ofFloat(menuFragmentContainer, ""xFraction"", 0, 0.25f);",llm_quote_grounded,The KU provides both XML and Java examples of creating ObjectAnimators.,,,
resources:KU:android.animation.AnimatorInflater:RESOURCES-0199,resources:API:android.animation.AnimatorInflater,has_guidance,Then You can use the xml way to declare the object animator putting xFraction under the property xml attribute and inflate it with a AnimatorInflater,llm_quote_grounded,The KU mentions inflating object animators from XML using AnimatorInflater.,,,
resources:KU:android.content.Context:RESOURCES-0222,resources:API:android.content.Context,has_example,public SlidingFrameLayout(Context context) {,llm_quote_grounded,The custom View constructor accepts a Context parameter.,,,
resources:KU:java.lang.String:RESOURCES-0223,resources:API:java.lang.String,has_example,"ObjectAnimator.ofFloat(menuFragmentContainer, ""xFraction"", 0, 0.25f);",llm_quote_grounded,The KU uses String literals for property names in ObjectAnimator creation.,,,
resources:KU:android.content.Context:RESOURCES-0040,resources:API:android.content.Context,has_example,"public ThreePaneLayout(Context context, AttributeSet attrs) {",llm_quote_grounded,The custom LinearLayout subclass constructor takes a Context.,,,
resources:KU:android.animation.Animator:RESOURCES-0041,resources:API:android.animation.Animator,has_example,.setListener(new AnimatorListenerAdapter() {,llm_quote_grounded,The KU implements AnimatorListenerAdapter to handle animation end events.,,,
resources:KU:android.view.View:RESOURCES-0042,resources:API:android.view.View,has_example,v.animate().translationXBy(deltaX).setDuration(ANIM_DURATION),llm_quote_grounded,The KU manipulates View properties like visibility and translationX.,,,
"resources:KU:android.view.View#layout(int,int,int,int):RESOURCES-0068","resources:API:android.view.View#layout(int,int,int,int)",has_example,"Those childrens' widths can be set in the layout XML, via whatever desired means",llm_quote_grounded,The KU describes setting up children widths in layout XML.,,,
resources:KU:android.animation.AnimatorSet:RESOURCES-0069,resources:API:android.animation.AnimatorSet,has_guidance,(it is possible that it is a better idea to use an <code>AnimatorSet</code> and <code>ObjectAnimators</code> for all of these,llm_quote_grounded,The KU suggests using AnimatorSet as a potentially better approach.,,,
resources:KU:android.animation.ObjectAnimator:RESOURCES-0098,resources:API:android.animation.ObjectAnimator,has_example,"ObjectAnimator.ofInt(this, ""middleWidth"", middleWidthNormal, leftWidth).setDuration(ANIM_DURATION).start();",llm_quote_grounded,The KU uses ObjectAnimator to animate a custom width property.,,,
resources:KU:android.widget.Button:RESOURCES-0136,resources:API:android.widget.Button,has_example,The activity uses a <code>ThreePaneLayout</code> to hold a pair of <code>ListFragment</code> widgets and a <code>Button</code>.,llm_quote_grounded,The activity setup involves a Button widget.,,,
resources:KU:android.content.Context:RESOURCES-0043,resources:API:android.content.Context,has_example,public ExpandableTextView(Context context) {,llm_quote_grounded,The custom TextView constructor requires a Context.,,,
resources:KU:android.widget.TextView:RESOURCES-0140,resources:API:android.widget.TextView,has_example,public class ExpandableTextView extends TextView {,llm_quote_grounded,The KU defines a custom class extending TextView.,,,
resources:KU:android.app.Activity:RESOURCES-0141,resources:API:android.app.Activity,has_example,public class MyActivity extends Activity {,llm_quote_grounded,The KU provides an Activity example to test the custom view.,,,
resources:KU:android.os.Bundle:RESOURCES-0159,resources:API:android.os.Bundle,has_example,public void onCreate(Bundle savedInstanceState) {,llm_quote_grounded,The Activity onCreate method signature includes a Bundle.,,,
resources:KU:java.lang.String:RESOURCES-0160,resources:API:java.lang.String,has_example,"String yourText = ""Lorem ipsum dolor sit amet, consectetur adipiscing elit. """,llm_quote_grounded,The KU uses String concatenation for sample text.,,,
resources:KU:android.content.res.TypedArray:RESOURCES-0179,resources:API:android.content.res.TypedArray,has_example,"TypedArray typedArray = context.obtainStyledAttributes(attrs, R.styleable.ExpandableTextView);",llm_quote_grounded,The KU retrieves custom attributes using TypedArray.,,,
"resources:KU:android.view.View#layout(int,int,int,int):RESOURCES-0202","resources:API:android.view.View#layout(int,int,int,int)",has_example,"<com.rokonoid.widget.ExpandableTextView android:id=""@+id/lorem_ipsum""",llm_quote_grounded,The KU provides an XML layout file snippet.,,,
resources:KU:android.view.View:RESOURCES-0203,resources:API:android.view.View,has_example,setOnClickListener(new OnClickListener() {,llm_quote_grounded,The KU sets an OnClickListener on the View.,,,
resources:KU:android.view.View:RESOURCES-0044,resources:API:android.view.View,has_example,view.animate().translationY(distance);,llm_quote_grounded,The KU demonstrates animating a View's translationY and alpha properties.,,,
resources:KU:android.animation.Animator:RESOURCES-0224,resources:API:android.animation.Animator,has_example,.setListener(new AnimatorListenerAdapter() {,llm_quote_grounded,The KU uses AnimatorListenerAdapter to handle animation completion.,,,
resources:KU:android.app.Activity:RESOURCES-0045,resources:API:android.app.Activity,has_example,Toolbar toolbar = (Toolbar) findViewById(R.id.toolbar); setSupportActionBar(toolbar);,llm_quote_grounded,The KU references setSupportActionBar within an Activity context.,,,
resources:KU:android.animation.ValueAnimator:RESOURCES-0075,resources:API:android.animation.ValueAnimator,has_example,"mVaActionBar = ValueAnimator.ofInt(mToolbarHeight , 0);",llm_quote_grounded,The KU uses ValueAnimator to animate the toolbar height.,,,
resources:KU:android.animation.Animator:RESOURCES-0183,resources:API:android.animation.Animator,has_example,mVaActionBar.addListener(new AnimatorListenerAdapter() {,llm_quote_grounded,The KU adds listeners to the animator to control visibility.,,,
resources:KU:android.view.View:RESOURCES-0230,resources:API:android.view.View,has_example,mToolbar.animate().translationY(-112).setDuration(600L),llm_quote_grounded,The KU treats the Toolbar as a View and animates its translation.,,,
resources:KU:android.animation.AnimatorSet:RESOURCES-0047,resources:API:android.animation.AnimatorSet,has_example,AnimatorSet animSet = new AnimatorSet(),llm_quote_grounded,The KU groups height and alpha animations into an AnimatorSet.,,,
resources:KU:android.view.View:RESOURCES-0077,resources:API:android.view.View,has_example,expandableView.setVisibility(View.VISIBLE);,llm_quote_grounded,The KU manipulates View visibility and layout parameters during animation.,,,
resources:KU:android.widget.TextView:RESOURCES-0103,resources:API:android.widget.TextView,has_example,final TextView tv = vh.getExpandableTextView();,llm_quote_grounded,The second solution specifically targets a TextView for expansion.,,,
resources:KU:android.animation.Animator:RESOURCES-0126,resources:API:android.animation.Animator,has_example,animSet.addListener(new Animator.AnimatorListener() {,llm_quote_grounded,The KU implements Animator.AnimatorListener interface methods.,,,
"resources:KU:android.view.View#layout(int,int,int,int):RESOURCES-0144","resources:API:android.view.View#layout(int,int,int,int)",has_guidance,I noticed some shortcomings when using the <code>DefaultItemAnimator</code> to show/hide a view by updating its visibility.,llm_quote_grounded,The KU explains that DefaultItemAnimator does not animate height changes automatically.,,,
resources:KU:android.animation.ValueAnimator:RESOURCES-0145,resources:API:android.animation.ValueAnimator,has_example,"heightAnim = ValueAnimator.ofInt(expandableView.getHeight(), toHeight);",llm_quote_grounded,The KU uses ValueAnimator to interpolate integer height values.,,,
resources:KU:android.animation.ObjectAnimator:RESOURCES-0184,resources:API:android.animation.ObjectAnimator,has_example,"alphaAnim = ObjectAnimator.ofFloat(expandableView, ""alpha"", 1f);",llm_quote_grounded,The KU uses ObjectAnimator to animate the alpha property.,,,
resources:KU:android.content.Context:RESOURCES-0049,resources:API:android.content.Context,has_example,String locale = context.getResources().getConfiguration().locale.getDisplayName();,llm_quote_grounded,The KU provides a code snippet demonstrating how to use the Context object to retrieve locale information.,,,
resources:KU:android.content.res.Resources:RESOURCES-0050,resources:API:android.content.res.Resources,has_explanation,"You can also retrieve individual resources using methods in `Resources`, which you can get an instance of with `getResources()`.",llm_quote_grounded,The KU explains that Resources instances are obtained via getResources() and used to retrieve individual resources.,,,
resources:KU:android.content.res.Resources:RESOURCES-0051,resources:API:android.content.res.Resources,has_example,Resources res = getResources(); int color = res.getColor(R.color.opaque_red);,llm_quote_grounded,The KU shows Java code using the Resources class (via getResources()) to retrieve a color resource.,,,
resources:KU:android.widget.Button:RESOURCES-0052,resources:API:android.widget.Button,has_example,"An example use of a Nine-Patch image is the background used by Android's standard `Button` widget, which must stretch to accommodate the text (or image) inside the button.",llm_quote_grounded,The KU cites the standard Android Button widget as a typical use case for Nine-Patch images.,,,
resources:KU:android.graphics.NinePatch:RESOURCES-0169,resources:API:android.graphics.NinePatch,has_explanation,A `NinePatch` is a PNG image in which you can define stretchable regions that Android scales when content within the View exceeds the normal image bounds.,llm_quote_grounded,The KU defines what a NinePatch is and how it functions regarding stretchable regions and scaling.,,,
resources:KU:android.view.animation.CycleInterpolator:RESOURCES-0053,resources:API:android.view.animation.CycleInterpolator,has_explanation,Repeats the animation for a specified number of cycles. The rate of change follows a sinusoidal pattern.,llm_quote_grounded,"The KU describes the behavior of CycleInterpolator, noting its sinusoidal pattern and cycle repetition.",,,
resources:KU:android.view.animation.Interpolator:RESOURCES-0211,resources:API:android.view.animation.Interpolator,has_guidance,"If you're not satisfied with the interpolators provided by the platform (listed in the table above), you can create a custom interpolator resource with modified attributes.",llm_quote_grounded,The KU instructs on how to create custom interpolator resources if platform defaults are insufficient.,,,
resources:KU:android.view.animation.AnticipateInterpolator:RESOURCES-0234,resources:API:android.view.animation.AnticipateInterpolator,has_explanation,The change starts backward then flings forward.,llm_quote_grounded,The KU explains the specific motion characteristics of AnticipateInterpolator.,,,
resources:KU:android.graphics.drawable.TransitionDrawable:RESOURCES-0054,resources:API:android.graphics.drawable.TransitionDrawable,has_explanation,A `TransitionDrawable` is a drawable object that can cross-fade between the two drawable resources.,llm_quote_grounded,The KU defines TransitionDrawable and its capability to cross-fade between two drawable resources.,,,
resources:KU:android.graphics.drawable.TransitionDrawable:RESOURCES-0054,resources:API:android.graphics.drawable.TransitionDrawable,has_guidance,"To transition forward, call `startTransition()`. To transition backward, call `reverseTransition()`.",llm_quote_grounded,The KU specifies the method calls required to initiate forward or backward transitions.,,,
resources:KU:android.widget.ImageView:RESOURCES-0055,resources:API:android.widget.ImageView,has_example,mImageView.startAnimation(mAnimation);,llm_quote_grounded,The KU uses ImageView in a code snippet to demonstrate applying an animation.,,,
resources:KU:android.view.View:RESOURCES-0083,resources:API:android.view.View,has_guidance,"This is the proper workaround for this issue, provide the functionality in the over-riden View -> onAnimationEnd method as opposed to the onAnimationEnd method of the AnimationListener attached to the Animation.",llm_quote_grounded,The KU advises overriding onAnimationEnd in a custom View subclass to fix animation flickering issues.,,,
resources:KU:android.view.animation.Animation:RESOURCES-0112,resources:API:android.view.animation.Animation,has_constraint,This basically states that the onAnimationEnd method doesn't really work well when an AnimationListener is attached to an Animation,llm_quote_grounded,The KU notes a limitation/bug where onAnimationEnd does not work well when an AnimationListener is attached.,,,
resources:KU:android.app.Activity:RESOURCES-0056,resources:API:android.app.Activity,has_example,public class Mtest extends Activity { Button b1; Button b2; public void onCreate(Bundle savedInstanceState) { ... b1 = (Button) findViewById(R.id.b1); b2 = (Button) findViewById(R.id.b2); b1.setOnClickListener(myhandler); b2.setOnClickListener(myhandler); ... },llm_quote_grounded,The KU provides a complete Activity class structure showing how to set up buttons and click listeners.,,,
resources:KU:android.os.Bundle:RESOURCES-0113,resources:API:android.os.Bundle,has_example,public void onCreate(Bundle savedInstanceState) {,llm_quote_grounded,The KU includes Bundle in the signature of the onCreate method within the Activity example.,,,
resources:KU:android.view.View:RESOURCES-0192,resources:API:android.view.View,has_example,View.OnClickListener myOnlyhandler = new View.OnClickListener() { public void onClick(View v) { switch(v.getId()) { case R.id.b1: // it was the first button break; case R.id.b2: // it was the second button break; } } },llm_quote_grounded,The KU demonstrates using View.OnClickListener and accessing view IDs within the onClick method.,,,
resources:KU:android.widget.Button:RESOURCES-0214,resources:API:android.widget.Button,has_example,b1 = (Button) findViewById(R.id.b1); b2 = (Button) findViewById(R.id.b2); b1.setOnClickListener(myhandler); b2.setOnClickListener(myhandler);,llm_quote_grounded,The KU shows how to instantiate Buttons and assign them click listeners in an Activity.,,,
resources:KU:android.os.Bundle:RESOURCES-0057,resources:API:android.os.Bundle,has_example,@Override public void onCreate(Bundle icicle) { super.onCreate(icicle); setContentView(R.layout.myscreen);,llm_quote_grounded,The KU provides a code example showing how to use the Bundle parameter in an Activity's onCreate method.,,,
resources:KU:android.app.Activity:RESOURCES-0084,resources:API:android.app.Activity,has_example,@Override public void onCreate(Bundle icicle) { super.onCreate(icicle); setContentView(R.layout.myscreen);,llm_quote_grounded,The KU demonstrates implementing the onCreate lifecycle method of an Activity.,,,
resources:KU:android.view.animation.AnimationUtils:RESOURCES-0086,resources:API:android.view.animation.AnimationUtils,has_example,"Animation rotateAnim = AnimationUtils.loadAnimation(this, R.anim.rotation);",llm_quote_grounded,The KU shows how to load an animation resource using AnimationUtils.,,,
resources:KU:android.view.animation.Animation:RESOURCES-0129,resources:API:android.view.animation.Animation,has_example,"<rotate xmlns:android=""http://schemas.android.com/apk/res/android"" android:fromDegrees=""0"" android:toDegrees=""-90""",llm_quote_grounded,The KU provides an XML definition for a rotation animation and Java code to apply it.,,,
resources:KU:android.view.animation.Animation:RESOURCES-0060,resources:API:android.view.animation.Animation,has_explanation,This basically states that the onAnimationEnd method doesn't really work well when an AnimationListener is attached to an Animation,llm_quote_grounded,Explains that onAnimationEnd does not fire at the true end of the animation when a listener is attached.,,,
resources:KU:android.view.animation.Animation:RESOURCES-0060,resources:API:android.view.animation.Animation,has_guidance,provide the functionality in the over-riden View -> onAnimationEnd method as opposed to the onAnimationEnd method of the AnimationListener,llm_quote_grounded,Advises overriding View.onAnimationEnd instead of using AnimationListener for accurate timing.,,,
resources:KU:android.widget.ImageView:RESOURCES-0088,resources:API:android.widget.ImageView,has_example,public class MyImageView extends ImageView {,llm_quote_grounded,Shows creating a custom ImageView subclass to implement the workaround.,,,
resources:KU:android.view.View:RESOURCES-0089,resources:API:android.view.View,has_guidance,override the <code>onAnimationEnd</code> method of the View class and provide all the functionality there,llm_quote_grounded,Instructs to override the onAnimationEnd method within the View class.,,,
resources:KU:android.view.animation.AnimationUtils:RESOURCES-0071,resources:API:android.view.animation.AnimationUtils,has_example,"/*android.view.animation.Animation anim = AnimationUtils .loadAnimation(getApplicationContext(), R.anim.fadein);*/",llm_quote_grounded,Shows commented-out code for loading an animation via AnimationUtils.,,,
resources:KU:android.view.animation.Animation:RESOURCES-0138,resources:API:android.view.animation.Animation,has_example,android.view.animation.Animation anim = animate(a);,llm_quote_grounded,Uses the Animation class type in variable declarations and method calls.,,,
resources:KU:android.view.View:RESOURCES-0072,resources:API:android.view.View,has_guidance,view.setVisibility(View.GONE); // view is our View we trying to animate,llm_quote_grounded,Suggests setting visibility to GONE before starting the animation to prevent blinking.,,,
resources:KU:android.view.animation.Animation:RESOURCES-0201,resources:API:android.view.animation.Animation,has_guidance,Then set animation listener for your animation:,llm_quote_grounded,Recommends using an AnimationListener to set visibility back to VISIBLE on start.,,,
resources:KU:android.view.View:RESOURCES-0074,resources:API:android.view.View,has_example,public class AnimationView extends View { private Movie mMovie; private long mMovieStart;,llm_quote_grounded,Provides a custom View implementation (AnimationView/PlayGifView) for drawing GIFs.,,,
resources:KU:android.view.View:RESOURCES-0074,resources:API:android.view.View,has_constraint,Starting from HONEYCOMB have to turn off HardWare acceleration to draw * Movie on Canvas.,llm_quote_grounded,Notes that hardware acceleration must be disabled for Movie drawing on newer Android versions.,,,
resources:KU:android.content.Context:RESOURCES-0161,resources:API:android.content.Context,has_example,is = context.getResources().openRawResource(R.drawable.scanning);,llm_quote_grounded,Shows using Context to open raw resources for decoding streams.,,,
resources:KU:android.content.Context:RESOURCES-0078,resources:API:android.content.Context,has_example,"Resources res = getResources(); String text = String.format(res.getString(R.string.welcome_messages), username, mailCount);",llm_quote_grounded,Demonstrates retrieving Resources from the context to format strings.,,,
resources:KU:android.content.res.Resources:RESOURCES-0079,resources:API:android.content.res.Resources,has_example,boolean screenIsSmall = res.getBoolean(R.bool.screen_small);,llm_quote_grounded,Shows how to retrieve a boolean value from resources using getBoolean.,,,
resources:KU:android.graphics.drawable.InsetDrawable:RESOURCES-0080,resources:API:android.graphics.drawable.InsetDrawable,has_explanation,A drawable defined in XML that insets another drawable by a specified distance. This is useful when a View needs a background that is smaller than the View's actual bounds.,llm_quote_grounded,Explains what an Inset Drawable is and its utility.,,,
resources:KU:android.graphics.drawable.InsetDrawable:RESOURCES-0080,resources:API:android.graphics.drawable.InsetDrawable,has_guidance,file location: `res/drawable/filename.xml` The filename is used as the resource ID.,llm_quote_grounded,Provides file location and syntax for defining the resource.,,,
resources:KU:android.graphics.drawable.InsetDrawable:RESOURCES-0080,resources:API:android.graphics.drawable.InsetDrawable,has_example,"<?xml version=""1.0"" encoding=""utf-8""?> <inset xmlns:android=""http://schemas.android.com/apk/res/android"" android:drawable=""@drawable/background"" android:insetTop=""10dp"" android:insetLeft=""10dp"" />",llm_quote_grounded,Provides an XML code example of an inset drawable.,,,
resources:KU:android.content.res.TypedArray:RESOURCES-0081,resources:API:android.content.res.TypedArray,has_explanation,Typed Array XML resource that provides a `TypedArray` (which you can use for an array of drawables).,llm_quote_grounded,Defines Typed Array as an XML resource providing a TypedArray.,,,
resources:KU:android.content.res.Resources:RESOURCES-0097,resources:API:android.content.res.Resources,has_constraint,Resources are not static and can't be accessed from static context.,llm_quote_grounded,States that resources are not static and cannot be accessed from a static context.,,,
resources:KU:android.content.res.Resources:RESOURCES-0097,resources:API:android.content.res.Resources,has_guidance,So I guess there is no way around doing those operations in <code>onCreate</code> or later.,llm_quote_grounded,Advises performing resource operations in onCreate or later.,,,
resources:KU:android.content.Context:RESOURCES-0157,resources:API:android.content.Context,has_explanation,<code>getResources()</code> (short for ~ <code>MyActivity.this.getResources()</code>) requires a context object which is not initialized at that time.,llm_quote_grounded,Explains that getResources requires a context object which is not initialized in static blocks.,,,
resources:KU:android.content.res.Resources:RESOURCES-0099,resources:API:android.content.res.Resources,has_constraint,"(By the way, the reason you cannot use <code>Resources.getSystem()</code> is that the <code>Resources</code> object you obtain that way contains only system resources, not any application resources.)",llm_quote_grounded,Explains why Resources.getSystem() fails for app resources.,,,
resources:KU:android.content.res.Resources:RESOURCES-0099,resources:API:android.content.res.Resources,has_guidance,Just initialize the string array in <code>onCreate()</code> and don't worry about making the fields static or final.,llm_quote_grounded,Suggests initializing string arrays in onCreate instead of static fields.,,,
resources:KU:android.content.Context:RESOURCES-0200,resources:API:android.content.Context,has_example,public static String[] getArray(Context context) { if (theArray == null) { theArray = context.getResources().getStringArray(R.array.my_strings); } return theArray; },llm_quote_grounded,Shows using Context to retrieve resources in a singleton pattern.,,,
resources:KU:android.view.animation.Animation:RESOURCES-0100,resources:API:android.view.animation.Animation,has_example,public class MyCustomAnimation extends Animation { public final static int COLLAPSE = 1; public final static int EXPAND = 0; private View mView; private int mEndHeight; private int mType; private LinearLayout.LayoutParams mLayoutParams;,llm_quote_grounded,Provides a custom Animation class implementation.,,,
resources:KU:android.view.View:RESOURCES-0139,resources:API:android.view.View,has_example,view2.startAnimation(a);,llm_quote_grounded,Shows how to start animation on a View.,,,
resources:KU:android.view.animation.Animation:RESOURCES-0101,resources:API:android.view.animation.Animation,has_example,"<translate xmlns:android=""http://schemas.android.com/apk/res/android"" android:duration=""500"" android:fromXDelta=""100%"" android:toXDelta=""0%"" > </translate>",llm_quote_grounded,Provides XML definitions for translate animations.,,,
resources:KU:android.view.animation.AnimationUtils:RESOURCES-0225,resources:API:android.view.animation.AnimationUtils,has_example,"Animation RightSwipe = AnimationUtils.loadAnimation(Screen.this, R.anim.right_swipe);",llm_quote_grounded,Shows loading animation using AnimationUtils.,,,
resources:KU:android.view.animation.AnimationUtils:RESOURCES-0104,resources:API:android.view.animation.AnimationUtils,has_example,"final Animation animation = AnimationUtils.loadAnimation(MainActivity.this, R.anim.anim);",llm_quote_grounded,Demonstrates loading an animation resource.,,,
resources:KU:android.view.animation.Animation:RESOURCES-0185,resources:API:android.view.animation.Animation,has_example,animation.setAnimationListener(new Animation.AnimationListener() { @Override public void onAnimationStart(Animation animation) {} @Override public void onAnimationEnd(Animation animation) { bar.setVisibility(View.GONE); } @Override public void onAnimationRepeat(Animation animation) {} });,llm_quote_grounded,Shows setting up an animation listener.,,,
resources:KU:android.view.View:RESOURCES-0231,resources:API:android.view.View,has_example,bar.startAnimation(animation);,llm_quote_grounded,Shows starting animation on a view.,,,
resources:KU:android.graphics.drawable.ClipDrawable:RESOURCES-0105,resources:API:android.graphics.drawable.ClipDrawable,has_explanation,"Note: The default level is 0, which is fully clipped so the image is not visible. When the level is 10,000, the image is not clipped and completely visible.",llm_quote_grounded,Explains the relationship between level and visibility/clipping.,,,
resources:KU:android.graphics.drawable.ClipDrawable:RESOURCES-0105,resources:API:android.graphics.drawable.ClipDrawable,has_example,ClipDrawable drawable = (ClipDrawable) imageview.getDrawable(); drawable.setLevel(drawable.getLevel() + 1000);,llm_quote_grounded,Provides code to increase clipping level.,,,
resources:KU:android.graphics.drawable.BitmapDrawable:RESOURCES-0106,resources:API:android.graphics.drawable.BitmapDrawable,has_explanation,compiled resource datatype: Resource pointer to a `BitmapDrawable`.,llm_quote_grounded,Explains the relationship between XML bitmap resources and BitmapDrawable.,,,
resources:KU:android.graphics.Bitmap:RESOURCES-0107,resources:API:android.graphics.Bitmap,has_explanation,An XML bitmap is a resource defined in XML that points to a bitmap file. The effect is an alias for a raw bitmap file.,llm_quote_grounded,Defines what an XML bitmap is in relation to raw bitmap files.,,,
resources:KU:android.graphics.Bitmap:RESOURCES-0107,resources:API:android.graphics.Bitmap,has_guidance,"Note: You can use a `<bitmap>` element as a child of an `<item>` element. For example, when creating a state list or layer list, you can exclude the `android:drawable` attribute from an `<item>` element and nest a `<bitmap>` inside it that defines the drawable item.",llm_quote_grounded,Guides on how to use the bitmap element within other structures like state lists.,,,
resources:KU:android.widget.TextView:RESOURCES-0116,resources:API:android.widget.TextView,has_example,"<TextView android:id=""@+id/foo"" android:layout_width=""wrap_content"" android:layout_height=""wrap_content"" android:text=""@bool/foo_flag""></TextView>",llm_quote_grounded,Provides a code snippet showing incorrect usage of a bool resource in a TextView.,,,
resources:KU:android.widget.TextView:RESOURCES-0116,resources:API:android.widget.TextView,has_constraint,"""text"" expects a string resource, not a bool",llm_quote_grounded,"Specifies that the text attribute expects a string resource, not a boolean.",,,
resources:KU:android.view.Window:RESOURCES-0120,resources:API:android.view.Window,has_guidance,requestWindowFeature(Window.FEATURE_CUSTOM_TITLE);,llm_quote_grounded,Shows how to request a custom title feature on the window.,,,
resources:KU:android.view.Window:RESOURCES-0120,resources:API:android.view.Window,has_guidance,"getWindow().setFeatureInt(Window.FEATURE_CUSTOM_TITLE, R.layout.custom_title_1);",llm_quote_grounded,Shows how to set the custom title layout using the window.,,,
resources:KU:java.lang.String:RESOURCES-0121,resources:API:java.lang.String,has_constraint,"You cant set a string, its static, and cant be changed at run-time",llm_quote_grounded,States that string resources are static and cannot be modified at runtime.,,,
resources:KU:android.widget.TextView:RESOURCES-0178,resources:API:android.widget.TextView,has_example,leftText.setText(app_name); rightText.setText(date);,llm_quote_grounded,Demonstrates setting text on TextViews programmatically.,,,
resources:KU:android.view.animation.AnimationUtils:RESOURCES-0122,resources:API:android.view.animation.AnimationUtils,has_example,"Animation animationEnterByRight = AnimationUtils.loadAnimation(this, R.anim.animationentrancebyright);",llm_quote_grounded,Shows how to load an animation resource using AnimationUtils.,,,
resources:KU:android.view.animation.Animation:RESOURCES-0158,resources:API:android.view.animation.Animation,has_example,"Animation outtoRight = new TranslateAnimation( Animation.RELATIVE_TO_SELF, 0.0f, Animation.RELATIVE_TO_SELF, +1.0f, Animation.RELATIVE_TO_SELF, 0.0f, Animation.RELATIVE_TO_SELF, 0.0f );",llm_quote_grounded,Shows instantiation and configuration of a TranslateAnimation.,,,
resources:KU:android.view.animation.Animation:RESOURCES-0158,resources:API:android.view.animation.Animation,has_guidance,"and it comes from out of the screen, I don't need to position it outside first, the animation takes care of that for me.",llm_quote_grounded,Explains that animations can handle positioning off-screen automatically.,,,
resources:KU:android.view.View:RESOURCES-0124,resources:API:android.view.View,has_example,"View rootView = View.inflate(context, R.layout.my_layout, null);",llm_quote_grounded,Shows how to inflate a view from a layout resource ID.,,,
resources:KU:android.view.animation.LinearInterpolator:RESOURCES-0125,resources:API:android.view.animation.LinearInterpolator,has_example,final Interpolator interpolator = new LinearInterpolator();,llm_quote_grounded,Shows instantiation of LinearInterpolator for animation calculation.,,,
resources:KU:android.view.animation.Interpolator:RESOURCES-0227,resources:API:android.view.animation.Interpolator,has_example,float t = interpolator.getInterpolation((float) elapsed / duration);,llm_quote_grounded,Shows usage of getInterpolation method to calculate progress.,,,
resources:KU:android.graphics.drawable.GradientDrawable:RESOURCES-0127,resources:API:android.graphics.drawable.GradientDrawable,has_explanation,remember that the wrapped <code>Drawable</code> is a <code>GradientDrawable</code> and not a <code>ColorDrawable</code>!,llm_quote_grounded,Identifies the type of drawable wrapped by InsetDrawable in this context.,,,
resources:KU:android.graphics.drawable.InsetDrawable:RESOURCES-0146,resources:API:android.graphics.drawable.InsetDrawable,has_explanation,Those sort of <code>Dialogs</code> use an <code>InsetDrawable</code> as a background.,llm_quote_grounded,Explains that dialogs use InsetDrawable for their background.,,,
resources:KU:android.graphics.drawable.InsetDrawable:RESOURCES-0146,resources:API:android.graphics.drawable.InsetDrawable,has_guidance,"For this you can use <a href=""http://grepcode.com/file/repository.grepcode.com/java/ext/com.google.android/android/5.0.0_r1/android/graphics/drawable/InsetDrawable.java#InsetDrawable.setAlpha%28int%29"" rel=""nofollow noreferrer""><code>setAlpha(...)</code></a> method on <code>InsetDrawable</code>.",llm_quote_grounded,Suggests using setAlpha on InsetDrawable to make it transparent without losing margins.,,,
resources:KU:android.graphics.drawable.InsetDrawable:RESOURCES-0146,resources:API:android.graphics.drawable.InsetDrawable,has_example,InsetDrawable background = (InsetDrawable) dialog.getWindow().getDecorView().getBackground(); background.setAlpha(0);,llm_quote_grounded,Code snippet demonstrating casting to InsetDrawable and setting alpha.,,,
resources:KU:android.graphics.drawable.Drawable:RESOURCES-0165,resources:API:android.graphics.drawable.Drawable,has_explanation,Unfortunately only SDK for API>=23 allows you to get the source <code>Drawable</code> wrapped by the <code>InsetDrawable</code>,llm_quote_grounded,Discusses limitations of accessing source drawables via API levels.,,,
resources:KU:android.graphics.drawable.BitmapDrawable:RESOURCES-0128,resources:API:android.graphics.drawable.BitmapDrawable,has_explanation,Android creates a `Drawable` resource for any of these files when you save them in the `res/drawable/` directory.,llm_quote_grounded,Describes how Android creates a Drawable resource from bitmap files.,,,
resources:KU:android.graphics.drawable.BitmapDrawable:RESOURCES-0128,resources:API:android.graphics.drawable.BitmapDrawable,has_explanation,compiled resource datatype: Resource pointer to a `BitmapDrawable`.,llm_quote_grounded,Specifies the compiled data type for bitmap files.,,,
resources:KU:android.graphics.drawable.BitmapDrawable:RESOURCES-0128,resources:API:android.graphics.drawable.BitmapDrawable,has_example,Resources res = getResources(); Drawable drawable = res.getDrawable(R.drawable.myimage);,llm_quote_grounded,Shows retrieving the image as a Drawable in Java code.,,,
resources:KU:android.view.View:RESOURCES-0133,resources:API:android.view.View,has_example,v.getLayoutParams().height = newHeight; v.requestLayout();,llm_quote_grounded,"The KU provides code examples showing how to manipulate View properties like visibility, layout params, and height for animation.",,,
resources:KU:android.view.View:RESOURCES-0133,resources:API:android.view.View,has_guidance,"The main advantage is that you don't have to know the expanded height to apply the animation and once the view is expanded, it adapts height if content changes.",llm_quote_grounded,The KU offers a solution strategy for expanding/collapsing views by measuring target height and animating layout parameters.,,,
resources:KU:android.view.animation.Animation:RESOURCES-0174,resources:API:android.view.animation.Animation,has_example,"Animation a = new Animation() { int initialHeight; @Override protected void applyTransformation(float interpolatedTime, Transformation t) {",llm_quote_grounded,The KU contains Java code implementing custom Animation classes with overridden methods like applyTransformation.,,,
resources:KU:android.view.animation.Animation:RESOURCES-0174,resources:API:android.view.animation.Animation,has_constraint,Older versions of android (pre API 21) cancel animations for views with a height of 0.,llm_quote_grounded,The KU notes a specific behavior in older Android versions regarding animations on zero-height views.,,,
resources:KU:android.app.Activity:RESOURCES-0143,resources:API:android.app.Activity,has_example,"ContextCompat.getDrawable(getActivity(), R.drawable.name);",llm_quote_grounded,The KU shows using getActivity() within ContextCompat.getDrawable as part of an Activity context.,,,
resources:KU:android.graphics.drawable.Drawable:RESOURCES-0228,resources:API:android.graphics.drawable.Drawable,has_example,"ResourcesCompat.getDrawable(getResources(), R.drawable.name, null);",llm_quote_grounded,The KU provides code snippets for obtaining styled and unstyled drawables.,,,
resources:KU:android.content.res.Resources:RESOURCES-0147,resources:API:android.content.res.Resources,has_example,int[] bits = res.getIntArray(R.array.bits);,llm_quote_grounded,The KU demonstrates retrieving an integer array from Resources using getIntArray.,,,
resources:KU:android.content.res.Resources:RESOURCES-0147,resources:API:android.content.res.Resources,has_guidance,file location: `res/values/filename.xml` The filename is arbitrary. The `<integer-array>` element's `name` will be used as the resource ID.,llm_quote_grounded,The KU describes the file location and syntax for defining integer arrays in XML resources.,,,
resources:KU:java.lang.String:RESOURCES-0148,resources:API:java.lang.String,has_example,String[] planets = res.getStringArray(R.array.planets_array);,llm_quote_grounded,"The KU shows retrieving a String array from Resources, resulting in an array of Strings.",,,
resources:KU:java.lang.String:RESOURCES-0148,resources:API:java.lang.String,has_guidance,An array of strings that can be referenced from the application.,llm_quote_grounded,The KU defines the structure and usage of string arrays in XML resources.,,,
resources:KU:android.view.animation.Animation:RESOURCES-0155,resources:API:android.view.animation.Animation,has_example,"TranslateAnimation animation = new TranslateAnimation(0, 0, 100, 0); animation.setDuration(700);",llm_quote_grounded,The KU includes code setting up TranslateAnimation and AnimationListeners.,,,
resources:KU:android.view.animation.Animation:RESOURCES-0155,resources:API:android.view.animation.Animation,has_guidance,Adding a short animation to the back end of the onAnimationEnd() when we are hiding the view makes the flicker go away.,llm_quote_grounded,The KU suggests a workaround for flickering issues involving adding a short dummy animation at the end.,,,
resources:KU:android.view.animation.TranslateAnimation:RESOURCES-0197,resources:API:android.view.animation.TranslateAnimation,has_example,"animation = new TranslateAnimation(0.0f, 0.0f, 0.0f, 0.0f); animation.setDuration(1);",llm_quote_grounded,The KU provides concrete instances of creating and configuring TranslateAnimation objects.,,,
resources:KU:android.view.animation.TranslateAnimation:RESOURCES-0197,resources:API:android.view.animation.TranslateAnimation,has_constraint,"all animation works perfectly if I used setFillAfter() without any animation listener, but then the view's touch area won't move",llm_quote_grounded,"The KU highlights issues with setFillAfter and touch areas, and the need for clearAnimation or workarounds.",,,
resources:KU:android.graphics.drawable.AnimationDrawable:RESOURCES-0167,resources:API:android.graphics.drawable.AnimationDrawable,has_example,rocketAnimation = (AnimationDrawable) rocketImage.getBackground(); rocketAnimation.start();,llm_quote_grounded,The KU provides XML syntax for animation-list and Java code to load and start an AnimationDrawable.,,,
resources:KU:android.graphics.drawable.AnimationDrawable:RESOURCES-0167,resources:API:android.graphics.drawable.AnimationDrawable,has_guidance,file location: `res/drawable/filename.xml` The filename will be used as the resource ID.,llm_quote_grounded,"The KU describes the file location, reference method, and required XML elements for frame animations.",,,
resources:KU:android.graphics.drawable.NinePatchDrawable:RESOURCES-0168,resources:API:android.graphics.drawable.NinePatchDrawable,has_example,"<Button android:layout_height=""wrap_content"" android:layout_width=""wrap_content"" android:background=""@drawable/myninepatch"" />",llm_quote_grounded,The KU shows how to apply a Nine-Patch drawable to a Button via XML background attribute.,,,
resources:KU:android.graphics.drawable.NinePatchDrawable:RESOURCES-0168,resources:API:android.graphics.drawable.NinePatchDrawable,has_guidance,file location: `res/drawable/filename.9.png` The filename is used as the resource ID.,llm_quote_grounded,The KU specifies the file naming convention and location for Nine-Patch files.,,,
resources:KU:android.widget.TextView:RESOURCES-0186,resources:API:android.widget.TextView,has_example,// Set the text on a TextView object using a resource ID TextView msgTextView = (TextView) findViewById(R.id.msg); msgTextView.setText(R.string.hello_message);,llm_quote_grounded,The KU provides code examples showing how to use TextView with resource IDs.,,,
resources:KU:android.view.animation.Interpolator:RESOURCES-0187,resources:API:android.view.animation.Interpolator,has_explanation,An interpolator is an animation modifier defined in XML that affects the rate of change in an animation.,llm_quote_grounded,Explains what an interpolator is and its function in animations.,,,
resources:KU:android.view.animation.Interpolator:RESOURCES-0187,resources:API:android.view.animation.Interpolator,has_guidance,"An interpolator is applied to an animation element with the `android:interpolator` attribute, the value of which is a reference to an interpolator resource.",llm_quote_grounded,Guides on how to apply interpolators using specific attributes and resources.,,,
resources:KU:android.view.animation.AccelerateDecelerateInterpolator:RESOURCES-0188,resources:API:android.view.animation.AccelerateDecelerateInterpolator,has_example,`AccelerateDecelerateInterpolator` | `@android:anim/accelerate_decelerate_interpolator`,llm_quote_grounded,Provides a table mapping this class to its corresponding resource ID.,,,
resources:KU:android.graphics.drawable.ScaleDrawable:RESOURCES-0189,resources:API:android.graphics.drawable.ScaleDrawable,has_explanation,A drawable defined in XML that changes the size of another drawable based on its current level.,llm_quote_grounded,Describes the Scale Drawable and its behavior regarding size changes based on level.,,,
resources:KU:android.graphics.drawable.ScaleDrawable:RESOURCES-0189,resources:API:android.graphics.drawable.ScaleDrawable,has_guidance,file location: `res/drawable/filename.xml` The filename is used as the resource ID. compiled resource datatype: Resource pointer to a `ScaleDrawable`. resource reference: In Java: `R.drawable.filename` In XML: `@[package:]drawable/filename`,llm_quote_grounded,"Specifies file location, resource references, and syntax for defining scale drawables.",,,
resources:KU:android.graphics.drawable.ScaleDrawable:RESOURCES-0189,resources:API:android.graphics.drawable.ScaleDrawable,has_constraint,"`xmlns:android` String. Required. Defines the XML namespace, which must be `""http://schemas.android.com/apk/res/android""`. `android:drawable` Drawable resource. Required. Reference to a drawable resource.",llm_quote_grounded,Defines required attributes and valid values for scale gravity and dimensions.,,,
resources:KU:android.graphics.drawable.ScaleDrawable:RESOURCES-0189,resources:API:android.graphics.drawable.ScaleDrawable,has_example,"<?xml version=""1.0"" encoding=""utf-8""?> <scale xmlns:android=""http://schemas.android.com/apk/res/android"" android:drawable=""@drawable/logo"" android:scaleGravity=""center_vertical|center_horizontal"" android:scaleHeight=""80%"" android:scaleWidth=""80%"" />",llm_quote_grounded,Provides an XML example of a scale drawable definition.,,,
resources:KU:android.graphics.drawable.Drawable:RESOURCES-0190,resources:API:android.graphics.drawable.Drawable,has_explanation,"A Drawable that manages a number of alternate Drawables, each assigned a maximum numerical value. Setting the level value of the drawable with `setLevel()` loads the drawable resource in the level list that has a `android:maxLevel` value greater than or equal to the value passed to the method.",llm_quote_grounded,Explains the Level List drawable concept and how it manages alternate drawables.,,,
resources:KU:android.graphics.drawable.Drawable:RESOURCES-0190,resources:API:android.graphics.drawable.Drawable,has_guidance,file location: `res/drawable/filename.xml` The filename is used as the resource ID. compiled resource datatype: Resource pointer to a `LevelListDrawable`. resource reference: In Java: `R.drawable.filename` In XML: `@[package:]drawable/filename`,llm_quote_grounded,"Details file location, resource types, and syntax for creating level lists.",,,
resources:KU:android.graphics.drawable.Drawable:RESOURCES-0190,resources:API:android.graphics.drawable.Drawable,has_constraint,"`<level-list>` This must be the root element. Contains one or more `<item>` elements. attributes: `xmlns:android` String. Required. Defines the XML namespace, which must be `""http://schemas.android.com/apk/res/android""`.",llm_quote_grounded,Specifies required elements and attributes for the level-list XML structure.,,,
resources:KU:android.graphics.drawable.Drawable:RESOURCES-0190,resources:API:android.graphics.drawable.Drawable,has_example,"<?xml version=""1.0"" encoding=""utf-8""?> <level-list xmlns:android=""http://schemas.android.com/apk/res/android"" > <item android:drawable=""@drawable/status_off"" android:maxLevel=""0"" /> <item android:drawable=""@drawable/status_on"" android:maxLevel=""1"" /> </level-list>",llm_quote_grounded,Shows an XML example of a level list with items.,,,
resources:KU:android.app.Activity:RESOURCES-0209,resources:API:android.app.Activity,has_explanation,The restart behavior is designed to help your application adapt to new configurations by automatically reloading your application with alternative resources that match the new device configuration.,llm_quote_grounded,Explains why Android restarts activities during configuration changes to reload resources.,,,
resources:KU:android.app.Activity:RESOURCES-0209,resources:API:android.app.Activity,has_guidance,"To properly handle a restart, it is important that your activity restores its previous state through the normal Activity lifecycle, in which Android calls `onSaveInstanceState()` before it destroys your activity so that you can save data about the application state.",llm_quote_grounded,Advises on handling state restoration and testing for configuration changes.,,,
resources:KU:android.content.res.Resources:RESOURCES-0232,resources:API:android.content.res.Resources,has_example,Resources res = getResources(); int maxSpeed = res.getInteger(R.integer.max_speed);,llm_quote_grounded,Shows how to retrieve an integer resource using the Resources object.,,,
resources:KU:android.graphics.drawable.NinePatchDrawable:RESOURCES-0235,resources:API:android.graphics.drawable.NinePatchDrawable,has_explanation,An XML Nine-Patch is a resource defined in XML that points to a Nine-Patch file.,llm_quote_grounded,Explains that the XML resource points to a Nine-Patch file and specifies its datatype.,,,
resources:KU:android.graphics.drawable.NinePatchDrawable:RESOURCES-0235,resources:API:android.graphics.drawable.NinePatchDrawable,has_guidance,file location: `res/drawable/filename.xml` The filename is used as the resource ID.,llm_quote_grounded,"Provides guidance on file location, naming convention for resource ID, and reference syntax.",,,
resources:KU:android.graphics.drawable.NinePatchDrawable:RESOURCES-0235,resources:API:android.graphics.drawable.NinePatchDrawable,has_example,"<?xml version=""1.0"" encoding=""utf-8""?> <nine-patch xmlns:android=""http://schemas.android.com/apk/res/android"" android:src=""@drawable/myninepatch"" android:dither=""false"" />",llm_quote_grounded,Provides a complete XML example of how to define the nine-patch drawable.,,,
resources:KU:android.animation.Animator:RESOURCES-0041,resources:KU:android.animation.Animator:RESOURCES-0114,contrasts_with,,llm_quote_grounded,"The first KU uses the modern `Animator` framework (`ObjectAnimator`, `ViewPropertyAnimator`) for complex layout animations, while the second KU contrasts this by recommending extending the legacy `Animation` class for custom frame-by-frame rendering or using `ObjectAnimator` with custom properties as an alternative approach.",Comparison of Android animation APIs (Legacy Animation vs. Animator Framework) for custom view animations.,Use an <code>ObjectAnimator</code> on a custom pseudo-property of <code>middleWidth</code> to change the <code>middle</code> width,Most flexible (and pretty easy) way to create custom animation is to extend <code>Animation</code> class.
resources:KU:android.animation.Animator:RESOURCES-0041,resources:KU:android.animation.Animator:RESOURCES-0126,complements,,llm_quote_grounded,"The first KU demonstrates animating view dimensions (width) using `ObjectAnimator` on a custom property within a `LinearLayout`. The second KU complements this by showing how to animate view height/size within a `RecyclerView` item using `ValueAnimator` and updating `LayoutParams`, providing a different context (list items vs. panes) for size-based animations.",Animating view sizes (width/height) via LayoutParams updates in different Android UI containers.,public void setMiddleWidth(int value) { middle.getLayoutParams().width=value; requestLayout(); },expandableView.getLayoutParams().height = (Integer) heightAnim.getAnimatedValue(); expandableView.requestLayout();
resources:KU:android.animation.Animator:RESOURCES-0041,resources:KU:android.animation.Animator:RESOURCES-0175,contrasts_with,,llm_quote_grounded,"The first KU shows a successful implementation of custom sliding/shrinking animations using the `Animator` framework (`ObjectAnimator`, `ViewPropertyAnimator`). The second KU contrasts this by explaining that default ActionBar hide/show animations are hard-coded and cannot be easily changed via XML styles, highlighting the difference between fully customizable custom views/animations and restricted system component animations.",Customizability of Android animations: Custom View layouts vs. System ActionBar components.,Use a <code>ViewPropertyAnimator</code> to perform a translation of the three widgets to the left,If you look at the decompiled sources of <code>com.android.internal.app.ActionBarImpl</code> you'll find that the animations are hard-coded.
resources:KU:android.animation.Animator:RESOURCES-0041,resources:KU:android.animation.Animator:RESOURCES-0183,complements,,llm_quote_grounded,"The first KU provides a complete working sample of animating multiple fragments/views using `ObjectAnimator` and `ViewPropertyAnimator`. The second KU complements this by providing a solution for animating a specific UI component (Toolbar/ActionBar) using `ValueAnimator` when the built-in animation support is missing, demonstrating another application of the Animator framework for view manipulation.",Implementing custom view animations using the Android Animator framework in different UI contexts (Multi-pane layout vs. Toolbar).,import android.animation.ObjectAnimator;,"mVaActionBar = ValueAnimator.ofInt(mToolbarHeight , 0);"
resources:KU:android.animation.Animator:RESOURCES-0041,resources:KU:android.animation.Animator:RESOURCES-0224,task_related,,llm_quote_grounded,Both KUs describe implementing view animations (translation and property changes) using the Android animation framework.,Android UI animation implementation,"Use a <code>ViewPropertyAnimator</code> to perform a translation of the three widgets to the left by the width of <code>left</code>, using a hardware layer",Sliding a <code>View</code> down by a distance:</p> <pre><code>view.animate().translationY(distance); </code></pre>
resources:KU:android.animation.Animator:RESOURCES-0041,resources:KU:android.animation.AnimatorSet:RESOURCES-0047,complements,,llm_quote_grounded,"The first KU suggests using AnimatorSet as a potential improvement for managing multiple animators, which is exactly what the second KU demonstrates in its solution.",Complex multi-property animations in Android,"(it is possible that it is a better idea to use an <code>AnimatorSet</code> and <code>ObjectAnimators</code> for all of these, though this works for now)","AnimatorSet animSet = new AnimatorSet() .setDuration(getChangeDuration()); animSet.playTogether(heightAnim, alphaAnim);"
resources:KU:android.animation.Animator:RESOURCES-0041,resources:KU:android.animation.ObjectAnimator:RESOURCES-0184,contrasts_with,,llm_quote_grounded,"The first KU successfully uses ObjectAnimator on a custom pseudo-property defined in Java code, while the second KU explains that directly animating LayoutParams properties with ObjectAnimator fails and requires ValueAnimator instead.",Animating layout dimensions/properties,Use an <code>ObjectAnimator</code> on a custom pseudo-property of <code>middleWidth</code> to change the <code>middle</code> width from whatever it started with to the original width of <code>left</code>,I think your animation was not working because you cannot animate <code>LayoutParams</code> that way although it would be neat if you could. I tried the code you had and all it did was make my view jump to the new height. Only way I found to get this to work was to use a <code>ValueAnimator</code> as you can see in the example below.
resources:KU:android.animation.Animator:RESOURCES-0041,resources:KU:android.animation.ValueAnimator:RESOURCES-0075,task_related,,llm_quote_grounded,Both KUs involve animating view properties (width/height) and handling visibility/layout updates during or after the animation.,Android view animation lifecycle,public void setMiddleWidth(int value) { middle.getLayoutParams().width=value; requestLayout(); },// update LayoutParams ((AppBarLayout.LayoutParams)mToolbar.getLayoutParams()).height = (Integer)animation.getAnimatedValue(); mToolbar.requestLayout();
resources:KU:android.animation.Animator:RESOURCES-0041,resources:KU:android.animation.ValueAnimator:RESOURCES-0145,contrasts_with,,llm_quote_grounded,"The first KU uses ObjectAnimator for width changes via a setter, while the second KU explicitly states that ObjectAnimator does not work for LayoutParams height and mandates the use of ValueAnimator with an update listener.",Animating layout parameters,Use an <code>ObjectAnimator</code> on a custom pseudo-property of <code>middleWidth</code> to change the <code>middle</code> width from whatever it started with to the original width of <code>left</code>,I think your animation was not working because you cannot animate <code>LayoutParams</code> that way although it would be neat if you could. I tried the code you had and all it did was make my view jump to the new height. Only way I found to get this to work was to use a <code>ValueAnimator</code> as you can see in the example below.
resources:KU:android.animation.Animator:RESOURCES-0114,resources:KU:android.animation.Animator:RESOURCES-0163,task_related,,llm_quote_grounded,"Both KUs involve creating custom visual effects/animations for Android views using the Animator API, though one focuses on generic property animation and the other on a specific reveal transition.",Implementing custom view animations/transitions,Most flexible (and pretty easy) way to create custom animation is to extend <code>Animation</code> class.,The <code>ViewAnimationUtils.createCircularReveal()</code> method enables you to animate a clipping circle to reveal or hide a view.
resources:KU:android.animation.Animator:RESOURCES-0114,resources:KU:android.animation.Animator:RESOURCES-0175,contrasts_with,,llm_quote_grounded,"The left KU provides methods for developers to implement custom animations freely, while the right KU explains that certain system-level animations (ActionBar show/hide) are hard-coded and cannot be customized via standard APIs.",Customizability of Android animations,Most flexible (and pretty easy) way to create custom animation is to extend <code>Animation</code> class.,If you look at the decompiled sources of <code>com.android.internal.app.ActionBarImpl</code> you'll find that the animations are hard-coded.
resources:KU:android.animation.Animator:RESOURCES-0114,resources:KU:android.animation.Animator:RESOURCES-0210,constrains,,llm_quote_grounded,"The right KU defines the fundamental distinction between Property Animation (using Animator) and View Animation (using Animation). This constrains the left KU's advice by clarifying that extending 'Animation' refers to the older View Animation framework, whereas the 'Android Animator framework' mentioned later is a different mechanism.",Definition of animation types in Android,Most flexible (and pretty easy) way to create custom animation is to extend <code>Animation</code> class.,An animation resource can define one of two types of animations: Property Animation Creates an animation by modifying an object's property values over a set period of time with an `Animator`. View Animation There are two types of animations that you can do with the view animation framework: * Tween animation: Creates an animation by performing a series of transformations on a single image with an `Animation`
resources:KU:android.animation.Animator:RESOURCES-0114,resources:KU:android.animation.ObjectAnimator:RESOURCES-0039,task_related,,llm_quote_grounded,"Both KUs address the task of creating custom animations for Android Views, specifically by defining property getters and setters to enable animation via the ObjectAnimator/Animator framework.",Custom View animation implementation using property accessors,you can just declare setter and getter for your custom <code>View</code> property and animate it directly,To create such a property (in your case xFraction and yFraction) you need to build your own getters and setters associated to this property name.
resources:KU:android.animation.Animator:RESOURCES-0114,resources:KU:android.view.View:RESOURCES-0089,contrasts_with,,llm_quote_grounded,"The left KU recommends extending the Animation class or using ObjectAnimator for custom rendering, while the right KU discusses specific timing issues and workarounds related to the onAnimationEnd callback in the View/Animation lifecycle.",Implementation strategies vs. Lifecycle event handling,Most flexible (and pretty easy) way to create custom animation is to extend <code>Animation</code> class.,It seems that an android animation is not truly finished when the <code>onAnimationEnd</code> event is fired although <code>animation.hasEnded</code> is set to true.
resources:KU:android.animation.Animator:RESOURCES-0114,resources:KU:android.view.View:RESOURCES-0139,complements,,llm_quote_grounded,"The left KU provides the general method for custom animation (extending Animation), and the right KU provides a concrete example of applying this method to animate a View's height dynamically.",General technique applied to specific View layout animation,Override <code>applyTransformation</code> method. Here we interested in <code>interpolatedTime</code> variable which changes between 0.0 and 1.0 and represent the your animation progress.,I believe the simplest approach is to extend <code>Animation</code> class and override <code>applyTransformation()</code> to change the view's height as follows:
resources:KU:android.animation.Animator:RESOURCES-0114,resources:KU:android.view.animation.Animation:RESOURCES-0060,contrasts_with,,llm_quote_grounded,"The left KU focuses on implementing custom animation logic via applyTransformation, whereas the right KU addresses a bug/limitation regarding the accuracy of the onAnimationEnd event firing relative to the actual visual completion of the animation.",Animation creation vs. Animation end-event reliability,Override <code>applyTransformation</code> method. Here we interested in <code>interpolatedTime</code> variable which changes between 0.0 and 1.0 and represent the your animation progress.,It seems that an android animation is not truly finished when the <code>onAnimationEnd</code> event is fired although <code>animation.hasEnded</code> is set to true.
resources:KU:android.animation.Animator:RESOURCES-0114,resources:KU:android.view.animation.Animation:RESOURCES-0100,complements,,llm_quote_grounded,"The left KU describes the standard procedure for creating custom animations by extending the Animation class, and the right KU demonstrates this exact procedure with code that overrides applyTransformation to modify view parameters.",Instructional guide vs. Practical code example,Most flexible (and pretty easy) way to create custom animation is to extend <code>Animation</code> class.,public class MyCustomAnimation extends Animation {
resources:KU:android.animation.Animator:RESOURCES-0126,resources:KU:android.animation.Animator:RESOURCES-0183,task_related,,llm_quote_grounded,"Both KUs address the task of animating the height of a View (specifically within RecyclerView items or Toolbar/ActionBar) using ValueAnimator to modify LayoutParams, as direct property animation on LayoutParams is ineffective.",Animating view dimensions (height) via ValueAnimator and requestLayout in Android UI components.,Only way I found to get this to work was to use a <code>ValueAnimator</code>,"// animate `Toolbar's` height to zero. mVaActionBar = ValueAnimator.ofInt(mToolbarHeight , 0);"
resources:KU:android.animation.Animator:RESOURCES-0126,resources:KU:android.animation.ValueAnimator:RESOURCES-0075,task_related,,llm_quote_grounded,"Both KUs demonstrate the specific technique of using ValueAnimator to animate the height of a View by updating its LayoutParams and calling requestLayout, because standard property animation does not work directly on LayoutParams.",Implementing smooth height expansion/collapse animations for Views (RecyclerView items or Toolbars).,expandableView.getLayoutParams().height = (Integer) heightAnim.getAnimatedValue(); expandableView.requestLayout();,((AppBarLayout.LayoutParams)mToolbar.getLayoutParams()).height = (Integer)animation.getAnimatedValue(); mToolbar.requestLayout();
resources:KU:android.animation.Animator:RESOURCES-0126,resources:KU:android.app.Activity:RESOURCES-0045,task_related,,llm_quote_grounded,"Both KUs address the task of animating view dimensions (specifically height) to create space or hide/show UI elements, utilizing ValueAnimator and LayoutParams manipulation.",Animating view height changes in Android UI components (RecyclerView items vs Activity Toolbar).,Only way I found to get this to work was to use a <code>ValueAnimator</code>,"mVaActionBar = ValueAnimator.ofInt(mToolbarHeight , 0);"
resources:KU:android.animation.Animator:RESOURCES-0126,resources:KU:android.content.Context:RESOURCES-0040,task_related,,llm_quote_grounded,Both KUs involve implementing custom animations for layout changes (expanding/collapsing views or sliding fragments) using the Android animation framework.,Custom view/fragment animations involving size or position changes.,Below is a custom <code>ItemAnimator</code> that has size and alpha animations,Use an <code>ObjectAnimator</code> on a custom pseudo-property of <code>middleWidth</code> to change the <code>middle</code> width
resources:KU:android.animation.Animator:RESOURCES-0126,"resources:KU:android.view.View#layout(int,int,int,int):RESOURCES-0068",task_related,,llm_quote_grounded,"Both KUs describe techniques for animating view dimensions (height/width) by updating LayoutParams within an animation callback, triggering re-layouts.",Animating view size changes via LayoutParams updates.,expandableView.getLayoutParams().height = (Integer) heightAnim.getAnimatedValue(); expandableView.requestLayout();,middle.getLayoutParams().width=value; requestLayout();
resources:KU:android.animation.Animator:RESOURCES-0126,resources:KU:android.view.View:RESOURCES-0042,task_related,,llm_quote_grounded,"Both KUs provide solutions for animating view properties (size/position) to achieve specific UI transitions (expansion in RecyclerView, fragment sliding/resizing).",Complex view animations involving layout changes.,custom <code>ItemAnimator</code> that has size and alpha animations based on hiding/showing a <code>LinearLayout</code>,Use an <code>ObjectAnimator</code> on a custom pseudo-property of <code>middleWidth</code> to change the <code>middle</code> width
resources:KU:android.animation.Animator:RESOURCES-0126,resources:KU:android.view.View:RESOURCES-0230,task_related,,llm_quote_grounded,"Both KUs address animating the height of a View by manually updating LayoutParams and triggering requestLayout, using ValueAnimator in both cases.",Animating view dimensions (height) via custom code rather than built-in transitions or default animators.,expandableView.getLayoutParams().height = (Integer) heightAnim.getAnimatedValue(); expandableView.requestLayout();,((AppBarLayout.LayoutParams)mToolbar.getLayoutParams()).height = (Integer)animation.getAnimatedValue(); mToolbar.requestLayout();
resources:KU:android.animation.Animator:RESOURCES-0126,resources:KU:android.view.animation.Animation:RESOURCES-0100,contrasts_with,,llm_quote_grounded,"The left KU uses the modern `ValueAnimator` API to animate layout parameters, while the right KU uses the legacy `Animation` class (`applyTransformation`) for the same goal.",Implementation strategy for animating view height/layout changes.,Only way I found to get this to work was to use a <code>ValueAnimator</code>,I believe the simplest approach is to extend <code>Animation</code> class and override <code>applyTransformation()</code> to change the view's height
resources:KU:android.animation.Animator:RESOURCES-0163,resources:KU:android.animation.Animator:RESOURCES-0183,complements,,llm_quote_grounded,"The left KU provides a specific example of using `ViewAnimationUtils.createCircularReveal` to animate an activity's root layout. The right KU discusses animating a Toolbar/ActionBar by manually manipulating its height with `ValueAnimator`, offering a complementary technique for animating UI components that lack built-in animation support.",Techniques for animating Android UI components (Activity root vs. Toolbar).,"Animator circularReveal = ViewAnimationUtils.createCircularReveal(rootLayout, cx, cy, 0, finalRadius);","mVaActionBar = ValueAnimator.ofInt(mToolbarHeight , 0);"
resources:KU:android.animation.Animator:RESOURCES-0163,resources:KU:android.animation.Animator:RESOURCES-0210,task_related,,llm_quote_grounded,"Both KUs relate to the task of creating animations in Android. The left KU implements a specific property animation (circular reveal), while the right KU defines the general categories of animations (Property Animation vs. View Animation) available in the framework.",General Android animation concepts and specific implementations.,"Animator anim = ViewAnimationUtils.createCircularReveal(myView, cx, cy, 0, finalRadius);",Property Animation Creates an animation by modifying an object's property values over a set period of time with an `Animator`.
resources:KU:android.animation.Animator:RESOURCES-0163,resources:KU:android.animation.Animator:RESOURCES-0224,complements,,llm_quote_grounded,The left KU shows how to use `createCircularReveal` to show/hide an entire activity view. The right KU shows how to use `view.animate()` (which returns an `Animator`) to slide views up/down. Together they provide different methods for animating visibility/position of views.,Animating view visibility and position using different Animator-based techniques.,"Animator anim = ViewAnimationUtils.createCircularReveal(myView, cx, cy, 0, finalRadius);",view.animate() .translationY(view.getHeight()) .alpha(1.0f) .setListener(null);
resources:KU:android.animation.Animator:RESOURCES-0163,resources:KU:android.animation.ValueAnimator:RESOURCES-0075,complements,,llm_quote_grounded,The left KU uses `ViewAnimationUtils.createCircularReveal` which returns an `Animator`. The right KU uses `ValueAnimator` to manually animate the height of a Toolbar. Both demonstrate different ways to achieve animated transitions for UI elements where default animations are insufficient or unavailable.,Custom animation implementations for Android UI components.,"Animator circularReveal = ViewAnimationUtils.createCircularReveal(rootLayout, cx, cy, 0, finalRadius);","mVaActionBar = ValueAnimator.ofInt(mToolbarHeight , 0);"
resources:KU:android.animation.Animator:RESOURCES-0163,resources:KU:android.app.Activity:RESOURCES-0045,complements,,llm_quote_grounded,The left KU focuses on animating the transition *into* an Activity using a circular reveal. The right KU focuses on animating the ActionBar/Toolbar *within* an Activity when it is shown or hidden. They address different aspects of Activity-related animations.,Animations related to Activity lifecycle and UI components within Activities.,How can I use this to circularly reveal an entire activity,Android SupportActionBar not animating on show / hide
resources:KU:android.animation.Animator:RESOURCES-0163,resources:KU:android.app.Activity:RESOURCES-0149,complements,,llm_quote_grounded,The left KU demonstrates revealing an Activity's content with an animation. The right KU demonstrates positioning and animating a View off-screen within an Activity. Both involve managing View states and animations relative to the Activity's window bounds.,Managing View visibility and position during animations in an Activity context.,rootLayout.setVisibility(View.VISIBLE); circularReveal.start();,I want it to slide in from the bottom of the screen and come to a resting position where the top 50px of the view is off the top of the screen
resources:KU:android.animation.Animator:RESOURCES-0163,resources:KU:android.view.View:RESOURCES-0230,task_related,,llm_quote_grounded,Both KUs address the task of animating Android UI components (Activity reveal vs Toolbar show/hide) using animation APIs.,Android UI Animation,Circular reveal transition for new activity,Android SupportActionBar not animating on show / hide
resources:KU:android.animation.Animator:RESOURCES-0175,resources:KU:android.animation.Animator:RESOURCES-0183,contrasts_with,,llm_quote_grounded,"The left KU describes the native ActionBar implementation where hide/show animations are hard-coded and functional (though not customizable), while the right KU describes the SupportActionBar/Toolbar implementation where these methods lack built-in animation support, requiring manual ValueAnimator usage.",Comparison of ActionBar show/hide animation behavior between native Android framework and AppCompat Support library.,If you look at the decompiled sources of <code>com.android.internal.app.ActionBarImpl</code> you'll find that the animations are hard-coded.,<strong>show():</strong> only makes the actionbar visible - no animation support.
resources:KU:android.animation.Animator:RESOURCES-0210,resources:KU:android.animation.Animator:RESOURCES-0175,complements,,llm_quote_grounded,"The right KU provides a concrete example of using `ObjectAnimator` (a type of Property Animation) within the internal implementation of the ActionBar, which illustrates the general definition provided in the left KU regarding how property animations modify object values.",Understanding the specific mechanism of property animation used in system components.,Property Animation Creates an animation by modifying an object's property values over a set period of time with an `Animator`.,"invoke-static {v2, v3, v4}, Landroid/animation/ObjectAnimator;->ofFloat(Ljava/lang/Object;Ljava/lang/String;[F)Landroid/animation/ObjectAnimator;"
resources:KU:android.animation.Animator:RESOURCES-0175,resources:KU:android.animation.Animator:RESOURCES-0224,task_related,,llm_quote_grounded,"Both KUs address the task of animating the visibility or position of UI elements (specifically sliding actions). The left KU discusses the limitations of customizing the built-in ActionBar slide/fade, while the right KU provides a solution for manually implementing a slide up/down animation for a View using the new animation API.",Implementing slide animations for UI components in Android.,"Is there some way to change this animation? In my case, I simply want to change the animation time, but is it also possible to have a sliding animation?",Show and hide a View with a slide up/down animation
resources:KU:android.animation.Animator:RESOURCES-0175,resources:KU:android.animation.ValueAnimator:RESOURCES-0075,contrasts_with,,llm_quote_grounded,"The left KU explains that native ActionBar animations are hard-coded and cannot be easily changed. The right KU contrasts this by showing that when using SupportActionBar/Toolbar, the default animation is missing entirely, necessitating the use of `ValueAnimator` to manually implement the desired slide effect.",Behavior of ActionBar show/hide animations across different Android implementations (Native vs Support).,If you look at the decompiled sources of <code>com.android.internal.app.ActionBarImpl</code> you'll find that the animations are hard-coded.,<strong>show():</strong> only makes the actionbar visible - no animation support.
resources:KU:android.animation.Animator:RESOURCES-0175,resources:KU:android.app.Activity:RESOURCES-0045,contrasts_with,,llm_quote_grounded,"The left KU describes hard-coded animations in the native ActionBar implementation, while the right KU explains that the SupportActionBar (Toolbar) has no built-in animation and requires manual implementation.",Comparison of ActionBar show/hide animation behavior between native Android 3.0+ and AppCompat/Support libraries.,If you look at the decompiled sources of <code>com.android.internal.app.ActionBarImpl</code> you'll find that the animations are hard-coded.,<strong>show():</strong> only makes the actionbar visible - no animation support.
resources:KU:android.animation.Animator:RESOURCES-0175,resources:KU:android.view.View:RESOURCES-0044,complements,,llm_quote_grounded,"The left KU states that ActionBar animations are hard-coded and cannot be changed via XML styles, implying a need for custom solutions. The right KU provides the standard method for animating Views (which includes ActionBars/Toolbars) using `view.animate()`, offering a way to achieve custom transitions like sliding.",Implementing custom slide/fade animations for UI components when default system animations are insufficient or non-configurable.,"Is there some way to change this animation? In my case, I simply want to change the animation time, but is it also possible to have a sliding animation?</p> <p>No.</p>",Sliding a <code>View</code> down by a distance:</p> <pre><code>view.animate().translationY(distance); </code></pre>
resources:KU:android.animation.Animator:RESOURCES-0175,resources:KU:android.view.View:RESOURCES-0230,contrasts_with,,llm_quote_grounded,"The left KU asserts that ActionBar hide/show animations are hard-coded and unchangeable in older versions. The right KU demonstrates that with SupportActionBar/Toolbar, these methods do not animate at all, requiring the developer to manually implement animations on the View.",Behavior differences in ActionBar animation capabilities between native implementations and Support Library Toolbar implementations.,If you look at the decompiled sources of <code>com.android.internal.app.ActionBarImpl</code> you'll find that the animations are hard-coded.,"<strong>hide():</strong> only makes the actionbar visible - again, no animation support."
resources:KU:android.animation.Animator:RESOURCES-0183,resources:KU:android.animation.Animator:RESOURCES-0210,task_related,,llm_quote_grounded,"The left KU discusses implementing property animations (ValueAnimator/ObjectAnimator) for a Toolbar because default ActionBar animations are missing. The right KU defines the concept of Property Animation using an Animator, which is exactly what the left KU implements.",Understanding and applying Property Animation concepts to solve specific UI transition problems.,"mVaActionBar = ValueAnimator.ofInt(mToolbarHeight , 0);",Property Animation Creates an animation by modifying an object's property values over a set period of time with an `Animator`.
resources:KU:android.animation.Animator:RESOURCES-0183,resources:KU:android.animation.Animator:RESOURCES-0224,complements,,llm_quote_grounded,"The left KU provides a complex solution using ValueAnimator to animate height changes for a Toolbar. The right KU provides simpler examples of using `view.animate()` for translation and alpha, which are alternative or complementary techniques for animating Views (including Toolbars).",Techniques for animating View visibility and position changes.,mToolbar.animate().translationY(-112).setDuration(600L),Sliding a <code>View</code> down by a distance:</p> <pre><code>view.animate().translationY(distance); </code></pre>
resources:KU:android.animation.Animator:RESOURCES-0183,resources:KU:android.animation.AnimatorSet:RESOURCES-0047,complements,,llm_quote_grounded,Both KUs address the problem of animating layout changes (height) for views where simple property animation isn't enough. The left KU uses ValueAnimator to animate height directly. The right KU uses AnimatorSet to combine height and alpha animations for RecyclerView items. They offer parallel solutions for animating view dimensions.,Animating view height/layout parameters in response to state changes.,"mVaActionBar = ValueAnimator.ofInt(mToolbarHeight , 0);","heightAnim = ValueAnimator.ofInt(expandableView.getHeight(), toHeight);"
resources:KU:android.animation.Animator:RESOURCES-0183,resources:KU:android.animation.ValueAnimator:RESOURCES-0145,complements,,llm_quote_grounded,"The left KU uses ValueAnimator to animate ActionBar height. The right KU provides a detailed example of using ValueAnimator within a RecyclerView ItemAnimator to handle expand/collapse animations, offering a more structured approach to the same underlying mechanism.",Usage of ValueAnimator for layout-based animations in different contexts (Activity View vs RecyclerView Item).,"mVaActionBar = ValueAnimator.ofInt(mToolbarHeight , 0);","heightAnim = ValueAnimator.ofInt(expandableView.getHeight(), toHeight); heightAnim.addUpdateListener(new ValueAnimator.AnimatorUpdateListener() { @Override public void onAnimationUpdate(ValueAnimator animation) { expandableView.getLayoutParams().height = (Integer) heightAnim.getAnimatedValue(); expandableView.requestLayout(); } });"
resources:KU:android.animation.Animator:RESOURCES-0183,resources:KU:android.os.Bundle:RESOURCES-0020,task_related,,llm_quote_grounded,"Both knowledge units address the task of implementing custom view animations in Android, specifically using Animator classes to control visibility and transitions.",Android UI animation implementation,ValueAnimator mVaActionBar;,"Animator anim = ViewAnimationUtils.createCircularReveal(myView, cx, cy, 0, finalRadius);"
resources:KU:android.animation.Animator:RESOURCES-0183,"resources:KU:android.view.View#layout(int,int,int,int):RESOURCES-0019",task_related,,llm_quote_grounded,"Both knowledge units demonstrate techniques for animating Android Views, with one focusing on ActionBar/Toolbar height animation and the other on circular reveal animations.",Android View animation techniques,"mVaActionBar = ValueAnimator.ofInt(mToolbarHeight , 0);","Animator circularReveal = ViewAnimationUtils.createCircularReveal(rootLayout, cx, cy, 0, finalRadius);"
resources:KU:android.animation.Animator:RESOURCES-0183,"resources:KU:android.view.View#layout(int,int,int,int):RESOURCES-0068",task_related,,llm_quote_grounded,Both knowledge units provide solutions for complex Android view animations involving layout changes and property animations.,Advanced Android animation implementations,mVaActionBar.addUpdateListener(new ValueAnimator.AnimatorUpdateListener() {,"ObjectAnimator.ofInt(this, ""middleWidth"", middleWidthNormal, leftWidth).setDuration(ANIM_DURATION).start();"
resources:KU:android.animation.Animator:RESOURCES-0183,"resources:KU:android.view.View#layout(int,int,int,int):RESOURCES-0144",task_related,,llm_quote_grounded,Both knowledge units discuss animating view dimensions (specifically height) using ValueAnimator and updating LayoutParams during animation updates.,Animating view size/layout parameters,((AppBarLayout.LayoutParams)mToolbar.getLayoutParams()).height = (Integer)animation.getAnimatedValue();,expandableView.getLayoutParams().height = (Integer) heightAnim.getAnimatedValue();
resources:KU:android.animation.Animator:RESOURCES-0183,resources:KU:android.view.View:RESOURCES-0042,task_related,,llm_quote_grounded,"Both knowledge units involve implementing custom animations for Android views, utilizing animator listeners and property animations to achieve visual effects.",Custom Android view animation logic,mVaActionBar.addListener(new AnimatorListenerAdapter() {,.setListener(new AnimatorListenerAdapter() {
resources:KU:android.animation.Animator:RESOURCES-0183,resources:KU:android.view.View:RESOURCES-0077,task_related,,llm_quote_grounded,"Both knowledge units describe methods for animating view properties like height and alpha, often requiring manual handling of layout requests within animation update listeners.",Property animation of view attributes,mToolbar.requestLayout();,expandableView.requestLayout();
resources:KU:android.animation.Animator:RESOURCES-0183,resources:KU:android.view.View:RESOURCES-0217,contrasts_with,,llm_quote_grounded,"The left KU addresses the lack of animation in SupportActionBar (ToolbarActionBar) and provides a manual workaround using ValueAnimator, while the right KU explains that native ActionBar animations are hard-coded and cannot be changed via XML styles.",Comparison between custom Toolbar animation limitations/workarounds and native ActionBar animation constraints.,Android SupportActionBar not animating on show / hide,Changing the ActionBar hide animation?
resources:KU:android.animation.Animator:RESOURCES-0183,resources:KU:android.view.View:RESOURCES-0229,task_related,,llm_quote_grounded,Both KUs involve implementing custom view animations using the Animator framework to handle visibility changes or transitions.,Custom animation implementation for UI components.,"how do we <em>animate</em> hiding (& later, showing) of a <code>View</code>",Circular reveal transition for new activity
resources:KU:android.animation.Animator:RESOURCES-0183,resources:KU:android.widget.Button:RESOURCES-0136,task_related,,llm_quote_grounded,"Both KUs discuss complex layout animations involving multiple views/fragments, utilizing ObjectAnimator and ViewPropertyAnimator to manage position and size changes.",Animating layout structures with multiple child views.,"Since we need the Activity content to slide with the hiding (or showing) <code>Toolbar</code>, I suggest the following implementation.",Complete Working Sample of the Gmail Three-Fragment Animation Scenario?
resources:KU:android.animation.Animator:RESOURCES-0183,resources:KU:android.widget.TextView:RESOURCES-0103,task_related,,llm_quote_grounded,"Both KUs address the challenge of animating view height/layout parameters, specifically noting that direct LayoutParams animation doesn't work and requiring ValueAnimator with requestLayout calls.",Animating view dimensions (height) within layouts.,"// animate `Toolbar's` height to zero. mVaActionBar = ValueAnimator.ofInt(mToolbarHeight , 0);",I think your animation was not working because you cannot animate <code>LayoutParams</code> that way although it would be neat if you could.
resources:KU:android.animation.Animator:RESOURCES-0210,resources:KU:android.animation.Animator:RESOURCES-0224,complements,,llm_quote_grounded,"The left KU defines the theoretical distinction between Property Animation (using Animator) and View Animation, while the right KU provides a practical example of using the new animation API (Property Animation) to slide a view.",Definition vs Implementation of Property Animations.,Property Animation Creates an animation by modifying an object's property values over a set period of time with an `Animator`.,With the new animation API that was introduced in Android 3.0 (Honeycomb) it is very simple to create such animations.
resources:KU:android.animation.Animator:RESOURCES-0210,resources:KU:android.graphics.drawable.AnimationDrawable:RESOURCES-0167,complements,,llm_quote_grounded,"The left KU identifies AnimationDrawable as the class used for frame animations, while the right KU provides the specific XML definition and usage details for that same animation type.",Frame animation implementation in Android resources,Frame animation: or creates an animation by showing a sequence of images in order with an `AnimationDrawable`.,### Frame animation An animation defined in XML that shows a sequence of images in order (like a film).
resources:KU:android.widget.TextView:RESOURCES-0186,resources:KU:android.animation.Animator:RESOURCES-0210,constrains,,llm_quote_grounded,"The left KU shows how to load an 'Animation' resource (specifically via AnimationUtils.loadAnimation), which corresponds to the 'View Animation' category described in the right KU. This implies that when accessing animation resources in code for TextViews/FlipperViews, one often deals with the legacy View Animation framework rather than the newer Animator-based Property Animation, constraining the choice of API based on the resource type loaded.",Loading animation resources in code for UI widgets,"// Set a slide in animation by getting an Animation from the Resources object mFlipper.setInAnimation(AnimationUtils.loadAnimation(this, R.anim.hyperspace_in));",View Animation There are two types of animations that you can do with the view animation framework: * Tween animation: Creates an animation by performing a series of transformations on a single image with an `Animation`
resources:KU:android.animation.Animator:RESOURCES-0224,resources:KU:android.animation.AnimatorSet:RESOURCES-0195,task_related,,llm_quote_grounded,"Both KUs address the task of animating View visibility (show/hide) using the Android Animation API, with one providing a user implementation and the other analyzing the system's internal implementation.",Android 3.0+ animation APIs for showing/hiding views,Show and hide a View with a slide up/down animation,Changing the ActionBar hide animation?
resources:KU:android.animation.Animator:RESOURCES-0224,resources:KU:android.animation.ObjectAnimator:RESOURCES-0176,task_related,,llm_quote_grounded,"Both KUs relate to animating View properties (translationY/alpha) for show/hide effects; one demonstrates high-level usage via `view.animate()`, while the other reveals the underlying `ObjectAnimator` calls used by the framework.",Property animation for View visibility changes in Android,view.animate().translationY(distance);,"invoke-static {v2, v3, v4}, Landroid/animation/ObjectAnimator;->ofFloat(Ljava/lang/Object;Ljava/lang/String;[F)Landroid/animation/ObjectAnimator;"
resources:KU:android.animation.Animator:RESOURCES-0224,resources:KU:android.graphics.drawable.AnimationDrawable:RESOURCES-0026,contrasts_with,,llm_quote_grounded,"The left KU uses Property Animation (`Animator`) to modify object properties like translationY, whereas the right KU describes Frame Animation (`AnimationDrawable`) which shows a sequence of images, representing two distinct animation mechanisms.",Types of animations available in Android resources,With the new animation API that was introduced in Android 3.0 (Honeycomb) it is very simple to create such animations.,Frame animation: or creates an animation by showing a sequence of images in order with an `AnimationDrawable`.
resources:KU:android.animation.Animator:RESOURCES-0224,resources:KU:android.view.View:RESOURCES-0072,complements,,llm_quote_grounded,"The left KU provides a solution for sliding/fading Views using the modern Animator API, while the right KU addresses a specific visual artifact (blinking) when using older View Animations, offering complementary advice on handling visibility during animation.",Handling View visibility states during animation execution,We also set an <code>AnimatorListener</code> so we can set the visibility of the <code>View</code> back to <code>GONE</code> once the animation is finished:,How to avoid blink of View when using animation?
resources:KU:android.animation.Animator:RESOURCES-0224,resources:KU:android.view.View:RESOURCES-0102,contrasts_with,,llm_quote_grounded,"The left KU demonstrates using the Property Animation API (`view.animate()`) for smooth transitions, while the right KU uses the legacy View Animation API (`startAnimation`) with `AnimationUtils`, highlighting different approaches to animating view visibility.",API choices for animating FloatingActionButton visibility,view.animate() .translationY(view.getHeight()) .alpha(1.0f),createButton.startAnimation(makeOutAnimation);
resources:KU:android.animation.Animator:RESOURCES-0224,resources:KU:android.view.View:RESOURCES-0133,contrasts_with,,llm_quote_grounded,"The left KU uses Property Animation to translate and fade a View without changing its layout bounds, while the right KU implements a custom View Animation that explicitly modifies layout parameters (height) to achieve an expand/collapse effect.",Techniques for animating View size vs position,Sliding a <code>View</code> down by a distance:,I would like to show v1 with an expand animation and push down v2 at the same time.
resources:KU:android.animation.Animator:RESOURCES-0224,resources:KU:android.view.View:RESOURCES-0217,task_related,,llm_quote_grounded,"Both KUs deal with animating the visibility of UI components (LinearLayout/View vs ActionBar) using the Android Animation framework, with one providing a user-side example and the other inspecting the framework's internal hard-coded behavior.",Animating component show/hide states in Android,Show and hide a View with a slide up/down animation,Changing the ActionBar hide animation?
resources:KU:android.animation.Animator:RESOURCES-0224,resources:KU:android.view.animation.AlphaAnimation:RESOURCES-0091,contrasts_with,,llm_quote_grounded,"The left KU demonstrates the modern Property Animation API (view.animate()) for combining translation and alpha, while the right KU uses the legacy View Animation framework (AlphaAnimation/AnimationSet) which requires complex interpolator fixes to work correctly.",Comparison of Android animation APIs for fading effects,With the new animation API that was introduced in Android 3.0 (Honeycomb) it is very simple to create such animations.,Figured out my own problem. The solution ended up being based in interpolators.
resources:KU:android.animation.Animator:RESOURCES-0224,resources:KU:android.view.animation.Animation:RESOURCES-0018,contrasts_with,,llm_quote_grounded,"The left KU uses the property-based `view.animate()` chain for visibility changes, whereas the right KU uses the older `Animation` class with `AnimationListener` callbacks to manage visibility state during view animations.",Implementation strategies for showing/hiding views with animation,We also set an <code>AnimatorListener</code> so we can set the visibility of the <code>View</code> back to <code>GONE</code> once the animation is finished:,makeOutAnimation.setAnimationListener(new Animation.AnimationListener() {
resources:KU:android.animation.Animator:RESOURCES-0224,resources:KU:android.view.animation.Animation:RESOURCES-0025,complements,,llm_quote_grounded,"The left KU provides a concrete code example of using the Property Animation system (`Animator`), which is defined conceptually in the right KU as one of the two main types of Android animations.",Definition and usage of Property Animations,With the new animation API that was introduced in Android 3.0 (Honeycomb) it is very simple to create such animations.,Property Animation Creates an animation by modifying an object's property values over a set period of time with an `Animator`.
resources:KU:android.animation.Animator:RESOURCES-0224,resources:KU:android.view.animation.Animation:RESOURCES-0117,contrasts_with,,llm_quote_grounded,"The left KU shows how easily alpha properties are combined with translation using the new API, contrasting with the right KU where combining fade-in/out animations in the old API required specific interpolator configurations to avoid bugs.",Complexity of combining animations in different APIs,You can also easily combine multiple animations. The following animation will slide a <code>View</code> down by its height and fade it in at the same time:,"When I run that animation, <em>nothing</em> shows up. However, when I remove one of the alpha animations, the behavior works as expected."
resources:KU:android.animation.Animator:RESOURCES-0224,resources:KU:android.view.animation.Animation:RESOURCES-0158,contrasts_with,,llm_quote_grounded,"The left KU handles initial state preparation explicitly before animating (`setAlpha(0.0f)`), whereas the right KU discusses issues with initial view positioning and blinking when using the older `TranslateAnimation` framework.",Managing initial view states during animation setup,// Prepare the View for the animation view.setVisibility(View.VISIBLE); view.setAlpha(0.0f);,"But my question is, how can I have the view out of the screen so I can slide it in without applying this animation to it at least once?"
resources:KU:android.animation.Animator:RESOURCES-0224,resources:KU:android.view.animation.Animation:RESOURCES-0174,contrasts_with,,llm_quote_grounded,"The left KU uses property animations for sliding/fading, while the right KU implements a custom expand/collapse animation by overriding `applyTransformation` in the legacy `Animation` class to modify layout parameters.",Techniques for animating view dimensions vs position/alpha,view.animate() .translationY(view.getHeight()) .alpha(1.0f),"protected void applyTransformation(float interpolatedTime, Transformation t) { final int newHeight = (int)(initialHeight * interpolatedTime); v.getLayoutParams().height = newHeight; v.requestLayout(); }"
resources:KU:android.animation.Animator:RESOURCES-0224,resources:KU:android.view.animation.Animation:RESOURCES-0201,contrasts_with,,llm_quote_grounded,"The left KU manages visibility within the animation lifecycle using `AnimatorListener`, while the right KU addresses the 'blink' issue common in the older `Animation` framework by manually toggling visibility in `onAnimationStart`.",Handling view visibility glitches during animation start/end,public void onAnimationEnd(Animator animation) { super.onAnimationEnd(animation); view.setVisibility(View.GONE); },public void onAnimationStart(Animation animation) { v.setVisibility(View.VISIBLE); }
resources:KU:android.animation.Animator:RESOURCES-0224,resources:KU:android.view.animation.AnimationSet:RESOURCES-0008,contrasts_with,,llm_quote_grounded,"The left KU demonstrates the modern property animation API (ViewPropertyAnimator/Animator) for combining slide and fade effects, while the right KU uses the legacy view animation framework (AnimationSet) to achieve a sequential fade in/out effect.",Comparison of Android animation APIs (Property vs View) for visual transitions.,With the new animation API that was introduced in Android 3.0 (Honeycomb) it is very simple to create such animations.,AnimationSet animation = new AnimationSet(true); animation.addAnimation(fadeIn); animation.addAnimation(fadeOut);
resources:KU:android.animation.Animator:RESOURCES-0224,resources:KU:android.view.animation.AnimationUtils:RESOURCES-0122,task_related,,llm_quote_grounded,"Both KUs address the task of animating a View's position (sliding) to show or hide it, utilizing different animation frameworks (Property Animation vs View Animation).",Animating View visibility via translation/slide effects.,Show and hide a View with a slide up/down animation,I've got an <code>Animation</code> that results in a view sliding out of the screen to the right
resources:KU:android.animation.Animator:RESOURCES-0224,resources:KU:android.view.animation.AnimationUtils:RESOURCES-0162,task_related,,llm_quote_grounded,"Both KUs provide solutions for animating the appearance and disappearance of UI components (LinearLayout vs FloatingActionButton), specifically handling visibility changes during the animation lifecycle.",Showing/hiding views with entry/exit animations.,Show and hide a View with a slide up/down animation,"I would like to have an animation, where the FAB comes in and out."
resources:KU:android.animation.Animator:RESOURCES-0224,resources:KU:java.lang.Object:RESOURCES-0134,complements,,llm_quote_grounded,"The left KU provides a working example of using the Animator API for custom view animations, which complements the right KU's explanation that default system animations (like ActionBar) are hard-coded and cannot be easily modified, implying developers must use APIs like those in the left KU for custom behavior.",Customizing view animations when system defaults are insufficient or fixed.,view.animate() .translationY(view.getHeight()) .alpha(1.0f) .setListener(null);,If you look at the decompiled sources of <code>com.android.internal.app.ActionBarImpl</code> you'll find that the animations are hard-coded.
resources:KU:android.animation.AnimatorInflater:RESOURCES-0062,resources:KU:android.view.animation.Animation:RESOURCES-0109,contrasts_with,,llm_quote_grounded,"The left KU demonstrates a 3D flip animation using the newer `Animator` framework (XML-defined, API 3.0+), while the right KU demonstrates a simple 2D rotation using the older `View Animation` framework (`RotateAnimation`). They represent two distinct approaches to animating views in Android.",Comparison of animation frameworks and techniques for rotating/flipping views.,Creating a 3D flip animation in Android using XML,"Use a <a href=""http://developer.android.com/reference/android/view/animation/RotateAnimation.html"" rel=""noreferrer""><code>RotateAnimation</code></a>, setting the pivot point to the centre of your image."
resources:KU:android.animation.AnimatorInflater:RESOURCES-0062,resources:KU:android.view.animation.RotateAnimation:RESOURCES-0001,contrasts_with,,llm_quote_grounded,"The left KU uses `ObjectAnimator` via `AnimatorInflater` for a 3D Y-axis rotation defined in XML, whereas the right KU uses `RotateAnimation` for a 2D Z-axis rotation defined programmatically. These are contrasting methods for achieving rotational effects on views.",Comparison between Property Animation (3D) and View Animation (2D) for rotation.,"<objectAnimator xmlns:android=""http://schemas.android.com/apk/res/android"" android:valueFrom=""0"" android:valueTo=""360"" android:propertyName=""rotationY"" >","RotateAnimation anim = new RotateAnimation(0f, 350f, 15f, 15f);"
resources:KU:android.animation.AnimatorInflater:RESOURCES-0062,resources:KU:android.widget.ImageView:RESOURCES-0108,contrasts_with,,llm_quote_grounded,"Both KUs involve animating an ImageView, but they use different APIs and techniques. The left KU uses the Property Animation system (`AnimatorInflater`, `ObjectAnimator`) for a 3D flip, while the right KU uses the View Animation system (`RotateAnimation`) for a 2D spin. This highlights the contrast between the two animation subsystems applied to the same widget type.",Animating an ImageView using Property vs View Animation systems.,"ObjectAnimator anim = (ObjectAnimator) AnimatorInflater.loadAnimator(mContext, R.animator.flipping); anim.setTarget(A View Object reference goes here i.e. ImageView);",final ImageView splash = (ImageView) findViewById(R.id.splash); splash.startAnimation(anim);
resources:KU:android.animation.AnimatorInflater:RESOURCES-0199,resources:KU:android.view.animation.Animation:RESOURCES-0004,contrasts_with,,llm_quote_grounded,"The left KU describes the deprecation of old view animations (like translate) in favor of ObjectAnimator, while the right KU provides a guide on how to implement custom animations by extending the Animation class.",Comparison between deprecated/legacy animation APIs and active implementation strategies for those APIs.,"It appears that the old view animations (<code>translate</code>, <code>scale</code>, and so on) are no longer accepted by the <code>AnimationInflater</code>",Most flexible (and pretty easy) way to create custom animation is to extend <code>Animation</code> class.
resources:KU:android.animation.AnimatorInflater:RESOURCES-0199,resources:KU:android.view.animation.Animation:RESOURCES-0111,contrasts_with,,llm_quote_grounded,"The left KU states that old view animations like 'translate' are deprecated and cause errors in newer Android versions, whereas the right KU demonstrates a working solution using these exact old view animations ('<translate>') via AnimationUtils.",Conflict regarding the viability of legacy View Animation XML elements across different contexts or API levels.,"Trying to use them results in, for instance, the error <code>java.lang.RuntimeException: Unknown animator name: translate</code>.","<set xmlns:android=""http://schemas.android.com/apk/res/android""> <translate android:fromYDelta=""100%p"" android:toYDelta=""0"" android:duration=""1000""/>"
resources:KU:android.animation.AnimatorInflater:RESOURCES-0199,resources:KU:android.view.animation.AnimationUtils:RESOURCES-0082,contrasts_with,,llm_quote_grounded,"The left KU asserts that old view animations are no longer accepted by the inflater and result in runtime exceptions, while the right KU shows successful usage of `AnimationUtils.loadAnimation` with a `<translate>` element, implying the old system still works in that context.",Discrepancy in the reported status/functionality of legacy View Animations.,"It appears that the old view animations (<code>translate</code>, <code>scale</code>, and so on) are no longer accepted by the <code>AnimationInflater</code>","Animation anim = AnimationUtils.loadAnimation(this, R.anim.slide_in_quickplay);"
resources:KU:android.animation.AnimatorSet:RESOURCES-0047,resources:KU:android.animation.AnimatorSet:RESOURCES-0195,task_related,,llm_quote_grounded,"Both KUs discuss animating UI elements in Android. The left KU implements a custom ItemAnimator using AnimatorSet for RecyclerView, while the right KU analyzes the internal use of AnimatorSet for ActionBar hide/show animations.",Android View Animation,AnimatorSet animSet = new AnimatorSet(),Landroid/animation/AnimatorSet;-><init>()V
resources:KU:android.animation.AnimatorSet:RESOURCES-0047,resources:KU:android.animation.ObjectAnimator:RESOURCES-0098,complements,,llm_quote_grounded,"The left KU demonstrates combining ValueAnimator and ObjectAnimator within an AnimatorSet to achieve complex layout changes (height + alpha). The right KU provides a concrete example of using ObjectAnimator directly on a custom property ('middleWidth') to animate view dimensions, which is a technique relevant to the height animation challenge in the left KU.",Animating View Properties/Layouts,"animSet.playTogether(heightAnim, alphaAnim);","ObjectAnimator.ofInt(this, ""middleWidth"", middleWidthNormal, leftWidth).setDuration(ANIM_DURATION).start();"
resources:KU:android.animation.AnimatorSet:RESOURCES-0047,resources:KU:android.animation.ValueAnimator:RESOURCES-0075,complements,,llm_quote_grounded,"The left KU uses ValueAnimator to manually update LayoutParams height because direct ObjectAnimator on LayoutParams fails. The right KU provides a specific implementation pattern for this exact problem (animating Toolbar height via ValueAnimator updating LayoutParams), serving as a complementary solution or reference for the technique described in the left KU.",Animating Layout Parameters via ValueAnimator,expandableView.getLayoutParams().height = (Integer) heightAnim.getAnimatedValue();,((AppBarLayout.LayoutParams)mToolbar.getLayoutParams()).height = (Integer)animation.getAnimatedValue();
resources:KU:android.animation.AnimatorSet:RESOURCES-0047,"resources:KU:android.view.View#layout(int,int,int,int):RESOURCES-0068",task_related,,llm_quote_grounded,"Both KUs address animating view dimensions (height/width) and layout adjustments using the Android animation framework, specifically utilizing ObjectAnimator or ValueAnimator to modify LayoutParams.",Animating UI element size changes in response to user interaction or state changes.,"ObjectAnimator halfSize = ObjectAnimator.ofInt(holder.tvColor.getLayoutParams(), ""height"", params.height, 0);",Use an <code>ObjectAnimator</code> on a custom pseudo-property of <code>middleWidth</code> to change the <code>middle</code> width from whatever it started with to the original width of <code>left</code>
resources:KU:android.animation.AnimatorSet:RESOURCES-0047,resources:KU:android.view.View:RESOURCES-0042,task_related,,llm_quote_grounded,"Both KUs involve implementing complex animations that affect view layout properties (height/width) using the animator framework, often requiring coordination between multiple animated properties.",Custom view animations involving layout parameter changes.,"AnimatorSet animSet = new AnimatorSet() .setDuration(getChangeDuration()); animSet.playTogether(heightAnim, alphaAnim);","(it is possible that it is a better idea to use an <code>AnimatorSet</code> and <code>ObjectAnimators</code> for all of these, though this works for now)"
resources:KU:android.animation.AnimatorSet:RESOURCES-0047,resources:KU:android.view.View:RESOURCES-0133,contrasts_with,,llm_quote_grounded,"The left KU uses the modern `ValueAnimator`/`AnimatorSet` framework to animate height changes within a RecyclerView ItemAnimator, while the right KU uses the legacy `Animation` class (`applyTransformation`) to achieve similar expand/collapse effects on standard Views.",Implementation strategies for animating view height expansion/collapse.,Only way I found to get this to work was to use a <code>ValueAnimator</code> as you can see in the example below.,"Animation a = new Animation() { int initialHeight; @Override protected void applyTransformation(float interpolatedTime, Transformation t) { final int newHeight = (int)(initialHeight * interpolatedTime); v.getLayoutParams().height = newHeight; v.requestLayout(); }"
resources:KU:android.animation.AnimatorSet:RESOURCES-0047,resources:KU:android.view.animation.Animation:RESOURCES-0100,contrasts_with,,llm_quote_grounded,"The left KU uses the modern Animator framework (ValueAnimator/ObjectAnimator) within a RecyclerView ItemAnimator, while the right KU uses the legacy View Animation framework (extending Animation class) for expand/collapse.",Implementation of view height animation/expand-collapse logic in Android UI.,Only way I found to get this to work was to use a <code>ValueAnimator</code>,I believe the simplest approach is to extend <code>Animation</code> class and override <code>applyTransformation()</code>
resources:KU:android.animation.AnimatorSet:RESOURCES-0047,resources:KU:android.view.animation.Animation:RESOURCES-0174,contrasts_with,,llm_quote_grounded,"Both KUs address animating view height for expansion/collapse, but the left KU utilizes the property-based Animator API (ValueAnimator) integrated with RecyclerView, whereas the right KU employs the older View Animation API (Animation subclass).",Techniques for animating layout dimensions (height) during view state changes.,"heightAnim = ValueAnimator.ofInt(expandableView.getHeight(), toHeight);","Animation a = new Animation() {
 @Override
 protected void applyTransformation(float interpolatedTime, Transformation t) {"
resources:KU:android.animation.AnimatorSet:RESOURCES-0069,resources:KU:android.animation.AnimatorSet:RESOURCES-0195,task_related,,llm_quote_grounded,"Both KUs discuss using or modifying animations involving `AnimatorSet` or its components (`ObjectAnimator`) for UI transitions, specifically addressing limitations or implementation details of the animator framework.",Customizing or implementing complex UI animations using the android.animation package.,(it is possible that it is a better idea to use an <code>AnimatorSet</code> and <code>ObjectAnimators</code> for all of these,"new-instance v0, Landroid/animation/AnimatorSet; invoke-direct {v0}, Landroid/animation/AnimatorSet;-><init>()V"
resources:KU:android.animation.AnimatorSet:RESOURCES-0069,resources:KU:android.animation.ObjectAnimator:RESOURCES-0184,complements,,llm_quote_grounded,"The left KU suggests using `AnimatorSet` and `ObjectAnimators` as a potential improvement for coordinating multiple animations, which complements the right KU's detailed example of managing individual `ObjectAnimator` instances (for alpha) and combining them into an `AnimatorSet`.",Best practices for structuring multi-property animations in Android.,(it is possible that it is a better idea to use an <code>AnimatorSet</code> and <code>ObjectAnimators</code> for all of these,"AnimatorSet animSet = new AnimatorSet()
 .setDuration(getChangeDuration());
 animSet.playTogether(heightAnim, alphaAnim);"
resources:KU:android.animation.AnimatorSet:RESOURCES-0069,resources:KU:android.animation.ValueAnimator:RESOURCES-0145,task_related,,llm_quote_grounded,"Both KUs address the implementation of complex UI animations in Android, specifically dealing with coordinating multiple property changes (translation and size/height) simultaneously.",Android animation framework usage for UI transitions involving layout changes.,"(it is possible that it is a better idea to use an <code>AnimatorSet</code> and <code>ObjectAnimators</code> for all of these, though this works for now)","AnimatorSet animSet = new AnimatorSet() .setDuration(getChangeDuration()); animSet.playTogether(heightAnim, alphaAnim);"
resources:KU:android.animation.AnimatorSet:RESOURCES-0195,resources:KU:android.view.View:RESOURCES-0044,contrasts_with,,llm_quote_grounded,"The left KU states that ActionBar hide/show animations are hard-coded and cannot be changed in Android 3.0+, while the right KU demonstrates how to create custom slide/fade animations for a generic View using the new animation API.",Comparison between system-controlled ActionBar animations and user-defined View animations.,If you look at the decompiled sources of <code>com.android.internal.app.ActionBarImpl</code> you'll find that the animations are hard-coded.,With the new animation API that was introduced in Android 3.0 (Honeycomb) it is very simple to create such animations.
resources:KU:android.animation.ObjectAnimator:RESOURCES-0039,resources:KU:android.animation.ObjectAnimator:RESOURCES-0059,complements,,llm_quote_grounded,"The left KU explains how to use ObjectAnimator with custom properties (getters/setters) to handle fractional values, which complements the right KU's suggestion to use the Animator framework (ObjectAnimator) as an alternative to extending the Animation class for custom views.",Techniques for animating custom Views using the property animation system.,To create such a property (in your case xFraction and yFraction) you need to build your own getters and setters associated to this property name.,In case if you're using Android Animator framework (or compatibility implementation - <code>NineOldAndroids</code>) you can just declare setter and getter for your custom <code>View</code> property and animate it directly.
resources:KU:android.animation.ObjectAnimator:RESOURCES-0039,resources:KU:android.animation.ObjectAnimator:RESOURCES-0093,task_related,,llm_quote_grounded,"Both KUs address the usage of ObjectAnimator defined via XML resources, discussing property names and inflation/loading mechanisms.",Configuring ObjectAnimator through XML resource files.,Then You can use the xml way to declare the object animator putting xFraction under the property xml attribute and inflate it with a AnimatorInflater,"Create a new .xml file which I will call ""flipping"". Use the following xml code:"
resources:KU:android.animation.ObjectAnimator:RESOURCES-0039,resources:KU:android.animation.ObjectAnimator:RESOURCES-0098,complements,,llm_quote_grounded,"The left KU describes creating custom properties (like xFraction) on a View to enable percentage-based translation with ObjectAnimator. The right KU implements a complex layout animation by defining a custom pseudo-property 'middleWidth' on a LinearLayout subclass and animating it with ObjectAnimator, providing a concrete application of the concept described in the left KU.",Using custom properties on ViewGroup subclasses to drive ObjectAnimator for layout changes.,To create such a property (in your case xFraction and yFraction) you need to build your own getters and setters associated to this property name.,Use an <code>ObjectAnimator</code> on a custom pseudo-property of <code>middleWidth</code> to change the <code>middle</code> width from whatever it started with to the original width of <code>left</code>
resources:KU:android.animation.ObjectAnimator:RESOURCES-0039,resources:KU:android.animation.ObjectAnimator:RESOURCES-0176,contrasts_with,,llm_quote_grounded,The left KU discusses using ObjectAnimator for custom view translations where the developer controls the animation logic. The right KU highlights a limitation where system components (ActionBar) use hard-coded internal Animators (including ObjectAnimator) that cannot be modified or replaced by the user.,Developer-controlled vs. System-hardcoded usage of ObjectAnimator/Animators.,"As such, it becomes necessary to use Android's <code>ObjectAnimator</code>.",If you look at the decompiled sources of <code>com.android.internal.app.ActionBarImpl</code> you'll find that the animations are hard-coded.
resources:KU:android.animation.ObjectAnimator:RESOURCES-0039,resources:KU:android.view.animation.Animation:RESOURCES-0004,contrasts_with,,llm_quote_grounded,"The ObjectAnimator KU discusses the transition from old view animations (like translate) which are deprecated/no longer accepted by AnimationInflater, to the new ObjectAnimator approach. The Animation KU describes extending the legacy `Animation` class for custom rendering, representing the older paradigm contrasted with the newer property animation system.",Comparison between legacy View-based animation APIs and modern Property-based animation APIs in Android.,"It appears that the old view animations (<code>translate</code>, <code>scale</code>, and so on) are no longer accepted by the <code>AnimationInflater</code>",Most flexible (and pretty easy) way to create custom animation is to extend <code>Animation</code> class.
resources:KU:android.animation.ObjectAnimator:RESOURCES-0039,resources:KU:android.view.animation.Animation:RESOURCES-0111,contrasts_with,,llm_quote_grounded,"The left KU describes ObjectAnimator as the necessary replacement for deprecated view animations (like translate) that no longer work with AnimationInflater, while the right KU demonstrates a working solution using the older Animation class and AnimationUtils.",Comparison of animation APIs in Android (ObjectAnimator vs View Animation/AnimationUtils),it becomes necessary to use Android's <code>ObjectAnimator</code>,"Animation anim = AnimationUtils.loadAnimation(this, R.anim.slide_in_quickplay);"
resources:KU:android.animation.ObjectAnimator:RESOURCES-0039,resources:KU:android.view.animation.AnimationUtils:RESOURCES-0082,contrasts_with,,llm_quote_grounded,"The left KU states that old view animations are deprecated and cause errors when used with FragmentTransaction, necessitating ObjectAnimator. The right KU shows a successful implementation using AnimationUtils to load and start an animation, representing the older API approach.",Usage of modern ObjectAnimator vs legacy AnimationUtils for view transitions,"Trying to use them results in, for instance, the error <code>java.lang.RuntimeException: Unknown animator name: translate</code>.","Animation anim = AnimationUtils.loadAnimation(this, R.anim.slide_in_quickplay);"
resources:KU:android.animation.ObjectAnimator:RESOURCES-0039,resources:KU:android.view.animation.LinearInterpolator:RESOURCES-0172,task_related,,llm_quote_grounded,"Both KUs address the task of creating custom or specific animations in Android. The left KU focuses on translating views with fractional values using ObjectAnimator, while the right KU discusses extending the Animation class and using interpolators like LinearInterpolator for custom frame-by-frame rendering.",Implementing custom view animations in Android,My goal is to translate offscreen a Fragment,Most flexible (and pretty easy) way to create custom animation is to extend <code>Animation</code> class.
resources:KU:android.animation.ObjectAnimator:RESOURCES-0039,resources:KU:android.widget.ImageView:RESOURCES-0191,task_related,,llm_quote_grounded,"Both KUs deal with animating UI components (Views/Fragments). The left KU explains how to animate a Fragment using ObjectAnimator, while the right KU details how to animate an ImageView using the older Animation framework.",Animating Android UI elements (Fragments and ImageViews),My goal is to translate offscreen a Fragment,I'm trying to animate a simple ImageView in my application
resources:KU:android.animation.ObjectAnimator:RESOURCES-0093,resources:KU:android.animation.ObjectAnimator:RESOURCES-0098,task_related,,llm_quote_grounded,"Both KUs address the task of creating complex view animations using ObjectAnimator, with one focusing on XML definition for a simple flip and the other on programmatic control for a multi-pane layout.",Implementing animations in Android views,Creating a 3D flip animation in Android using XML,Complete Working Sample of the Gmail Three-Fragment Animation Scenario?
resources:KU:android.animation.ObjectAnimator:RESOURCES-0093,resources:KU:android.animation.ObjectAnimator:RESOURCES-0184,task_related,,llm_quote_grounded,"Both KUs involve using ObjectAnimator for view animations, though applied to different contexts (XML-defined rotation vs. RecyclerView item expansion).",Using ObjectAnimator for UI transitions,"ObjectAnimator anim = (ObjectAnimator) AnimatorInflater.loadAnimator(mContext, R.animator.flipping); anim.setTarget(A View Object reference goes here i.e. ImageView); anim.setDuration(3000); anim.start();","alphaAnim = ObjectAnimator.ofFloat(expandableView, ""alpha"", 1f);"
resources:KU:android.animation.ObjectAnimator:RESOURCES-0093,resources:KU:android.graphics.drawable.AnimationDrawable:RESOURCES-0177,contrasts_with,,llm_quote_grounded,"The left KU describes using the Property Animation API (ObjectAnimator) for transformations like rotation, while the right KU deals with Frame Animation (AnimationDrawable), highlighting two distinct animation mechanisms in Android.",Types of Android animation frameworks,"<objectAnimator xmlns:android=""http://schemas.android.com/apk/res/android"" android:valueFrom=""0"" android:valueTo=""360"" android:propertyName=""rotationY"" > </objectAnimator>","<animation-list xmlns:android=""http://schemas.android.com/apk/res/android"" android:oneshot=""false""> <item android:drawable=""@drawable/l_01"" android:duration=""200"" />"
resources:KU:android.animation.ObjectAnimator:RESOURCES-0093,resources:KU:android.view.animation.Animation:RESOURCES-0109,contrasts_with,,llm_quote_grounded,"The left KU uses the modern ObjectAnimator API (requiring Android 3.0+) for a 3D flip, while the right KU uses the legacy View Animation API (RotateAnimation) for a 2D rotation.","Comparison of animation APIs and capabilities (3D vs 2D, XML definition vs programmatic setup).","Here is the answer, though it only works with 3.0 and above.","Use a <a href=""http://developer.android.com/reference/android/view/animation/RotateAnimation.html"" rel=""noreferrer""><code>RotateAnimation</code></a>, setting the pivot point to the centre of your image."
resources:KU:android.animation.ObjectAnimator:RESOURCES-0098,resources:KU:android.animation.ObjectAnimator:RESOURCES-0176,task_related,,llm_quote_grounded,"Both KUs discuss the usage of ObjectAnimator for view animations; the left provides a custom implementation for fragment transitions, while the right analyzes the internal hard-coded usage of ObjectAnimator in ActionBar hide/show logic.",Usage patterns and limitations of ObjectAnimator in Android UI animations.,Use an <code>ObjectAnimator</code> on a custom pseudo-property of <code>middleWidth</code> to change the <code>middle</code> width from whatever it started with to the original width of <code>left</code>,"invoke-static {v2, v3, v4}, Landroid/animation/ObjectAnimator;->ofFloat(Ljava/lang/Object;Ljava/lang/String;[F)Landroid/animation/ObjectAnimator;"
resources:KU:android.animation.ObjectAnimator:RESOURCES-0184,resources:KU:android.animation.ObjectAnimator:RESOURCES-0098,contrasts_with,,llm_quote_grounded,"RESOURCES-0184 demonstrates that ObjectAnimator fails to animate LayoutParams properties (like height) directly, whereas RESOURCES-0098 successfully uses ObjectAnimator on a custom pseudo-property ('middleWidth') with a setter method to indirectly control layout dimensions.",Animating view dimensions/layout parameters using ObjectAnimator.,I think your animation was not working because you cannot animate <code>LayoutParams</code> that way although it would be neat if you could.,Use an <code>ObjectAnimator</code> on a custom pseudo-property of <code>middleWidth</code> to change the <code>middle</code> width from whatever it started with to the original width of <code>left</code>
resources:KU:android.animation.ValueAnimator:RESOURCES-0145,resources:KU:android.animation.ObjectAnimator:RESOURCES-0098,complements,,llm_quote_grounded,"RESOURCES-0145 provides the correct pattern for animating layout dimensions (using ValueAnimator with requestLayout), which complements the approach in RESOURCES-0098 where ObjectAnimator is used on a custom property setter to achieve similar layout changes.",Techniques for animating view size/position via layout parameters.,Only way I found to get this to work was to use a <code>ValueAnimator</code> as you can see in the example below.,Use an <code>ObjectAnimator</code> on a custom pseudo-property of <code>middleWidth</code> to change the <code>middle</code> width from whatever it started with to the original width of <code>left</code>
resources:KU:android.animation.ObjectAnimator:RESOURCES-0176,resources:KU:android.animation.ObjectAnimator:RESOURCES-0184,task_related,,llm_quote_grounded,"Both KUs involve using ObjectAnimator to modify view properties related to visibility or layout (alpha/translationY vs height), though RESOURCES-0176 shows internal framework usage while RESOURCES-0184 discusses user implementation issues.",Using ObjectAnimator for view property animations.,"invoke-static {v2, v3, v4}, Landroid/animation/ObjectAnimator;->ofFloat(Ljava/lang/Object;Ljava/lang/String;[F)Landroid/animation/ObjectAnimator;","ObjectAnimator halfSize = ObjectAnimator.ofInt(holder.tvColor.getLayoutParams(), ""height"", params.height, 0);"
resources:KU:android.animation.ObjectAnimator:RESOURCES-0184,resources:KU:android.view.View:RESOURCES-0042,task_related,,llm_quote_grounded,"Both KUs address the task of animating view dimensions (height or width) by manipulating LayoutParams and triggering layout updates, using ObjectAnimator or ValueAnimator.",Android UI animation involving dynamic resizing of views within layouts.,ObjectAnimator to animate the height of the View's LayoutParams,Use an <code>ObjectAnimator</code> on a custom pseudo-property of <code>middleWidth</code> to change the <code>middle</code> width from whatever it started with to the original width of <code>left</code>
resources:KU:android.animation.ObjectAnimator:RESOURCES-0184,resources:KU:android.view.View:RESOURCES-0139,contrasts_with,,llm_quote_grounded,"The left KU advocates for using ValueAnimator/ObjectAnimator to animate height changes in RecyclerView items, while the right KU demonstrates extending the legacy Animation class to achieve similar expand/collapse effects.",Techniques for animating view expansion/collapse in Android.,Only way I found to get this to work was to use a <code>ValueAnimator</code> as you can see in the example below.,I believe the simplest approach is to extend <code>Animation</code> class and override <code>applyTransformation()</code> to change the view's height as follows:
resources:KU:android.animation.ObjectAnimator:RESOURCES-0184,resources:KU:android.view.View:RESOURCES-0230,complements,,llm_quote_grounded,"The left KU provides a general pattern for animating view height via LayoutParams and requestLayout; the right KU applies this specific pattern to animate the Toolbar/ActionBar visibility, complementing the general technique with a concrete implementation for ActionBar show/hide.",Animating view dimensions (specifically height) to simulate show/hide actions.,"expandableView.getLayoutParams().height = (Integer) heightAnim.getAnimatedValue();
 expandableView.requestLayout();","// update LayoutParams
 ((AppBarLayout.LayoutParams)mToolbar.getLayoutParams()).height = (Integer)animation.getAnimatedValue();
 mToolbar.requestLayout();"
resources:KU:android.animation.ObjectAnimator:RESOURCES-0184,resources:KU:android.view.animation.Animation:RESOURCES-0100,contrasts_with,,llm_quote_grounded,"The left KU uses modern Animator APIs (ValueAnimator/ObjectAnimator) to animate height, whereas the right KU uses the older Animation API (extending Animation class) to modify LayoutParams during applyTransformation.",API choices for animating view size changes.,Only way I found to get this to work was to use a <code>ValueAnimator</code> as you can see in the example below.,I believe the simplest approach is to extend <code>Animation</code> class and override <code>applyTransformation()</code> to change the view's height as follows:
resources:KU:android.animation.ValueAnimator:RESOURCES-0075,resources:KU:android.widget.TextView:RESOURCES-0103,task_related,,llm_quote_grounded,"Both KUs address the task of animating view height changes (expansion/collapse) using ValueAnimator to update LayoutParams, as direct property animation on LayoutParams is ineffective.",Android UI animation for dynamic layout resizing,"mVaActionBar = ValueAnimator.ofInt(mToolbarHeight , 0); mVaActionBar.addUpdateListener(new ValueAnimator.AnimatorUpdateListener() { @Override public void onAnimationUpdate(ValueAnimator animation) { // update LayoutParams ((AppBarLayout.LayoutParams)mToolbar.getLayoutParams()).height = (Integer)animation.getAnimatedValue(); mToolbar.requestLayout(); } });",Only way I found to get this to work was to use a <code>ValueAnimator</code> as you can see in the example below.
resources:KU:android.animation.ValueAnimator:RESOURCES-0145,resources:KU:android.app.Activity:RESOURCES-0045,task_related,,llm_quote_grounded,"Both KUs provide solutions for animating the height of Android views by manually updating LayoutParams within a ValueAnimator's update listener, rather than relying on built-in visibility animations which do not resize the layout.",Customizing Android view show/hide animations with height transitions,heightAnim.addUpdateListener(new ValueAnimator.AnimatorUpdateListener() { @Override public void onAnimationUpdate(ValueAnimator animation) { tv.getLayoutParams().height = (Integer) heightAnim.getAnimatedValue(); tv.requestLayout(); } });,mVaActionBar.addUpdateListener(new ValueAnimator.AnimatorUpdateListener() { @Override public void onAnimationUpdate(ValueAnimator animation) { // update LayoutParams ((AppBarLayout.LayoutParams)mToolbar.getLayoutParams()).height = (Integer)animation.getAnimatedValue(); mToolbar.requestLayout(); } });
resources:KU:android.animation.ValueAnimator:RESOURCES-0145,resources:KU:android.view.View:RESOURCES-0139,contrasts_with,,llm_quote_grounded,The left KU explicitly states that animating LayoutParams directly (as done in the right KU's custom Animation class) does not work and recommends using ValueAnimator instead.,Animating view height changes via LayoutParams,I think your animation was not working because you cannot animate <code>LayoutParams</code> that way although it would be neat if you could.,mLayoutParams.height = (int)(mEndHeight * interpolatedTime);
resources:KU:android.animation.ValueAnimator:RESOURCES-0145,resources:KU:android.view.View:RESOURCES-0230,complements,,llm_quote_grounded,"Both KUs provide implementations for animating a View's height by updating its LayoutParams within a ValueAnimator update listener, offering similar solutions for different contexts (RecyclerView vs ActionBar).",Animating View height using ValueAnimator and requestLayout,expandableView.getLayoutParams().height = (Integer) heightAnim.getAnimatedValue(); expandableView.requestLayout();,((AppBarLayout.LayoutParams)mToolbar.getLayoutParams()).height = (Integer)animation.getAnimatedValue(); mToolbar.requestLayout();
resources:KU:android.animation.ValueAnimator:RESOURCES-0145,resources:KU:android.view.animation.Animation:RESOURCES-0100,contrasts_with,,llm_quote_grounded,"The left KU advises against animating LayoutParams directly (the method used in the right KU's custom Animation subclass), stating it causes jumps rather than smooth animations.",Technique for animating view dimensions,I think your animation was not working because you cannot animate <code>LayoutParams</code> that way,mLayoutParams.height = (int)(mEndHeight * interpolatedTime);
resources:KU:android.app.Activity:RESOURCES-0007,resources:KU:android.app.Activity:RESOURCES-0119,task_related,,llm_quote_grounded,Both KUs describe methods for animating TextView content in an Android Activity using a Handler to update the view state over time.,Android UI animation tasks involving text visibility or content changes.,"display a text, character by character",make the textview blinking
resources:KU:android.app.Activity:RESOURCES-0007,resources:KU:android.view.View:RESOURCES-0196,task_related,,llm_quote_grounded,"Both KUs address the task of animating text display in Android, offering different implementation strategies (character-by-character vs. fade-in/out).",Android UI text animation tasks,"perform an animation that what is has to do is to display a text, character by character?",How to make text fade in and out in Android?
resources:KU:android.app.Activity:RESOURCES-0007,resources:KU:android.view.animation.AlphaAnimation:RESOURCES-0064,task_related,,llm_quote_grounded,"Both KUs provide solutions for animating text visibility changes in Android, one via sequential character updates and the other via alpha transparency transitions.",Android text animation implementations,"display a text, character by character",make text fade in and out
resources:KU:android.app.Activity:RESOURCES-0007,resources:KU:android.view.animation.Animation:RESOURCES-0152,task_related,,llm_quote_grounded,"Both KUs describe methods to animate text content in Android, focusing on visual transitions (sequential reveal vs. fade effects).",Android text animation techniques,"display a text, character by character",make text fade in and out
resources:KU:android.app.Activity:RESOURCES-0007,resources:KU:android.view.animation.AnimationSet:RESOURCES-0012,contrasts_with,,llm_quote_grounded,"The left KU implements a typewriter effect by sequentially updating text content via Handler, while the right KU implements fade transitions using AlphaAnimation and AnimationSet. They represent different approaches to animating text visibility/content.",Text animation strategies in Android Activities/Views,"display a text, character by character",make text fade in and out
resources:KU:android.app.Activity:RESOURCES-0010,resources:KU:android.app.Activity:RESOURCES-0036,task_related,,llm_quote_grounded,"Both KUs address starting or running animations within an Activity context. The left KU expands layout height with a custom Animation, while the right KU starts a frame animation (AnimationDrawable) immediately after creation.",Starting animations in Android Activities,expand a layout height with animation,start Animation immediately after onCreate
resources:KU:android.app.Activity:RESOURCES-0010,resources:KU:android.app.Activity:RESOURCES-0084,task_related,,llm_quote_grounded,"Both KUs involve manipulating view dimensions or transformations using animation mechanisms within an Activity. The left KU uses a custom Animation class to change height, while the right KU discusses rotating/resizing views using LayoutAnimationController.",View transformation and sizing via animation APIs,expand a layout height with animation,rotate all of its children by 90 degrees
resources:KU:android.app.Activity:RESOURCES-0010,resources:KU:android.app.Activity:RESOURCES-0119,task_related,,llm_quote_grounded,"Both KUs implement visual effects on UI elements within an Activity. The left KU animates layout height changes, while the right KU blinks a TextView using Handler/Thread logic. Both are examples of programmatic UI state manipulation for visual feedback.",Programmatic UI animation/effect implementation,expand a layout height with animation,make the textview blinking
resources:KU:android.app.Activity:RESOURCES-0010,resources:KU:android.app.Activity:RESOURCES-0141,task_related,,llm_quote_grounded,"Both KUs deal with expanding UI components. The left KU expands a RelativeLayout's height with animation, while the right KU expands a TextView's content visibility (maxLines) with animation intent.",Expanding UI element size/content,expand a layout height with animation,Expandable TextView with Animation
resources:KU:android.app.Activity:RESOURCES-0010,resources:KU:android.view.View:RESOURCES-0133,task_related,,llm_quote_grounded,Both KUs address the task of animating layout height changes (expansion) in Android using custom Animation classes.,Programmatic view resizing with animation,How to expand a layout height with animation?,Android: Expand/collapse animation
resources:KU:android.app.Activity:RESOURCES-0010,resources:KU:android.view.View:RESOURCES-0139,task_related,,llm_quote_grounded,Both KUs provide solutions for animating view dimensions (height) by extending the Animation class and modifying LayoutParams.,Custom animation implementation for view sizing,class Ani extends Animation {,public class MyCustomAnimation extends Animation {
resources:KU:android.app.Activity:RESOURCES-0010,resources:KU:android.view.animation.Animation:RESOURCES-0100,complements,,llm_quote_grounded,The right KU provides a more robust and reusable implementation of the custom Animation class required to solve the layout expansion problem described in the left KU.,Implementing height animation for Android views using custom Animation subclasses.,How to expand a layout height with animation?,I believe the simplest approach is to extend <code>Animation</code> class and override <code>applyTransformation()</code> to change the view's height
resources:KU:android.app.Activity:RESOURCES-0010,resources:KU:android.view.animation.Animation:RESOURCES-0174,complements,,llm_quote_grounded,The right KU offers an improved solution for expanding/collapsing views that addresses limitations (like knowing exact height) present in the basic example from the left KU.,Animating view visibility and size changes in Android layouts.,But here you need to know the exact new height.,The main advantage is that you don't have to know the expanded height to apply the animation
resources:KU:android.app.Activity:RESOURCES-0030,resources:KU:android.app.Activity:RESOURCES-0143,contrasts_with,,llm_quote_grounded,"The left KU recommends using `getResources().getDrawable()` for retrieving drawables, while the right KU states that this method is deprecated in API 22 and suggests alternatives like `ContextCompat.getDrawable`.",Android API versions >= 22 regarding drawable retrieval methods.,Drawable resImg = this.context.getResources().getDrawable(R.drawable.resource);,With new android API 22 <code>getResources().getDrawable()</code> is now deprecated.
resources:KU:android.app.Activity:RESOURCES-0030,resources:KU:android.app.Activity:RESOURCES-0221,constrains,,llm_quote_grounded,"The left KU shows how to use `getResources()` via a context instance. The right KU explains that `getResources()` cannot be called from a static context because it requires an initialized Activity/Context object, constraining where the code from the left KU can be placed.",Static vs Instance context access to Resources.,you can always use a context's <code>getResources</code> method,<code>getResources()</code> (short for ~ <code>MyActivity.this.getResources()</code>) requires a context object which is not initialized at that time.
resources:KU:android.app.Activity:RESOURCES-0030,resources:KU:android.content.Context:RESOURCES-0157,constrains,,llm_quote_grounded,"The left KU demonstrates accessing resources via `context.getResources()`. The right KU clarifies that `getResources()` is non-static and requires an active Context instance, preventing its use in static blocks as shown in the error example.",Accessing Resources from static contexts.,use a context's <code>getResources</code> method,Cannot make a static reference to the non-static method getResources() from the type ContextWrapper
resources:KU:android.app.Activity:RESOURCES-0030,resources:KU:android.content.res.Resources:RESOURCES-0066,task_related,,llm_quote_grounded,Both KUs address the task of retrieving resource identifiers or values dynamically by name using `Resources.getIdentifier`.,Dynamic resource lookup in Android applications.,"The <code>Resources</code> class has this method: </p> <pre><code>public int getIdentifier (String name, String defType, String defPackage) </code></pre>","int resId = res.getIdentifier(this.name(), ""string"", context.getPackageName());"
resources:KU:android.app.Activity:RESOURCES-0030,resources:KU:android.content.res.Resources:RESOURCES-0087,contrasts_with,,llm_quote_grounded,"Left KU recommends `Resources.getIdentifier` for dynamic lookup, while Right KU contrasts this with a reflection-based approach, noting that `getIdentifier` is slower.",Performance and implementation strategies for getting resource IDs from names.,"The <code>Resources</code> class has this method: </p> <pre><code>public int getIdentifier (String name, String defType, String defPackage) </code></pre>",I just found a blog post saying that <code>Resources.getIdentifier()</code> is slower than using reflection like I did.
resources:KU:android.app.Activity:RESOURCES-0030,resources:KU:android.graphics.Bitmap:RESOURCES-0015,contrasts_with,,llm_quote_grounded,"Left KU uses `Resources.getIdentifier` to access resources by name via the R class mechanism, whereas Right KU suggests moving images to the `assets` folder and using `AssetManager` to bypass resource ID limitations entirely.",Strategies for accessing image resources by name.,"The <code>Resources</code> class has this method: </p> <pre><code>public int getIdentifier (String name, String defType, String defPackage) </code></pre>","put your images in assets folder and you will be able to pick image by name. suppose your text is 33 and your image name is 33.png</p> <pre><code>AssetManager assetManager = context.getAssets(); String fileName = ""33""; Bitmap b = BitmapFactory.decodeStream(assetManager.open(fileName + "".png"")); imageView.setImageBitmap(b); </code></pre>"
resources:KU:android.app.Activity:RESOURCES-0030,resources:KU:android.graphics.drawable.Drawable:RESOURCES-0005,contrasts_with,,llm_quote_grounded,"Left KU presents `Resources.getIdentifier` as the solution for getting an ID from a name, while Right KU contrasts this by offering a reflection-based alternative (`getResId`) and explicitly mentioning the performance trade-off.",Methods for resolving resource names to integer IDs.,"The <code>Resources</code> class has this method: </p> <pre><code>public int getIdentifier (String name, String defType, String defPackage) </code></pre>","@EboMike: I didn't know that <code>Resources.getIdentifier()</code> existed.</p> <p>In my projects I used the following code to do that:</p> <pre><code>public static int getResId(String resName, Class<?> c) {"
resources:KU:android.app.Activity:RESOURCES-0030,resources:KU:android.view.View:RESOURCES-0038,complements,,llm_quote_grounded,"The right KU provides a concrete implementation pattern for the resource lookup method described in the left KU, specifically showing how to use `getIdentifier` within an Enum context.",When needing to map enum values to localized string resources dynamically.,"The <code>Resources</code> class has this method: </p> <pre><code>public int getIdentifier (String name, String defType, String defPackage) </code></pre>","int resId = res.getIdentifier(this.name(), ""string"", context.getPackageName());"
resources:KU:android.app.Activity:RESOURCES-0030,resources:KU:android.widget.TextView:RESOURCES-0186,task_related,,llm_quote_grounded,"Both KUs address the task of accessing Android resources programmatically. The left KU focuses on dynamic lookup by name using `getIdentifier`, while the right KU demonstrates standard static access via `R` constants and `Context.getResources()`.",General resource retrieval in Android applications.,I want to access a resource like a String or a Drawable by its name and not its int id.,There are many methods that accept a resource ID parameter and you can retrieve resources using methods in `Resources`. You can get an instance of `Resources` with `Context.getResources()`.
resources:KU:android.app.Activity:RESOURCES-0030,resources:KU:java.lang.String:RESOURCES-0096,complements,,llm_quote_grounded,"The left KU introduces the general method `Resources.getIdentifier` for looking up resources by name, while the right KU provides a specific implementation pattern using this method to map Enum values to localized String resources.",Resource lookup by dynamic string names in Android applications.,"public int getIdentifier (String name, String defType, String defPackage)","int resId = res.getIdentifier(this.name(), ""string"", context.getPackageName());"
resources:KU:android.app.Activity:RESOURCES-0030,resources:KU:java.lang.String:RESOURCES-0131,contrasts_with,,llm_quote_grounded,"The left KU recommends `Resources.getIdentifier()` as the standard way to get resource IDs from names, whereas the right KU contrasts this with reflection-based approaches and notes that `getIdentifier()` is slower than reflection.",Performance and mechanism trade-offs when retrieving resource IDs dynamically.,The <code>Resources</code> class has this method:,I just found a blog post saying that <code>Resources.getIdentifier()</code> is slower than using reflection like I did.
resources:KU:android.app.Activity:RESOURCES-0030,resources:KU:java.lang.String:RESOURCES-0142,task_related,,llm_quote_grounded,"Both KUs address the task of accessing resources (Drawables or Strings) via their names rather than static integer IDs. The left KU discusses `getIdentifier`, while the right KU demonstrates an alternative approach using Assets for image lookup by name.",Dynamic resource retrieval by name in Android UI components.,How to get a resource id with a known resource name?,"by reading one code from outside, show the image which has the same name in the <code>ImageView</code>"
resources:KU:android.app.Activity:RESOURCES-0036,resources:KU:android.graphics.drawable.AnimationDrawable:RESOURCES-0167,complements,,llm_quote_grounded,The Activity KU provides a specific implementation example (starting animation in onWindowFocusChanged) that complements the general API definition and standard usage pattern provided by the AnimationDrawable KU.,Frame animation setup within an Android Activity lifecycle,animImg.setBackgroundResource(R.drawable.listening); anim = (AnimationDrawable) animImg.getBackground(); anim.start();,rocketImage.setBackgroundResource(R.drawable.rocket_thrust); rocketAnimation = (AnimationDrawable) rocketImage.getBackground(); rocketAnimation.start();
resources:KU:android.app.Activity:RESOURCES-0036,resources:KU:android.graphics.drawable.Drawable:RESOURCES-0220,task_related,,llm_quote_grounded,"Both KUs address the task of starting an AnimationDrawable within an Activity lifecycle, specifically dealing with timing issues (onCreate vs onWindowFocusChanged/onResume) and potential memory/resource management.",Android application development involving frame animations in Activities.,How to start Animation immediately after onCreate?,Animation Drawable causing OutOfMemoryError on second run in Android
resources:KU:android.app.Activity:RESOURCES-0036,resources:KU:android.view.View:RESOURCES-0009,contrasts_with,,llm_quote_grounded,"The left KU deals with legacy View-based animation (AnimationDrawable) requiring specific lifecycle hooks like onWindowFocusChanged, while the right KU demonstrates modern Property Animation (ObjectAnimator) which is applied directly to a View object and works differently regarding setup and API usage.",Comparison between old View Animation framework and new Property Animation framework in Android.,anim = (AnimationDrawable) animImg.getBackground(); anim.start();,"ObjectAnimator anim = (ObjectAnimator) AnimatorInflater.loadAnimator(mContext, R.animator.flipping); anim.setTarget(A View Object reference goes here i.e. ImageView);"
resources:KU:android.app.Activity:RESOURCES-0036,resources:KU:android.view.animation.Animation:RESOURCES-0021,task_related,,llm_quote_grounded,"Both KUs involve implementing animations in Android activities. The left focuses on frame-by-frame drawable animation timing, while the right focuses on view property animation (fade/scale) using AnimationUtils and listeners.",Implementing visual animations in Android UI components.,How to start Animation immediately after onCreate?,How to add animation to a text view in android
resources:KU:android.app.Activity:RESOURCES-0045,resources:KU:android.app.Activity:RESOURCES-0084,task_related,,llm_quote_grounded,"Both KUs address the task of animating views within an Android Activity, specifically dealing with view transformations (hiding/showing toolbar vs rotating layout).",Android UI animation and view manipulation within Activity context.,Android SupportActionBar not animating on show / hide,Rotate View Hierarchy 90 degrees
resources:KU:android.app.Activity:RESOURCES-0045,resources:KU:android.view.View:RESOURCES-0042,task_related,,llm_quote_grounded,"Both KUs address the task of implementing custom animations for UI components (Toolbar/ActionBar in left, Fragments/Views in right) by manually animating View properties like translation and layout parameters.",Custom Android UI animation implementation using Animator APIs on Views.,"the problem boils down to - how do we <em>animate</em> hiding (& later, showing) of a <code>View</code>",Use a <code>ViewPropertyAnimator</code> to perform a translation of the three widgets
resources:KU:android.app.Activity:RESOURCES-0045,resources:KU:android.view.View:RESOURCES-0077,task_related,,llm_quote_grounded,"Both KUs solve the problem of animating the height of a View by using ValueAnimator to update LayoutParams and calling requestLayout(), rather than relying on built-in show/hide animations.",Animating View dimensions (height) via manual LayoutParams manipulation.,"// animate `Toolbar's` height to zero. mVaActionBar = ValueAnimator.ofInt(mToolbarHeight , 0);",Only way I found to get this to work was to use a <code>ValueAnimator</code>
resources:KU:android.app.Activity:RESOURCES-0045,resources:KU:android.view.View:RESOURCES-0217,contrasts_with,,llm_quote_grounded,"The left KU explains that ToolbarActionBar.show()/hide() have no built-in animation support (no-op), requiring manual implementation. The right KU states that native ActionBarImpl has hard-coded fade/slide animations that cannot be changed via XML styles.",Availability and configurability of default ActionBar show/hide animations.,<strong>show():</strong> only makes the actionbar visible - no animation support.,"By default in Android 3.0+, when ActionBar.hide()/show() are called the bar is animated with a brief fade in/out animation."
resources:KU:android.app.Activity:RESOURCES-0056,resources:KU:android.os.Bundle:RESOURCES-0135,task_related,,llm_quote_grounded,"Both KUs address the task of handling button click events within an Android Activity, specifically focusing on identifying or reacting to specific buttons.",Android UI interaction involving multiple buttons and click listeners.,How do I check which button has been clicked?,I want to swap two button positions when we click on toggle button.
resources:KU:android.app.Activity:RESOURCES-0056,resources:KU:android.view.View:RESOURCES-0196,task_related,,llm_quote_grounded,Both KUs involve implementing `View.OnClickListener` in an Activity to handle user interactions with buttons.,Setting up click listeners for views in an Android Activity.,b1.setOnClickListener(myhandler);,moveOn.setOnClickListener( new OnClickListener() {
resources:KU:android.app.Activity:RESOURCES-0056,resources:KU:android.view.animation.AlphaAnimation:RESOURCES-0064,task_related,,llm_quote_grounded,Both KUs demonstrate the use of `setOnClickListener` on a Button within an Activity context to trigger logic (identification vs animation).,Button click handling in Android Activities.,b1.setOnClickListener(myhandler);,moveOn.setOnClickListener( new OnClickListener() {
resources:KU:android.app.Activity:RESOURCES-0056,resources:KU:android.view.animation.Animation:RESOURCES-0152,task_related,,llm_quote_grounded,Both KUs involve attaching an `OnClickListener` to a Button object to define behavior upon user interaction.,Implementing click handlers for buttons.,b1.setOnClickListener(myhandler);,moveOn.setOnClickListener( new OnClickListener() {
resources:KU:android.app.Activity:RESOURCES-0084,resources:KU:android.app.Activity:RESOURCES-0149,task_related,,llm_quote_grounded,"Both KUs address the challenge of manipulating View layout and positioning within an Activity, specifically dealing with off-screen or rotated states that require custom measurement or layout adjustments.",Android UI development involving complex view positioning and animation interactions.,I am working on a subclass of FrameLayout that is supposed to rotate all of its children by 90 degrees.,I'm trying to animate a simple ImageView in my application and I want it to slide in from the bottom of the screen and come to a resting position where the top 50px of the view is off the top of the screen
resources:KU:android.app.Activity:RESOURCES-0084,resources:KU:android.content.Context:RESOURCES-0213,task_related,,llm_quote_grounded,"Both KUs address the task of manipulating view layout and positioning within an Activity, specifically dealing with dimensions and off-screen placement.",View hierarchy manipulation in Android Activities,Rotate View Hierarchy 90 degrees,Android -- How to position View off-screen?
resources:KU:android.app.Activity:RESOURCES-0084,resources:KU:android.os.Bundle:RESOURCES-0028,task_related,,llm_quote_grounded,Both KUs involve solving layout/positioning issues for views within an Activity's lifecycle (onCreate).,Activity onCreate layout adjustments,"Then, in your Activity's onCreate, do",@Override protected void onCreate(Bundle savedInstanceState) {
resources:KU:android.app.Activity:RESOURCES-0084,"resources:KU:android.view.View#layout(int,int,int,int):RESOURCES-0170",complements,,llm_quote_grounded,"The right KU provides a specific technique (`View.layout`) to adjust view bounds, which complements the left KU's general problem of resizing/rotating views where standard measure/layout passes failed.",Manual view layout adjustment vs automatic rotation,"My problem is that I can rotate the Framelayout, but I cannot resize it to match the new dimensions.","LL.layout(0, -(int)this.getResources().getDimension(R.dimen.quickplay_offset), LL.getWidth(), LL.getHeight() + (int)this.getResources().getDimension(R.dimen.quickplay_offset));"
resources:KU:android.app.Activity:RESOURCES-0084,resources:KU:android.view.animation.Animation:RESOURCES-0111,contrasts_with,,llm_quote_grounded,"The left KU uses `LayoutAnimationController` for static rotation, while the right KU uses `AnimationListener` and `startAnimation` for dynamic sliding, representing different animation application strategies.",Animation implementation patterns in Activity,I used a LayoutAnimationController.,anim.setAnimationListener(this); LL.startAnimation(anim);
resources:KU:android.app.Activity:RESOURCES-0084,resources:KU:android.view.animation.AnimationUtils:RESOURCES-0082,task_related,,llm_quote_grounded,Both KUs rely on `AnimationUtils.loadAnimation` to load XML-defined animations within an Activity context.,Loading animations from resources in Activity,"Animation rotateAnim = AnimationUtils.loadAnimation(this, R.anim.rotation);","Animation anim = AnimationUtils.loadAnimation(this, R.anim.slide_in_quickplay);"
resources:KU:android.app.Activity:RESOURCES-0119,resources:KU:android.app.Activity:RESOURCES-0141,contrasts_with,,llm_quote_grounded,"The left KU implements a continuous, time-based visual effect (blinking) using a background thread and Handler to toggle visibility, whereas the right KU implements a discrete, user-interaction-driven state change (expanding text) by toggling content length on click.",Comparison of animation/visual update strategies in Android Activities involving TextViews.,private void blink(){ final Handler handler = new Handler(); new Thread(new Runnable() {,setOnClickListener(new OnClickListener() { @Override public void onClick(View v) { trim = !trim; setText(); requestFocusFromTouch(); } });
resources:KU:android.app.Activity:RESOURCES-0119,resources:KU:android.app.Activity:RESOURCES-0156,complements,,llm_quote_grounded,"Both KUs demonstrate techniques for dynamically changing view visibility (`View.VISIBLE` vs `View.INVISIBLE`/`View.GONE`) within an Activity. The left KU uses this for a periodic blinking effect, while the right KU uses it to swap button positions visually.",Techniques for manipulating View visibility states in Android UI logic.,if(txt.getVisibility() == View.VISIBLE){ txt.setVisibility(View.INVISIBLE); }else{ txt.setVisibility(View.VISIBLE); },A1.setVisibility(View.GONE); B1.setVisibility(View.GONE); B2.setVisibility(View.VISIBLE); A2.setVisibility(View.VISIBLE);
resources:KU:android.app.Activity:RESOURCES-0119,resources:KU:android.view.View:RESOURCES-0014,task_related,,llm_quote_grounded,Both KUs demonstrate UI state manipulation (visibility toggling) within an Android Activity context to achieve visual effects.,"Android UI development, specifically using View.setVisibility() in Activity subclasses.",txt.setVisibility(View.INVISIBLE),A1.setVisibility(View.GONE)
resources:KU:android.app.Activity:RESOURCES-0149,resources:KU:android.content.Context:RESOURCES-0222,contrasts_with,,llm_quote_grounded,"The left KU uses legacy View Animation (TranslateAnimation) to position a view off-screen, while the right KU discusses the deprecation of these animations in favor of ObjectAnimator and explains how to achieve fractional translation using custom properties.",Android animation APIs for translating views,"<translate android:fromYDelta=""100%p"" android:toYDelta=""0"" android:duration=""1000""/>","It appears that the old view animations (<code>translate</code>, <code>scale</code>, and so on) are no longer accepted by the <code>AnimationInflater</code>"
resources:KU:android.app.Activity:RESOURCES-0149,resources:KU:android.os.Bundle:RESOURCES-0020,task_related,,llm_quote_grounded,"Both KUs address animating the visibility or position of Views/Activities. The left KU slides an ImageView into view from off-screen, while the right KU reveals an entire Activity using a circular reveal animation.",Animating view/activity appearance,I want it to slide in from the bottom of the screen,How can I use this to circularly reveal an entire activity
resources:KU:android.app.Activity:RESOURCES-0149,resources:KU:android.os.Bundle:RESOURCES-0057,task_related,,llm_quote_grounded,"Both KUs involve manipulating View layout and rendering within an Activity context. The left KU adjusts bounds to render off-screen parts, while the right KU rotates a FrameLayout hierarchy to change its visual orientation.",Custom View layout manipulation in Activities,"LL.layout(0, -(int)this.getResources().getDimension(R.dimen.quickplay_offset), LL.getWidth(), LL.getHeight() + (int)this.getResources().getDimension(R.dimen.quickplay_offset));",I am working on a subclass of FrameLayout that is supposed to rotate all of its children by 90 degrees.
resources:KU:android.app.Activity:RESOURCES-0149,resources:KU:android.view.View:RESOURCES-0229,task_related,,llm_quote_grounded,"Both KUs address the task of animating views within an Android Activity, specifically dealing with view visibility and positioning during animation.",Android UI Animation,I'm trying to animate a simple ImageView in my application,Circular reveal transition for new activity
resources:KU:android.app.Activity:RESOURCES-0149,resources:KU:android.view.View:RESOURCES-0231,task_related,,llm_quote_grounded,"Both KUs involve implementing animations on Views (ImageView/View) triggered or managed by Activity logic, focusing on slide/translate effects.",Android View Animation Implementation,LL.startAnimation(anim);,scanner.startAnimation(anim1);
resources:KU:android.app.Activity:RESOURCES-0149,resources:KU:android.view.animation.Animation:RESOURCES-0021,complements,,llm_quote_grounded,"The left KU provides a complex solution involving custom layouts and manual positioning for off-screen animation, while the right KU demonstrates basic usage of `AnimationUtils` and `startAnimation` for standard fade/scale effects, complementing the understanding of different animation approaches.",Android Animation Framework Usage,"Animation anim = AnimationUtils.loadAnimation(this, R.anim.slide_in_quickplay);","animation = AnimationUtils.loadAnimation(this,R.anim.fade_in);"
resources:KU:android.app.Activity:RESOURCES-0149,resources:KU:android.view.animation.Animation:RESOURCES-0129,contrasts_with,,llm_quote_grounded,"The left KU focuses on translating a view off-screen using layout manipulation and translate animations, whereas the right KU addresses rotating a view hierarchy using matrix transformations and rotation animations, representing different types of visual transformations.",Types of View Transformations,slide in from the bottom of the screen,rotate all of its children by 90 degrees
resources:KU:android.app.Activity:RESOURCES-0149,resources:KU:android.view.animation.Animation:RESOURCES-0158,contrasts_with,,llm_quote_grounded,"The left KU solves the problem of keeping part of a view visible while positioned off-screen via layout hacks, while the right KU discusses how to start a view off-screen without initial visibility glitches using animation properties like `fillAfter`, offering contrasting solutions to off-screen state management.",Off-screen View State Management,come to a resting position where the top 50px of the view is off the top of the screen,how can I have the view out of the screen so I can slide it in without applying this animation to it at least once?
resources:KU:android.app.Activity:RESOURCES-0149,resources:KU:android.view.animation.Animation:RESOURCES-0185,task_related,,llm_quote_grounded,Both KUs demonstrate the use of `AnimationUtils.loadAnimation` and `startAnimation` to apply XML-defined translate animations to views within an Activity.,XML-based Translate Animation,"Animation anim = AnimationUtils.loadAnimation(this, R.anim.slide_in_quickplay);","final Animation animation = AnimationUtils.loadAnimation(MainActivity.this, R.anim.anim);"
resources:KU:android.app.Activity:RESOURCES-0149,resources:KU:android.view.animation.AnimationUtils:RESOURCES-0046,complements,,llm_quote_grounded,"The left KU uses `AnimationUtils` to load a specific slide-in animation as part of a larger layout solution, while the right KU details common pitfalls (like null returns) and basic setup for loading animations, providing complementary knowledge on robustly using the utility class.",Using AnimationUtils,"Animation anim = AnimationUtils.loadAnimation(this, R.anim.slide_in_quickplay);","animation = AnimationUtils.loadAnimation(this,R.anim.fade_in);"
resources:KU:android.app.Activity:RESOURCES-0149,resources:KU:android.view.animation.AnimationUtils:RESOURCES-0071,task_related,,llm_quote_grounded,"Both KUs address the task of animating views (specifically ImageViews) in Android, using similar APIs like AnimationUtils and startAnimation.",Android view animation implementation,I'm trying to animate a simple ImageView in my application,Animating images one after the other
resources:KU:android.app.Activity:RESOURCES-0149,resources:KU:android.view.animation.AnimationUtils:RESOURCES-0086,task_related,,llm_quote_grounded,"Both KUs involve manipulating view properties or positions via animations within an Activity context. One slides a view off-screen, the other rotates a layout hierarchy.",Android view transformation/animation tasks,I'm trying to animate a simple ImageView in my application,Rotate View Hierarchy 90 degrees
resources:KU:android.app.Activity:RESOURCES-0149,resources:KU:android.view.animation.AnimationUtils:RESOURCES-0104,task_related,,llm_quote_grounded,Both KUs describe implementing specific visual animations for views (slide-in vs scanning oscillation) using AnimationUtils and touch/event triggers.,Custom view animation implementation,I'm trying to animate a simple ImageView in my application,Create scanning animation using android studio
resources:KU:android.app.Activity:RESOURCES-0149,resources:KU:android.view.animation.AnimationUtils:RESOURCES-0122,complements,,llm_quote_grounded,"The left KU provides a solution for positioning a view off-screen to enable slide-in animations, which directly addresses the problem raised in the right KU about how to have a view out of the screen initially without seeing it move away first.",Pre-animation view positioning strategies,come to a resting position where the top 50px of the view is off the top of the screen,how can I have the view out of the screen so I can slide it in without applying this animation to it at least once?
resources:KU:android.app.Activity:RESOURCES-0149,resources:KU:android.widget.ImageView:RESOURCES-0070,task_related,,llm_quote_grounded,Both KUs focus on animating ImageView components in Android applications.,ImageView animation,animate a simple ImageView,Animating images one after the other
resources:KU:android.app.Activity:RESOURCES-0149,resources:KU:android.widget.ImageView:RESOURCES-0166,task_related,,llm_quote_grounded,Both KUs involve creating custom animations for image-based views (ImageView or View acting as scanner) within an Activity.,View animation implementation,animate a simple ImageView,Create scanning animation using android studio
resources:KU:android.app.Activity:RESOURCES-0149,resources:KU:android.widget.TextView:RESOURCES-0076,task_related,,llm_quote_grounded,Both KUs demonstrate how to apply animations to UI widgets (ImageView vs TextView) using AnimationUtils within an Activity.,Widget animation application,"Animation anim = AnimationUtils.loadAnimation(this, R.anim.slide_in_quickplay);","animation = AnimationUtils.loadAnimation(this,R.anim.fade_in);"
resources:KU:android.app.Activity:RESOURCES-0156,resources:KU:android.app.Activity:RESOURCES-0182,contrasts_with,,llm_quote_grounded,"The left KU uses a static visibility toggle workaround to swap button positions, while the right KU implements a dynamic circular reveal animation for an entire activity.",Android UI interaction patterns involving view state changes (visibility vs. animation).,You could try a sneaky workaround using <code>View.setVisibility()</code>.,Circular reveal transition for new activity
resources:KU:android.app.Activity:RESOURCES-0156,resources:KU:android.view.View:RESOURCES-0153,task_related,,llm_quote_grounded,Both KUs describe UI manipulation tasks in Android Activities involving toggling the visibility of views.,"Android UI development, specifically dynamic view visibility changes within an Activity context.",You could try a sneaky workaround using <code>View.setVisibility()</code>.,if(txt.getVisibility() == View.VISIBLE){ txt.setVisibility(View.INVISIBLE); }else{ txt.setVisibility(View.VISIBLE); }
resources:KU:android.app.Activity:RESOURCES-0156,resources:KU:android.view.View:RESOURCES-0192,task_related,,llm_quote_grounded,Both KUs address handling button click events within an Android Activity to trigger UI state changes or logic.,Android event handling for buttons in an Activity.,All that remains is for you to assign <code>onClick()</code> methods to the four buttons.,b1.setOnClickListener(myhandler); b2.setOnClickListener(myhandler);
resources:KU:android.app.Activity:RESOURCES-0156,resources:KU:android.widget.Button:RESOURCES-0214,task_related,,llm_quote_grounded,Both KUs address handling button click events within an Android Activity to trigger UI changes.,"Android UI interaction, specifically button clicks and event listeners.",All that remains is for you to assign <code>onClick()</code> methods to the four buttons.,How do I check which button has been clicked?
resources:KU:android.app.Activity:RESOURCES-0182,resources:KU:android.view.View:RESOURCES-0230,task_related,,llm_quote_grounded,Both KUs address the task of implementing custom animations for UI components (Activity root view vs Toolbar) where default system animations are insufficient or unavailable.,Android UI animation implementation,Circular reveal transition for new activity,Android SupportActionBar not animating on show / hide
resources:KU:android.app.Activity:RESOURCES-0209,resources:KU:android.app.Activity:RESOURCES-0221,constrains,,llm_quote_grounded,"The Activity lifecycle and configuration handling described in RESOURCES-0209 constrains how resources can be accessed, specifically requiring a Context which is only available after onCreate(), as explained in RESOURCES-0221.",Resource access timing relative to Activity lifecycle,"Android restarts the running `Activity` (`onDestroy()` is called, followed by `onCreate()`)",Since context is only available after you hit <code>onCreate</code> you can't even do it at construction time of <code>MyActivity</code>.
resources:KU:android.app.Activity:RESOURCES-0209,resources:KU:android.content.Context:RESOURCES-0049,complements,,llm_quote_grounded,"RESOURCES-0209 describes the mechanism of Activity restart upon configuration change, while RESOURCES-0049 provides strategies for designing layouts and resources that adapt to these changes (locales), complementing the lifecycle management with design guidelines.",Handling device configuration changes,"Some device configurations can change during runtime (such as screen orientation, keyboard availability, and language).",Design your application to work in any locale
resources:KU:android.app.Activity:RESOURCES-0209,resources:KU:android.content.Context:RESOURCES-0157,constrains,,llm_quote_grounded,"The Activity lifecycle constraints (restart on config change, state restoration) imply that resource access must occur within the valid lifecycle window (post-onCreate), constraining the static initialization pattern discussed in RESOURCES-0157.",Resource access validity during Activity lifecycle,"To properly handle a restart, it is important that your activity restores its previous state through the normal Activity lifecycle",Resources are not static and can't be accessed from static context.
resources:KU:android.app.Activity:RESOURCES-0209,resources:KU:android.content.Context:RESOURCES-0200,constrains,,llm_quote_grounded,"The requirement for Activity restart and state restoration in RESOURCES-0209 dictates that resources dependent on the current configuration cannot be statically initialized before the Activity context is established, as confirmed in RESOURCES-0200.",Initialization order of resources vs Activity lifecycle,"Android restarts the running `Activity` (`onDestroy()` is called, followed by `onCreate()`)",You cannot initialize a <code>static final</code> field from resources; the field needs to be initialized at the time the class is initialized and that happens before the application resources have been bound at run time.
resources:KU:android.app.Activity:RESOURCES-0209,resources:KU:android.content.res.Resources:RESOURCES-0097,constrains,,llm_quote_grounded,"The Activity lifecycle behavior (restart on config change) imposes constraints on when Resources can be safely accessed, specifically preventing static access before the Activity's onCreate() method runs.",Accessing Resources relative to Activity lifecycle events,"When such a change occurs, Android restarts the running `Activity` (`onDestroy()` is called, followed by `onCreate()`)",Since context is only available after you hit <code>onCreate</code> you can't even do it at construction time of <code>MyActivity</code>.
resources:KU:android.app.Activity:RESOURCES-0221,resources:KU:android.content.Context:RESOURCES-0049,constrains,,llm_quote_grounded,"The Activity KU explains that resources are not static and require a Context initialized after onCreate, which constrains how the Context KU's localization strategies (like using default resources) must be implemented in code.",Initialization of resource-dependent data structures in Android Activities,Resources are not static and can't be accessed from static context.,Use the Android Context object for manual locale lookup
resources:KU:android.app.Activity:RESOURCES-0221,resources:KU:java.lang.String:RESOURCES-0137,task_related,,llm_quote_grounded,"Both KUs address the specific problem of initializing String resources outside of the standard `onCreate` lifecycle method (e.g., in static blocks or final fields), explaining why it fails and providing workarounds.",Initialization of string resources in Android activities,Is it possible to get resources inside a static context block?,How to use getString() on static String before onCreate()?
resources:KU:android.content.Context:RESOURCES-0049,resources:KU:android.content.Context:RESOURCES-0058,complements,,llm_quote_grounded,"The left KU establishes the general strategy of using the Context object for resource/locale lookups, while the right KU provides a specific implementation detail (using `getResources().getIdentifier`) to retrieve resources by name via that same Context.",Android resource management and localization strategies involving Context.,Use the Android Context object for manual locale lookup,you can always use a context's <code>getResources</code> method ...
resources:KU:android.content.Context:RESOURCES-0049,resources:KU:android.content.res.Resources:RESOURCES-0097,constrains,,llm_quote_grounded,"The recommendation to use Context for locale/resource lookup is constrained by the fact that Resources cannot be accessed statically, as they depend on an initialized Context.",Static initialization of resource-dependent data.,You can look up the locale using the `Context` object that Android makes available:,Resources are not static and can't be accessed from static context.
resources:KU:android.content.Context:RESOURCES-0049,resources:KU:android.content.res.Resources:RESOURCES-0099,constrains,,llm_quote_grounded,"Using Context to get resources for localization is constrained by the timing of resource binding; resources are not available until after the Activity's onCreate(), preventing early static initialization.",Accessing string resources before onCreate().,You can look up the locale using the `Context` object that Android makes available:,the field needs to be initialized at the time the class is initialized and that happens before the application resources have been bound at run time.
resources:KU:android.content.Context:RESOURCES-0058,resources:KU:android.content.res.Resources:RESOURCES-0050,complements,,llm_quote_grounded,"The left KU provides a specific method (getIdentifier) to resolve resource names to IDs, which complements the general pattern of accessing resources via IDs described in the right KU.",When needing to access resources dynamically by name rather than static ID.,"public int getIdentifier (String name, String defType, String defPackage)",You can use a resource in code by passing the resource ID as a method parameter.
resources:KU:android.content.Context:RESOURCES-0058,resources:KU:android.content.res.Resources:RESOURCES-0066,task_related,,llm_quote_grounded,"Both KUs address the task of retrieving resources using their string names instead of integer IDs, with the right KU providing a concrete implementation example for the method mentioned in the left KU.",Dynamic resource lookup by name in Android applications.,I want to access a resource like a String or a Drawable by its name and not its int id.,"int resId = res.getIdentifier(this.name(), ""string"", context.getPackageName());"
resources:KU:android.content.Context:RESOURCES-0058,resources:KU:android.content.res.Resources:RESOURCES-0087,task_related,,llm_quote_grounded,"Both KUs discuss obtaining resource IDs from string names. The left KU introduces `getIdentifier`, while the right KU confirms its existence and usage for this exact purpose.",Resolving resource identifiers from string names.,"Which returns the integer of the specified resource name, type & package.",I didn't know that <code>Resources.getIdentifier()</code> existed.
resources:KU:android.content.Context:RESOURCES-0058,resources:KU:android.graphics.drawable.Drawable:RESOURCES-0005,task_related,,llm_quote_grounded,"Both KUs address the task of retrieving a resource ID from a string name, with one suggesting `Resources.getIdentifier` and the other comparing it to reflection.",Dynamic resource lookup by name in Android,"The <code>Resources</code> class has this method: </p> <pre><code>public int getIdentifier (String name, String defType, String defPackage) </code></pre>",@EboMike: I didn't know that <code>Resources.getIdentifier()</code> existed.
resources:KU:android.content.Context:RESOURCES-0058,resources:KU:android.graphics.drawable.Drawable:RESOURCES-0228,contrasts_with,,llm_quote_grounded,"The left KU recommends using `getResources().getDrawable()` for accessing drawables, while the right KU states that this specific method is deprecated in API 22 and suggests alternatives.",Accessing drawable resources via Context/Resources,Drawable resImg = this.context.getResources().getDrawable(R.drawable.resource);,With new android API 22 <code>getResources().getDrawable()</code> is now deprecated.
resources:KU:android.content.Context:RESOURCES-0058,resources:KU:android.view.View:RESOURCES-0038,complements,,llm_quote_grounded,"The left KU introduces the `getIdentifier` method for looking up resources by name, and the right KU provides a concrete implementation pattern using this method to resolve enum values to localized strings.",Using Resources.getIdentifier for dynamic resource resolution,"The <code>Resources</code> class has this method: </p> <pre><code>public int getIdentifier (String name, String defType, String defPackage) </code></pre>","int resId = res.getIdentifier(this.name(), ""string"", context.getPackageName());"
resources:KU:android.content.Context:RESOURCES-0058,resources:KU:java.lang.String:RESOURCES-0096,complements,,llm_quote_grounded,"The left KU introduces the general problem of getting resource IDs by name, while the right KU provides a specific implementation pattern (Enum lookup) using the `getIdentifier` method mentioned in the left KU.",Dynamic resource lookup by string name,"public int getIdentifier (String name, String defType, String defPackage)","int resId = res.getIdentifier(this.name(), ""string"", context.getPackageName());"
resources:KU:android.content.Context:RESOURCES-0058,resources:KU:java.lang.String:RESOURCES-0142,contrasts_with,,llm_quote_grounded,"The left KU focuses on resolving resource IDs within the standard `R` namespace using `getIdentifier`, whereas the right KU suggests an alternative approach using `AssetManager` to load images by filename, bypassing the resource ID system entirely.",Strategies for accessing assets/resources by name,"Which returns the integer of the specified resource name, type & package.",put your images in assets folder and you will be able to pick image by name.
resources:KU:android.content.Context:RESOURCES-0078,resources:KU:android.content.Context:RESOURCES-0157,constrains,,llm_quote_grounded,"The formatting example in the left KU relies on `getResources()`, which the right KU explains cannot be accessed from a static context, thus constraining where the code from the left KU can be placed.",When attempting to use string resources for formatting within static initializers or blocks.,Resources res = getResources();,Cannot make a static reference to the non-static method getResources() from the type ContextWrapper
resources:KU:android.content.Context:RESOURCES-0078,resources:KU:android.content.Context:RESOURCES-0200,constrains,,llm_quote_grounded,The left KU demonstrates retrieving strings via `getResources()` for formatting. The right KU clarifies that this approach (and specifically `Resources.getSystem()`) fails if attempted before `onCreate()` or in static contexts because application resources are not bound yet.,Initialization timing and lifecycle constraints when accessing string resources for formatting.,Resources res = getResources();,You cannot initialize a <code>static final</code> field from resources; the field needs to be initialized at the time the class is initialized and that happens before the application resources have been bound at run time.
resources:KU:android.content.Context:RESOURCES-0078,resources:KU:android.content.res.Resources:RESOURCES-0066,task_related,,llm_quote_grounded,"Both KUs address the task of retrieving localized strings from resources to display in the UI. The left KU focuses on formatting arguments within those strings, while the right KU focuses on dynamically looking up string resources by name (e.g., for enums).",Accessing and utilizing string resources for UI display.,"String text = String.format(res.getString(R.string.welcome_messages), username, mailCount);",return (res.getString(resId));
resources:KU:android.content.Context:RESOURCES-0078,resources:KU:android.content.res.Resources:RESOURCES-0130,contrasts_with,,llm_quote_grounded,"The left KU shows the standard way to format strings by calling `String.format` on the result of `getString`. The right KU contrasts this by showing an alternative, more concise overload of `getString` that accepts format arguments directly, avoiding the explicit `String.format` call.",Methods for applying format arguments to string resources.,"String text = String.format(res.getString(R.string.welcome_messages), username, mailCount);",Note that <code>getString</code> has an overload that uses the string as a format string:
resources:KU:android.content.Context:RESOURCES-0078,resources:KU:android.view.View:RESOURCES-0038,complements,,llm_quote_grounded,"The left KU provides the standard method for formatting string resources with arguments, while the right KU provides a specific pattern (using getIdentifier) to dynamically retrieve string resources by name, which can then be formatted.",Retrieving and formatting string resources in Android applications.,"If you need to format your strings using `String.format(String, Object...)`, then you can do so by putting your format arguments in the string resource.",You can certainly look up a resource by its name using <code>Resources.getIdentifier()</code>.
resources:KU:java.lang.Object:RESOURCES-0003,resources:KU:android.content.Context:RESOURCES-0078,complements,,llm_quote_grounded,"The right KU defines the core mechanism for formatting string resources. The left KU complements this by providing alternative usage patterns, such as using the overloaded `getString` method directly or handling plurals with `getQuantityString`.",Different approaches to utilizing formatted string resources in Android.,Note that <code>getString</code> has an overload that uses the string as a format string:,"String text = String.format(res.getString(R.string.welcome_messages), username, mailCount);"
resources:KU:android.content.Context:RESOURCES-0078,resources:KU:java.lang.String:RESOURCES-0096,complements,,llm_quote_grounded,"The left KU explains how to format static string resources defined in XML. The right KU complements this by showing how to dynamically resolve string resource IDs from enum names using `getIdentifier`, which can then be used in the formatting process described on the left.",Combining dynamic resource lookup with string formatting.,"If you need to format your strings using `String.format(String, Object...)`, then you can do so by putting your format arguments in the string resource.","int resId = res.getIdentifier(this.name(), ""string"", context.getPackageName());"
resources:KU:java.lang.String:RESOURCES-0193,resources:KU:android.content.Context:RESOURCES-0078,complements,,llm_quote_grounded,"The right KU establishes the base requirement of using `String.format` with resources. The left KU expands on this by introducing `getQuantityString` for handling plural forms, which is a specialized case of the general formatting rule.",Advanced string resource formatting including plurals.,"If you need to handle plurals, use this:","If you need to format your strings using `String.format(String, Object...)`, then you can do so by putting your format arguments in the string resource."
resources:KU:android.content.Context:RESOURCES-0157,resources:KU:android.content.res.Resources:RESOURCES-0099,task_related,,llm_quote_grounded,"Both KUs address the problem of accessing Android resources (specifically strings) in a static context or before the Activity's onCreate() method is called, explaining why it fails and offering workarounds.",Android resource access timing and static initialization constraints.,Is it possible to get resources inside a static context block?,How to use getString() on static String before onCreate()?
resources:KU:android.content.Context:RESOURCES-0157,resources:KU:java.lang.Object:RESOURCES-0212,constrains,,llm_quote_grounded,"The inability to access resources statically (left KU) is fundamentally caused by the fact that resources depend on device configuration which can change at runtime, triggering an Activity restart (right KU). The right KU explains the lifecycle constraint that makes the left KU's static access impossible.",Android Activity lifecycle and resource dependency on configuration.,"The reason is that the activity manager which instantiates your <code>MyActivity</code> class has to determine the configuration (orientation, screen size, language, ...) before he knows which resources have to be extracted from the xml.","Some device configurations can change during runtime (such as screen orientation, keyboard availability, and language). When such a change occurs, Android restarts the running `Activity`"
resources:KU:android.content.Context:RESOURCES-0157,resources:KU:java.lang.String:RESOURCES-0137,task_related,,llm_quote_grounded,"Both KUs discuss the same specific task: attempting to initialize static string variables using Android resources before the Activity is fully created, and both explain why this fails due to the lack of a valid Context/Resources object at that time.",Static initialization of resource-backed strings in Android Activities.,Cannot make a static reference to the non-static method getResources() from the type ContextWrapper,You cannot initialize a <code>static final</code> field from resources; the field needs to be initialized at the time the class is initialized and that happens before the application resources have been bound at run time.
resources:KU:android.content.Context:RESOURCES-0200,resources:KU:android.content.res.Resources:RESOURCES-0097,task_related,,llm_quote_grounded,"Both KUs address the problem of accessing Android resources (specifically strings) from a static context or before the Activity's onCreate() method is called, explaining why it fails and providing workarounds.",Android resource access timing and static initialization constraints,You cannot initialize a <code>static final</code> field from resources; the field needs to be initialized at the time the class is initialized and that happens before the application resources have been bound at run time.,<code>getResources()</code> (short for ~ <code>MyActivity.this.getResources()</code>) requires a context object which is not initialized at that time. Since context is only available after you hit <code>onCreate</code> you can't even do it at construction time of <code>MyActivity</code>.
resources:KU:android.content.Context:RESOURCES-0206,resources:KU:android.view.animation.Animation:RESOURCES-0017,task_related,,llm_quote_grounded,Both KUs address the task of applying animations to list items during scrolling or loading in Android.,Android UI animation implementation for ListView and RecyclerView adapters.,I want to set an animation for a <code>ListView</code> for when a user scrolls the <code>ListView</code>.,How do I animate the <code>RecyclerView</code> when the items appear for first time and also when the user scrolls
resources:KU:android.content.Context:RESOURCES-0206,resources:KU:android.view.animation.AnimationUtils:RESOURCES-0205,task_related,,llm_quote_grounded,Both KUs address the task of applying animations to list-like views (ListView vs RecyclerView) during scrolling or item binding.,Android UI animation implementation for scrollable containers,set an animation for a <code>ListView</code> for when a user scrolls the <code>ListView</code>,How do I animate the <code>RecyclerView</code> when the items appear for first time and also when the user scrolls
resources:KU:android.content.Context:RESOURCES-0213,resources:KU:android.content.Context:RESOURCES-0222,contrasts_with,,llm_quote_grounded,"The left KU uses legacy View Animation (`translate` XML), while the right KU discusses the deprecation of these view animations in favor of `ObjectAnimator`/property animations.",Evolution of Android animation APIs from View Animations to Property Animators,"<translate android:fromYDelta=""100%p"" android:toYDelta=""0"" android:duration=""1000""/>","It appears that the old view animations (<code>translate</code>, <code>scale</code>, and so on) are no longer accepted by the <code>AnimationInflater</code>"
resources:KU:android.content.Context:RESOURCES-0213,"resources:KU:android.view.View#layout(int,int,int,int):RESOURCES-0085",task_related,,llm_quote_grounded,Both KUs address the challenge of manually adjusting view dimensions and positions to accommodate layout changes (off-screen positioning vs. rotation resizing) that standard layout managers do not handle automatically.,Custom View/Layout implementations requiring manual measurement or layout adjustments.,"LL.layout(0, -(int)this.getResources().getDimension(R.dimen.quickplay_offset), LL.getWidth(), LL.getHeight() + (int)this.getResources().getDimension(R.dimen.quickplay_offset));","My problem is that I can rotate the Framelayout, but I cannot resize it to match the new dimensions."
resources:KU:android.content.Context:RESOURCES-0213,resources:KU:android.view.animation.Animation:RESOURCES-0129,task_related,,llm_quote_grounded,"Both KUs address the challenge of manipulating View geometry (positioning or rotation) in conjunction with Android animations, specifically dealing with layout measurement and rendering bounds.",Android UI development involving custom layouts and animation effects that affect view dimensions or position.,I'm trying to animate a simple ImageView in my application and I want it to slide in from the bottom of the screen and come to a resting position where the top 50px of the view is off the top of the screen,I am working on a subclass of FrameLayout that is supposed to rotate all of its children by 90 degrees.
resources:KU:android.content.Context:RESOURCES-0213,resources:KU:android.view.animation.Animation:RESOURCES-0158,task_related,,llm_quote_grounded,"Both KUs discuss techniques for animating views into or out of the visible screen area, focusing on initial positioning and animation definitions.",Implementing slide-in/slide-out animations for Android Views.,I'm trying to animate a simple ImageView in my application and I want it to slide in from the bottom of the screen,how can I have the view out of the screen so I can slide it in without applying this animation to it at least once?
resources:KU:android.content.Context:RESOURCES-0213,resources:KU:android.view.animation.AnimationUtils:RESOURCES-0086,task_related,,llm_quote_grounded,"Both KUs involve solving complex layout/animation issues where standard animation transforms conflict with view measurement or positioning, requiring custom layout logic or specific animation controllers.",Advanced Android animation scenarios involving custom ViewGroups and layout adjustments.,"I've tried to use the AbsoluteLayout to do this, but this actually cuts off the top 50px of the ImageView such that the top 50px is never rendered.","My problem is that I can rotate the Framelayout, but I cannot resize it to match the new dimensions."
resources:KU:android.content.Context:RESOURCES-0213,resources:KU:android.view.animation.AnimationUtils:RESOURCES-0122,task_related,,llm_quote_grounded,"Both KUs address the task of animating a View to slide in from off-screen, with one providing a complex layout solution and the other discussing initial state handling for similar animations.",Android view animation tasks involving sliding views from/to off-screen positions.,I'm trying to animate a simple ImageView in my application and I want it to slide in from the bottom of the screen,how can I have the view out of the screen so I can slide it in without applying this animation to it at least once?
resources:KU:android.content.Context:RESOURCES-0213,resources:KU:java.lang.String:RESOURCES-0223,contrasts_with,,llm_quote_grounded,"The first KU uses legacy XML-based `translate` animations (view animations), while the second KU discusses the deprecation of these in favor of `ObjectAnimator` and explains how to achieve similar fractional translations using the newer API.",Comparison between legacy Android View Animation framework and the Property Animation framework (ObjectAnimator).,"<translate android:fromYDelta=""100%p"" android:toYDelta=""0"" android:duration=""1000""/>","It appears that the old view animations (<code>translate</code>, <code>scale</code>, and so on) are no longer accepted by the <code>AnimationInflater</code>"
resources:KU:android.content.Context:RESOURCES-0222,resources:KU:android.graphics.Bitmap:RESOURCES-0173,complements,,llm_quote_grounded,"The first KU describes using `ObjectAnimator` with custom properties for translation, while the second KU provides an alternative approach by extending the `Animation` class to manually handle transformations (including offsets) which can be used for similar visual effects.",Implementing custom view animations/translations in Android using different frameworks (Property Animation vs View Animation extension).,"As such, it becomes necessary to use Android's <code>ObjectAnimator</code>.",Most flexible (and pretty easy) way to create custom animation is to extend <code>Animation</code> class.
resources:KU:android.content.Context:RESOURCES-0222,"resources:KU:android.view.View#layout(int,int,int,int):RESOURCES-0170",contrasts_with,,llm_quote_grounded,"The first KU advocates for using `ObjectAnimator` with custom getters/setters for smooth property-based animation, contrasting with the second KU's solution which relies on directly calling `View.layout()` within an animation listener to force position changes.",Techniques for positioning views during animation: Property Animation (ObjectAnimator) vs direct Layout manipulation.,To create such a property (in your case xFraction and yFraction) you need to build your own getters and setters associated to this property name.,"LL.layout(0, -(int)this.getResources().getDimension(R.dimen.quickplay_offset), LL.getWidth(), LL.getHeight() + (int)this.getResources().getDimension(R.dimen.quickplay_offset));"
resources:KU:android.content.Context:RESOURCES-0222,resources:KU:android.view.View:RESOURCES-0171,contrasts_with,,llm_quote_grounded,"The left KU describes the deprecation of old view animations (like translate) in favor of ObjectAnimator, while the right KU provides a solution for custom animation by extending the Animation class and overriding applyTransformation.",Android animation implementation strategies (deprecated vs. custom extension),"It appears that the old view animations (<code>translate</code>, <code>scale</code>, and so on) are no longer accepted by the <code>AnimationInflater</code>",Most flexible (and pretty easy) way to create custom animation is to extend <code>Animation</code> class.
resources:KU:android.content.Context:RESOURCES-0222,resources:KU:android.view.animation.Animation:RESOURCES-0004,contrasts_with,,llm_quote_grounded,"The left KU states that old view animations are deprecated and cause errors with AnimationInflater, whereas the right KU recommends extending the Animation class as a flexible way to create custom animations.",Usage of legacy Animation framework vs. modern Animator framework,"Trying to use them results in, for instance, the error <code>java.lang.RuntimeException: Unknown animator name: translate</code>.",Most flexible (and pretty easy) way to create custom animation is to extend <code>Animation</code> class.
resources:KU:android.content.Context:RESOURCES-0222,resources:KU:android.view.animation.Animation:RESOURCES-0111,task_related,,llm_quote_grounded,"Both KUs address the task of translating views using fractional values (e.g., '100%p') in Android animations, though they propose different solutions (ObjectAnimator with custom properties vs. modifying layout bounds during Animation).",Implementing slide/translation animations with percentage-based offsets,"<translate android:fromXDelta=""100%p"" android:toXDelta=""0""","<translate android:fromYDelta=""100%p"" android:toYDelta=""0"""
resources:KU:android.content.Context:RESOURCES-0222,resources:KU:android.view.animation.AnimationUtils:RESOURCES-0082,task_related,,llm_quote_grounded,Both KUs involve animating views off-screen or across the screen using translation deltas defined as percentages of the parent dimension.,View translation animations using percentage-based deltas,"<translate android:fromXDelta=""100%p"" android:toXDelta=""0""","<translate android:fromYDelta=""100%p"" android:toYDelta=""0"""
resources:KU:android.content.Context:RESOURCES-0222,resources:KU:android.widget.ImageView:RESOURCES-0191,task_related,,llm_quote_grounded,Both KUs deal with implementing slide-in/slide-out transitions for views (Fragments/ImageViews) using translation animations with percentage-based start/end points.,Fragment/View transition animations,"<translate android:fromXDelta=""100%p"" android:toXDelta=""0""","<translate android:fromYDelta=""100%p"" android:toYDelta=""0"""
resources:KU:android.content.res.Resources:RESOURCES-0024,resources:KU:android.content.res.Resources:RESOURCES-0051,contrasts_with,,llm_quote_grounded,"Both define simple XML resources referenced by name, but they differ in data type (dimension vs color) and specific syntax/units.",Android resource definition documentation,A dimension is a simple resource that is referenced using the value provided in the `name` attribute,A color is a simple resource that is referenced using the value provided in the `name` attribute
resources:KU:android.content.res.Resources:RESOURCES-0024,resources:KU:android.content.res.Resources:RESOURCES-0079,contrasts_with,,llm_quote_grounded,"Both define simple XML resources referenced by name, but they differ in data type (dimension vs boolean) and specific syntax/values.",Android resource definition documentation,A dimension is a simple resource that is referenced using the value provided in the `name` attribute,A bool is a simple resource that is referenced using the value provided in the `name` attribute
resources:KU:android.content.res.Resources:RESOURCES-0024,resources:KU:android.view.View:RESOURCES-0038,task_related,,llm_quote_grounded,Both KUs describe retrieving resources (dimensions vs strings) using the Resources API in Java code.,Java application code accessing resource values via Resources instance methods.,Resources res = getResources(); float fontSize = res.getDimension(R.dimen.font_size);,"Resources res = context.getResources(); int resId = res.getIdentifier(this.name(), ""string"", context.getPackageName()); if (0 != resId) { return (res.getString(resId)); }"
resources:KU:android.content.res.Resources:RESOURCES-0024,resources:KU:java.lang.String:RESOURCES-0148,task_related,,llm_quote_grounded,Both KUs demonstrate how to retrieve simple resources (dimension and string array) from XML definitions using the Resources class in Java.,Java code execution for fetching resource values defined in res/values XML files.,Resources res = getResources(); float fontSize = res.getDimension(R.dimen.font_size);,Resources res = getResources(); String[] planets = res.getStringArray(R.array.planets_array);
resources:KU:android.content.res.Resources:RESOURCES-0024,resources:KU:java.lang.String:RESOURCES-0193,task_related,,llm_quote_grounded,Both KUs provide examples of retrieving specific resource types (dimension and formatted string) using the Resources API in Java.,"Java code snippets showing `getResources()` followed by type-specific getter methods (`getDimension`, `getString`).",Resources res = getResources(); float fontSize = res.getDimension(R.dimen.font_size);,"Resources res = getResources(); String text = String.format(res.getString(R.string.welcome_messages), username, mailCount);"
resources:KU:android.content.res.Resources:RESOURCES-0050,resources:KU:android.content.res.Resources:RESOURCES-0051,complements,,llm_quote_grounded,"The first KU explains the general mechanism of accessing resources in code via `Resources` methods, while the second KU provides a concrete example of that mechanism applied to Color resources.",General resource access pattern vs. specific color resource implementation.,"You can also retrieve individual resources using methods in `Resources`, which you can get an instance of with `getResources()`.",Resources res = getResources(); int color = res.getColor(R.color.opaque_red);
resources:KU:android.content.res.Resources:RESOURCES-0050,resources:KU:android.content.res.Resources:RESOURCES-0066,complements,,llm_quote_grounded,"The left KU introduces the general concept of retrieving resources using `Resources` methods, while the right KU provides a specific implementation pattern for looking up string resources by name (using `getIdentifier`) within an enum context.",Retrieving localized strings from resources in Java code.,"You can also retrieve individual resources using methods in `Resources`, which you can get an instance of with `getResources()`.","int resId = res.getIdentifier(this.name(), ""string"", context.getPackageName());"
resources:KU:android.content.res.Resources:RESOURCES-0050,resources:KU:android.content.res.Resources:RESOURCES-0079,complements,,llm_quote_grounded,"The left KU describes the general mechanism of accessing resources via `Resources` methods. The right KU provides a concrete example of this mechanism applied to a specific resource type (Bool), showing how to use `res.getBoolean()`.",Accessing boolean resources in application code.,"You can also retrieve individual resources using methods in `Resources`, which you can get an instance of with `getResources()`.",This application code retrieves the boolean: Resources res = getResources(); boolean screenIsSmall = res.getBoolean(R.bool.screen_small);
resources:KU:android.content.res.Resources:RESOURCES-0050,resources:KU:android.content.res.Resources:RESOURCES-0087,contrasts_with,,llm_quote_grounded,"The left KU presents the standard approach of passing resource IDs directly to methods. The right KU discusses alternative techniques (reflection and `getIdentifier`) for obtaining resource IDs dynamically when only the name is known, contrasting with the static ID usage implied on the left.",Methods for resolving resource identifiers in code.,You can use a resource in code by passing the resource ID as a method parameter.,I just found a blog post saying that <code>Resources.getIdentifier()</code> is slower than using reflection like I did.
resources:KU:android.content.res.Resources:RESOURCES-0050,resources:KU:android.content.res.Resources:RESOURCES-0130,complements,,llm_quote_grounded,"The left KU establishes the general capability to retrieve resources using `Resources` methods. The right KU details specific methods (`getString`, `getQuantityString`) for retrieving and formatting string resources, complementing the general instruction with specific string-handling logic.",Retrieving and formatting string resources.,"You can also retrieve individual resources using methods in `Resources`, which you can get an instance of with `getResources()`.","Resources res = getResources(); String text = String.format(res.getString(R.string.welcome_messages), username, mailCount);"
resources:KU:android.content.res.Resources:RESOURCES-0050,resources:KU:android.content.res.Resources:RESOURCES-0147,complements,,llm_quote_grounded,"The left KU explains the general process of retrieving resources via `Resources` methods. The right KU applies this process specifically to integer arrays, demonstrating the use of `res.getIntArray()`.",Accessing integer array resources.,"You can also retrieve individual resources using methods in `Resources`, which you can get an instance of with `getResources()`.",This application code retrieves the integer array: Resources res = getResources(); int[] bits = res.getIntArray(R.array.bits);
resources:KU:android.content.res.Resources:RESOURCES-0050,resources:KU:android.content.res.Resources:RESOURCES-0232,complements,,llm_quote_grounded,"The left KU describes the general mechanism of accessing resources through `Resources` methods. The right KU provides a specific example of this mechanism for integer resources, using `res.getInteger()`.",Accessing integer resources.,"You can also retrieve individual resources using methods in `Resources`, which you can get an instance of with `getResources()`.",This application code retrieves an integer: Resources res = getResources(); int maxSpeed = res.getInteger(R.integer.max_speed);
resources:KU:android.content.res.Resources:RESOURCES-0050,resources:KU:android.graphics.drawable.BitmapDrawable:RESOURCES-0128,complements,,llm_quote_grounded,"The left KU describes the general mechanism of retrieving resources via `Resources` methods, while the right KU provides a specific concrete example of using `getResources().getDrawable()` to retrieve a BitmapDrawable.",Retrieving drawable resources in code,"You can also retrieve individual resources using methods in `Resources`, which you can get an instance of with `getResources()`.",Resources res = getResources(); Drawable drawable = res.getDrawable(R.drawable.myimage);
resources:KU:android.content.res.Resources:RESOURCES-0050,resources:KU:android.graphics.drawable.Drawable:RESOURCES-0005,complements,,llm_quote_grounded,"The left KU mentions retrieving resources using `Resources` methods, and the right KU discusses `Resources.getIdentifier()`, a specific method for resolving resource IDs dynamically, complementing the general retrieval concept.",Dynamic resource ID resolution,"You can also retrieve individual resources using methods in `Resources`, which you can get an instance of with `getResources()`.",I didn't know that <code>Resources.getIdentifier()</code> existed.
resources:KU:android.content.res.Resources:RESOURCES-0050,resources:KU:android.widget.TextView:RESOURCES-0186,complements,,llm_quote_grounded,"The left KU introduces the concept of retrieving resources via `Resources` methods obtained from `getResources()`, and the right KU provides multiple concrete code examples demonstrating this pattern (e.g., `getResources().getText()`).",Code examples of resource retrieval,"You can also retrieve individual resources using methods in `Resources`, which you can get an instance of with `getResources()`.","// Set the Activity title by getting a string from the Resources object, because // this method requires a CharSequence rather than a resource ID getWindow().setTitle(getResources().getText(R.string.main_title));"
resources:KU:android.content.res.Resources:RESOURCES-0051,resources:KU:android.content.res.Resources:RESOURCES-0079,task_related,,llm_quote_grounded,"Both KUs describe the definition, XML syntax, and code retrieval of simple Android resources (Color vs Bool) using the Resources class.",Defining and accessing simple value resources in Android.,A color is a simple resource that is referenced using the value provided in the `name` attribute,A bool is a simple resource that is referenced using the value provided in the `name` attribute
resources:KU:android.content.res.Resources:RESOURCES-0051,resources:KU:android.content.res.Resources:RESOURCES-0147,task_related,,llm_quote_grounded,Both KUs explain how to define and retrieve simple Android resources (Color vs Integer Array) via XML and Java code.,Resource definition and access patterns for simple types.,A color is a simple resource that is referenced using the value provided in the `name` attribute,An integer array is a simple resource that is referenced using the value provided in the `name` attribute
resources:KU:android.content.res.Resources:RESOURCES-0051,resources:KU:android.graphics.Bitmap:RESOURCES-0107,contrasts_with,,llm_quote_grounded,"Color resources are simple values referenced by name, whereas XML Bitmaps are drawable resources where the filename itself acts as the resource ID.",Resource definition and referencing mechanism in XML,A color is a simple resource that is referenced using the value provided in the `name` attribute (not the name of the XML file).,The filename is used as the resource ID.
resources:KU:android.content.res.Resources:RESOURCES-0051,resources:KU:android.graphics.drawable.AnimationDrawable:RESOURCES-0167,contrasts_with,,llm_quote_grounded,"Color resources use arbitrary filenames with named elements for IDs, while AnimationDrawables use the filename directly as the resource ID.",Resource identification strategy,The filename is arbitrary. The `<color>` element's `name` will be used as the resource ID.,The filename will be used as the resource ID.
resources:KU:android.content.res.Resources:RESOURCES-0051,resources:KU:android.graphics.drawable.BitmapDrawable:RESOURCES-0106,contrasts_with,,llm_quote_grounded,"Color resources are defined in res/values with arbitrary filenames, whereas XML Bitmaps are defined in res/drawable where the filename determines the resource ID.",File location and resource ID derivation,file location: `res/values/colors.xml` The filename is arbitrary.,file location: `res/drawable/filename.xml` The filename is used as the resource ID.
resources:KU:android.content.res.Resources:RESOURCES-0051,resources:KU:android.graphics.drawable.BitmapDrawable:RESOURCES-0128,contrasts_with,,llm_quote_grounded,"Color resources are XML-defined values with arbitrary filenames, while Bitmap files are raw image assets where the filename serves as the resource ID.",Resource type and ID assignment,The filename is arbitrary. The `<color>` element's `name` will be used as the resource ID.,The filename is used as the resource ID.
resources:KU:android.content.res.Resources:RESOURCES-0051,resources:KU:android.graphics.drawable.ClipDrawable:RESOURCES-0105,contrasts_with,,llm_quote_grounded,"Color resources rely on the 'name' attribute for ID because filenames are arbitrary, whereas ClipDrawables rely on the filename itself for the ID.",Resource ID determination logic,The filename is arbitrary. The `<color>` element's `name` will be used as the resource ID.,The filename is used as the resource ID.
resources:KU:android.content.res.Resources:RESOURCES-0051,resources:KU:android.graphics.drawable.Drawable:RESOURCES-0190,contrasts_with,,llm_quote_grounded,"Color resources use arbitrary filenames with named elements for IDs, while LevelListDrawables use the filename directly as the resource ID.",Naming convention for resource IDs,The filename is arbitrary. The `<color>` element's `name` will be used as the resource ID.,The filename is used as the resource ID.
resources:KU:android.content.res.Resources:RESOURCES-0051,resources:KU:android.graphics.drawable.InsetDrawable:RESOURCES-0080,contrasts_with,,llm_quote_grounded,"Color resources are identified by the 'name' attribute within an arbitrary file, whereas InsetDrawables are identified by their specific filename.",Resource identification method,The filename is arbitrary. The `<color>` element's `name` will be used as the resource ID.,The filename is used as the resource ID.
resources:KU:android.content.res.Resources:RESOURCES-0051,resources:KU:android.graphics.drawable.TransitionDrawable:RESOURCES-0054,complements,,llm_quote_grounded,"Color resources can be used as drawable resources, which are the components required by TransitionDrawable.",When defining a transition between two solid colors or when using color references in drawable attributes.,You can also use a color resource when a drawable resource is expected in XML,A `TransitionDrawable` is a drawable object that can cross-fade between the two drawable resources.
resources:KU:android.content.res.Resources:RESOURCES-0051,resources:KU:android.widget.Button:RESOURCES-0233,task_related,,llm_quote_grounded,Both KUs describe methods for referencing resources (specifically colors and strings) within XML layout attributes for UI widgets.,Defining UI properties like text or colors in XML layouts using resource references.,This layout XML applies the color to an attribute:,You can define values for some XML attributes and elements using a reference to an existing resource.
resources:KU:android.content.res.Resources:RESOURCES-0066,resources:KU:android.content.res.Resources:RESOURCES-0204,complements,,llm_quote_grounded,"RESOURCES-0066 provides the core mechanism (Resources.getIdentifier) for dynamic resource lookup by name, which RESOURCES-0204 applies to a specific use case of theme-dependent strings via custom LayoutInflater logic.",Dynamic string resource resolution based on runtime names or prefixes/suffixes.,You can certainly look up a resource by its name using <code>Resources.getIdentifier()</code>.,use <code>getIdentifier()</code> on your <code>Resources</code> to look up the actual string resource ID
resources:KU:android.content.res.Resources:RESOURCES-0079,resources:KU:android.content.res.Resources:RESOURCES-0147,complements,,llm_quote_grounded,"Both KUs describe simple XML resources that can be combined in the same file, providing complementary definitions for different data types (bool vs integer array).",Defining simple resources in `res/values/filename.xml` under a single `<resources>` element.,"you can combine bool resources with other simple resources in the one XML file, under one `<resources>` element","you can combine integer array resources with other simple resources in the one XML file, under one `<resources>` element"
resources:KU:android.content.res.TypedArray:RESOURCES-0081,resources:KU:android.content.res.Resources:RESOURCES-0079,constrains,,llm_quote_grounded,"The TypedArray KU lists Bool as a specific type of resource it can handle or reference, constraining the scope of TypedArray usage to include boolean values defined in Resources.",TypedArray definition listing supported resource types.,"This page defines more types of resources you can externalize, including: Bool XML resource that carries a boolean value.",## Bool A boolean value defined in XML.
resources:KU:android.content.res.Resources:RESOURCES-0079,resources:KU:android.widget.Button:RESOURCES-0233,task_related,,llm_quote_grounded,"Both KUs describe the task of referencing resources in XML layout files, with one showing a boolean reference and the other a string reference.",XML resource referencing in Android layouts,This layout XML uses the boolean for an attribute:,You can define values for some XML attributes and elements using a reference to an existing resource.
resources:KU:android.content.res.Resources:RESOURCES-0079,resources:KU:android.widget.TextView:RESOURCES-0116,constrains,,llm_quote_grounded,"The TextView KU explains that using a bool resource (defined in the Resources KU) where a string is expected causes a warning, constraining how bools should be referenced.",Resource type matching in XML attributes,A boolean value defined in XML.,You are using a bool resource where a string is expected.
resources:KU:android.content.res.Resources:RESOURCES-0087,resources:KU:android.content.res.Resources:RESOURCES-0204,task_related,,llm_quote_grounded,Both KUs address the task of dynamically retrieving resource IDs or values by name using `Resources.getIdentifier()`.,Dynamic resource lookup in Android applications where resource names are known at runtime but IDs are not static constants.,I didn't know that <code>Resources.getIdentifier()</code> existed.,use <code>getIdentifier()</code> on your <code>Resources</code> to look up the actual string resource ID
resources:KU:android.content.res.Resources:RESOURCES-0087,resources:KU:android.content.res.Resources:RESOURCES-0215,task_related,,llm_quote_grounded,"Both KUs discuss methods for obtaining a resource ID from a resource name, specifically mentioning `Resources.getIdentifier()` as a solution.",Programmatic resource access by name string rather than compile-time R class constant.,I didn't know that <code>Resources.getIdentifier()</code> existed.,How to get a resource id with a known resource name?
resources:KU:android.content.res.Resources:RESOURCES-0087,resources:KU:android.graphics.drawable.Drawable:RESOURCES-0002,task_related,,llm_quote_grounded,"Both KUs address the task of retrieving a resource ID from a string name, discussing `Resources.getIdentifier()` and reflection as methods.","Android resource management, specifically dynamic lookup of resource IDs by name.",I didn't know that <code>Resources.getIdentifier()</code> existed.,"The <code>Resources</code> class has this method: </p> <pre><code>public int getIdentifier (String name, String defType, String defPackage) </code></pre>"
resources:KU:android.content.res.Resources:RESOURCES-0087,resources:KU:java.lang.String:RESOURCES-0031,task_related,,llm_quote_grounded,Both KUs discuss the same problem: obtaining an integer resource ID from a string name using `Resources.getIdentifier` or reflection.,Dynamic resource ID retrieval in Android.,"I need to get the integer ID of this, but I also need access to the string ""icon"".",How to get a resource id with a known resource name?
resources:KU:android.content.res.Resources:RESOURCES-0097,resources:KU:java.lang.Object:RESOURCES-0212,constrains,,llm_quote_grounded,The constraint that resources are not static and require a context (available after onCreate) is enforced by the Android lifecycle mechanism where configuration changes trigger activity restarts to reload alternative resources.,Android Activity lifecycle and resource loading,Resources are not static and can't be accessed from static context.,"When such a change occurs, Android restarts the running `Activity` (`onDestroy()` is called, followed by `onCreate()`). The restart behavior is designed to help your application adapt to new configurations by automatically reloading your application with alternative resources that match the new device configuration."
resources:KU:android.content.res.Resources:RESOURCES-0097,resources:KU:java.lang.String:RESOURCES-0137,task_related,,llm_quote_grounded,"Both knowledge units address the specific task of attempting to initialize static fields or collections using string resources before the Activity's onCreate method is called, explaining why this fails due to context unavailability.",Initialization of static variables with Android resources in Activities,Is it possible to get resources inside a static context block?,How to use getString() on static String before onCreate()?
resources:KU:android.content.res.Resources:RESOURCES-0099,resources:KU:java.lang.Object:RESOURCES-0212,constrains,,llm_quote_grounded,The inability to initialize static final fields from resources (due to timing) is a specific instance of the broader constraint that activities are restarted and state must be managed during configuration changes.,Android Activity lifecycle and resource initialization timing,You cannot initialize a <code>static final</code> field from resources; the field needs to be initialized at the time the class is initialized and that happens before the application resources have been bound at run time.,"When such a change occurs, Android restarts the running `Activity` (`onDestroy()` is called, followed by `onCreate()`)."
resources:KU:android.content.res.Resources:RESOURCES-0099,resources:KU:java.lang.String:RESOURCES-0164,task_related,,llm_quote_grounded,"Both KUs address the fundamental immutability of compiled Android resources, explaining why values cannot be changed or accessed statically before runtime binding.",Android resource system constraints regarding mutability and initialization,You cannot initialize a <code>static final</code> field from resources; the field needs to be initialized at the time the class is initialized and that happens before the application resources have been bound at run time.,"What this is saying, essentially, is that pretty much everything held as a <em>resource</em> in the <code>res/</code> directory is compiled and referenced as an unchangeable constant."
resources:KU:android.content.res.Resources:RESOURCES-0130,resources:KU:android.view.View:RESOURCES-0038,task_related,,llm_quote_grounded,Both KUs address the task of retrieving and formatting string resources dynamically at runtime using the Resources API.,String resource retrieval and formatting in Android applications.,dynamic String using String.xml? <p>Is it possible to have placeholders in string values in <code>string.xml</code> that can be assigned values at run time?</p>,"You can certainly look up a resource by its name using <code>Resources.getIdentifier()</code>. For instance, with the string resources you posted as an example, you can do this from an activity:"
resources:KU:android.content.res.Resources:RESOURCES-0147,resources:KU:android.content.res.Resources:RESOURCES-0232,task_related,,llm_quote_grounded,Both KUs describe how to define and retrieve integer-based resources (arrays vs single values) using the Resources API.,Defining XML resources and retrieving them via Java code in Android.,This application code retrieves the integer array: Resources res = getResources(); int[] bits = res.getIntArray(R.array.bits);,This application code retrieves an integer: Resources res = getResources();
resources:KU:android.content.res.Resources:RESOURCES-0147,resources:KU:java.lang.String:RESOURCES-0148,contrasts_with,,llm_quote_grounded,"Both define XML array resources referenced by name, but one is for integers and the other for strings.",Resource definition and retrieval in Android XML,## Integer Array An array of integers defined in XML.,## String Array An array of strings that can be referenced from the application.
resources:KU:android.content.res.Resources:RESOURCES-0204,resources:KU:android.content.res.Resources:RESOURCES-0215,complements,,llm_quote_grounded,"The first KU describes a specific use case (theme-dependent strings) that requires dynamic resource lookup, while the second KU provides the general API method (`getIdentifier`) needed to implement that lookup.",Implementation of dynamic string resolution based on runtime names or suffixes.,use <code>getIdentifier()</code> on your <code>Resources</code> to look up the actual string resource ID,"public int getIdentifier (String name, String defType, String defPackage)"
resources:KU:android.content.res.Resources:RESOURCES-0215,resources:KU:android.graphics.drawable.Drawable:RESOURCES-0005,contrasts_with,,llm_quote_grounded,"The left KU recommends `Resources.getIdentifier` for dynamic resource lookup, while the right KU contrasts this by suggesting reflection as a potentially faster alternative.",Performance comparison between `getIdentifier` and reflection for retrieving resource IDs.,"The <code>Resources</code> class has this method: </p> <pre><code>public int getIdentifier (String name, String defType, String defPackage) </code></pre>",I just found a blog post saying that <code>Resources.getIdentifier()</code> is slower than using reflection like I did.
resources:KU:android.view.View:RESOURCES-0038,resources:KU:android.content.res.Resources:RESOURCES-0215,complements,,llm_quote_grounded,"The right KU defines the general mechanism (`getIdentifier`) for looking up resources by name, which the left KU applies specifically to resolve localized strings for enum values.",Using `Resources.getIdentifier` to map enum names to string resource IDs.,"int resId = res.getIdentifier(this.name(), ""string"", context.getPackageName());","Which returns the integer of the specified resource name, type & package."
resources:KU:android.content.res.Resources:RESOURCES-0215,resources:KU:java.lang.String:RESOURCES-0096,complements,,llm_quote_grounded,"The left KU defines the general method `getIdentifier` for resolving resource names to IDs, while the right KU provides a concrete implementation pattern using this method to resolve enum values to localized strings.",Resolving dynamic resource identifiers from string names in Java code.,"public int getIdentifier (String name, String defType, String defPackage)","int resId = res.getIdentifier(this.name(), ""string"", context.getPackageName());"
resources:KU:android.content.res.Resources:RESOURCES-0232,resources:KU:java.lang.String:RESOURCES-0031,complements,,llm_quote_grounded,"The Integer resource KU demonstrates retrieving a value by its static ID, while the String resource KU explains how to retrieve resources (including integers) dynamically by name using getIdentifier.",Retrieving Android resources in Java code,int maxSpeed = res.getInteger(R.integer.max_speed);,"public int getIdentifier (String name, String defType, String defPackage)"
resources:KU:android.content.res.Resources:RESOURCES-0232,resources:KU:java.lang.String:RESOURCES-0096,complements,,llm_quote_grounded,"The Integer resource KU shows standard retrieval via R.integer IDs, while the String resource KU provides a pattern for looking up resources (like strings or potentially others) by their name string using Resources.getIdentifier().",Resource lookup mechanisms in Android,int maxSpeed = res.getInteger(R.integer.max_speed);,You can certainly look up a resource by its name using <code>Resources.getIdentifier()</code>.
resources:KU:android.content.res.Resources:RESOURCES-0232,resources:KU:java.lang.String:RESOURCES-0148,task_related,,llm_quote_grounded,Both KUs describe defining and retrieving simple XML resources (Integer vs String Array) that share the same file location structure and reference patterns within the `res/values` directory.,Defining and accessing simple XML resources in Android,file location: `res/values/filename.xml`,file location: `res/values/filename.xml`
resources:KU:android.content.res.TypedArray:RESOURCES-0081,resources:KU:android.content.res.TypedArray:RESOURCES-0179,complements,,llm_quote_grounded,"The first KU defines TypedArray as a resource type for arrays of values, while the second KU provides a concrete code example of obtaining and using a TypedArray to read custom attributes (trimLength) from an XML layout.",Usage of TypedArray for custom view attributes,Typed Array XML resource that provides a `TypedArray`,"TypedArray typedArray = context.obtainStyledAttributes(attrs, R.styleable.ExpandableTextView);"
resources:KU:android.graphics.Bitmap:RESOURCES-0015,resources:KU:android.graphics.drawable.Drawable:RESOURCES-0002,contrasts_with,,llm_quote_grounded,"The left KU solves dynamic image loading by bypassing the resource system (using Assets), while the right KU describes how to access resources dynamically via name using the Resources API.",Dynamic retrieval of graphical assets by string identifier in Android.,put your images in assets folder and you will be able to pick image by name,I want to access a resource like a String or a Drawable by its name and not its int id.
resources:KU:android.graphics.Bitmap:RESOURCES-0015,resources:KU:java.lang.String:RESOURCES-0031,contrasts_with,,llm_quote_grounded,"The left KU uses AssetManager to load bitmaps by filename, whereas the right KU uses Resources.getIdentifier to map a String name to a resource ID for Drawables/Strings.",Mapping string identifiers to graphical or text resources at runtime.,"Bitmap b = BitmapFactory.decodeStream(assetManager.open(fileName + "".png""));","public int getIdentifier (String name, String defType, String defPackage)"
resources:KU:android.graphics.Bitmap:RESOURCES-0107,resources:KU:android.graphics.NinePatch:RESOURCES-0169,contrasts_with,,llm_quote_grounded,"XML Bitmap defines a static alias for a raw bitmap file, whereas Nine-Patch is a PNG image with defined stretchable regions that scale dynamically to fit view content.",Comparison of resource definition types and scaling behavior in Android drawables.,An XML bitmap is a resource defined in XML that points to a bitmap file. The effect is an alias for a raw bitmap file.,A `NinePatch` is a PNG image in which you can define stretchable regions that Android scales when content within the View exceeds the normal image bounds.
resources:KU:android.graphics.Bitmap:RESOURCES-0107,resources:KU:android.graphics.drawable.AnimationDrawable:RESOURCES-0167,task_related,,llm_quote_grounded,"Both are drawable resources defined in XML located in res/drawable, used to display images (static vs animated) in views like ImageView.",Defining drawable resources via XML for UI presentation.,file location: `res/drawable/filename.xml`,file location: `res/drawable/filename.xml`
resources:KU:android.graphics.Bitmap:RESOURCES-0107,resources:KU:android.graphics.drawable.ClipDrawable:RESOURCES-0105,complements,,llm_quote_grounded,ClipDrawable uses gravity attributes similar to those defined in XML Bitmap to control how the child drawable is positioned and clipped within its container.,Usage of gravity constants for positioning drawables.,`android:gravity` Keyword. Defines the gravity for the bitmap. The gravity indicates where to position the drawable in its container if the bitmap is smaller than the container.,`android:gravity` Keyword. Specifies where to clip within the drawable.
resources:KU:android.graphics.Bitmap:RESOURCES-0107,resources:KU:android.graphics.drawable.Drawable:RESOURCES-0190,task_related,,llm_quote_grounded,"Both are drawable resources defined in XML within the res/drawable directory, serving as different mechanisms (aliasing vs level-based selection) for managing image assets.",XML definition of drawable resources.,file location: `res/drawable/filename.xml`,file location: `res/drawable/filename.xml`
resources:KU:android.graphics.Bitmap:RESOURCES-0107,resources:KU:android.graphics.drawable.InsetDrawable:RESOURCES-0080,task_related,,llm_quote_grounded,"Both are drawable resources defined in XML located in res/drawable, used to modify or wrap underlying drawable assets for specific visual effects (aliasing/properties vs inset spacing).",XML drawable resource definitions.,file location: `res/drawable/filename.xml`,file location: `res/drawable/filename.xml`
resources:KU:android.graphics.Bitmap:RESOURCES-0107,resources:KU:android.graphics.drawable.NinePatchDrawable:RESOURCES-0235,contrasts_with,,llm_quote_grounded,"XML Bitmap supports tiling and mipmapping properties, while XML Nine-Patch focuses on stretchable regions and only supports dithering, representing different strategies for handling image scaling and repetition.",Comparison of supported XML attributes for bitmap-based drawables.,"`android:tileMode` Keyword. Defines the tile mode. When the tile mode is enabled, the bitmap is repeated.",The XML can specify dithering for the image.
resources:KU:android.graphics.Bitmap:RESOURCES-0107,resources:KU:android.graphics.drawable.TransitionDrawable:RESOURCES-0054,complements,,llm_quote_grounded,"The Bitmap resource documentation notes that `<bitmap>` can be nested inside an `<item>`, and the TransitionDrawable documentation confirms that its `<item>` elements accept child `<bitmap>` elements, allowing bitmaps to serve as transition sources.",When defining a TransitionDrawable in XML where one or both states are bitmap resources.,You can use a `<bitmap>` element as a child of an `<item>` element.,Accepts child `<bitmap>` elements.
resources:KU:android.graphics.Bitmap:RESOURCES-0123,resources:KU:android.graphics.Bitmap:RESOURCES-0173,task_related,,llm_quote_grounded,"Both knowledge units discuss implementing custom animations by extending the `Animation` class and overriding `applyTransformation`. The first unit uses this pattern for a blur effect on a Bitmap, while the second provides a general example of sliding a Bitmap offset using the same mechanism.",Custom view animation implementation in Android.,public class BlurAnimation extends Animation {,public class SlideAnimation extends Animation {
resources:KU:android.graphics.Bitmap:RESOURCES-0123,resources:KU:android.view.View:RESOURCES-0139,task_related,,llm_quote_grounded,"Both knowledge units demonstrate how to create custom animations by extending the `Animation` class and overriding `applyTransformation`. One applies it to Bitmap manipulation (blur), and the other to View layout changes (expand/collapse).",Implementation of custom animations in Android.,public class BlurAnimation extends Animation {,public class MyCustomAnimation extends Animation {
resources:KU:android.graphics.Bitmap:RESOURCES-0123,resources:KU:android.view.animation.Animation:RESOURCES-0004,task_related,,llm_quote_grounded,"Both knowledge units provide code examples of creating custom animations by extending the `Animation` class. The left unit implements a `BlurAnimation`, while the right unit explains the general process and provides a `SlideAnimation` example.",Creating custom animations in Android.,public class BlurAnimation extends Animation {,Most flexible (and pretty easy) way to create custom animation is to extend <code>Animation</code> class.
resources:KU:android.graphics.Bitmap:RESOURCES-0123,resources:KU:android.view.animation.Animation:RESOURCES-0100,task_related,,llm_quote_grounded,"Both knowledge units illustrate the creation of custom animations by extending the `Animation` class. The left unit defines a `BlurAnimation` for image processing, while the right unit defines a `MyCustomAnimation` for view height expansion/collapse.",Implementing custom animation logic in Android.,public class BlurAnimation extends Animation {,public class MyCustomAnimation extends Animation {
resources:KU:android.graphics.Bitmap:RESOURCES-0123,resources:KU:android.view.animation.Animation:RESOURCES-0185,task_related,,llm_quote_grounded,"Both KUs address the implementation of custom animations in Android, specifically by extending the Animation class and overriding applyTransformation to manipulate view properties or bitmaps over time.",Custom animation implementation using android.view.animation.Animation,public class BlurAnimation extends Animation {,"final Animation animation = AnimationUtils.loadAnimation(MainActivity.this, R.anim.anim);"
resources:KU:android.graphics.Bitmap:RESOURCES-0173,resources:KU:android.view.View:RESOURCES-0089,complements,,llm_quote_grounded,"The left KU provides a general pattern for creating custom animations by extending the Animation class, while the right KU addresses a specific lifecycle issue (onAnimationEnd timing) when applying such animations to Views, offering a workaround that complements the creation method.",Implementing and managing custom View animations,Most flexible (and pretty easy) way to create custom animation is to extend <code>Animation</code> class.,It seems that an android animation is not truly finished when the <code>onAnimationEnd</code> event is fired
resources:KU:android.graphics.Bitmap:RESOURCES-0173,resources:KU:android.view.View:RESOURCES-0139,complements,,llm_quote_grounded,"The left KU describes the general approach to custom animations via extending Animation, while the right KU provides a concrete example of this approach applied to animating View height/layout changes, serving as a practical instance of the theoretical guidance.",Custom animation implementation details,Override <code>applyTransformation</code> method. Here we interested in <code>interpolatedTime</code> variable which changes between 0.0 and 1.0 and represent the your animation progress.,I believe the simplest approach is to extend <code>Animation</code> class and override <code>applyTransformation()</code> to change the view's height as follows:
resources:KU:android.graphics.Bitmap:RESOURCES-0173,resources:KU:android.view.animation.Animation:RESOURCES-0060,constrains,,llm_quote_grounded,"The left KU suggests extending Animation for custom effects, but the right KU highlights a constraint/bug where onAnimationEnd fires prematurely, requiring developers to handle completion logic carefully (e.g., via View overrides) rather than relying solely on standard Animation listeners.",Reliability of Animation lifecycle callbacks,Most flexible (and pretty easy) way to create custom animation is to extend <code>Animation</code> class.,This basically states that the onAnimationEnd method doesn't really work well when an AnimationListener is attached to an Animation
resources:KU:android.graphics.Bitmap:RESOURCES-0173,resources:KU:android.view.animation.Animation:RESOURCES-0100,complements,,llm_quote_grounded,"The left KU outlines the steps for creating a custom Animation subclass, and the right KU demonstrates these exact steps (extending Animation, overriding applyTransformation) in a specific use case (sliding/expanding views), providing a complete implementation example.",Custom Animation subclass implementation,public class SlideAnimation extends Animation {,public class MyCustomAnimation extends Animation {
resources:KU:android.graphics.Bitmap:RESOURCES-0173,resources:KU:android.view.animation.Animation:RESOURCES-0181,complements,,llm_quote_grounded,"The left KU provides the general methodology for custom animations (extending Animation, using interpolatedTime), while the right KU applies this methodology to a specific complex task (blur animation), showing how to integrate Bitmap manipulation within the applyTransformation method.",Applying custom animation patterns to image processing,Override <code>applyTransformation</code> method. Here we interested in <code>interpolatedTime</code> variable which changes between 0.0 and 1.0 and represent the your animation progress.,"@Override protected void applyTransformation(float interpolatedTime, Transformation t) { super.applyTransformation(interpolatedTime, t); int current = (int)(this.difValue * interpolatedTime + this.startValue + 0.5f); Bitmap blurred = quickBlur(this.bitmap, current); this.imageView.setImageBitmap(blurred); }"
resources:KU:android.graphics.Bitmap:RESOURCES-0173,resources:KU:android.widget.ImageView:RESOURCES-0016,complements,,llm_quote_grounded,"The left KU explains how to create custom animations generally, while the right KU shows a specific application of this concept to ImageView content (Bitmaps), demonstrating how to animate visual properties like blur through custom Animation subclasses.",Animating ImageView content with custom classes,Most flexible (and pretty easy) way to create custom animation is to extend <code>Animation</code> class.,public class BlurAnimation extends Animation {
resources:KU:android.graphics.NinePatch:RESOURCES-0169,resources:KU:android.graphics.drawable.NinePatchDrawable:RESOURCES-0168,complements,,llm_quote_grounded,"The NinePatch KU describes the concept and usage of stretchable PNG images, while the NinePatchDrawable KU provides the specific resource file location, datatype, and XML reference details for implementing them.",Resource definition and implementation of Nine-Patch images in Android.,A `NinePatch` is a PNG image in which you can define stretchable regions that Android scales when content within the View exceeds the normal image bounds.,file location: `res/drawable/filename.9.png` The filename is used as the resource ID. compiled resource datatype: Resource pointer to a `NinePatchDrawable`.
resources:KU:android.graphics.NinePatch:RESOURCES-0169,resources:KU:android.graphics.drawable.NinePatchDrawable:RESOURCES-0235,complements,,llm_quote_grounded,"The NinePatch KU explains the general behavior of Nine-Patch images, while the NinePatchDrawable KU details how to define an XML-based Nine-Patch resource with specific attributes like dithering.",XML resource definition for Nine-Patch drawables.,"Same as with a normal bitmap, you can reference a Nine-Patch file directly or from a resource defined by XML.",An XML Nine-Patch is a resource defined in XML that points to a Nine-Patch file. The XML can specify dithering for the image.
resources:KU:android.graphics.NinePatch:RESOURCES-0169,resources:KU:android.widget.Button:RESOURCES-0233,task_related,,llm_quote_grounded,"Nine-Patch images are commonly used as backgrounds for Buttons to allow them to stretch, while the Button resource documentation illustrates how to define such widgets in XML.",UI layout definition and background styling for standard widgets,An example use of a Nine-Patch image is the background used by Android's standard `Button` widget,"if you add a `Button` to your layout, you should use a string resource for the button text"
resources:KU:android.graphics.drawable.AnimationDrawable:RESOURCES-0026,resources:KU:android.graphics.drawable.AnimationDrawable:RESOURCES-0167,complements,,llm_quote_grounded,"The first KU provides a high-level overview of animation types including frame animations with AnimationDrawable, while the second KU provides the specific XML syntax and implementation details for creating those frame animations.",Implementation of View Frame Animations using AnimationDrawable,Frame animation: or creates an animation by showing a sequence of images in order with an `AnimationDrawable`.,### Frame animation An animation defined in XML that shows a sequence of images in order (like a film).
resources:KU:android.graphics.drawable.AnimationDrawable:RESOURCES-0026,resources:KU:android.widget.TextView:RESOURCES-0186,task_related,,llm_quote_grounded,Both KUs describe tasks related to loading and applying animation resources in Android applications.,General usage of animation resources in UI components,Frame animation: or creates an animation by showing a sequence of images in order with an `AnimationDrawable`.,"// Set a slide in animation by getting an Animation from the Resources object mFlipper.setInAnimation(AnimationUtils.loadAnimation(this, R.anim.hyperspace_in));"
resources:KU:android.graphics.drawable.AnimationDrawable:RESOURCES-0167,resources:KU:android.graphics.drawable.AnimationDrawable:RESOURCES-0177,complements,,llm_quote_grounded,"The first KU defines the XML structure for frame animations, while the second KU provides a practical example of implementing and starting such an animation in code.",Implementation of frame animations using AnimationDrawable,### Frame animation An animation defined in XML that shows a sequence of images in order (like a film).,animImg.setBackgroundResource(R.drawable.listening); anim = (AnimationDrawable) animImg.getBackground(); anim.start();
resources:KU:android.graphics.drawable.AnimationDrawable:RESOURCES-0167,resources:KU:android.graphics.drawable.BitmapDrawable:RESOURCES-0106,constrains,,llm_quote_grounded,The frame animation resource relies on drawable resources (which can be BitmapDrawables) as its constituent frames.,Resource dependencies in animation definitions,`<item>` A single frame of animation. Must be a child of a `<animation-list>` element. attributes: `android:drawable` Drawable resource. The drawable to use for this frame.,compiled resource datatype: Resource pointer to a `BitmapDrawable`.
resources:KU:android.graphics.drawable.AnimationDrawable:RESOURCES-0167,resources:KU:android.graphics.drawable.BitmapDrawable:RESOURCES-0128,constrains,,llm_quote_grounded,"Frame animations require drawable resources for their items, which are often bitmap files represented as BitmapDrawables.",Composition of animation frames,`android:drawable` Drawable resource. The drawable to use for this frame.,Android creates a `Drawable` resource for any of these files when you save them in the `res/drawable/` directory.
resources:KU:android.graphics.drawable.AnimationDrawable:RESOURCES-0167,resources:KU:android.graphics.drawable.TransitionDrawable:RESOURCES-0029,contrasts_with,,llm_quote_grounded,"AnimationDrawable performs frame-by-frame sequence animation, while TransitionDrawable performs cross-fade transitions between two states.",Comparison of drawable animation mechanisms in Android XML resources.,An animation defined in XML that shows a sequence of images in order (like a film).,"You can use a <a href=""http://developer.android.com/reference/android/graphics/drawable/TransitionDrawable.html"" rel=""noreferrer"" title=""TransitionDrawable API doc"">TransitionDrawable</a> to accomplish this."
resources:KU:android.graphics.drawable.AnimationDrawable:RESOURCES-0167,resources:KU:android.graphics.drawable.TransitionDrawable:RESOURCES-0054,contrasts_with,,llm_quote_grounded,"AnimationDrawable sequences multiple frames over time, whereas TransitionDrawable cross-fades between exactly two drawables.",Functional difference between frame animation and transition animation drawables.,An animation defined in XML that shows a sequence of images in order (like a film).,A `TransitionDrawable` is a drawable object that can cross-fade between the two drawable resources.
resources:KU:android.graphics.drawable.AnimationDrawable:RESOURCES-0167,resources:KU:android.view.View:RESOURCES-0150,task_related,,llm_quote_grounded,"Both KUs address animating view backgrounds; AnimationDrawable uses frame sequences, while the View KU discusses using TransitionDrawable for color/state changes.",Animating background properties of Views in Android.,"This application code will set the animation as the background for a View, then play the animation:",Animate change of view background color on Android
resources:KU:android.graphics.drawable.AnimationDrawable:RESOURCES-0167,resources:KU:android.view.animation.Animation:RESOURCES-0025,complements,,llm_quote_grounded,"The Animation resource KU categorizes Frame animation (implemented by AnimationDrawable) as one type of View Animation, providing context for the specific implementation details in the AnimationDrawable KU.",Classification of animation types within the Android framework.,### Frame animation An animation defined in XML that shows a sequence of images in order (like a film).,* Frame animation: or creates an animation by showing a sequence of images in order with an `AnimationDrawable`.
resources:KU:android.graphics.drawable.AnimationDrawable:RESOURCES-0167,resources:KU:android.widget.ImageView:RESOURCES-0035,task_related,,llm_quote_grounded,"Both KUs describe the task of setting up and starting an AnimationDrawable on an ImageView, with the right KU providing a specific solution to a timing issue mentioned in the left KU's general example.",Android UI animation implementation,ImageView rocketImage = (ImageView) findViewById(R.id.rocket_image); rocketImage.setBackgroundResource(R.drawable.rocket_thrust); rocketAnimation = (AnimationDrawable) rocketImage.getBackground(); rocketAnimation.start();,animImg = (ImageView)findViewById(R.id.listen_anim); animImg.setBackgroundResource(R.drawable.listening); anim = (AnimationDrawable) animImg.getBackground(); anim.start();
resources:KU:android.graphics.drawable.AnimationDrawable:RESOURCES-0177,resources:KU:android.graphics.drawable.BitmapDrawable:RESOURCES-0013,constrains,,llm_quote_grounded,"The right KU provides a specific code pattern for releasing memory from BitmapDrawables contained within an AnimationDrawable to prevent OutOfMemoryError, which constrains how the AnimationDrawable should be managed during lifecycle events.",Memory management for frame animations,How to start Animation immediately after onCreate?,for (int i = 0; i < ad.getNumberOfFrames(); ++i){ Drawable frame = ad.getFrame(i); if (frame instanceof BitmapDrawable) { ((BitmapDrawable)frame).getBitmap().recycle(); } frame.setCallback(null); }
resources:KU:android.graphics.drawable.AnimationDrawable:RESOURCES-0177,resources:KU:android.graphics.drawable.Drawable:RESOURCES-0220,complements,,llm_quote_grounded,"The right KU offers an alternative approach to handling frame animations by manually updating the background drawable via AsyncTask, complementing the standard AnimationDrawable usage discussed in the left KU when facing performance or memory issues.",Alternative animation implementation strategies,I have decided to make the animation loop and want it to start from the get-go.,"So I gave up of using AnimationDrawable, and I used AsncTask to solve my problem. Now i keep changing the background of the ImageView on my onProgressUpdate()."
resources:KU:android.graphics.drawable.BitmapDrawable:RESOURCES-0106,resources:KU:android.graphics.drawable.BitmapDrawable:RESOURCES-0013,constrains,,llm_quote_grounded,"The XML Bitmap definition specifies that the compiled resource is a pointer to a BitmapDrawable, which implies the memory management constraints (like explicit recycling) discussed in the OutOfMemoryError scenario.",When using XML-defined bitmaps for animations or large resources on older Android versions.,compiled resource datatype: Resource pointer to a `BitmapDrawable`.,"memory for bitmaps is allocated through native code and, what is sad, memory should be freed explicitly."
resources:KU:android.graphics.drawable.BitmapDrawable:RESOURCES-0128,resources:KU:android.graphics.drawable.BitmapDrawable:RESOURCES-0013,constrains,,llm_quote_grounded,"The documentation states that bitmap files create a Drawable resource (BitmapDrawable), which is subject to the memory limits and recycling requirements described in the OOM error case.",Loading raw image files as drawables in Android applications.,Android creates a `Drawable` resource for any of these files when you save them in the `res/drawable/` directory.,java.lang.OutOfMemoryError: bitmap size exceeds VM budget
resources:KU:android.graphics.drawable.BitmapDrawable:RESOURCES-0106,resources:KU:android.graphics.drawable.BitmapDrawable:RESOURCES-0128,complements,,llm_quote_grounded,"The XML Bitmap definition describes how to configure properties like dithering and tiling for a bitmap resource, complementing the basic definition of a bitmap file provided in the other unit.",Defining drawable resources in res/drawable.,An XML bitmap is a resource defined in XML that points to a bitmap file.,"A bitmap file is a `.png`, `.jpg`, or `.gif` file."
resources:KU:android.graphics.drawable.ClipDrawable:RESOURCES-0105,resources:KU:android.graphics.drawable.BitmapDrawable:RESOURCES-0106,task_related,,llm_quote_grounded,"Both units describe different types of XML-defined drawables (Clip vs Bitmap) that share similar structural definitions (file location, resource reference syntax) and gravity attributes.",Creating custom drawables via XML in res/drawable.,file location: `res/drawable/filename.xml` The filename is used as the resource ID.,file location: `res/drawable/filename.xml` The filename is used as the resource ID.
resources:KU:android.graphics.drawable.BitmapDrawable:RESOURCES-0106,resources:KU:android.graphics.drawable.TransitionDrawable:RESOURCES-0054,complements,,llm_quote_grounded,"The BitmapDrawable XML definition explicitly states it can be nested inside an <item> element, and the TransitionDrawable definition confirms its <item> elements accept child <bitmap> elements.",When defining a TransitionDrawable in XML where one of the transition states is a bitmap with specific properties (like tiling or dithering).,You can use a `<bitmap>` element as a child of an `<item>` element.,`<item>` Defines a drawable to use as part of the drawable transition. Must be a child of a `<transition>` element. Accepts child `<bitmap>` elements.
resources:KU:android.graphics.drawable.BitmapDrawable:RESOURCES-0128,resources:KU:android.widget.Button:RESOURCES-0052,task_related,,llm_quote_grounded,"Both KUs describe handling image resources (Bitmaps/Nine-Patches) for UI elements, with Nine-Patch being a specific type of bitmap used for backgrounds like buttons.",Resource definition and usage in Android UI,"A bitmap file is a `.png`, `.jpg`, or `.gif` file.",An example use of a Nine-Patch image is the background used by Android's standard `Button` widget
resources:KU:android.graphics.drawable.BitmapDrawable:RESOURCES-0128,resources:KU:android.widget.Button:RESOURCES-0233,complements,,llm_quote_grounded,"The BitmapDrawable KU explains how to define/reference image resources, while the Button KU explains how to reference those resources (including images/strings) within XML layout attributes.",Resource referencing in Java/XML vs Layout XML usage,resource reference: In Java: `R.drawable.filename` In XML: `@[package:]drawable/filename`,You can define values for some XML attributes and elements using a reference to an existing resource.
resources:KU:android.graphics.drawable.ClipDrawable:RESOURCES-0105,resources:KU:android.graphics.drawable.Drawable:RESOURCES-0190,contrasts_with,,llm_quote_grounded,"ClipDrawable uses level to control visibility/clipping of a single drawable, whereas LevelListDrawable uses level to switch between multiple alternate drawables.",Behavior of 'level' property in different Drawable types,Increasing the level reduces the amount of clipping and slowly reveals the image.,Setting the level value of the drawable with `setLevel()` loads the drawable resource in the level list that has a `android:maxLevel` value greater than or equal to the value passed to the method.
resources:KU:android.graphics.drawable.ClipDrawable:RESOURCES-0105,resources:KU:android.graphics.drawable.InsetDrawable:RESOURCES-0080,contrasts_with,,llm_quote_grounded,"ClipDrawable modifies the visible area of a drawable based on level/gravity, while InsetDrawable adds padding/margins around a drawable without changing its internal rendering logic via level.",Methods of modifying drawable appearance/bounds,A drawable defined in XML that clips another drawable based on this Drawable's current level.,A drawable defined in XML that insets another drawable by a specified distance.
resources:KU:android.graphics.drawable.ClipDrawable:RESOURCES-0105,resources:KU:android.graphics.drawable.ScaleDrawable:RESOURCES-0189,contrasts_with,,llm_quote_grounded,"Both are level-based drawables, but ClipDrawable changes visibility (clipping) while ScaleDrawable changes size (scaling).",Effect of level change on drawable geometry,A drawable defined in XML that clips another drawable based on this Drawable's current level.,A drawable defined in XML that changes the size of another drawable based on its current level.
resources:KU:android.graphics.drawable.ClipDrawable:RESOURCES-0105,resources:KU:android.graphics.drawable.TransitionDrawable:RESOURCES-0054,contrasts_with,,llm_quote_grounded,"ClipDrawable uses level to progressively reveal one drawable, while TransitionDrawable uses time-based animation to cross-fade between two distinct drawables.",Animation/Transition mechanisms for Drawables,Increasing the level reduces the amount of clipping and slowly reveals the image.,A `TransitionDrawable` is a drawable object that can cross-fade between the two drawable resources.
resources:KU:android.graphics.drawable.Drawable:RESOURCES-0002,resources:KU:android.graphics.drawable.Drawable:RESOURCES-0228,constrains,,llm_quote_grounded,"The first KU suggests using `getResources().getDrawable()`, but the second KU constrains this usage by noting that this method is deprecated in API 22 and recommending `ContextCompat.getDrawable` or `ResourcesCompat.getDrawable` instead.",API compatibility and deprecation warnings for loading drawables.,Drawable resImg = this.context.getResources().getDrawable(R.drawable.resource); </code></pre>,With new android API 22 <code>getResources().getDrawable()</code> is now deprecated.
resources:KU:android.graphics.drawable.Drawable:RESOURCES-0002,resources:KU:android.view.View:RESOURCES-0038,complements,,llm_quote_grounded,"The left KU introduces the general method `Resources.getIdentifier` for looking up resources by name, while the right KU provides a specific implementation pattern using this method to resolve localized strings for enum values.",Resource lookup by name string,"public int getIdentifier (String name, String defType, String defPackage)","int resId = res.getIdentifier(this.name(), ""string"", context.getPackageName());"
resources:KU:android.graphics.drawable.Drawable:RESOURCES-0002,resources:KU:android.widget.TextView:RESOURCES-0186,task_related,,llm_quote_grounded,"Both KUs address the task of accessing Android resources programmatically. The left KU focuses on dynamic lookup by name via `getIdentifier`, while the right KU demonstrates standard static access via `R` constants and `Context.getResources()`.",Programmatic resource access in Android,I want to access a resource like a String or a Drawable by its name and not its int id.,There are many methods that accept a resource ID parameter and you can retrieve resources using methods in `Resources`.
resources:KU:android.graphics.drawable.Drawable:RESOURCES-0002,resources:KU:java.lang.String:RESOURCES-0096,complements,,llm_quote_grounded,"The left KU defines the API `Resources.getIdentifier` for name-based lookup, and the right KU applies this exact API to solve a specific problem (enum-to-string localization), demonstrating its usage context.",Usage of Resources.getIdentifier,"public int getIdentifier (String name, String defType, String defPackage)",You can certainly look up a resource by its name using <code>Resources.getIdentifier()</code>.
resources:KU:android.graphics.drawable.Drawable:RESOURCES-0002,resources:KU:java.lang.String:RESOURCES-0131,contrasts_with,,llm_quote_grounded,"The left KU recommends `Resources.getIdentifier()` for resolving resource IDs from names, while the right KU contrasts this by suggesting reflection (`Class.getDeclaredField`) as a potentially faster alternative.",Performance comparison of methods to retrieve resource IDs dynamically from string names.,"The <code>Resources</code> class has this method: </p> <pre><code>public int getIdentifier (String name, String defType, String defPackage) </code></pre>",I just found a blog post saying that <code>Resources.getIdentifier()</code> is slower than using reflection like I did.
resources:KU:android.graphics.drawable.Drawable:RESOURCES-0002,resources:KU:java.lang.String:RESOURCES-0142,task_related,,llm_quote_grounded,Both KUs address the task of accessing Android resources (specifically drawables/images) using their string names rather than integer IDs.,Dynamic resource retrieval in Android applications.,I want to access a resource like a String or a Drawable by its name and not its int id.,"by reading one code from outside, show the image which has the same name in the <code>ImageVIew</code>."
resources:KU:android.graphics.drawable.Drawable:RESOURCES-0005,resources:KU:android.graphics.drawable.Drawable:RESOURCES-0220,complements,,llm_quote_grounded,"The left KU discusses retrieving resource IDs via `getIdentifier`, and the right KU provides a concrete implementation of this method within an AsyncTask to dynamically load drawable frames by name.",Using `Resources.getIdentifier` for dynamic resource loading in animation contexts.,@EboMike: I didn't know that <code>Resources.getIdentifier()</code> existed.,"int res_id = getResources().getIdentifier(drawableName, ""drawable"", getPackageName());"
resources:KU:android.graphics.drawable.Drawable:RESOURCES-0005,resources:KU:java.lang.String:RESOURCES-0031,task_related,,llm_quote_grounded,"Both KUs address the task of retrieving a resource ID from its string name, offering different methods (reflection vs. Resources.getIdentifier).","Android resource management, specifically dynamic lookup of resource IDs by name.","I need to get the integer ID of this, but I also need access to the string ""icon"".",How to get a resource id with a known resource name?
resources:KU:android.graphics.drawable.Drawable:RESOURCES-0165,resources:KU:android.view.View:RESOURCES-0150,task_related,,llm_quote_grounded,Both KUs address the task of modifying or animating the background of a View using Drawable subclasses.,Android UI development involving view backgrounds and drawables.,"You need to ""modify"" the <code>Drawable</code> that is being used as a background of the <code>Dialog</code>.",How do you animate the change of background color of a view on Android?
resources:KU:android.graphics.drawable.Drawable:RESOURCES-0190,resources:KU:android.graphics.drawable.ScaleDrawable:RESOURCES-0189,contrasts_with,,llm_quote_grounded,"LevelListDrawable selects between discrete drawables based on level, whereas ScaleDrawable modifies the size of a single drawable based on its current level.",Comparison of how 'level' affects different drawable types.,Setting the level value of the drawable with `setLevel()` loads the drawable resource in the level list that has a `android:maxLevel` value greater than or equal to the value passed to the method.,A drawable defined in XML that changes the size of another drawable based on its current level.
resources:KU:android.graphics.drawable.Drawable:RESOURCES-0190,resources:KU:android.graphics.drawable.TransitionDrawable:RESOURCES-0054,contrasts_with,,llm_quote_grounded,"LevelListDrawable switches between drawables instantly based on level, while TransitionDrawable performs a cross-fade animation between two drawables triggered by explicit methods.",Comparison of state-switching mechanisms for multiple drawables.,Setting the level value of the drawable with `setLevel()` loads the drawable resource in the level list,A `TransitionDrawable` is a drawable object that can cross-fade between the two drawable resources.
resources:KU:android.graphics.drawable.Drawable:RESOURCES-0228,resources:KU:java.lang.String:RESOURCES-0031,complements,,llm_quote_grounded,"The left KU provides the modern, non-deprecated methods for retrieving Drawables (ContextCompat/ResourcesCompat), while the right KU explains how to dynamically resolve resource IDs by name using getIdentifier, which is often a prerequisite step before calling those retrieval methods.",When needing to load a Drawable whose resource ID is not known at compile time but can be derived from a string name.,"ResourcesCompat.getDrawable(getResources(), R.drawable.name, null);","public int getIdentifier (String name, String defType, String defPackage)"
resources:KU:android.graphics.drawable.InsetDrawable:RESOURCES-0080,resources:KU:android.graphics.drawable.ScaleDrawable:RESOURCES-0189,contrasts_with,,llm_quote_grounded,"InsetDrawable modifies drawable bounds by fixed distances, while ScaleDrawable modifies size based on level and percentage.",XML Drawable resource definitions for visual manipulation of drawables.,A drawable defined in XML that insets another drawable by a specified distance.,A drawable defined in XML that changes the size of another drawable based on its current level.
resources:KU:android.graphics.drawable.InsetDrawable:RESOURCES-0080,resources:KU:android.graphics.drawable.TransitionDrawable:RESOURCES-0054,contrasts_with,,llm_quote_grounded,"InsetDrawable is a static spatial adjustment (insets), whereas TransitionDrawable is an animated state change between two drawables.",XML Drawable resource types used for View backgrounds or content.,A drawable defined in XML that insets another drawable by a specified distance.,A `TransitionDrawable` is a drawable object that can cross-fade between the two drawable resources.
resources:KU:android.graphics.drawable.InsetDrawable:RESOURCES-0080,resources:KU:android.view.View:RESOURCES-0150,task_related,,llm_quote_grounded,"The InsetDrawable documentation explicitly mentions its utility for View backgrounds, which aligns with the View context discussed in the StackOverflow answer regarding background transitions.",Using drawables as View backgrounds.,This is useful when a View needs a background that is smaller than the View's actual bounds.,How do you animate the change of background color of a view on Android?
resources:KU:android.graphics.drawable.NinePatchDrawable:RESOURCES-0168,resources:KU:android.graphics.drawable.NinePatchDrawable:RESOURCES-0235,complements,,llm_quote_grounded,"The first KU describes the direct usage of a .9.png file, while the second KU describes an XML wrapper that points to such a file, offering additional configuration like dithering.",Defining Nine-Patch drawables in Android resources,file location: `res/drawable/filename.9.png`,An XML Nine-Patch is a resource defined in XML that points to a Nine-Patch file.
resources:KU:android.graphics.drawable.NinePatchDrawable:RESOURCES-0168,resources:KU:android.widget.Button:RESOURCES-0052,complements,,llm_quote_grounded,"The NinePatchDrawable KU describes the resource type and usage, while the Button KU explains the specific mechanism (stretchable regions) that makes Nine-Patch images suitable for button backgrounds.",Understanding how Nine-Patch resources function when applied to UI widgets like Buttons.,"With an image saved at `res/drawable/myninepatch.9.png`, this layout XML applies the Nine-Patch to a View: <Button android:layout_height=""wrap_content"" android:layout_width=""wrap_content"" android:background=""@drawable/myninepatch"" />","An example use of a Nine-Patch image is the background used by Android's standard `Button` widget, which must stretch to accommodate the text (or image) inside the button."
resources:KU:android.graphics.drawable.NinePatchDrawable:RESOURCES-0235,resources:KU:android.widget.Button:RESOURCES-0052,complements,,llm_quote_grounded,The Nine-Patch XML resource definition provides the mechanism to define a drawable that is explicitly cited as the standard background for the Button widget.,When defining a custom or standard button background using XML resources.,An XML Nine-Patch is a resource defined in XML that points to a Nine-Patch file.,An example use of a Nine-Patch image is the background used by Android's standard `Button` widget
resources:KU:android.graphics.drawable.TransitionDrawable:RESOURCES-0029,resources:KU:android.graphics.drawable.TransitionDrawable:RESOURCES-0054,complements,,llm_quote_grounded,"The StackOverflow answer provides a practical implementation example for animating background color changes using TransitionDrawable, which complements the official documentation's definition and syntax.",Android drawable resources and view background animation,"You can use a <a href=""http://developer.android.com/reference/android/graphics/drawable/TransitionDrawable.html"" rel=""noreferrer"" title=""TransitionDrawable API doc"">TransitionDrawable</a> to accomplish this.",A `TransitionDrawable` is a drawable object that can cross-fade between the two drawable resources.
resources:KU:android.graphics.drawable.TransitionDrawable:RESOURCES-0054,resources:KU:android.view.View:RESOURCES-0150,complements,,llm_quote_grounded,"The TransitionDrawable KU provides the API definition and usage for cross-fading drawables, which is the specific solution recommended in the View KU to animate background color changes.",Animating view background transitions using drawable resources.,A `TransitionDrawable` is a drawable object that can cross-fade between the two drawable resources.,"You can use a <a href=""http://developer.android.com/reference/android/graphics/drawable/TransitionDrawable.html"" rel=""noreferrer"" title=""TransitionDrawable API doc"">TransitionDrawable</a> to accomplish this."
resources:KU:android.os.Bundle:RESOURCES-0011,resources:KU:android.os.Bundle:RESOURCES-0020,task_related,,llm_quote_grounded,Both KUs provide code examples for animating Android Views (layout height expansion vs. circular reveal) within an Activity's onCreate method.,Android View Animation implementation in Activities,How to expand a layout height with animation?,Circular reveal transition for new activity
resources:KU:android.os.Bundle:RESOURCES-0011,resources:KU:android.os.Bundle:RESOURCES-0028,task_related,,llm_quote_grounded,"Both KUs address animating the position or size of Android Views programmatically, specifically involving layout adjustments and animation listeners.",Programmatic View Animation and Layout Manipulation,How to expand a layout height with animation?,Android -- How to position View off-screen?
resources:KU:android.os.Bundle:RESOURCES-0011,resources:KU:android.os.Bundle:RESOURCES-0057,task_related,,llm_quote_grounded,Both KUs discuss techniques for animating or transforming View layouts (height expansion vs. rotation/resizing) using custom classes or controllers.,View Layout Transformation and Animation,How to expand a layout height with animation?,Rotate View Hierarchy 90 degrees
resources:KU:android.os.Bundle:RESOURCES-0011,resources:KU:android.os.Bundle:RESOURCES-0154,task_related,,llm_quote_grounded,Both KUs provide solutions for animating specific visual properties of Android Views (height expansion vs. blinking visibility).,View Property Animation,How to expand a layout height with animation?,How to make the textview blinking
resources:KU:android.os.Bundle:RESOURCES-0011,resources:KU:android.view.View:RESOURCES-0133,complements,,llm_quote_grounded,"The left KU provides a basic implementation of height expansion animation requiring known heights, while the right KU offers an improved solution that handles dynamic content and avoids the 'blink' issue mentioned in the context of similar problems.",Implementing expand/collapse animations for Android Views where layout height changes dynamically.,But here you need to know the exact new height.,The main advantage is that you don't have to know the expanded height to apply the animation
resources:KU:android.os.Bundle:RESOURCES-0011,resources:KU:android.view.View:RESOURCES-0139,task_related,,llm_quote_grounded,Both KUs address the task of animating view height changes (expansion/collapse) using custom Animation subclasses overriding applyTransformation.,Android UI animation tasks involving changing view dimensions programmatically.,How to expand a layout height with animation?,I believe the simplest approach is to extend <code>Animation</code> class and override <code>applyTransformation()</code> to change the view's height as follows:
resources:KU:android.os.Bundle:RESOURCES-0011,resources:KU:android.view.animation.Animation:RESOURCES-0174,task_related,,llm_quote_grounded,Both KUs address the task of animating layout height changes (expand/collapse) in Android.,Android UI animation for view resizing,How to expand a layout height with animation?,Android: Expand/collapse animation
resources:KU:android.os.Bundle:RESOURCES-0020,resources:KU:android.os.Bundle:RESOURCES-0028,task_related,,llm_quote_grounded,"Both KUs involve implementing custom animations/transitions for views or activities, specifically dealing with visibility and positioning during animation.",Android view/activity animation implementation,Circular reveal transition for new activity,I'm trying to animate a simple ImageView in my application
resources:KU:android.os.Bundle:RESOURCES-0020,resources:KU:android.os.Bundle:RESOURCES-0057,task_related,,llm_quote_grounded,"Both KUs discuss techniques for applying animations or transformations to View hierarchies or Activities, often involving onCreate overrides and specific animation utilities.",Android view hierarchy animation/rotation,Circular reveal transition for new activity,Rotate View Hierarchy 90 degrees
resources:KU:android.os.Bundle:RESOURCES-0028,"resources:KU:android.view.View#layout(int,int,int,int):RESOURCES-0019",task_related,,llm_quote_grounded,"Both knowledge units address the task of animating Android views, specifically dealing with view positioning and visibility during animation sequences.",Android UI Animation,I'm trying to animate a simple ImageView in my application,Circular reveal transition for new activity
resources:KU:android.os.Bundle:RESOURCES-0028,"resources:KU:android.view.View#layout(int,int,int,int):RESOURCES-0085",task_related,,llm_quote_grounded,Both knowledge units involve manipulating View layout parameters (position/size) programmatically within an Activity's lifecycle to achieve specific visual effects (off-screen positioning vs rotation).,Programmatic View Layout Manipulation,"LL.layout(0, -(int)this.getResources().getDimension(R.dimen.quickplay_offset), LL.getWidth(), LL.getHeight() + (int)this.getResources().getDimension(R.dimen.quickplay_offset));",Rotate View Hierarchy 90 degrees
resources:KU:android.os.Bundle:RESOURCES-0028,"resources:KU:android.view.View#layout(int,int,int,int):RESOURCES-0208",task_related,,llm_quote_grounded,Both knowledge units describe implementing slide-in or translation animations for Views using XML animation definitions and Java code.,View Translation Animation,"<translate android:fromYDelta=""100%p"" android:toYDelta=""0"" android:duration=""1000""/>","<translate android:fromYDelta=""0%p"" android:toYDelta=""100%p"" android:duration=""1000"""
resources:KU:android.os.Bundle:RESOURCES-0057,resources:KU:android.view.animation.Animation:RESOURCES-0111,task_related,,llm_quote_grounded,Both KUs address the challenge of manipulating View layout dimensions (rotation or off-screen positioning) by combining animation APIs with manual layout adjustments.,Android UI development involving custom view transformations and layout bounds management.,"Instead of rotating each view or the layout by hand, I used a LayoutAnimationController.","set the coordinates for the bounds (left, top, right, bottom) based on the offset value"
resources:KU:android.os.Bundle:RESOURCES-0057,resources:KU:android.view.animation.AnimationUtils:RESOURCES-0082,task_related,,llm_quote_grounded,Both KUs utilize AnimationUtils to load animations that are subsequently applied to views requiring specific layout or transformation handling.,Loading XML-defined animations in Android activities.,"Animation rotateAnim = AnimationUtils.loadAnimation(this, R.anim.rotation);","Animation anim = AnimationUtils.loadAnimation(this, R.anim.slide_in_quickplay);"
resources:KU:android.os.Bundle:RESOURCES-0135,resources:KU:android.view.View:RESOURCES-0153,task_related,,llm_quote_grounded,Both KUs demonstrate techniques for toggling the visibility of Android UI views (buttons vs textviews) to achieve visual state changes.,"Android UI development, specifically view visibility management.",You could try a sneaky workaround using <code>View.setVisibility()</code>.,if(txt.getVisibility() == View.VISIBLE){ txt.setVisibility(View.INVISIBLE); }else{ txt.setVisibility(View.VISIBLE); }
resources:KU:android.os.Bundle:RESOURCES-0154,resources:KU:android.os.Bundle:RESOURCES-0159,contrasts_with,,llm_quote_grounded,"The left KU describes a deprecated method for animating TextView visibility (blinking) using Handler/Thread, while the right KU provides a modern custom view implementation for expanding/collapsing text content.",Android UI animation techniques for TextViews; specifically contrasting legacy visibility toggling vs. structural text expansion.,It is a deprecated answer to Android before <code>3.0</code> version,I have a <code>TextView</code> which firstly shows a small portion of a long text.
resources:KU:android.os.Bundle:RESOURCES-0159,resources:KU:android.os.Bundle:RESOURCES-0194,contrasts_with,,llm_quote_grounded,"The left KU implements an expand/collapse toggle for text visibility, while the right KU implements a sequential character-by-character reveal animation.",TextView animation strategies in Android,"The user can press a ""see more"" button to expand the <code>TextView</code> and see the rest of that text.","Anyone knows any efficient method of perform an animation that what is has to do is to display a text, character by character?"
resources:KU:android.os.Bundle:RESOURCES-0194,resources:KU:android.view.View:RESOURCES-0196,contrasts_with,,llm_quote_grounded,"The left KU uses a Handler-based approach to update text content incrementally (typewriter effect), whereas the right KU uses AlphaAnimation objects to change view opacity (fade effect).",Text animation techniques in Android,the simplest is probably a quick subclass of <code>TextView</code> with a <code>Handler</code> that updates the text every so often until the complete sequence is displayed,"final Animation in = new AlphaAnimation(0.0f, 1.0f); in.setDuration(3000);"
resources:KU:android.os.Bundle:RESOURCES-0194,resources:KU:android.view.animation.AlphaAnimation:RESOURCES-0064,contrasts_with,,llm_quote_grounded,"The left KU demonstrates text modification via Handler/Runnable, while the right KU demonstrates visual transition via AlphaAnimation properties.",Android animation APIs,"private Runnable characterAdder = new Runnable() { @Override public void run() { setText(mText.subSequence(0, mIndex++)); if(mIndex <= mText.length()) { mHandler.postDelayed(characterAdder, mDelay); } } };","final Animation out = new AlphaAnimation(1.0f, 0.0f); out.setDuration(3000);"
resources:KU:android.os.Bundle:RESOURCES-0194,resources:KU:android.view.animation.Animation:RESOURCES-0152,contrasts_with,,llm_quote_grounded,"The left KU relies on manual text updating logic, while the right KU relies on the standard Animation framework listeners and sets.",Implementation patterns for UI animations,"mHandler.postDelayed(characterAdder, mDelay);","out.setAnimationListener(new AnimationListener() { @Override public void onAnimationEnd(Animation animation) { mSwitcher.setText(""New Text""); mSwitcher.startAnimation(in); } });"
"resources:KU:android.view.View#layout(int,int,int,int):RESOURCES-0019",resources:KU:android.view.animation.Animation:RESOURCES-0111,task_related,,llm_quote_grounded,"Both KUs address the task of animating Android Views, specifically dealing with view positioning and visibility during animation.",Android View Animation,Circular reveal transition for new activity,I'm trying to animate a simple ImageView in my application
"resources:KU:android.view.View#layout(int,int,int,int):RESOURCES-0068","resources:KU:android.view.View#layout(int,int,int,int):RESOURCES-0085",task_related,,llm_quote_grounded,"Both KUs address the challenge of animating view layout changes (position/size) in Android, specifically dealing with how to smoothly transition views when their dimensions or positions change.",Android UI animation involving layout parameter changes and view positioning.,Fragment B to slide to the left edge of the screen and shrink to take up the spot vacated by Fragment A,I am working on a subclass of FrameLayout that is supposed to rotate all of its children by 90 degrees.
"resources:KU:android.view.View#layout(int,int,int,int):RESOURCES-0068","resources:KU:android.view.View#layout(int,int,int,int):RESOURCES-0144",complements,,llm_quote_grounded,"The first KU provides a general solution for animating layout changes (width/position) using ObjectAnimators on custom properties. The second KU provides a specific implementation detail for animating height changes within a RecyclerView item, addressing the limitation that LayoutParams cannot be directly animated with ObjectAnimator, thus complementing the general approach with a specific technique for size animations.",Animating view dimensions (height/width) during layout transitions.,Use an <code>ObjectAnimator</code> on a custom pseudo-property of <code>middleWidth</code> to change the <code>middle</code> width from whatever it started with to the original width of <code>left</code>,I think your animation was not working because you cannot animate <code>LayoutParams</code> that way although it would be neat if you could.
"resources:KU:android.view.View#layout(int,int,int,int):RESOURCES-0068","resources:KU:android.view.View#layout(int,int,int,int):RESOURCES-0170",contrasts_with,,llm_quote_grounded,"The first KU uses modern animator frameworks (ViewPropertyAnimator/ObjectAnimator) to handle complex multi-view layout shifts. The second KU relies on older Animation APIs and manual `View.layout()` calls in an `onAnimationStart` callback to achieve a similar effect of moving a view off-screen/on-screen, representing different technical approaches to manipulating view bounds.",Techniques for animating view position/bounds relative to the screen.,v.animate().translationXBy(deltaX).setDuration(ANIM_DURATION),"LL.layout(0, -(int)this.getResources().getDimension(R.dimen.quickplay_offset), LL.getWidth(), LL.getHeight() + (int)this.getResources().getDimension(R.dimen.quickplay_offset));"
"resources:KU:android.view.View#layout(int,int,int,int):RESOURCES-0068","resources:KU:android.view.View#layout(int,int,int,int):RESOURCES-0198",contrasts_with,,llm_quote_grounded,"The first KU achieves visual reordering and resizing through actual layout manipulation and animation of view properties. The second KU achieves a 'swap' effect by toggling visibility (`GONE`/`VISIBLE`) of pre-positioned duplicate views, avoiding dynamic layout recalculation or animation of bounds.",Strategies for changing view arrangement or appearance in a layout.,middle.getLayoutParams().width=value; requestLayout();,A1.setVisibility(View.GONE); B1.setVisibility(View.GONE); B2.setVisibility(View.VISIBLE); A2.setVisibility(View.VISIBLE);
"resources:KU:android.view.View#layout(int,int,int,int):RESOURCES-0068","resources:KU:android.view.View#layout(int,int,int,int):RESOURCES-0202",contrasts_with,,llm_quote_grounded,"The first KU implements smooth animation of view dimensions (width) using ObjectAnimators. The second KU discusses expanding/collapsing text but notes that simple maxLines changes do not animate, and the provided code snippet does not include the animation logic requested, contrasting with the explicit animation implementation in the first KU.",Implementing animated expansion/collapse of UI elements.,"ObjectAnimator.ofInt(this, ""middleWidth"", middleWidthNormal, leftWidth).setDuration(ANIM_DURATION).start();","Now, I would like that this behavior would be accompanied by an animation."
"resources:KU:android.view.View#layout(int,int,int,int):RESOURCES-0085",resources:KU:android.view.animation.Animation:RESOURCES-0111,contrasts_with,,llm_quote_grounded,"The left KU discusses rotating a view hierarchy and resizing it, noting that manual rotation causes clipping issues. The right KU provides a solution for positioning a view off-screen using `View.layout()` within an animation listener to prevent clipping during slide-in animations.",Handling view bounds and clipping during visual transformations (rotation vs translation).,"My problem is that I can rotate the Framelayout, but I cannot resize it to match the new dimensions.","LL.layout(0, -(int)this.getResources().getDimension(R.dimen.quickplay_offset), LL.getWidth(), LL.getHeight() + (int)this.getResources().getDimension(R.dimen.quickplay_offset));"
"resources:KU:android.view.View#layout(int,int,int,int):RESOURCES-0085",resources:KU:android.widget.ImageView:RESOURCES-0191,task_related,,llm_quote_grounded,"Both KUs address the challenge of manipulating view dimensions and positions relative to screen boundaries or parent containers, specifically dealing with clipping or off-screen rendering issues during visual changes.",Managing view visibility and bounds when applying transformations like rotation or translation.,"So on my g1, instead of a 320x480 portrait view over a 480x320 camera view in landscape, I get a 320x320 box in the middle showing my portrait view with the sides chopped off.","I've tried to use the AbsoluteLayout to do this, but this actually cuts off the top 50px of the ImageView such that the top 50px is never rendered."
"resources:KU:android.view.View#layout(int,int,int,int):RESOURCES-0144","resources:KU:android.view.View#layout(int,int,int,int):RESOURCES-0170",contrasts_with,,llm_quote_grounded,"The left KU focuses on animating height changes in RecyclerView items by modifying LayoutParams and calling requestLayout, whereas the right KU uses `View.layout()` directly to reposition a view off-screen during an animation start event to achieve a specific resting position.",Different strategies for updating view geometry: dynamic resizing via LayoutParams vs. explicit positioning via layout().,expandableView.getLayoutParams().height = (Integer) heightAnim.getAnimatedValue(); expandableView.requestLayout();,"LL.layout(0, -(int)this.getResources().getDimension(R.dimen.quickplay_offset), LL.getWidth(), LL.getHeight() + (int)this.getResources().getDimension(R.dimen.quickplay_offset));"
"resources:KU:android.view.View#layout(int,int,int,int):RESOURCES-0144",resources:KU:android.view.View:RESOURCES-0230,task_related,,llm_quote_grounded,Both KUs address the task of animating a View's height by modifying its LayoutParams within an animation update listener and calling requestLayout().,Implementing smooth height animations for Views (RecyclerView items or Toolbars).,expandableView.getLayoutParams().height = (Integer) heightAnim.getAnimatedValue(); expandableView.requestLayout();,((AppBarLayout.LayoutParams)mToolbar.getLayoutParams()).height = (Integer)animation.getAnimatedValue(); mToolbar.requestLayout();
"resources:KU:android.view.View#layout(int,int,int,int):RESOURCES-0170",resources:KU:android.view.animation.Animation:RESOURCES-0021,task_related,,llm_quote_grounded,"Both KUs address the task of applying animations to Android views, specifically using AnimationListener callbacks to manage view state or layout during animation.",Android UI animation implementation involving View and Animation classes.,public class QuickPlay extends Activity implements AnimationListener,animation.setAnimationListener(new Animation.AnimationListener()
"resources:KU:android.view.View#layout(int,int,int,int):RESOURCES-0170",resources:KU:android.view.animation.Animation:RESOURCES-0129,task_related,,llm_quote_grounded,"Both KUs involve manipulating view geometry (position/size) in conjunction with animations. The left KU uses `View.layout` within an animation listener to adjust bounds, while the right KU discusses rotating/resizing a view hierarchy using animation controllers.",Android view positioning and sizing relative to animation effects.,"LL.layout(0, -(int)this.getResources().getDimension(R.dimen.quickplay_offset), LL.getWidth(), LL.getHeight() + (int)this.getResources().getDimension(R.dimen.quickplay_offset));",I am working on a subclass of FrameLayout that is supposed to rotate all of its children by 90 degrees.
"resources:KU:android.view.View#layout(int,int,int,int):RESOURCES-0170",resources:KU:android.view.animation.Animation:RESOURCES-0185,task_related,,llm_quote_grounded,"Both KUs demonstrate how to integrate custom logic into the animation lifecycle using `AnimationListener`. The left KU adjusts view layout bounds in `onAnimationStart`, while the right KU manages visibility states in `onAnimationEnd`.",Using AnimationListener callbacks to control View properties during animation.,anim.setAnimationListener(this);,animation.setAnimationListener(new Animation.AnimationListener()
"resources:KU:android.view.View#layout(int,int,int,int):RESOURCES-0170",resources:KU:android.view.animation.AnimationUtils:RESOURCES-0046,complements,,llm_quote_grounded,The left KU relies on `AnimationUtils.loadAnimation` to create the animation object that triggers the `View.layout` call via the listener. The right KU provides the standard usage pattern for this utility.,Loading animations required for view manipulation tasks.,"Animation anim = AnimationUtils.loadAnimation(this, R.anim.slide_in_quickplay);","animation = AnimationUtils.loadAnimation(this,R.anim.fade_in);"
"resources:KU:android.view.View#layout(int,int,int,int):RESOURCES-0170",resources:KU:android.view.animation.AnimationUtils:RESOURCES-0086,complements,,llm_quote_grounded,"Similar to candidate 5eab8ec4386f4429, the left KU uses `AnimationUtils` to load the animation which drives the layout changes. The right KU shows `AnimationUtils` being used to load a rotation animation.",Utility methods for loading animations used in view transformation contexts.,"Animation anim = AnimationUtils.loadAnimation(this, R.anim.slide_in_quickplay);","Animation rotateAnim = AnimationUtils.loadAnimation(this, R.anim.rotation);"
"resources:KU:android.view.View#layout(int,int,int,int):RESOURCES-0170",resources:KU:android.view.animation.AnimationUtils:RESOURCES-0104,complements,,llm_quote_grounded,The left KU depends on `AnimationUtils` to initialize the animation that modifies the view's layout. The right KU demonstrates loading an animation using `AnimationUtils` for a scanning effect.,Initialization of animations via AnimationUtils prior to execution.,"Animation anim = AnimationUtils.loadAnimation(this, R.anim.slide_in_quickplay);","final Animation animation = AnimationUtils.loadAnimation(MainActivity.this, R.anim.anim);"
"resources:KU:android.view.View#layout(int,int,int,int):RESOURCES-0198",resources:KU:android.view.View:RESOURCES-0153,task_related,,llm_quote_grounded,Both KUs address manipulating View visibility to achieve dynamic UI effects (swapping positions vs blinking).,Android UI manipulation using View methods.,You could try a sneaky workaround using <code>View.setVisibility()</code>.,if(txt.getVisibility() == View.VISIBLE){ txt.setVisibility(View.INVISIBLE); }else{ txt.setVisibility(View.VISIBLE); }
"resources:KU:android.view.View#layout(int,int,int,int):RESOURCES-0198",resources:KU:android.view.animation.Animation:RESOURCES-0101,contrasts_with,,llm_quote_grounded,"The left KU uses static visibility toggling for swapping, while the right KU uses TranslateAnimation for sliding effects.",Methods for changing view position/visibility in Android.,A1.setVisibility(View.GONE); B1.setVisibility(View.GONE); B2.setVisibility(View.VISIBLE); A2.setVisibility(View.VISIBLE);,"TranslateAnimation animate = new TranslateAnimation(0,rightlayout.getWidth(),0,0); animate.setDuration(1000); animate.setFillAfter(true); rightlayout.startAnimation(animate);"
"resources:KU:android.view.View#layout(int,int,int,int):RESOURCES-0208","resources:KU:android.view.View#layout(int,int,int,int):RESOURCES-0226",task_related,,llm_quote_grounded,Both KUs involve manipulating View layout properties or inflating layouts to achieve specific visual behaviors (animation vs. programmatic access).,Android View layout management and inflation.,Create scanning animation using android studio,How to get child views programmatically from a layout
"resources:KU:android.view.View#layout(int,int,int,int):RESOURCES-0208",resources:KU:android.view.animation.AnimationUtils:RESOURCES-0082,task_related,,llm_quote_grounded,"Both KUs address the task of implementing view animations in Android, specifically using AnimationUtils to load and apply animations.",Android UI animation implementation,"final Animation animation = AnimationUtils.loadAnimation(MainActivity.this, R.anim.anim);","Animation anim = AnimationUtils.loadAnimation(this, R.anim.slide_in_quickplay);"
"resources:KU:android.view.View#layout(int,int,int,int):RESOURCES-0208",resources:KU:android.view.animation.AnimationUtils:RESOURCES-0086,task_related,,llm_quote_grounded,Both KUs involve loading and applying animations to views using AnimationUtils.,Android View Animation,"final Animation animation = AnimationUtils.loadAnimation(MainActivity.this, R.anim.anim);","Animation rotateAnim = AnimationUtils.loadAnimation(this, R.anim.rotation);"
"resources:KU:android.view.View#layout(int,int,int,int):RESOURCES-0208",resources:KU:android.view.animation.AnimationUtils:RESOURCES-0225,task_related,,llm_quote_grounded,Both KUs demonstrate how to use AnimationUtils to load an animation resource and start it on a view.,Android Animation Loading and Execution,"final Animation animation = AnimationUtils.loadAnimation(MainActivity.this, R.anim.anim);","Animation RightSwipe = AnimationUtils.loadAnimation(Screen.this, R.anim.right_swipe);"
resources:KU:android.view.View:RESOURCES-0009,resources:KU:android.view.View:RESOURCES-0044,contrasts_with,,llm_quote_grounded,"The left KU describes using the ObjectAnimator API (introduced in Android 3.0) for a 3D flip, while the right KU explicitly contrasts this by stating that with the 'new animation API' (referring to ViewPropertyAnimator/View.animate()), sliding animations are very simple.",Comparison of animation APIs available from Android 3.0 onwards.,"Here is the answer, though it only works with 3.0 and above.",With the new animation API that was introduced in Android 3.0 (Honeycomb) it is very simple to create such animations.
resources:KU:android.view.View:RESOURCES-0014,resources:KU:android.view.View:RESOURCES-0044,contrasts_with,,llm_quote_grounded,"The left KU uses a static visibility toggle (View.GONE/VISIBLE) to swap button positions, while the right KU uses dynamic property animations (translationY/alpha) to show/hide views with motion.",Techniques for managing View visibility and position changes in Android UIs.,A1.setVisibility(View.GONE); B1.setVisibility(View.GONE); B2.setVisibility(View.VISIBLE); A2.setVisibility(View.VISIBLE);,view.animate() .translationY(view.getHeight()) .alpha(1.0f)
resources:KU:android.view.View:RESOURCES-0014,resources:KU:android.view.animation.Animation:RESOURCES-0101,contrasts_with,,llm_quote_grounded,"The left KU uses visibility toggling for instant state changes, while the right KU uses animation APIs for smooth transitions.",UI interaction implementation strategies,You could try a sneaky workaround using <code>View.setVisibility()</code>.,"But now I want an animation so that when I clicked on button, a ""right to left"" animation will happen"
resources:KU:android.view.View:RESOURCES-0014,resources:KU:android.view.animation.AnimationUtils:RESOURCES-0225,contrasts_with,,llm_quote_grounded,"The left KU relies on direct visibility manipulation, whereas the right KU employs AnimationUtils for visual effects.",Techniques for handling view state changes,A1.setVisibility(View.GONE); B1.setVisibility(View.GONE);,"Animation RightSwipe = AnimationUtils.loadAnimation(Screen.this, R.anim.right_swipe);"
resources:KU:android.view.View:RESOURCES-0014,resources:KU:android.widget.TextView:RESOURCES-0037,task_related,,llm_quote_grounded,Both KUs demonstrate how to toggle the visibility of UI components (Buttons vs TextViews) using View methods.,Android UI visibility control,B2.setVisibility(View.VISIBLE); A2.setVisibility(View.VISIBLE);,txt.setVisibility(View.INVISIBLE); }else{ txt.setVisibility(View.VISIBLE);
resources:KU:android.view.View:RESOURCES-0042,resources:KU:android.view.View:RESOURCES-0077,task_related,,llm_quote_grounded,Both KUs involve implementing custom animations for View properties (specifically width/height) using ObjectAnimator or ValueAnimator to achieve layout changes.,Custom View animation implementation in Android,Use an <code>ObjectAnimator</code> on a custom pseudo-property of <code>middleWidth</code> to change the <code>middle</code> width from whatever it started with to the original width of <code>left</code>,At that point I should create an ObjectAnimator to animate the height of the View's LayoutParams.
resources:KU:android.view.View:RESOURCES-0042,resources:KU:android.view.View:RESOURCES-0139,task_related,,llm_quote_grounded,"Both KUs provide solutions for animating View dimensions (width/height) to create sliding/expanding effects, though they use different mechanisms (ObjectAnimator vs custom Animation class).",Animating View size changes in Android UI,Use an <code>ObjectAnimator</code> on a custom pseudo-property of <code>middleWidth</code> to change the <code>middle</code> width,I believe the simplest approach is to extend <code>Animation</code> class and override <code>applyTransformation()</code> to change the view's height
resources:KU:android.view.View:RESOURCES-0044,resources:KU:android.view.View:RESOURCES-0072,contrasts_with,,llm_quote_grounded,"The left KU uses the modern ViewPropertyAnimator API (view.animate()) for smooth transitions, while the right KU addresses a specific visual artifact (blinking) associated with the legacy Animation class and provides a workaround using visibility toggling.",Implementing show/hide animations on Android Views,With the new animation API that was introduced in Android 3.0 (Honeycomb) it is very simple to create such animations.,How can I avoid this blink?
resources:KU:android.view.View:RESOURCES-0044,resources:KU:android.view.View:RESOURCES-0077,task_related,,llm_quote_grounded,"Both KUs address animating the expansion or collapse of a View by changing its height/visibility. The left KU shows a general approach using translationY and alpha, while the right KU details a complex implementation within RecyclerView's ItemAnimator using ValueAnimator to animate layout parameters.",Animating view size changes (expand/collapse),I have a <code>LinearLayout</code> that I want to show or hide with an <code>Animation</code> that pushes the layout upwards or downwards whenever I change its visibility.,When an answer is expanded/collapsed the rest of the RecyclerView should animate to make room for the expansion or collapse
resources:KU:android.view.View:RESOURCES-0044,resources:KU:android.view.View:RESOURCES-0083,contrasts_with,,llm_quote_grounded,"The left KU demonstrates the preferred modern approach (ViewPropertyAnimator) which handles state persistence automatically, whereas the right KU describes issues with the legacy TranslateAnimation where views reset position after animation unless workarounds like fillAfter or custom listeners are used.",Choosing between legacy Animation and modern Animator APIs for sliding views,With the new animation API that was introduced in Android 3.0 (Honeycomb) it is very simple to create such animations.,"To further explain, I got an TranslateAnimation then after this animation it returns back to the original position"
resources:KU:android.view.View:RESOURCES-0044,resources:KU:android.view.View:RESOURCES-0089,contrasts_with,,llm_quote_grounded,"The left KU uses the modern Property Animation API (ViewPropertyAnimator) with AnimatorListenerAdapter, while the right KU discusses issues and workarounds for the legacy View Animation API (Animation/AnimationListener).",Comparison of animation APIs and listener implementations on Android View.,setListener(new AnimatorListenerAdapter(),override the <code>onAnimationEnd</code> method of the View class
resources:KU:android.view.View:RESOURCES-0044,resources:KU:android.view.View:RESOURCES-0102,task_related,,llm_quote_grounded,Both KUs address the task of animating a View's visibility (show/hide) by combining animation execution with visibility state changes in listeners.,Animating view appearance/disappearance.,view.setVisibility(View.GONE); } });,createButton.setVisibility(View.INVISIBLE); }
resources:KU:android.view.View:RESOURCES-0044,resources:KU:android.view.View:RESOURCES-0133,task_related,,llm_quote_grounded,"Both KUs provide solutions for animating the show/hide or expand/collapse behavior of a View within a layout, specifically handling visibility states during the animation.",View visibility animations (slide vs expand/collapse).,view.setVisibility(View.VISIBLE);,v.setVisibility(View.VISIBLE);
resources:KU:android.view.View:RESOURCES-0044,resources:KU:android.view.View:RESOURCES-0139,task_related,,llm_quote_grounded,"Both KUs deal with animating a View sliding into/out of view while affecting the layout (pushing other views), utilizing visibility changes synchronized with animation events.",Sliding view animations with layout impact.,view.animate() .translationY(view.getHeight()),mView.setVisibility(View.GONE);
resources:KU:android.view.View:RESOURCES-0044,resources:KU:android.view.View:RESOURCES-0171,complements,,llm_quote_grounded,"The left KU demonstrates high-level property animations (translationY, alpha) using the ViewPropertyAnimator, while the right KU explains how to implement custom low-level animations by extending the Animation class, offering a deeper mechanism for complex cases.",Standard vs Custom View Animations.,view.animate().translationY(distance);,Override <code>applyTransformation</code> method.
resources:KU:android.view.View:RESOURCES-0044,resources:KU:android.view.View:RESOURCES-0196,contrasts_with,,llm_quote_grounded,"The left KU uses the modern ViewPropertyAnimator API (view.animate()) for combined slide and fade effects, while the right KU uses the legacy Animation framework (AlphaAnimation) for simple fades.",Android animation implementation strategies,With the new animation API that was introduced in Android 3.0 (Honeycomb) it is very simple to create such animations.,"final Animation in = new AlphaAnimation(0.0f, 1.0f);"
resources:KU:android.view.View:RESOURCES-0044,resources:KU:android.view.View:RESOURCES-0230,complements,,llm_quote_grounded,The left KU provides the general pattern for animating a View's translation and alpha with an AnimatorListener to manage visibility. The right KU applies this specific pattern to solve the problem of missing animations when hiding/showing a Toolbar via ActionBar methods.,Implementing custom show/hide animations for UI components,view.animate() .translationY(0) .alpha(0.0f) .setListener(new AnimatorListenerAdapter() { @Override public void onAnimationEnd(Animator animation) { super.onAnimationEnd(animation); view.setVisibility(View.GONE); } });,mToolbar.animate().translationY(-112).setDuration(600L) .withEndAction(new Runnable() { @Override public void run() { ab.hide(); } }).start();
resources:KU:android.view.View:RESOURCES-0044,resources:KU:android.view.animation.AccelerateInterpolator:RESOURCES-0216,contrasts_with,,llm_quote_grounded,"The left KU utilizes the property animation system (View.animate()) which handles interpolation internally or via setInterpolator on the animator, whereas the right KU focuses on configuring interpolators within the legacy View Animation framework (AnimationSet/AlphaAnimation).",Animation frameworks and interpolation configuration,view.animate() .translationY(view.getHeight()) .alpha(1.0f),fadeOut.setInterpolator(new AccelerateInterpolator()); //and this
resources:KU:android.view.View:RESOURCES-0044,resources:KU:android.view.animation.AlphaAnimation:RESOURCES-0091,contrasts_with,,llm_quote_grounded,"The left KU demonstrates fading views using the modern property animation API (`view.animate().alpha()`), while the right KU demonstrates fading views using the older `AlphaAnimation` class from the view animation framework.",Methods for applying alpha/fade effects to Views,view.animate() .translationY(view.getHeight()) .alpha(1.0f),"Animation fadeIn = new AlphaAnimation(0, 1);"
resources:KU:android.view.View:RESOURCES-0044,resources:KU:android.view.animation.Animation:RESOURCES-0018,contrasts_with,,llm_quote_grounded,"The left KU uses the ViewPropertyAnimator API (`view.animate()`) for smooth transitions, while the right KU uses the legacy `Animation` objects (`AnimationUtils.makeInAnimation`) attached via `startAnimation`, representing two distinct generations of Android animation APIs.",API selection for animating View visibility,With the new animation API that was introduced in Android 3.0 (Honeycomb) it is very simple to create such animations.,createButton.startAnimation(makeOutAnimation);
resources:KU:android.view.View:RESOURCES-0044,resources:KU:android.view.animation.Animation:RESOURCES-0109,contrasts_with,,llm_quote_grounded,"The left KU uses the modern ViewPropertyAnimator API (view.animate()) for sliding/fading, while the right KU uses the legacy Animation class (RotateAnimation) with startAnimation().",Android animation implementation strategies (Modern vs Legacy),view.animate().translationY(distance);,splash.startAnimation(anim);
resources:KU:android.view.View:RESOURCES-0044,resources:KU:android.view.animation.Animation:RESOURCES-0158,contrasts_with,,llm_quote_grounded,"The left KU manages visibility state changes within an AnimatorListenerAdapter on the modern API, while the right KU discusses initial view positioning issues and visibility toggling using the legacy Animation framework.",Managing view visibility during animation transitions,We also set an <code>AnimatorListener</code> so we can set the visibility of the <code>View</code> back to <code>GONE</code> once the animation is finished:,"If you need to keep your view ""invisble"" for a period of time, and then display the animation I can't think about any solution other than View.Visible and View.Gone."
resources:KU:android.view.View:RESOURCES-0044,resources:KU:android.view.animation.Animation:RESOURCES-0174,contrasts_with,,llm_quote_grounded,"The left KU shows how to slide/hide views using translation properties via ViewPropertyAnimator, while the right KU implements expand/collapse by manually animating layout height parameters using a custom Animation subclass.",Animating view size/position (Translation vs Layout Height),view.animate().translationY(distance);,v.getLayoutParams().height = newHeight; v.requestLayout();
resources:KU:android.view.View:RESOURCES-0044,resources:KU:android.view.animation.AnimationSet:RESOURCES-0008,contrasts_with,,llm_quote_grounded,"The left KU combines animations (slide + fade) using the modern ViewPropertyAnimator chain, while the right KU struggles with combining sequential alpha animations using the legacy AnimationSet.",Combining multiple animation effects,view.animate() .translationY(view.getHeight()) .alpha(1.0f),"When I run that animation, <em>nothing</em> shows up."
resources:KU:android.view.View:RESOURCES-0044,resources:KU:android.view.animation.AnimationUtils:RESOURCES-0122,contrasts_with,,llm_quote_grounded,"The left KU uses programmatic property animation (ViewPropertyAnimator) for sliding views, while the right KU uses XML-defined animations loaded via AnimationUtils for similar sliding effects.",Defining and loading slide animations (Programmatic vs XML),view.animate().translationY(distance);,"Animation animationEnterByRight = AnimationUtils.loadAnimation(this, R.anim.animationentrancebyright); tableLayout.startAnimation(animationEnterByRight);"
resources:KU:android.view.View:RESOURCES-0048,resources:KU:android.view.animation.Animation:RESOURCES-0017,task_related,,llm_quote_grounded,Both KUs address the task of applying animations to list items during scrolling or loading in Android.,Android UI animation for ListView/RecyclerView items,set an animation for a <code>ListView</code> for when a user scrolls the <code>ListView</code>,animate the <code>RecyclerView</code> when the items appear for first time and also when the user scrolls
resources:KU:android.view.View:RESOURCES-0048,resources:KU:android.view.animation.AnimationUtils:RESOURCES-0104,task_related,,llm_quote_grounded,"Both KUs address the task of applying animations to Android views, specifically using `AnimationUtils.loadAnimation` and `startAnimation`.",General view animation implementation in Android.,"Animation animation = AnimationUtils.loadAnimation(this, R.anim.translate);","anim1 = AnimationUtils.loadAnimation(getApplicationContext(), R.anim.progress); scanner.startAnimation(anim1);"
resources:KU:android.view.View:RESOURCES-0048,resources:KU:android.view.animation.AnimationUtils:RESOURCES-0205,task_related,,llm_quote_grounded,Both KUs solve the problem of animating list items (ListView vs RecyclerView) during scrolling or loading by using `AnimationUtils` and `startAnimation` on the item views.,Animating individual items within a scrollable container.,cv.startAnimation(scaleUp);,holder.itemView.startAnimation(animation);
resources:KU:android.view.View:RESOURCES-0048,resources:KU:android.widget.TextView:RESOURCES-0076,task_related,,llm_quote_grounded,Both KUs demonstrate how to apply an animation to a specific View subclass (`CardView`/`ListView` item vs `TextView`) using `AnimationUtils` and `startAnimation`.,Applying XML-defined animations to UI widgets.,cv.startAnimation(scaleUp);,tv.startAnimation(a);
resources:KU:android.view.View:RESOURCES-0072,resources:KU:android.view.View:RESOURCES-0083,complements,,llm_quote_grounded,"The left KU suggests hiding the view (`View.GONE`) before starting the animation to prevent blinking. The right KU explains that `onAnimationEnd` listeners can cause flickering if not handled correctly (suggesting overriding `View.onAnimationEnd` instead), which complements the visibility management strategy for smooth transitions.",Preventing visual artifacts (blinking/flickering) when animating Views.,view.setVisibility(View.GONE); // view is our View we trying to animate,If i listen to onAnimationEnd and set other's layout to View.GONE the layout fickers.
resources:KU:android.view.View:RESOURCES-0072,resources:KU:android.view.View:RESOURCES-0089,complements,,llm_quote_grounded,"The left KU uses `setVisibility` in `onAnimationStart` to fix initial blinking. The right KU addresses end-of-animation flickering caused by `onAnimationEnd` timing issues, suggesting a workaround via custom View overrides. Together they cover start and end lifecycle handling for smooth animations.",Managing View visibility and animation lifecycle events to avoid glitches.,public void onAnimationStart(Animation animation) { v.setVisibility(View.VISIBLE); },It seems that an android animation is not truly finished when the <code>onAnimationEnd</code> event is fired
resources:KU:android.view.View:RESOURCES-0072,resources:KU:android.view.View:RESOURCES-0102,complements,,llm_quote_grounded,"The left KU provides a general pattern for avoiding blink by toggling visibility in animation listeners. The right KU applies this exact pattern (setting `VISIBLE` in `onAnimationStart` and `INVISIBLE` in `onAnimationEnd`) to a `FloatingActionButton`, serving as a concrete example of the technique.",Using animation listeners to manage View visibility states.,public void onAnimationStart(Animation animation) { v.setVisibility(View.VISIBLE); },public void onAnimationStart(Animation animation) { createButton.setVisibility(View.VISIBLE); }
resources:KU:android.view.View:RESOURCES-0072,resources:KU:android.view.View:RESOURCES-0196,task_related,,llm_quote_grounded,Both KUs address the management of View visibility during animations to prevent visual glitches or ensure correct sequencing.,Android View animation lifecycle and visibility control,How to avoid blink of View when using animation?,How to make text fade in and out in Android?
resources:KU:android.view.View:RESOURCES-0072,resources:KU:android.view.View:RESOURCES-0231,task_related,,llm_quote_grounded,Both KUs solve problems related to synchronizing View visibility with animation start/end events to achieve desired visual effects (avoiding blinks or creating scanning bars).,Android View animation visibility synchronization,How to avoid blink of View when using animation?,Create scanning animation using android studio
resources:KU:android.view.View:RESOURCES-0072,resources:KU:android.view.animation.AlphaAnimation:RESOURCES-0064,task_related,,llm_quote_grounded,"Both KUs deal with animating Views, specifically focusing on how to manage the View's state (visibility) relative to the animation execution.",Android View animation implementation,How to avoid blink of View when using animation?,How to make text fade in and out in Android?
resources:KU:android.view.View:RESOURCES-0072,resources:KU:android.view.animation.Animation:RESOURCES-0018,complements,,llm_quote_grounded,"The left KU provides a general technique for avoiding View blinks by toggling visibility in animation listeners. The right KU applies this exact pattern (setting visibility in `onAnimationStart`/`End`) to animate a FloatingActionButton, demonstrating the utility of the left KU's advice.",Using AnimationListeners to control View visibility,public void onAnimationStart(Animation animation) { v.setVisibility(View.VISIBLE); },public void onAnimationStart(Animation animation) { createButton.setVisibility(View.VISIBLE); }
resources:KU:android.view.View:RESOURCES-0072,resources:KU:android.view.animation.Animation:RESOURCES-0021,complements,,llm_quote_grounded,"The left KU suggests setting View visibility to VISIBLE in `onAnimationStart` to fix blinking. The right KU implements this specific solution for a TextView fade-in animation, showing the practical application of the left KU's recommendation.",Fixing View visibility issues during animation start,public void onAnimationStart(Animation animation) { v.setVisibility(View.VISIBLE); },public void onAnimationStart(Animation animation) { tv.setVisibility(View.VISIBLE); }
resources:KU:android.view.View:RESOURCES-0072,resources:KU:android.view.animation.Animation:RESOURCES-0152,task_related,,llm_quote_grounded,"Both KUs discuss managing View visibility in conjunction with animations, though they address different specific problems (blinking vs. sequential fading).",Android View animation visibility management,How to avoid blink of View when using animation?,How to make text fade in and out in Android?
resources:KU:android.view.View:RESOURCES-0072,resources:KU:android.view.animation.AnimationSet:RESOURCES-0012,task_related,,llm_quote_grounded,"Both KUs involve animating Views and handling their visibility states, although the right KU focuses on sequencing multiple animations rather than fixing a single-view blink.",Android View animation implementation,How to avoid blink of View when using animation?,How to make text fade in and out in Android?
resources:KU:android.view.View:RESOURCES-0077,resources:KU:android.view.View:RESOURCES-0133,complements,,llm_quote_grounded,The right KU provides a general utility for animating view height (expand/collapse) which can be used within the custom ItemAnimator logic described in the left KU to achieve smooth resizing of RecyclerView items.,Implementing expandable/collapsible views inside a RecyclerView with custom animations.,"I watched the talk on <a href=""https://www.youtube.com/watch?v=imsr8NrIAMs"">RecyclerView animations</a>, and believe I want a custom ItemAnimator, where I override animateChange. At that point I should create an ObjectAnimator to animate the height of the View's LayoutParams.","public static void expand(final View v) { v.measure(LayoutParams.MATCH_PARENT, LayoutParams.WRAP_CONTENT); final int targetHeight = v.getMeasuredHeight(); // Older versions of android (pre API 21) cancel animations for views with a height of 0. v.getLayoutParams().height = 1; v.setVisibility(View.VISIBLE); Animation a = new Animation() { @Override protected void applyTransformation(float interpolatedTime, Transformation t) { v.getLayoutParams().height = interpolatedTime == 1 ? LayoutParams.WRAP_CONTENT : (int)(targetHeight * interpolatedTime); v.requestLayout(); }"
resources:KU:android.view.View:RESOURCES-0077,resources:KU:android.view.View:RESOURCES-0139,complements,,llm_quote_grounded,"The right KU offers a specific `Animation` subclass implementation for expanding/collapsing views by modifying layout parameters, which serves as a concrete example or alternative approach to the `ValueAnimator` strategy discussed in the left KU for handling view size changes.",Animating view height changes for expandable UI components.,Only way I found to get this to work was to use a <code>ValueAnimator</code> as you can see in the example below.,I believe the simplest approach is to extend <code>Animation</code> class and override <code>applyTransformation()</code> to change the view's height as follows:
resources:KU:android.view.View:RESOURCES-0077,resources:KU:android.view.animation.Animation:RESOURCES-0100,contrasts_with,,llm_quote_grounded,"The left KU uses the modern ValueAnimator/ItemAnimator framework for RecyclerView, while the right KU uses the legacy Animation class with applyTransformation to manually animate view height.",Comparison of animation implementation strategies (ValueAnimator vs Animation.applyTransformation) for expanding/collapsing views.,Only way I found to get this to work was to use a <code>ValueAnimator</code>,extend <code>Animation</code> class and override <code>applyTransformation()</code> to change the view's height
resources:KU:android.view.View:RESOURCES-0083,resources:KU:android.view.View:RESOURCES-0089,contrasts_with,,llm_quote_grounded,"Both KUs address the same animation flickering issue and propose the identical workaround (overriding View.onAnimationEnd), but they describe different specific symptoms: RESOURCES-0083 describes a view resetting to its original position, while RESOURCES-0089 describes a background drawable appearing scaled/flickering.",Android View animations where onAnimationEnd timing causes visual artifacts.,the animation is flickering at the end,"The problem is, that it flickers because the new background appears (=is) scaled for a short time until the animation really finishes."
resources:KU:android.view.View:RESOURCES-0083,resources:KU:android.view.View:RESOURCES-0231,task_related,,llm_quote_grounded,"Both KUs address the problem of animation flickering or resetting at the end of a View animation, specifically involving TranslateAnimation and visibility changes.",Android View animations where state changes (like GONE/INVISIBLE) cause visual artifacts upon completion.,the animation is flickering at the end,"on touch event, the animation does not execute. That is, the image bar does not oscillate along the vertical axis."
resources:KU:android.view.View:RESOURCES-0083,resources:KU:android.view.animation.Animation:RESOURCES-0060,complements,,llm_quote_grounded,"The right KU provides the specific technical explanation and identical workaround for the issue described in the left KU, confirming that overriding View.onAnimationEnd is the solution to AnimationListener timing issues.",Resolving animation flicker caused by premature execution of logic in AnimationListener.onAnimationEnd.,This basically states that the onAnimationEnd method doesn't really work well when an AnimationListener is attached to an Animation,This basically states that the onAnimationEnd method doesn't really work well when an AnimationListener is attached to an Animation
resources:KU:android.view.View:RESOURCES-0083,resources:KU:android.view.animation.Animation:RESOURCES-0155,contrasts_with,,llm_quote_grounded,"While both discuss animation flicker, the left KU advocates for overriding View.onAnimationEnd as the primary fix, whereas the right KU suggests adding a dummy zero-duration animation in onAnimationEnd as an alternative workaround.",Strategies for mitigating Android animation flicker during view state transitions.,provide the functionality in the over-riden View -> onAnimationEnd method as opposed to the onAnimationEnd method of the AnimationListener attached to the Animation.,Adding a short animation to the back end of the onAnimationEnd() when we are hiding the view makes the flicker go away.
resources:KU:android.view.View:RESOURCES-0083,resources:KU:android.view.animation.TranslateAnimation:RESOURCES-0197,contrasts_with,,llm_quote_grounded,"The left KU identifies the root cause as AnimationListener timing and prescribes overriding View.onAnimationEnd, while the right KU addresses similar flicker with TranslateAnimation by using clearAnimation() or dummy animations within the listener itself.",Handling TranslateAnimation flicker in Android views.,override the onAnimationEnd method of the View class and provide all the functionality there,thanks to the suggestion to call clearAnimation() on the view being animated
resources:KU:android.view.View:RESOURCES-0083,resources:KU:android.widget.ImageView:RESOURCES-0088,complements,,llm_quote_grounded,"The View KU provides the general workaround for animation flickering by overriding onAnimationEnd in a custom view, while the ImageView KU applies this specific pattern to an ImageView context.",Android View animations where AnimationListener causes timing issues or flickering at the end of the animation.,"To work around this issue, you must now create a custom ImageView","To work around this issue, you must now create a custom ImageView"
resources:KU:android.view.View:RESOURCES-0089,resources:KU:android.view.View:RESOURCES-0102,contrasts_with,,llm_quote_grounded,"The first KU identifies that using AnimationListener's onAnimationEnd is unreliable and suggests overriding View.onAnimationEnd instead. The second KU demonstrates using AnimationListener's onAnimationStart/End to toggle visibility, which contradicts the recommended workaround for precise timing control.",Handling animation lifecycle events on Android Views.,This basically states that the onAnimationEnd method doesn't really work well when an AnimationListener is attached to an Animation,makeInAnimation.setAnimationListener(new Animation.AnimationListener() { @Override public void onAnimationEnd(Animation animation) { }
resources:KU:android.view.View:RESOURCES-0089,resources:KU:android.view.View:RESOURCES-0196,constrains,,llm_quote_grounded,"The View KU warns that AnimationListener's onAnimationEnd fires before the animation is truly finished visually, constraining how one should sequence animations (like fade out then fade in) shown in the other KU.",Chaining AlphaAnimations or similar view animations where visual continuity matters.,It seems that an android animation is not truly finished when the <code>onAnimationEnd</code> event is fired although <code>animation.hasEnded</code> is set to true.,"out.setAnimationListener(new AnimationListener() { @Override public void onAnimationEnd(Animation animation) { mSwitcher.setText(""New Text""); mSwitcher.startAnimation(in); } });"
resources:KU:android.view.View:RESOURCES-0089,resources:KU:android.view.animation.Animation:RESOURCES-0112,task_related,,llm_quote_grounded,Both KUs address the same specific Android animation flickering bug and provide identical workarounds involving overriding View.onAnimationEnd instead of using AnimationListener.,Android view animations where onAnimationEnd timing causes visual artifacts like flickering or premature state changes.,The workaround is to listen for the animation events in the view to which you were applying the animation to,The workaround is to listen for the animation events in the view to which you were applying the animation to
resources:KU:android.view.View:RESOURCES-0089,resources:KU:android.view.animation.Animation:RESOURCES-0155,task_related,,llm_quote_grounded,"Both KUs discuss resolving animation flicker issues related to the timing of onAnimationEnd callbacks, though they propose different solutions (View override vs. dummy animation).",Debugging and fixing visual flickering at the end of Android view animations.,This works properly and there is no longer any flicker towards the end of the animation.,Adding a short animation to the back end of the onAnimationEnd() when we are hiding the view makes the flicker go away.
resources:KU:android.view.View:RESOURCES-0089,resources:KU:android.view.animation.TranslateAnimation:RESOURCES-0197,task_related,,llm_quote_grounded,"Both KUs tackle the problem of animation flicker occurring at the start or end of transitions, specifically dealing with how views reset or update during animation lifecycle events.",Handling visual glitches (flicker) during TranslateAnimation or similar view animations in Android.,"The problem is, that it flickers because the new background appears (=is) scaled for a short time until the animation really finishes.",I've been trawling through as many threads on this topic that I can find on the flicker that arises in Android 2.2 when dealing with AnimationListeners
resources:KU:android.view.View:RESOURCES-0089,resources:KU:android.widget.ImageView:RESOURCES-0055,task_related,,llm_quote_grounded,Both KUs describe the exact same workaround for animation flicker: creating a custom ImageView/View subclass and overriding its onAnimationEnd method instead of relying on the AnimationListener.,Implementing reliable post-animation logic for ImageViews or Views in Android.,"To work around this issue, you must now create a custom ImageView","To work around this issue, you must now create a custom ImageView"
resources:KU:android.view.View:RESOURCES-0102,resources:KU:android.view.View:RESOURCES-0133,task_related,,llm_quote_grounded,"Both KUs address animating the visibility or layout state of Android Views, specifically handling show/hide transitions.",General View animation tasks involving visibility changes and layout adjustments.,"I would like to have an animation, where the FAB comes in and out.",I would like to show v1 with an expand animation and push down v2 at the same time.
resources:KU:android.view.View:RESOURCES-0102,resources:KU:android.view.View:RESOURCES-0139,task_related,,llm_quote_grounded,Both KUs involve implementing custom animations for View visibility or expansion/collapse states using the Animation class.,Custom view animations that modify visibility or dimensions during transition.,"Animation makeInAnimation = AnimationUtils.makeInAnimation(getBaseContext(), false);",I believe the simplest approach is to extend <code>Animation</code> class and override <code>applyTransformation()</code> to change the view's height
resources:KU:android.view.View:RESOURCES-0102,resources:KU:android.view.View:RESOURCES-0196,task_related,,llm_quote_grounded,"Both KUs deal with animating the appearance (fade/in) and disappearance (out) of UI elements, utilizing AnimationListeners to manage state changes like visibility.",View fade-in/fade-out animations and sequencing.,makeOutAnimation.setAnimationListener(new Animation.AnimationListener() { @Override public void onAnimationEnd(Animation animation) { createButton.setVisibility(View.INVISIBLE); },"out.setAnimationListener(new AnimationListener() { @Override public void onAnimationEnd(Animation animation) { mSwitcher.setText(""New Text""); mSwitcher.startAnimation(in); } });"
resources:KU:android.view.View:RESOURCES-0102,resources:KU:android.view.View:RESOURCES-0231,task_related,,llm_quote_grounded,"Both KUs implement animations triggered by user interaction or state changes, managing View visibility via AnimationListeners.",Interactive view animations controlling visibility.,if (!createButton.isShown()) { createButton.startAnimation(makeInAnimation); },bar.setVisibility(View.VISIBLE); bar.startAnimation(animation);
resources:KU:android.view.View:RESOURCES-0102,resources:KU:android.view.animation.AlphaAnimation:RESOURCES-0064,complements,,llm_quote_grounded,The AlphaAnimation KU provides a specific implementation detail (using AlphaAnimation for fades) that complements the general visibility animation pattern shown in the View KU.,Specific animation types used for visibility transitions.,"Animation makeInAnimation = AnimationUtils.makeInAnimation(getBaseContext(), false);","final Animation in = new AlphaAnimation(0.0f, 1.0f); in.setDuration(3000);"
resources:KU:android.view.View:RESOURCES-0102,resources:KU:android.view.animation.Animation:RESOURCES-0017,task_related,,llm_quote_grounded,Both KUs demonstrate how to apply animations to views (FAB vs RecyclerView items) using the Animation framework and startAnimation method.,Applying animations to different view types.,createButton.startAnimation(makeInAnimation);,holder.itemView.startAnimation(animation);
resources:KU:android.view.View:RESOURCES-0102,resources:KU:android.view.animation.Animation:RESOURCES-0021,task_related,,llm_quote_grounded,Both KUs use AnimationUtils to load/create animations and set AnimationListeners to handle visibility changes upon animation start/end.,Standard animation loading and listener setup for visibility.,"Animation makeInAnimation = AnimationUtils.makeInAnimation(getBaseContext(), false); makeInAnimation.setAnimationListener(new Animation.AnimationListener() {","animation = AnimationUtils.loadAnimation(this,R.anim.fade_in); animation.setAnimationListener(new Animation.AnimationListener() {"
resources:KU:android.view.View:RESOURCES-0102,resources:KU:android.view.animation.Animation:RESOURCES-0138,task_related,,llm_quote_grounded,"Both KUs involve starting animations on views, though RESOURCES-0138 focuses on sequential animation which contrasts with the single-view toggle in RESOURCES-0102.",Starting animations on view objects.,createButton.startAnimation(makeOutAnimation);,image.startAnimation(anim);
resources:KU:android.view.View:RESOURCES-0102,resources:KU:android.view.animation.Animation:RESOURCES-0152,task_related,,llm_quote_grounded,Both KUs address the task of animating View visibility or content changes (fade in/out) using Android Animation APIs.,General UI animation tasks involving visibility transitions.,"I would like to have an animation, where the FAB comes in and out.","I want that text to fade out, change to some other text, then fade back in."
resources:KU:android.view.View:RESOURCES-0102,resources:KU:android.view.animation.Animation:RESOURCES-0201,complements,,llm_quote_grounded,"The right KU provides a specific technique (setting visibility to GONE before animation and VISIBLE on start) to avoid visual artifacts (blinking), which complements the left KU's general approach of managing visibility during animation.",Refining View animation implementation to prevent initial frame glitches.,createButton.setVisibility(View.VISIBLE);,view.setVisibility(View.GONE); // view is our View we trying to animate
resources:KU:android.view.View:RESOURCES-0102,resources:KU:android.view.animation.AnimationSet:RESOURCES-0012,contrasts_with,,llm_quote_grounded,"The left KU uses separate animations with listeners to sequence visibility changes, while the right KU suggests using `AnimationSet` as an alternative approach for sequencing animations.",Different strategies for handling sequential or combined animations.,makeInAnimation.setAnimationListener(new Animation.AnimationListener() {,Another approach is to use <code>AnimationSet</code>.
resources:KU:android.view.View:RESOURCES-0102,resources:KU:android.view.animation.AnimationUtils:RESOURCES-0046,task_related,,llm_quote_grounded,"Both KUs involve loading and applying animations to Views using `AnimationUtils`, specifically focusing on visibility management within animation listeners.",Using AnimationUtils to load and apply animations to Views.,"Animation makeInAnimation = AnimationUtils.makeInAnimation(getBaseContext(), false);","animation = AnimationUtils.loadAnimation(this,R.anim.fade_in);"
resources:KU:android.view.View:RESOURCES-0133,resources:KU:android.view.View:RESOURCES-0203,contrasts_with,,llm_quote_grounded,"The left KU implements expansion via layout height manipulation with an Animation object, while the right KU implements it via text trimming logic in a custom TextView without explicit animation code.",Techniques for expanding/collapsing UI elements.,v.getLayoutParams().height = interpolatedTime == 1 ? LayoutParams.WRAP_CONTENT : (int)(targetHeight * interpolatedTime); v.requestLayout();,"private CharSequence getTrimmedText(CharSequence text) { if (originalText != null && originalText.length() > trimLength) { return new SpannableStringBuilder(originalText, 0, trimLength + 1).append(ELLIPSIS); } else { return originalText; } }"
resources:KU:android.view.View:RESOURCES-0133,resources:KU:android.view.View:RESOURCES-0217,contrasts_with,,llm_quote_grounded,"The left KU demonstrates how to implement custom view animations by modifying layout parameters, whereas the right KU explains that ActionBar animations are hard-coded and cannot be customized in older Android versions.",Customizability of Android view animations.,"Animation a = new Animation() { @Override protected void applyTransformation(float interpolatedTime, Transformation t) { v.getLayoutParams().height = interpolatedTime == 1 ? LayoutParams.WRAP_CONTENT : (int)(targetHeight * interpolatedTime); v.requestLayout(); }",If you look at the decompiled sources of <code>com.android.internal.app.ActionBarImpl</code> you'll find that the animations are hard-coded.
resources:KU:android.view.View:RESOURCES-0133,resources:KU:android.view.View:RESOURCES-0230,complements,,llm_quote_grounded,"The left KU provides a generic solution for animating view height changes, which complements the specific workaround in the right KU for animating Toolbar visibility when standard ActionBar methods fail.",Animating view dimensions/visibility in Android layouts.,v.getLayoutParams().height = interpolatedTime == 1 ? LayoutParams.WRAP_CONTENT : (int)(targetHeight * interpolatedTime); v.requestLayout();,"// animate `Toolbar's` height to zero. mVaActionBar = ValueAnimator.ofInt(mToolbarHeight , 0); mVaActionBar.addUpdateListener(new ValueAnimator.AnimatorUpdateListener() { @Override public void onAnimationUpdate(ValueAnimator animation) { // update LayoutParams ((AppBarLayout.LayoutParams)mToolbar.getLayoutParams()).height = (Integer)animation.getAnimatedValue(); mToolbar.requestLayout(); } });"
resources:KU:android.view.View:RESOURCES-0133,resources:KU:android.view.animation.Animation:RESOURCES-0063,task_related,,llm_quote_grounded,Both KUs address the task of animating a view's height expansion using custom Animation classes.,Android UI animation for expanding/collapsing views,I would like to show v1 with an expand animation and push down v2 at the same time.,How to expand a layout height with animation?
resources:KU:android.view.View:RESOURCES-0139,resources:KU:android.view.View:RESOURCES-0171,complements,,llm_quote_grounded,"The right KU provides general guidance on implementing custom animations by extending the Animation class, which complements the specific implementation in the left KU.",Implementation of custom Android animations,I believe the simplest approach is to extend <code>Animation</code> class and override <code>applyTransformation()</code>,Most flexible (and pretty easy) way to create custom animation is to extend <code>Animation</code> class.
resources:KU:android.view.View:RESOURCES-0139,resources:KU:android.view.animation.AccelerateInterpolator:RESOURCES-0115,complements,,llm_quote_grounded,"The right KU provides general guidance on extending the Animation class and overriding applyTransformation, which is the specific technique used in the left KU to achieve the sliding effect.",Implementation of custom Android animations by extending the Animation class.,I believe the simplest approach is to extend <code>Animation</code> class and override <code>applyTransformation()</code>,Most flexible (and pretty easy) way to create custom animation is to extend <code>Animation</code> class.
resources:KU:android.view.View:RESOURCES-0139,resources:KU:android.view.animation.Animation:RESOURCES-0004,complements,,llm_quote_grounded,"The right KU explains the general mechanism of extending Animation and overriding applyTransformation, which complements the specific implementation details provided in the left KU for height-based sliding.",Custom animation implementation in Android.,extend <code>Animation</code> class and override <code>applyTransformation()</code>,Override <code>applyTransformation</code> method. Here we interested in <code>interpolatedTime</code> variable
resources:KU:android.view.View:RESOURCES-0139,resources:KU:android.view.animation.Animation:RESOURCES-0174,task_related,,llm_quote_grounded,"Both KUs address the task of creating an expand/collapse animation for a view that pushes sibling views down, utilizing custom Animation classes to modify height.",Expand/Collapse animations in Android layouts.,pushing views below out of the way,show v1 with an expand animation and push down v2 at the same time
resources:KU:android.view.View:RESOURCES-0139,resources:KU:android.view.animation.LinearInterpolator:RESOURCES-0172,task_related,,llm_quote_grounded,Both KUs describe implementing custom animations by extending the Animation class and overriding applyTransformation.,Custom view animation implementation using legacy Animation framework,extend <code>Animation</code> class and override <code>applyTransformation()</code>,Override <code>applyTransformation</code> method.
resources:KU:android.view.View:RESOURCES-0150,resources:KU:android.view.View:RESOURCES-0171,contrasts_with,,llm_quote_grounded,"The first KU uses a specific Drawable (TransitionDrawable) for background color changes, while the second KU describes general custom animation logic via extending the Animation class or using ObjectAnimator.",Methods for animating View properties in Android,"You can use a <a href=""http://developer.android.com/reference/android/graphics/drawable/TransitionDrawable.html"" rel=""noreferrer"" title=""TransitionDrawable API doc"">TransitionDrawable</a> to accomplish this.",Most flexible (and pretty easy) way to create custom animation is to extend <code>Animation</code> class.
resources:KU:android.view.View:RESOURCES-0150,resources:KU:android.view.View:RESOURCES-0229,contrasts_with,,llm_quote_grounded,"The left KU addresses animating background color changes using TransitionDrawable, while the right KU addresses revealing views/activities using circular clipping animations.",View animation techniques in Android,Animate change of view background color on Android,Circular reveal transition for new activity
resources:KU:android.view.View:RESOURCES-0150,resources:KU:android.view.View:RESOURCES-0231,contrasts_with,,llm_quote_grounded,"The left KU focuses on transitioning background colors via drawables, whereas the right KU focuses on translating a view (scan bar) via XML animations.",Different types of View animations (color vs position),Animate change of view background color on Android,Create scanning animation using android studio
resources:KU:android.view.View:RESOURCES-0153,resources:KU:android.view.View:RESOURCES-0196,contrasts_with,,llm_quote_grounded,"The left KU implements blinking by toggling visibility (VISIBLE/INVISIBLE), while the right KU implements fading by animating alpha transparency.",Techniques for making text appear/disappear dynamically,How to make the textview blinking,How to make text fade in and out in Android?
resources:KU:android.view.View:RESOURCES-0171,resources:KU:android.view.animation.Animation:RESOURCES-0060,constrains,,llm_quote_grounded,"Left KU recommends extending the Animation class and overriding applyTransformation. Right KU highlights a bug/constraint where onAnimationEnd fires prematurely when using an AnimationListener, suggesting a workaround involving overriding View.onAnimationEnd instead, which affects how one might finalize state after the animation described in the left KU.",Implementation of custom Animation subclass vs. timing issues with AnimationListener callbacks.,Override <code>applyTransformation</code> method.,This basically states that the onAnimationEnd method doesn't really work well when an AnimationListener is attached to an Animation
resources:KU:android.view.View:RESOURCES-0171,resources:KU:android.view.animation.Animation:RESOURCES-0100,task_related,,llm_quote_grounded,"Both KUs describe implementing custom animations by extending the Animation class and overriding applyTransformation. The right KU provides a specific example of animating view height/layout changes, which is a direct application of the general technique described in the left KU.",General custom animation pattern vs. specific layout animation implementation.,Most flexible (and pretty easy) way to create custom animation is to extend <code>Animation</code> class.,I believe the simplest approach is to extend <code>Animation</code> class and override <code>applyTransformation()</code>
resources:KU:android.view.View:RESOURCES-0171,resources:KU:android.view.animation.Animation:RESOURCES-0112,constrains,,llm_quote_grounded,"Left KU suggests using Transformation#getMatrix() to modify the View. Right KU warns about TranslateAnimation resetting position after completion and flickering, noting that setFillAfter breaks interaction and onAnimationEnd has timing bugs, constraining the reliability of simple matrix-based transformations without additional handling.",Using Transformation/Matrix for animation vs. known issues with TranslateAnimation persistence and end-state.,Also you can modify <code>View</code> by using <code>Transformation#getMatrix()</code>.,"To further explain, I got an TranslateAnimation then after this animation it returns back to the original position, if i set setFillAfter then the buttons inside the layout stops working."
resources:KU:android.view.View:RESOURCES-0171,resources:KU:android.widget.ImageView:RESOURCES-0088,constrains,,llm_quote_grounded,"Left KU proposes extending Animation for custom effects. Right KU identifies a critical flaw in the standard Animation lifecycle (onAnimationEnd firing early) when applied to views like ImageView, requiring a workaround (overriding View.onAnimationEnd) that must be considered when following the advice in the left KU.",Custom Animation extension strategy vs. runtime behavior bugs in Animation listeners on Views.,Most flexible (and pretty easy) way to create custom animation is to extend <code>Animation</code> class.,It seems that an android animation is not truly finished when the <code>onAnimationEnd</code> event is fired although <code>animation.hasEnded</code> is set to true.
resources:KU:android.view.View:RESOURCES-0171,resources:KU:java.lang.String:RESOURCES-0223,contrasts_with,,llm_quote_grounded,"Left KU focuses on the legacy View Animation system (extending Animation class). Right KU discusses the transition to the ObjectAnimator/Property Animation system, noting that old view animations are deprecated/no longer accepted by AnimationInflater in newer APIs, contrasting the two approaches.",Legacy View Animation framework vs. Modern Property Animation (ObjectAnimator) framework.,Most flexible (and pretty easy) way to create custom animation is to extend <code>Animation</code> class.,"It appears that the old view animations (<code>translate</code>, <code>scale</code>, and so on) are no longer accepted by the <code>AnimationInflater</code>, at least as of ICS."
resources:KU:android.view.View:RESOURCES-0196,resources:KU:android.view.animation.AlphaAnimation:RESOURCES-0091,task_related,,llm_quote_grounded,"Both KUs address the task of creating fade-in and fade-out animations using AlphaAnimation, though they solve different specific problems (sequencing vs. visibility).",Android view animation tasks involving alpha transparency changes.,How to make text fade in and out in Android?,Fade In Fade Out Android Animation in Java
resources:KU:android.view.View:RESOURCES-0196,resources:KU:android.view.animation.Animation:RESOURCES-0018,task_related,,llm_quote_grounded,"Both KUs involve animating views (TextView/ImageView) with enter/exit effects, utilizing Animation listeners or sets to manage state transitions.",View animation lifecycle management in Android.,out.setAnimationListener(new AnimationListener() {,makeInAnimation.setAnimationListener(new Animation.AnimationListener() {
resources:KU:android.view.View:RESOURCES-0196,resources:KU:android.view.animation.Animation:RESOURCES-0112,constrains,,llm_quote_grounded,"The right KU identifies a bug where `onAnimationEnd` in an `AnimationListener` causes flickering or incorrect state resets, which constrains the reliability of the sequencing solution proposed in the left KU.",Use of AnimationListener for sequential animations on Views.,"To make the second animation start right after the first, you can add a listener to your first animation:",This basically states that the onAnimationEnd method doesn't really work well when an AnimationListener is attached to an Animation
resources:KU:android.view.View:RESOURCES-0196,resources:KU:android.view.animation.Animation:RESOURCES-0117,complements,,llm_quote_grounded,"The left KU provides a general approach to fading text using AlphaAnimation and AnimationSet, while the right KU provides a specific fix for a common issue (nothing showing up) when combining fadeIn/fadeOut in an AnimationSet by adjusting interpolators and the sharedInterpolator flag.",Implementing sequential fade animations using AnimationSet.,Another approach is to use <code>AnimationSet</code>.,"When I run that animation, <em>nothing</em> shows up."
resources:KU:android.view.View:RESOURCES-0196,resources:KU:android.view.animation.Animation:RESOURCES-0155,constrains,,llm_quote_grounded,"The right KU highlights issues with flickering when using AnimationListeners and `setFillAfter`, suggesting workarounds like adding dummy animations or clearing animations, which constrains the simple listener-based sequencing suggested in the left KU.",Visual artifacts during animation transitions managed by listeners.,out.setAnimationListener(new AnimationListener() {,I've been trawling through as many threads on this topic that I can find on the flicker that arises in Android 2.2 when dealing with AnimationListeners
resources:KU:android.view.View:RESOURCES-0196,resources:KU:android.view.animation.Animation:RESOURCES-0201,constrains,,llm_quote_grounded,"The right KU addresses visual glitches (blinking) when starting animations on Views, recommending setting visibility to GONE before animation and VISIBLE in `onAnimationStart`. This constrains the implementation details of the fade-in/out logic in the left KU to ensure smooth appearance.",Initial View visibility handling during animation start.,mSwitcher.startAnimation(out);,view.setVisibility(View.GONE); // view is our View we trying to animate
resources:KU:android.view.View:RESOURCES-0196,resources:KU:android.view.animation.AnimationSet:RESOURCES-0008,task_related,,llm_quote_grounded,"Both KUs address the task of creating sequential fade-in and fade-out animations using AnimationSet, with one providing a basic solution and the other addressing a specific bug related to interpolators in that context.",Android view animation tasks involving AlphaAnimation and AnimationSet for fading effects.,Another approach is to use <code>AnimationSet</code>.,Fade In Fade Out Android Animation in Java
resources:KU:android.view.View:RESOURCES-0196,resources:KU:android.view.animation.DecelerateInterpolator:RESOURCES-0118,complements,,llm_quote_grounded,"The right KU provides a critical fix (using DecelerateInterpolator) for the AnimationSet approach suggested in the left KU, which otherwise fails to display the animation correctly when combining fade-in and fade-out.",Implementing sequential alpha animations using AnimationSet where visibility issues occur.,Another approach is to use <code>AnimationSet</code>.,fadeIn.setInterpolator(new DecelerateInterpolator()); //add this
resources:KU:android.view.View:RESOURCES-0196,resources:KU:android.widget.ImageView:RESOURCES-0055,constrains,,llm_quote_grounded,"The right KU identifies a known bug where `onAnimationEnd` listeners (used in the left KU's recommended solution) cause flickering or reset issues, suggesting an alternative workaround by overriding `View.onAnimationEnd` instead.",Using AnimationListener.onAnimationEnd to trigger subsequent actions after an animation completes.,"out.setAnimationListener(new AnimationListener() { @Override public void onAnimationEnd(Animation animation) { mSwitcher.setText(""New Text""); mSwitcher.startAnimation(in); } });",This basically states that the onAnimationEnd method doesn't really work well when an AnimationListener is attached to an Animation
resources:KU:android.view.View:RESOURCES-0196,resources:KU:android.widget.TextView:RESOURCES-0006,task_related,,llm_quote_grounded,"Both KUs address animating text content in Android, specifically using TextViews to display changing or progressive text.",Android UI animation for text elements,How to make text fade in and out in Android?,Android character by character display text animation
resources:KU:android.view.View:RESOURCES-0203,resources:KU:android.view.View:RESOURCES-0231,task_related,,llm_quote_grounded,Both KUs provide solutions for creating custom animations on Android Views (expanding text vs scanning effect).,Custom Android View animations,"Now, I would like that this behavior would be accompanied by an animation.",Create scanning animation using android studio
resources:KU:android.view.View:RESOURCES-0217,resources:KU:android.view.View:RESOURCES-0231,task_related,,llm_quote_grounded,"Both KUs relate to Android View animations, one discussing the limitations of built-in ActionBar animations and the other implementing a custom translation animation.",Android Animation APIs and behaviors,"Is there some way to change this animation? In my case, I simply want to change the animation time, but is it also possible to have a sliding animation?",Create scanning animation using android studio
resources:KU:android.view.View:RESOURCES-0229,resources:KU:android.view.View:RESOURCES-0231,task_related,,llm_quote_grounded,"Both KUs involve creating custom animations for Views in Android, utilizing different animation APIs (ViewAnimationUtils vs AnimationUtils) to achieve visual effects.",Android View animation creation,"Animator anim = ViewAnimationUtils.createCircularReveal(myView, cx, cy, 0, finalRadius);","anim1 = AnimationUtils.loadAnimation(getApplicationContext(), R.anim.progress); scanner.startAnimation(anim1);"
resources:KU:android.view.View:RESOURCES-0229,resources:KU:android.view.animation.Animation:RESOURCES-0111,contrasts_with,,llm_quote_grounded,The first KU uses modern property-based animation (ViewAnimationUtils/ObjectAnimator style via createCircularReveal) while the second KU relies on legacy view animation (TranslateAnimation/AlphaAnimation via XML sets) which has limitations regarding layout bounds.,Animation API generation and capabilities,"Animator anim = ViewAnimationUtils.createCircularReveal(myView, cx, cy, 0, finalRadius);","<translate android:fromYDelta=""100%p"" android:toYDelta=""0"" android:duration=""1000""/>"
resources:KU:android.view.View:RESOURCES-0230,resources:KU:android.view.View:RESOURCES-0231,task_related,,llm_quote_grounded,"Both KUs deal with animating the visibility or position of Views in response to user interaction or state changes, though they use different mechanisms (ValueAnimator/LayoutParams vs AnimationUtils/XML).",View animation logic,"mVaActionBar = ValueAnimator.ofInt(mToolbarHeight , 0);",bar.setVisibility(View.VISIBLE); bar.startAnimation(animation);
resources:KU:android.view.View:RESOURCES-0230,resources:KU:android.widget.TextView:RESOURCES-0103,complements,,llm_quote_grounded,"Both KUs demonstrate the necessity of using ValueAnimator to modify LayoutParams directly when animating size changes (height), as standard property animators or default item animators may not handle layout reflows correctly for these specific cases.",Animating view dimensions via LayoutParams,((AppBarLayout.LayoutParams)mToolbar.getLayoutParams()).height = (Integer)animation.getAnimatedValue(); mToolbar.requestLayout();,tv.getLayoutParams().height = (Integer) heightAnim.getAnimatedValue(); tv.requestLayout();
resources:KU:android.view.View:RESOURCES-0231,resources:KU:android.view.animation.Animation:RESOURCES-0021,task_related,,llm_quote_grounded,"Both KUs utilize the legacy `Animation` framework (`AnimationUtils`, `startAnimation`) to apply visual effects like translation or fading to Views.",Legacy Android Animation API usage,"final Animation animation = AnimationUtils.loadAnimation(MainActivity.this, R.anim.anim);","animation = AnimationUtils.loadAnimation(this,R.anim.fade_in);"
resources:KU:android.view.View:RESOURCES-0231,resources:KU:android.view.animation.Animation:RESOURCES-0101,task_related,,llm_quote_grounded,Both KUs address the task of implementing view animations (scanning vs sliding) using Android's Animation framework and View methods.,"Android UI animation implementation involving View visibility, touch/click triggers, and Animation objects.",scanner.startAnimation(anim1);,rightlayout.startAnimation(animate);
resources:KU:android.view.View:RESOURCES-0231,resources:KU:android.view.animation.Animation:RESOURCES-0111,task_related,,llm_quote_grounded,"Both KUs involve animating views on screen, specifically dealing with positioning and visibility during animation execution.",Android view animation tasks requiring coordination between View state (visibility/layout) and Animation lifecycle.,bar.setVisibility(View.VISIBLE); bar.startAnimation(animation);,LL.startAnimation(anim);
resources:KU:android.view.View:RESOURCES-0231,resources:KU:android.view.animation.Animation:RESOURCES-0129,task_related,,llm_quote_grounded,"Both KUs discuss applying animations to views or layouts, though for different visual effects (translation/scanning vs rotation).",General application of Animation objects to View/Layout components in Android.,"final Animation animation = AnimationUtils.loadAnimation(MainActivity.this, R.anim.anim);","Animation rotateAnim = AnimationUtils.loadAnimation(this, R.anim.rotation);"
resources:KU:android.view.View:RESOURCES-0231,resources:KU:android.view.animation.Animation:RESOURCES-0207,task_related,,llm_quote_grounded,Both KUs focus on setting up and triggering animations for specific UI elements (View/ImageView vs ListView items).,Implementation of view animations using AnimationUtils and startAnimation.,"anim1 = AnimationUtils.loadAnimation(getApplicationContext(), R.anim.progress);","Animation animation = AnimationUtils.loadAnimation(this, R.anim.translate);"
resources:KU:android.view.View:RESOURCES-0231,resources:KU:android.view.animation.AnimationUtils:RESOURCES-0023,complements,,llm_quote_grounded,"The left KU uses AnimationUtils to load an animation resource, which is the core functionality described in the right KU's context of loading animations for list items.",Usage of AnimationUtils.loadAnimation to retrieve animation resources for view manipulation.,"anim1 = AnimationUtils.loadAnimation(getApplicationContext(), R.anim.progress);","scaleUp = AnimationUtils.loadAnimation(activity, R.anim.scale_up_fast);"
resources:KU:android.view.View:RESOURCES-0231,resources:KU:android.view.animation.AnimationUtils:RESOURCES-0082,complements,,llm_quote_grounded,Both KUs rely on AnimationUtils to load animation definitions from XML resources before applying them to views.,Loading animation resources via AnimationUtils in Android activities.,"final Animation animation = AnimationUtils.loadAnimation(MainActivity.this, R.anim.anim);","Animation anim = AnimationUtils.loadAnimation(this, R.anim.slide_in_quickplay);"
resources:KU:android.view.View:RESOURCES-0231,resources:KU:android.view.animation.AnimationUtils:RESOURCES-0086,complements,,llm_quote_grounded,"The left KU demonstrates loading an animation using AnimationUtils, a pattern also used in the right KU to apply rotation animations to layouts.",Application of AnimationUtils.loadAnimation for preparing view animations.,"anim1 = AnimationUtils.loadAnimation(getApplicationContext(), R.anim.progress);","Animation rotateAnim = AnimationUtils.loadAnimation(this, R.anim.rotation);"
resources:KU:android.view.View:RESOURCES-0231,resources:KU:android.view.animation.AnimationUtils:RESOURCES-0225,complements,,llm_quote_grounded,Both KUs utilize AnimationUtils to instantiate animation objects that are subsequently started on views.,Standard workflow of loading animations via AnimationUtils and starting them on View instances.,"final Animation animation = AnimationUtils.loadAnimation(MainActivity.this, R.anim.anim);","Animation RightSwipe = AnimationUtils.loadAnimation(Screen.this, R.anim.right_swipe);"
resources:KU:android.view.animation.AccelerateDecelerateInterpolator:RESOURCES-0188,resources:KU:android.view.animation.AnticipateInterpolator:RESOURCES-0234,complements,,llm_quote_grounded,"The left KU lists standard interpolators including AnticipateInterpolator, while the right KU explains how to create custom versions of these interpolators (specifically mentioning AnticipateInterpolator) by modifying attributes in XML.",When using standard interpolators is insufficient and customization is needed.,`AnticipateInterpolator` | `@android:anim/anticipate_interpolator`,you can adjust the rate of acceleration for the `AnticipateInterpolator`
resources:KU:android.view.animation.AccelerateDecelerateInterpolator:RESOURCES-0188,resources:KU:android.view.animation.CycleInterpolator:RESOURCES-0053,complements,,llm_quote_grounded,"The left KU provides the resource ID for CycleInterpolator, while the right KU details how to customize it (e.g., adjusting cycles) via XML if the default behavior is not sufficient.",Customizing animation interpolation parameters.,`CycleInterpolator` | `@android:anim/cycle_interpolator`,adjust the number of cycles for the `CycleInterpolator`
resources:KU:android.view.animation.AccelerateInterpolator:RESOURCES-0115,resources:KU:android.view.animation.AccelerateInterpolator:RESOURCES-0216,task_related,,llm_quote_grounded,"Both KUs address implementing animations where AccelerateInterpolator is used. The left KU describes general custom animation implementation steps including setting an interpolator, while the right KU solves a specific fade-in/fade-out issue by applying AccelerateInterpolator to the fade-out phase.",Implementing view animations with specific timing curves.,Optionally set the interpolator for your animation using <code>setInterpolator()</code> (for exapmle you can use <code>LinearInterpolator</code> or <code>AccelerateInterpolator</code> etc.),fadeOut.setInterpolator(new AccelerateInterpolator()); //and this
resources:KU:android.view.animation.AccelerateInterpolator:RESOURCES-0115,resources:KU:android.view.animation.Animation:RESOURCES-0060,constrains,,llm_quote_grounded,"The left KU suggests extending the Animation class for custom animations, but the right KU highlights a constraint/bug regarding the lifecycle of Animation objects (specifically onAnimationEnd firing prematurely), which affects how one should implement or listen to animation completion.",Handling animation end events reliably.,Most flexible (and pretty easy) way to create custom animation is to extend <code>Animation</code> class.,It seems that an android animation is not truly finished when the <code>onAnimationEnd</code> event is fired
resources:KU:android.view.animation.AccelerateInterpolator:RESOURCES-0216,resources:KU:android.view.animation.AlphaAnimation:RESOURCES-0064,task_related,,llm_quote_grounded,"Both KUs address the task of creating sequential fade-in and fade-out animations using AlphaAnimation, though they propose different solutions (interpolators vs. listeners/sets).","Android view animation framework, specifically fading effects.",I want to have a 2 second animation of an ImageView that spends 1000ms fading in and then 1000ms fading out.,"I have a paragraph of text and when a button is clicked I want that text to fade out, change to some other text, then fade back in."
resources:KU:android.view.animation.AccelerateInterpolator:RESOURCES-0216,resources:KU:android.view.animation.Animation:RESOURCES-0152,task_related,,llm_quote_grounded,"Both KUs discuss implementing sequential animations (fade in/out) within the Android Animation framework, focusing on how to chain or combine animation steps.",Android view animation sequencing and combination.,I want to have a 2 second animation of an ImageView that spends 1000ms fading in and then 1000ms fading out.,"I have a paragraph of text and when a button is clicked I want that text to fade out, change to some other text, then fade back in."
resources:KU:android.view.animation.AccelerateInterpolator:RESOURCES-0216,resources:KU:android.view.animation.Animation:RESOURCES-0158,complements,,llm_quote_grounded,"The left KU demonstrates using AccelerateInterpolator for a fade-out effect, while the right KU shows using it for a slide-out effect, illustrating its application across different animation types.",Usage of AccelerateInterpolator in various Android animation contexts.,fadeOut.setInterpolator(new AccelerateInterpolator()); //and this,outtoRight.setInterpolator(new AccelerateInterpolator());
resources:KU:android.view.animation.AccelerateInterpolator:RESOURCES-0216,resources:KU:android.view.animation.AnimationSet:RESOURCES-0012,constrains,,llm_quote_grounded,"The left KU identifies that using `AnimationSet(true)` (shared interpolator) causes issues with sequential fades, constraining the usage pattern shown in the right KU which uses `AnimationSet(true)` for a similar but distinct scenario (text switch).",Configuration of AnimationSet for sequential alpha animations.,AnimationSet animation = new AnimationSet(false); //change to false,AnimationSet as = new AnimationSet(true);
resources:KU:android.view.animation.AlphaAnimation:RESOURCES-0064,resources:KU:android.view.animation.Animation:RESOURCES-0117,complements,,llm_quote_grounded,"The left KU provides a working solution for sequential fade animations using AnimationListener or AnimationSet with startOffset, while the right KU addresses a specific failure case where an AnimationSet of AlphaAnimations renders nothing, solved by adjusting interpolators and setShareInterpolator.",Implementing fade-in/fade-out sequences on Views using AlphaAnimation and AnimationSet.,Another approach is to use <code>AnimationSet</code>.,"When I run that animation, <em>nothing</em> shows up. However, when I remove one of the alpha animations, the behavior works as expected."
resources:KU:android.view.animation.AlphaAnimation:RESOURCES-0091,resources:KU:android.view.animation.Animation:RESOURCES-0152,contrasts_with,,llm_quote_grounded,"The left KU demonstrates a failure case where sequential AlphaAnimations in an AnimationSet with shared interpolators (true) result in nothing showing, whereas the right KU provides a working solution for sequential fade animations using either AnimationListener or an AnimationSet with specific start offsets.",Implementation of sequential fade-in/fade-out animations using AlphaAnimation and AnimationSet,"When I run that animation, <em>nothing</em> shows up.",Another approach is to use <code>AnimationSet</code>.
resources:KU:android.view.animation.AlphaAnimation:RESOURCES-0091,resources:KU:android.view.animation.AnimationSet:RESOURCES-0012,task_related,,llm_quote_grounded,"Both KUs address the task of creating sequential fade-in and fade-out animations using AlphaAnimation, with one focusing on fixing visibility issues via interpolators/AnimationSet flags and the other on sequencing via listeners or AnimationSet offsets.","Android view animation framework, specifically combining AlphaAnimations for sequential effects.",I want to have a 2 second animation of an ImageView that spends 1000ms fading in and then 1000ms fading out.,"I have a paragraph of text and when a button is clicked I want that text to fade out, change to some other text, then fade back in."
resources:KU:android.view.animation.Animation:RESOURCES-0004,resources:KU:android.view.animation.Animation:RESOURCES-0017,contrasts_with,,llm_quote_grounded,"The left KU describes implementing custom animations by extending the Animation class and overriding applyTransformation, while the right KU demonstrates using predefined XML animations loaded via AnimationUtils for RecyclerView items.",Implementation strategies for Android View Animations (Custom Java Class vs. Predefined XML Resources).,Most flexible (and pretty easy) way to create custom animation is to extend <code>Animation</code> class.,"Animation animation = AnimationUtils.loadAnimation(context, (position > lastPosition) ? R.anim.up_from_bottom : R.anim.down_from_top);"
resources:KU:android.view.animation.Animation:RESOURCES-0004,resources:KU:android.view.animation.Animation:RESOURCES-0021,contrasts_with,,llm_quote_grounded,"The left KU focuses on creating custom animations programmatically by extending the Animation class, whereas the right KU shows how to load and apply predefined XML-based animations (like scale/fade) to a TextView.",Methods of applying animations to Views (Programmatic Custom Extension vs. XML Resource Loading).,Most flexible (and pretty easy) way to create custom animation is to extend <code>Animation</code> class.,"animation = AnimationUtils.loadAnimation(this,R.anim.fade_in);"
resources:KU:android.view.animation.Animation:RESOURCES-0004,resources:KU:android.view.animation.Animation:RESOURCES-0025,complements,,llm_quote_grounded,"The left KU provides a concrete implementation example of extending the Animation class for tween animations, which complements the right KU's theoretical definition distinguishing Tween animations (using Animation) from Property animations.",Understanding the role of the Animation class within the broader Android animation framework categories.,public class SlideAnimation extends Animation {,Tween animation: Creates an animation by performing a series of transformations on a single image with an `Animation`
resources:KU:android.view.animation.Animation:RESOURCES-0004,resources:KU:android.view.animation.Animation:RESOURCES-0060,constrains,,llm_quote_grounded,"The left KU suggests extending Animation and overriding applyTransformation for custom logic, but the right KU highlights a constraint/bug where onAnimationEnd fires prematurely, requiring workarounds like overriding View.onAnimationEnd instead of relying solely on AnimationListener callbacks attached to the Animation object.",Reliability of animation end events when using custom Animation subclasses vs. standard listeners.,Override <code>applyTransformation</code> method.,It seems that an android animation is not truly finished when the <code>onAnimationEnd</code> event is fired although <code>animation.hasEnded</code> is set to true.
resources:KU:android.view.animation.Animation:RESOURCES-0004,resources:KU:android.view.animation.Animation:RESOURCES-0109,contrasts_with,,llm_quote_grounded,"The left KU advocates for extending the Animation class to render frames manually (custom logic), while the right KU uses a predefined RotateAnimation subclass with standard configuration methods.",Implementation strategy for Android view animations,Most flexible (and pretty easy) way to create custom animation is to extend <code>Animation</code> class.,"Use a <a href=""http://developer.android.com/reference/android/view/animation/RotateAnimation.html"" rel=""noreferrer""><code>RotateAnimation</code></a>, setting the pivot point to the centre of your image."
resources:KU:android.view.animation.Animation:RESOURCES-0004,resources:KU:android.view.animation.Animation:RESOURCES-0174,complements,,llm_quote_grounded,"The left KU provides the general methodology for creating custom animations by extending the Animation class and overriding applyTransformation. The right KU applies this exact pattern to solve a specific problem (expand/collapse layout height), demonstrating the practical implementation of the concept described in the left KU.",Custom View animations requiring manual frame updates or property changes,Override <code>applyTransformation</code> method. Here we interested in <code>interpolatedTime</code> variable which changes between 0.0 and 1.0 and represent the your animation progress.,"Animation a = new Animation() { int initialHeight; @Override protected void applyTransformation(float interpolatedTime, Transformation t) { final int newHeight = (int)(initialHeight * interpolatedTime); v.getLayoutParams().height = newHeight; v.requestLayout(); }"
resources:KU:android.view.animation.Animation:RESOURCES-0004,resources:KU:android.view.animation.Animation:RESOURCES-0181,complements,,llm_quote_grounded,"The left KU describes the general approach of extending Animation and using interpolatedTime in applyTransformation. The right KU implements this specific pattern to create a BlurAnimation, directly applying the technique from the left KU to a bitmap manipulation task.",Implementing custom visual effects via Animation extension,Override <code>applyTransformation</code> method. Here we interested in <code>interpolatedTime</code> variable which changes between 0.0 and 1.0 and represent the your animation progress.,"@Override protected void applyTransformation(float interpolatedTime, Transformation t) { super.applyTransformation(interpolatedTime, t); int current = (int)(this.difValue * interpolatedTime + this.startValue + 0.5f); Bitmap blurred = quickBlur(this.bitmap, current); this.imageView.setImageBitmap(blurred); }"
resources:KU:android.view.animation.Animation:RESOURCES-0004,resources:KU:java.lang.String:RESOURCES-0223,contrasts_with,,llm_quote_grounded,"The left KU recommends extending the Animation class for custom animations. The right KU discusses the deprecation of old view animations (like TranslateAnimation) in favor of ObjectAnimator, noting that the old XML-based animations are no longer accepted by AnimationInflater in newer APIs, contrasting the viability of the approaches.",Choice between legacy View Animation framework and modern Property Animation framework,Most flexible (and pretty easy) way to create custom animation is to extend <code>Animation</code> class.,"It appears that the old view animations (<code>translate</code>, <code>scale</code>, and so on) are no longer accepted by the <code>AnimationInflater</code>, at least as of ICS."
resources:KU:android.view.animation.Animation:RESOURCES-0017,resources:KU:android.view.animation.Animation:RESOURCES-0025,complements,,llm_quote_grounded,The right KU provides the theoretical classification (View Animation/Tween) for the specific implementation technique used in the left KU.,General animation framework concepts vs. specific RecyclerView scroll animation implementation.,"Animation animation = AnimationUtils.loadAnimation(context, (position > lastPosition) ? R.anim.up_from_bottom : R.anim.down_from_top); holder.itemView.startAnimation(animation);",Tween animation: Creates an animation by performing a series of transformations on a single image with an `Animation`
resources:KU:android.view.animation.Animation:RESOURCES-0017,resources:KU:android.view.animation.Animation:RESOURCES-0060,constrains,,llm_quote_grounded,"The right KU identifies a bug/limitation where `onAnimationEnd` fires prematurely or causes flickering, which constrains the reliability of the animation lifecycle management implied in the left KU's approach.",Animation lifecycle events and visual artifacts during fast scrolling or state changes.,"To fix fast scrolling behaviour, override <code>onViewDetachedFromWindow</code> method of the adapter and call <code>clearAnimation</code> on the animated view",It seems that an android animation is not truly finished when the <code>onAnimationEnd</code> event is fired although <code>animation.hasEnded</code> is set to true.
resources:KU:android.view.animation.Animation:RESOURCES-0017,resources:KU:android.view.animation.Animation:RESOURCES-0158,task_related,,llm_quote_grounded,Both KUs address the task of animating views into position using `TranslateAnimation` defined in XML resources loaded via `AnimationUtils`.,Implementing slide-in/slide-out animations for UI components.,"<translate android:fromXDelta=""0%"" android:toXDelta=""0%"" android:fromYDelta=""100%"" android:toYDelta=""0%"" android:duration=""400"" />","<translate android:fromXDelta=""100%"" android:toXDelta=""0%"" android:fromYDelta=""0%"" android:toYDelta=""0%"" android:duration=""400""/>"
resources:KU:android.view.animation.Animation:RESOURCES-0017,resources:KU:android.view.animation.Animation:RESOURCES-0207,task_related,,llm_quote_grounded,Both KUs address the task of applying animations to list items during scrolling or loading in Android UI components (RecyclerView vs ListView).,Android view animation implementation for scrollable lists,How do I animate the <code>RecyclerView</code> when the items appear for first time and also when the user scrolls,I want to set an animation for a <code>ListView</code> for when a user scrolls the <code>ListView</code>
resources:KU:android.view.animation.Animation:RESOURCES-0018,resources:KU:android.view.animation.Animation:RESOURCES-0060,constrains,,llm_quote_grounded,"The visibility change logic in RESOURCES-0018 relies on onAnimationEnd, which RESOURCES-0060 identifies as potentially firing before the animation is truly finished, causing visual artifacts.",When using AnimationListener.onAnimationEnd to trigger state changes like setVisibility.,makeOutAnimation.setAnimationListener(new Animation.AnimationListener() { @Override public void onAnimationEnd(Animation animation) { createButton.setVisibility(View.INVISIBLE); },It seems that an android animation is not truly finished when the <code>onAnimationEnd</code> event is fired although <code>animation.hasEnded</code> is set to true.
resources:KU:android.view.animation.Animation:RESOURCES-0021,resources:KU:android.view.animation.Animation:RESOURCES-0152,task_related,,llm_quote_grounded,"Both KUs address animating a TextView, specifically using fade-in effects and AnimationListeners to manage visibility or state transitions.",Android view animation tasks involving TextViews,I have a <code>TextView</code> and I'm trying to add a fade in animation to it.,How to make text fade in and out in Android?
resources:KU:android.view.animation.Animation:RESOURCES-0021,resources:KU:android.view.animation.Animation:RESOURCES-0201,complements,,llm_quote_grounded,"The left KU demonstrates setting visibility in an AnimationListener (onStart), while the right KU provides a specific technique to avoid visual glitches (blinking) by managing visibility (GONE/VISIBLE) within the same listener structure.",Best practices for handling View visibility during animations to prevent UI artifacts,public void onAnimationStart(Animation animation) { tv.setVisibility(View.VISIBLE); },public void onAnimationStart(Animation animation) { v.setVisibility(View.VISIBLE); }
resources:KU:android.view.animation.Animation:RESOURCES-0021,resources:KU:android.view.animation.Animation:RESOURCES-0207,task_related,,llm_quote_grounded,"Both KUs demonstrate how to apply view animations (fade/scale vs translate) using AnimationUtils and startAnimation, differing only in the target widget (TextView vs ListView).",Android View Animation framework usage for single views or list items.,tv.startAnimation(animation);,cv.startAnimation(scaleUp);
resources:KU:android.view.animation.Animation:RESOURCES-0021,resources:KU:android.view.animation.AnimationUtils:RESOURCES-0023,complements,,llm_quote_grounded,"The left KU uses AnimationUtils to load an animation resource, which is the core functionality described by the right KU's API context. The right KU provides a complementary example of loading and applying animations to different view types.",Usage of AnimationUtils.loadAnimation to retrieve Animation objects for application to Views.,"animation = AnimationUtils.loadAnimation(this,R.anim.fade_in);","Animation animation = AnimationUtils.loadAnimation(this, R.anim.translate);"
resources:KU:android.view.animation.Animation:RESOURCES-0021,resources:KU:android.view.animation.AnimationUtils:RESOURCES-0082,complements,,llm_quote_grounded,"Both KUs rely on AnimationUtils.loadAnimation to instantiate Animation objects from XML resources, demonstrating consistent usage patterns across different animation tasks (TextView fade vs ImageView slide).",Loading animation definitions via AnimationUtils.,"animation = AnimationUtils.loadAnimation(this,R.anim.fade_in);","Animation anim = AnimationUtils.loadAnimation(this, R.anim.slide_in_quickplay);"
resources:KU:android.view.animation.Animation:RESOURCES-0021,resources:KU:android.view.animation.AnimationUtils:RESOURCES-0104,complements,,llm_quote_grounded,"The left KU shows basic animation loading and starting; the right KU shows similar loading but adds complexity with touch events and visibility toggling, complementing the basic pattern with interactive scenarios.",Application of loaded animations to views.,"animation = AnimationUtils.loadAnimation(this,R.anim.fade_in);","final Animation animation = AnimationUtils.loadAnimation(MainActivity.this, R.anim.anim);"
resources:KU:android.view.animation.Animation:RESOURCES-0021,resources:KU:android.view.animation.AnimationUtils:RESOURCES-0205,complements,,llm_quote_grounded,"Both KUs use AnimationUtils.loadAnimation to create Animation instances. The right KU applies them in a RecyclerView adapter context, complementing the left KU's Activity-based TextView application.",Loading and starting animations on views.,"animation = AnimationUtils.loadAnimation(this,R.anim.fade_in);","Animation animation = AnimationUtils.loadAnimation(context, (position > lastPosition) ? R.anim.up_from_bottom : R.anim.down_from_top);"
resources:KU:android.view.animation.Animation:RESOURCES-0021,resources:KU:android.widget.ImageView:RESOURCES-0166,task_related,,llm_quote_grounded,"Both KUs address the task of applying View Animations (translate/fade) to Android widgets using AnimationUtils and startAnimation, targeting different views (TextView vs ImageView/View).",Applying XML-defined view animations programmatically.,tv.startAnimation(animation);,scanner.startAnimation(anim1);
resources:KU:android.view.animation.Animation:RESOURCES-0021,resources:KU:android.widget.ImageView:RESOURCES-0191,task_related,,llm_quote_grounded,"Both KUs demonstrate loading and starting view animations using AnimationUtils. The right KU extends the concept by handling layout positioning during animation, complementing the simple application shown in the left KU.",Programmatic application of view animations.,tv.startAnimation(animation);,LL.startAnimation(anim);
resources:KU:android.view.animation.Animation:RESOURCES-0025,resources:KU:android.view.animation.Animation:RESOURCES-0060,constrains,,llm_quote_grounded,"The general definition of Tween animation using `Animation` in the left KU is constrained by the specific timing issue described in the right KU, where `onAnimationEnd` fires before the visual transformation is fully complete.",When implementing logic that depends on the exact completion of a View Animation (Tween) via `AnimationListener`.,Tween animation: Creates an animation by performing a series of transformations on a single image with an `Animation`,It seems that an android animation is not truly finished when the <code>onAnimationEnd</code> event is fired although <code>animation.hasEnded</code> is set to true.
resources:KU:android.view.animation.Animation:RESOURCES-0025,resources:KU:android.view.animation.Animation:RESOURCES-0138,task_related,,llm_quote_grounded,"The left KU defines the types of animations available (specifically Tween/View Animation), and the right KU demonstrates a practical task of applying these animations (`startAnimation`) to views dynamically.",Implementing sequential or batched view animations in Android.,View Animation There are two types of animations that you can do with the view animation framework:,image.startAnimation(anim);
resources:KU:android.view.animation.Animation:RESOURCES-0025,resources:KU:android.view.animation.Animation:RESOURCES-0158,complements,,llm_quote_grounded,"The left KU defines Tween animations as transformations on a single image/view, and the right KU illustrates a specific use case of this definition: using `TranslateAnimation` (a type of tween) to handle initial view positioning and visibility states.",Managing view state and position during animation initialization.,Tween animation: Creates an animation by performing a series of transformations on a single image with an `Animation`,"Animation outtoRight = new TranslateAnimation( Animation.RELATIVE_TO_SELF, 0.0f, Animation.RELATIVE_TO_SELF, +1.0f, Animation.RELATIVE_TO_SELF, 0.0f, Animation.RELATIVE_TO_SELF, 0.0f );"
resources:KU:android.view.animation.Animation:RESOURCES-0025,resources:KU:android.view.animation.Animation:RESOURCES-0201,constrains,,llm_quote_grounded,"The left KU describes View Animations as transformations applied to views, but the right KU highlights a constraint/limitation: applying these animations immediately upon creation can cause visual artifacts (blinking) if the view's initial state isn't managed correctly.",Initializing View Animations in `onCreate` or similar lifecycle methods.,View Animation There are two types of animations that you can do with the view animation framework:,But when application starts there is a short blink of my <code>View</code> in top left corner of screen and then it becomes positioned according to animation parameters.
resources:KU:android.view.animation.Animation:RESOURCES-0155,resources:KU:android.view.animation.Animation:RESOURCES-0060,task_related,,llm_quote_grounded,"Both KUs address the problem of visual flickering when an Android animation ends, specifically discussing issues with `onAnimationEnd` callbacks and `clearAnimation()`.",Handling view state changes or cleanup at the end of an animation to prevent flicker.,I've been trawling through as many threads on this topic that I can find on the flicker that arises in Android 2.2 when dealing with AnimationListeners,"The problem is, that it flickers because the new background appears (=is) scaled for a short time until the animation really finishes."
resources:KU:android.view.animation.Animation:RESOURCES-0060,resources:KU:android.widget.ImageView:RESOURCES-0055,complements,,llm_quote_grounded,"The right KU provides a concrete implementation example of the workaround described in the left KU. The left KU explains the general principle of overriding `View.onAnimationEnd` instead of using `AnimationListener`, while the right KU demonstrates this specifically by creating a custom `ImageView` subclass.",Workaround for AnimationListener timing bugs in Android views,"To work around this issue, you must now create a custom ImageView",public Class myImageView extends ImageView {
resources:KU:android.view.animation.Animation:RESOURCES-0063,resources:KU:android.view.animation.Animation:RESOURCES-0174,contrasts_with,,llm_quote_grounded,"The first KU requires knowing the exact new height for animation, while the second KU provides a solution that does not require knowing the expanded height.",Animating layout height changes programmatically,But here you need to know the exact new height.,The main advantage is that you don't have to know the expanded height to apply the animation
resources:KU:android.view.animation.Animation:RESOURCES-0100,resources:KU:android.view.animation.Animation:RESOURCES-0174,task_related,,llm_quote_grounded,Both KUs provide solutions for animating the expansion and collapse of a View's height using the Animation class.,"Android view animation, specifically expand/collapse effects on layout height.","Animate view sliding out of another view, pushing views below out of the way",Android: Expand/collapse animation
resources:KU:android.view.animation.Animation:RESOURCES-0100,resources:KU:android.widget.Button:RESOURCES-0219,task_related,,llm_quote_grounded,Both KUs address the task of animating a layout or view's height change (expansion) programmatically using custom Animation subclasses.,Programmatic view height animation in Android layouts.,override <code>applyTransformation()</code> to change the view's height,How to expand a layout height with animation?
resources:KU:android.view.animation.Animation:RESOURCES-0101,resources:KU:android.view.animation.AnimationUtils:RESOURCES-0122,complements,,llm_quote_grounded,"RESOURCES-0101 provides code to create and start animations programmatically, while RESOURCES-0122 demonstrates loading animations from XML resources using AnimationUtils, which is a complementary approach to defining the same type of slide animations.",Defining and applying horizontal slide animations,"TranslateAnimation animate = new TranslateAnimation(0,-view.getWidth(),0,0);","Animation animationEnterByRight = AnimationUtils.loadAnimation(this, R.anim.animationentrancebyright);"
resources:KU:android.view.animation.Animation:RESOURCES-0109,resources:KU:android.view.animation.Interpolator:RESOURCES-0187,complements,,llm_quote_grounded,"The animation code in RESOURCES-0109 uses an Interpolator, which is defined and configured via XML resources as described in RESOURCES-0187.",Android view animations where timing/rate of change needs to be modified.,anim.setInterpolator(new LinearInterpolator());,An interpolator is applied to an animation element with the `android:interpolator` attribute
resources:KU:android.view.animation.Animation:RESOURCES-0111,resources:KU:android.view.animation.Animation:RESOURCES-0112,task_related,,llm_quote_grounded,"Both KUs address issues related to positioning views after or during animations, specifically dealing with how the view's actual layout bounds interact with the visual transformation provided by the Animation class.",Managing view position and visibility states when using Android View Animations.,"LL.layout(0, -(int)this.getResources().getDimension(R.dimen.quickplay_offset), LL.getWidth(), LL.getHeight() + (int)this.getResources().getDimension(R.dimen.quickplay_offset));",This basically states that the onAnimationEnd method doesn't really work well when an AnimationListener is attached to an Animation
resources:KU:android.view.animation.Animation:RESOURCES-0111,resources:KU:android.view.animation.Animation:RESOURCES-0129,task_related,,llm_quote_grounded,Both KUs involve manipulating view layouts and dimensions in conjunction with animations (sliding off-screen vs rotating a hierarchy) to achieve specific visual results that standard animation transforms alone do not provide.,Complex view layout adjustments during or after Android animations.,I'm trying to animate a simple ImageView in my application and I want it to slide in from the bottom of the screen and come to a resting position where the top 50px of the view is off the top of the screen,"My problem is that I can rotate the Framelayout, but I cannot resize it to match the new dimensions."
resources:KU:android.view.animation.Animation:RESOURCES-0111,resources:KU:android.view.animation.Animation:RESOURCES-0138,task_related,,llm_quote_grounded,"Both KUs deal with applying animations to ImageViews within a layout structure, focusing on the mechanics of starting animations on views added dynamically or positioned specifically.",Animating ImageViews in Android layouts.,myImageView = (ImageView) this.findViewById(R.id.Clip);,image.startAnimation(anim);
resources:KU:android.view.animation.Animation:RESOURCES-0111,resources:KU:android.view.animation.Animation:RESOURCES-0155,task_related,,llm_quote_grounded,Both KUs address the challenge of synchronizing view layout changes with animation lifecycle events (onAnimationStart/End) to prevent flickering or incorrect positioning.,Handling view state and layout updates during Android animations.,@Override public void onAnimationStart(Animation animation) { // This is the key... //set the coordinates for the bounds,Adding a short animation to the back end of the onAnimationEnd() when we are hiding the view makes the flicker go away.
resources:KU:android.view.animation.Animation:RESOURCES-0111,resources:KU:android.view.animation.Animation:RESOURCES-0158,task_related,,llm_quote_grounded,Both KUs discuss techniques for managing the initial and final positions of views relative to the screen boundaries using animations and layout adjustments.,Positioning views off-screen or at specific offsets using Android animations.,come to a rest slightly off-screen,how can I have the view out of the screen so I can slide it in without applying this animation to it at least once?
resources:KU:android.view.animation.Animation:RESOURCES-0111,resources:KU:android.view.animation.Animation:RESOURCES-0201,complements,,llm_quote_grounded,"RESOURCES-0111 provides a complex solution for positioning a view off-screen during animation, while RESOURCES-0201 offers a simpler technique (hiding the view initially) to avoid visual artifacts like blinking when starting animations, which complements the general goal of smooth view entry animations.",Techniques for managing View visibility and layout during Android animations.,"The entire layout starts off screen at the bottom, slides in in 1 sec and comes to a rest where the top of the layout is actually 50px off the top of the screen",But when application starts there is a short blink of my <code>View</code> in top left corner of screen and then it becomes positioned according to animation parameters. How can I avoid this blink?
resources:KU:android.view.animation.Animation:RESOURCES-0111,resources:KU:android.view.animation.AnimationUtils:RESOURCES-0046,task_related,,llm_quote_grounded,"Both KUs involve loading and applying animations to Views using `AnimationUtils.loadAnimation`, addressing different specific animation types (slide-in vs fade-in/scale).",Applying XML-defined animations to Android Views programmatically.,"Animation anim = AnimationUtils.loadAnimation(this, R.anim.slide_in_quickplay);","animation = AnimationUtils.loadAnimation(this,R.anim.fade_in);"
resources:KU:android.view.animation.Animation:RESOURCES-0111,resources:KU:android.view.animation.AnimationUtils:RESOURCES-0086,contrasts_with,,llm_quote_grounded,"RESOURCES-0111 uses standard `Animation` objects applied to a single View to handle positional offsets, whereas RESOURCES-0086 discusses rotating a View Hierarchy using `LayoutAnimationController` and custom drawing logic (`dispatchDraw`) to overcome layout limitations, representing different approaches to manipulating view geometry via animation APIs.",Methods for altering View appearance/position beyond simple translation.,LL.startAnimation(anim);,"Instead of rotating each view or the layout by hand, I used a LayoutAnimationController."
resources:KU:android.view.animation.Animation:RESOURCES-0111,resources:KU:android.view.animation.AnimationUtils:RESOURCES-0104,task_related,,llm_quote_grounded,"Both KUs demonstrate the use of `AnimationUtils.loadAnimation` to apply translate animations to views, focusing on vertical movement (sliding in from bottom vs scanning up/down).",Implementing vertical translation animations in Android.,"Animation anim = AnimationUtils.loadAnimation(this, R.anim.slide_in_quickplay);","final Animation animation = AnimationUtils.loadAnimation(MainActivity.this, R.anim.anim);"
resources:KU:android.view.animation.Animation:RESOURCES-0112,resources:KU:android.view.animation.Animation:RESOURCES-0152,task_related,,llm_quote_grounded,"Both KUs address the usage and behavior of AnimationListeners in Android view animations, specifically dealing with timing or state changes upon animation completion.",General Android View Animation framework (pre-Honeycomb/ICS context implied by API usage),If i listen to onAnimationEnd and set other's layout to View.GONE the layout fickers.,"To make the second animation start right after the first, you can add a listener to your first animation:"
resources:KU:android.view.animation.Animation:RESOURCES-0112,resources:KU:android.view.animation.Animation:RESOURCES-0155,complements,,llm_quote_grounded,"The left KU provides a structural workaround for animation flicker (overriding View.onAnimationEnd), while the right KU provides an alternative technique (triggering a dummy short animation) to achieve the same goal of eliminating flicker when using AnimationListeners.",Resolving visual flicker artifacts in Android TranslateAnimation when combined with AnimationListener callbacks.,"This is the proper workaround for this issue, provide the functionality in the over-riden View -> onAnimationEnd method as opposed to the onAnimationEnd method of the AnimationListener attached to the Animation.",Adding a short animation to the back end of the onAnimationEnd() when we are hiding the view makes the flicker go away.
resources:KU:android.view.animation.Animation:RESOURCES-0112,resources:KU:android.view.animation.Animation:RESOURCES-0185,task_related,,llm_quote_grounded,"Both KUs involve implementing custom animations using `TranslateAnimation` and managing view visibility/state via `AnimationListener` or touch events, though they solve different specific UI problems (slide drawer vs scanning effect).",Implementation of custom Android View Animations involving translation and state management.,I'm creating something like a SlideDrawer but with most customization,i'm having troubles creating a scanning animation on my android application.
resources:KU:android.view.animation.Animation:RESOURCES-0112,resources:KU:android.view.animation.AnimationSet:RESOURCES-0012,contrasts_with,,llm_quote_grounded,"The left KU focuses on the pitfalls of single `TranslateAnimation` with `AnimationListener` (flicker, reset issues), whereas the right KU demonstrates using `AnimationSet` to chain multiple animations (`AlphaAnimation`) sequentially without necessarily encountering the same single-animation listener timing issues, offering a different architectural approach to complex animation sequences.",Approaches to sequencing or handling multiple animation states in Android.,I got an TranslateAnimation then after this animation it returns back to the original position,Another approach is to use <code>AnimationSet</code>.
resources:KU:android.view.animation.Animation:RESOURCES-0112,resources:KU:android.view.animation.TranslateAnimation:RESOURCES-0197,complements,,llm_quote_grounded,"Both KUs describe workarounds for the 'flicker' bug associated with `TranslateAnimation` and `AnimationListener`. The left KU suggests overriding `View.onAnimationEnd`, while the right KU suggests calling `clearAnimation()` or adding a dummy short animation. Together they provide a comprehensive set of solutions for this specific API limitation.",Fixing visual flicker in Android TranslateAnimation when using AnimationListeners.,"This is the proper workaround for this issue, provide the functionality in the over-riden View -> onAnimationEnd method",thanks to the suggestion to call clearAnimation() on the view being animated
resources:KU:android.view.animation.Animation:RESOURCES-0112,resources:KU:android.widget.ImageView:RESOURCES-0088,task_related,,llm_quote_grounded,"Both KUs address the same specific Android animation bug where `onAnimationEnd` in an `AnimationListener` causes flickering or premature state changes, and both propose the identical workaround of overriding `View.onAnimationEnd` instead.",Android view animations using AnimationListeners that exhibit end-of-animation flicker.,This basically states that the onAnimationEnd method doesn't really work well when an AnimationListener is attached to an Animation,This basically states that the onAnimationEnd method doesn't really work well when an AnimationListener is attached to an Animation
resources:KU:android.view.animation.Animation:RESOURCES-0117,resources:KU:android.view.animation.Animation:RESOURCES-0152,complements,,llm_quote_grounded,"The left KU solves a sequential fade-in/fade-out issue by configuring `AnimationSet` with different interpolators and `shareInterpolator=false`. The right KU provides alternative methods for sequencing animations (using `AnimationListener` or `setStartOffset` within an `AnimationSet`), offering complementary strategies for achieving similar visual effects.",Sequencing multiple AlphaAnimations on a single View.,AnimationSet animation = new AnimationSet(false); //change to false,Another approach is to use <code>AnimationSet</code>.
resources:KU:android.view.animation.Animation:RESOURCES-0117,resources:KU:android.view.animation.AnimationSet:RESOURCES-0012,task_related,,llm_quote_grounded,"Both KUs address the task of creating sequential fade-in and fade-out animations using AlphaAnimation, with one focusing on interpolator configuration within an AnimationSet and the other on sequencing via listeners or offsets.",Android view animation tasks involving alpha transitions.,I want to have a 2 second animation of an ImageView that spends 1000ms fading in and then 1000ms fading out.,How to make text fade in and out in Android?
resources:KU:android.view.animation.Animation:RESOURCES-0138,resources:KU:android.view.animation.Animation:RESOURCES-0152,task_related,,llm_quote_grounded,"Both KUs address the problem of sequencing animations (one after another) rather than running them simultaneously, using Animation listeners or offsets.",Android view animation sequencing,images are not getting animated one after the other rather the whole set of image fades in at once,"To make the second animation start right after the first, you can add a listener to your first animation"
resources:KU:android.view.animation.Animation:RESOURCES-0152,resources:KU:android.view.animation.Animation:RESOURCES-0155,complements,,llm_quote_grounded,"The first KU provides the standard pattern for sequencing animations using AnimationListener, while the second KU addresses a specific visual artifact (flicker) that can occur when using this pattern on older Android versions, offering a workaround.",Sequencing view animations with listeners on Android 2.2+ where flickering is observed.,"To make the second animation start right after the first, you can add a listener to your first animation:",I've been trawling through as many threads on this topic that I can find on the flicker that arises in Android 2.2 when dealing with AnimationListeners
resources:KU:android.view.animation.Animation:RESOURCES-0152,resources:KU:android.view.animation.Animation:RESOURCES-0158,task_related,,llm_quote_grounded,"Both KUs address the task of managing view visibility and position transitions using Android View Animations, specifically dealing with how animations interact with the view's state before and after execution.",Implementing fade or slide animations on views where initial/final state management is critical.,"I have a paragraph of text and when a button is clicked I want that text to fade out, change to some other text, then fade back in.",how can I have the view out of the screen so I can slide it in without applying this animation to it at least once?
resources:KU:android.view.animation.Animation:RESOURCES-0152,resources:KU:android.view.animation.Animation:RESOURCES-0201,complements,,llm_quote_grounded,"The first KU describes the logic for chaining fade animations, while the second KU provides a technique to prevent the 'blink' or flash of the original view state that often occurs when starting an animation immediately, which is a common issue when implementing the sequence described in the first KU.",Starting view animations programmatically where immediate visual feedback or lack of pre-animation flash is required.,"mSwitcher.startAnimation(out); mSwitcher.setText(""new text""); mSwitcher.startAnimation(in);",But when application starts there is a short blink of my <code>View</code> in top left corner of screen and then it becomes positioned according to animation parameters. How can I avoid this blink?
resources:KU:android.view.animation.Animation:RESOURCES-0152,resources:KU:android.view.animation.AnimationUtils:RESOURCES-0162,task_related,,llm_quote_grounded,"Both KUs address the task of creating fade-in and fade-out animations for UI elements, with one using manual AlphaAnimation construction and the other using AnimationUtils helper methods.",Android view animation implementation,How to make text fade in and out in Android?,"I would like to have an animation, where the FAB comes in and out."
resources:KU:android.view.animation.Animation:RESOURCES-0152,resources:KU:android.view.animation.DecelerateInterpolator:RESOURCES-0118,complements,,llm_quote_grounded,"The first KU provides a basic solution for sequential fade animations using AnimationSet or listeners, while the second KU complements this by addressing a specific issue (animation not showing) that requires setting Interpolators on the animations within the AnimationSet.",Fixing visibility issues in sequential AlphaAnimations,Another approach is to use <code>AnimationSet</code>.,Figured out my own problem. The solution ended up being based in interpolators.
resources:KU:android.view.animation.Animation:RESOURCES-0152,resources:KU:android.widget.ImageView:RESOURCES-0055,constrains,,llm_quote_grounded,"The first KU suggests using AnimationListener.onAnimationEnd to trigger subsequent actions (like starting another animation), but the second KU constrains this pattern by identifying a bug where onAnimationEnd causes flickering or resets when attached to certain views like ImageView, recommending overriding View.onAnimationEnd instead.",Reliability of AnimationListener callbacks on specific Views,out.setAnimationListener(new AnimationListener() { @Override public void onAnimationEnd(Animation animation) {,This basically states that the onAnimationEnd method doesn't really work well when an AnimationListener is attached to an Animation
resources:KU:android.view.animation.Animation:RESOURCES-0155,resources:KU:android.view.animation.Animation:RESOURCES-0158,task_related,,llm_quote_grounded,"Both KUs deal with managing the visual state of views during and after TranslateAnimations, specifically addressing how to prevent flickering or unwanted resets when transitioning between hidden and shown states.",TranslateAnimation state management and flicker prevention,there's a flicker at the start. I can't really call clearAnimation() in the onAnimationStart() method as it won't animate!,how can I have the view out of the screen so I can slide it in without applying this animation to it at least once?
resources:KU:android.view.animation.Animation:RESOURCES-0155,resources:KU:android.view.animation.Animation:RESOURCES-0185,task_related,,llm_quote_grounded,"Both KUs address the implementation of view animations in Android, specifically dealing with TranslateAnimation and managing animation states (visibility/flicker) via listeners.",Android UI Animation implementation,"TranslateAnimation animation = new TranslateAnimation(0, 0, 100, 0);","<translate android:fromYDelta=""0%p"" android:toYDelta=""75%p"" android:duration=""800"" />"
resources:KU:android.view.animation.Animation:RESOURCES-0155,resources:KU:android.view.animation.AnimationSet:RESOURCES-0012,complements,,llm_quote_grounded,"The right KU provides an alternative approach using AnimationSet to sequence animations, which complements the left KU's discussion on handling animation lifecycle events (onAnimationEnd) to prevent flickering or manage state transitions.",Sequencing and managing multiple animations,public void onAnimationEnd(Animation animation) {,Another approach is to use <code>AnimationSet</code>.
resources:KU:android.view.animation.Animation:RESOURCES-0155,resources:KU:android.view.animation.AnimationUtils:RESOURCES-0122,task_related,,llm_quote_grounded,"Both KUs deal with configuring and applying TranslateAnimations to views, focusing on initial states and fill properties (setFillAfter/setFillBefore) to control visual behavior.",TranslateAnimation configuration and application,animation.setFillAfter(true);,outtoRight.setFillAfter(true);
resources:KU:android.view.animation.Animation:RESOURCES-0155,resources:KU:android.widget.ImageView:RESOURCES-0055,contrasts_with,,llm_quote_grounded,"The left KU suggests a workaround involving starting a dummy animation in `onAnimationEnd` to fix flicker, while the right KU identifies this as a bug and proposes overriding `View.onAnimationEnd` instead of using `AnimationListener`, offering a different architectural solution to the same problem.",Workarounds for animation end flicker,Adding a short animation to the back end of the onAnimationEnd() when we are hiding the view makes the flicker go away.,"This is the proper workaround for this issue, provide the functionality in the over-riden View -> onAnimationEnd method as opposed to the onAnimationEnd method of the AnimationListener attached to the Animation."
resources:KU:android.view.animation.Animation:RESOURCES-0155,resources:KU:android.widget.ImageView:RESOURCES-0088,contrasts_with,,llm_quote_grounded,"Similar to candidate 3e12b333d51a47e0, the left KU uses a dummy animation trick within the listener, whereas the right KU explicitly states that `onAnimationEnd` in listeners doesn't work well and recommends overriding the View's method instead.",Handling animation completion events,Adding a short animation to the back end of the onAnimationEnd() when we are hiding the view makes the flicker go away.,This basically states that the onAnimationEnd method doesn't really work well when an AnimationListener is attached to an Animation
resources:KU:android.view.animation.Animation:RESOURCES-0158,resources:KU:android.view.animation.Animation:RESOURCES-0174,task_related,,llm_quote_grounded,Both KUs discuss customizing `Animation` subclasses (`applyTransformation`) to achieve specific layout effects (sliding vs expanding/collapsing) and managing view visibility/height during animation.,Custom Animation implementations for layout changes,Animation outtoRight = new TranslateAnimation(,Animation a = new Animation() {
resources:KU:android.view.animation.Animation:RESOURCES-0158,resources:KU:android.view.animation.Animation:RESOURCES-0181,task_related,,llm_quote_grounded,Both KUs involve creating custom `Animation` classes by extending `Animation` and overriding `applyTransformation` to manipulate view properties (position/size vs bitmap content).,Extending the Animation class,Animation outtoRight = new TranslateAnimation(,public class BlurAnimation extends Animation {
resources:KU:android.view.animation.Animation:RESOURCES-0158,resources:KU:android.view.animation.Animation:RESOURCES-0185,task_related,,llm_quote_grounded,"Both KUs demonstrate loading and applying XML-defined translate animations to views, addressing issues related to animation execution and visibility.",Applying XML animations,"Animation animationEnterByRight = AnimationUtils.loadAnimation(this, R.anim.animationentrancebyright);","anim1 = AnimationUtils.loadAnimation(getApplicationContext(), R.anim.progress);"
resources:KU:android.view.animation.Animation:RESOURCES-0158,resources:KU:android.view.animation.AnimationUtils:RESOURCES-0082,task_related,,llm_quote_grounded,Both KUs address the task of positioning a view off-screen or managing its initial state relative to screen boundaries for animation purposes.,Android UI development involving TranslateAnimation and view layout positioning.,how can I have the view out of the screen so I can slide it in without applying this animation to it at least once?,How to position View off-screen? <p>I'm trying to animate a simple ImageView in my application and I want it to slide in from the bottom of the screen
resources:KU:android.view.animation.Animation:RESOURCES-0158,resources:KU:android.view.animation.AnimationUtils:RESOURCES-0225,task_related,,llm_quote_grounded,Both KUs deal with implementing slide animations (specifically right-to-left or left-to-right) using TranslateAnimation.,Implementing directional slide transitions for views/layouts.,"This is the animation I am using, it slides a view in from the right side","I am involved with a slide right to left problem. I created it by ""hide"" and ""visible"" layout on button clicked. But now I want an animation so that when I clicked on button, a ""right to left"" animation will happen"
resources:KU:android.view.animation.Animation:RESOURCES-0174,resources:KU:android.view.animation.Animation:RESOURCES-0201,task_related,,llm_quote_grounded,Both KUs address the issue of visual artifacts (blinking/flickering) when starting animations on Android views.,Android view animation initialization and visibility handling,"But with this solution, I have a blink when the animation starts.",How to avoid blink of View when using animation?
resources:KU:android.view.animation.Animation:RESOURCES-0174,resources:KU:android.widget.Button:RESOURCES-0219,task_related,,llm_quote_grounded,Both KUs provide solutions for animating the height expansion of a layout/view using custom Animation classes that modify LayoutParams.,Programmatic layout height animation in Android,I would like to show v1 with an expand animation,How to expand a layout height with animation?
resources:KU:android.view.animation.Animation:RESOURCES-0181,resources:KU:android.widget.ImageView:RESOURCES-0088,task_related,,llm_quote_grounded,"Both KUs address the implementation of animations on Android views, specifically dealing with `Animation` classes and their interaction with `ImageView` or custom views.",Android UI animation development involving ImageView and Animation lifecycle.,public class BlurAnimation extends Animation,mImageView.startAnimation(mAnimation);
resources:KU:android.view.animation.Animation:RESOURCES-0181,resources:KU:android.widget.ImageView:RESOURCES-0166,task_related,,llm_quote_grounded,Both KUs discuss creating specific visual effects (blur vs. scanning) using Android's `Animation` framework applied to image-related views.,Implementing custom animations for image display in Android applications.,I'm looking to add a blur animation to an <code>ImageView</code>,i'm having troubles creating a scanning animation on my android application
resources:KU:android.view.animation.Animation:RESOURCES-0185,resources:KU:android.view.animation.Animation:RESOURCES-0201,complements,,llm_quote_grounded,"The first KU provides a solution for making an animation repeat indefinitely, while the second KU addresses a common side-effect (blinking/flickering) when starting animations by managing view visibility.",Refining Android animation behavior regarding repetition and initial rendering glitches.,"android:repeatCount=""infinite""",How can I avoid this blink?
resources:KU:android.view.animation.Animation:RESOURCES-0185,resources:KU:android.view.animation.Animation:RESOURCES-0207,contrasts_with,,llm_quote_grounded,"The first KU focuses on applying animations directly to individual views triggered by touch events, whereas the second KU discusses applying animations to list items during scrolling via adapters.",Different contexts for triggering Android animations: direct user interaction vs. list view recycling/scrolling.,scan.setOnTouchListener(new View.OnTouchListener(),I want to set an animation for a <code>ListView</code> for when a user scrolls the <code>ListView</code>.
resources:KU:android.view.animation.Animation:RESOURCES-0185,resources:KU:android.view.animation.AnimationUtils:RESOURCES-0023,task_related,,llm_quote_grounded,"Both KUs involve loading and applying XML-defined animations to views using `AnimationUtils.loadAnimation`, though in different UI components (custom view vs ListView).",Usage of AnimationUtils to load resources for view animations.,"anim1 = AnimationUtils.loadAnimation(getApplicationContext(), R.anim.progress);","Animation animation = AnimationUtils.loadAnimation(this, R.anim.translate);"
resources:KU:android.view.animation.Animation:RESOURCES-0185,resources:KU:android.view.animation.AnimationUtils:RESOURCES-0046,task_related,,llm_quote_grounded,Both KUs demonstrate the standard pattern of loading an animation resource via `AnimationUtils` and attaching it to a view (`View` or `TextView`) to start the animation.,Basic setup of Android view animations using utility classes.,"final Animation animation = AnimationUtils.loadAnimation(MainActivity.this, R.anim.anim);","animation = AnimationUtils.loadAnimation(this,R.anim.fade_in);"
resources:KU:android.view.animation.Animation:RESOURCES-0185,resources:KU:android.view.animation.AnimationUtils:RESOURCES-0082,task_related,,llm_quote_grounded,"Both KUs use `AnimationUtils.loadAnimation` to apply slide-in/translate animations to layouts containing images, addressing positioning issues.",Applying translate/slide animations to complex view hierarchies.,"final Animation animation = AnimationUtils.loadAnimation(MainActivity.this, R.anim.anim);","Animation anim = AnimationUtils.loadAnimation(this, R.anim.slide_in_quickplay);"
resources:KU:android.view.animation.AnimationUtils:RESOURCES-0205,resources:KU:android.view.animation.Animation:RESOURCES-0207,task_related,,llm_quote_grounded,Both KUs address the task of applying animations to list-like views (ListView and RecyclerView) during scrolling or item binding.,Android UI animation implementation for scrollable lists.,How do I animate the <code>RecyclerView</code> when the items appear for first time and also when the user scrolls,I want to set an animation for a <code>ListView</code> for when a user scrolls the <code>ListView</code>
resources:KU:android.view.animation.AnimationSet:RESOURCES-0012,resources:KU:android.view.animation.DecelerateInterpolator:RESOURCES-0118,constrains,,llm_quote_grounded,"The use of AnimationSet with shared interpolators (true) can cause visibility issues in sequential fade animations, which are resolved by using specific Interpolators and setting the shared flag to false.",Sequential AlphaAnimations within an AnimationSet,AnimationSet as = new AnimationSet(true);,AnimationSet animation = new AnimationSet(false); //change to false
resources:KU:android.view.animation.AnimationUtils:RESOURCES-0023,resources:KU:android.view.animation.AnimationUtils:RESOURCES-0046,task_related,,llm_quote_grounded,Both knowledge units demonstrate loading animations from XML resources using AnimationUtils.loadAnimation for different UI components (ListView items vs TextView).,Loading view animations from XML resources,"Animation animation = AnimationUtils.loadAnimation(this, R.anim.translate);","animation = AnimationUtils.loadAnimation(this,R.anim.fade_in);"
resources:KU:android.view.animation.AnimationUtils:RESOURCES-0023,resources:KU:android.view.animation.AnimationUtils:RESOURCES-0071,task_related,,llm_quote_grounded,"Both knowledge units address animating multiple views or list items, specifically dealing with timing/sequencing of animations (scrolling/list items vs one-after-the-other images).",Animating collections of views or list items,lstContent.setLayoutAnimation(new LayoutAnimationController(animation));,my requirement is that the images in the imageView have to be animated one after the other
resources:KU:android.view.animation.AnimationUtils:RESOURCES-0023,resources:KU:android.view.animation.AnimationUtils:RESOURCES-0086,task_related,,llm_quote_grounded,Both KUs demonstrate using AnimationUtils.loadAnimation to create a LayoutAnimationController for animating view layouts.,Android UI animation implementation,lstContent.setLayoutAnimation(new LayoutAnimationController(animation));,layout.setLayoutAnimation(animController);
resources:KU:android.view.animation.AnimationUtils:RESOURCES-0023,resources:KU:android.view.animation.AnimationUtils:RESOURCES-0205,task_related,,llm_quote_grounded,Both KUs address the task of applying animations to list items (ListView vs RecyclerView) during scrolling or loading using AnimationUtils.,List/Recycler view item animation,I want to set an animation for a <code>ListView</code> for when a user scrolls the <code>ListView</code>.,How do I animate the <code>RecyclerView</code> when the items appear for first time and also when the user scrolls
resources:KU:android.view.animation.AnimationUtils:RESOURCES-0023,resources:KU:android.widget.TextView:RESOURCES-0076,task_related,,llm_quote_grounded,Both KUs demonstrate the use of AnimationUtils.loadAnimation to apply animations to UI components (ListView items vs TextView).,General Android view animation implementation using XML resources.,"Animation animation = AnimationUtils.loadAnimation(this, R.anim.translate);","animation = AnimationUtils.loadAnimation(this,R.anim.fade_in);"
resources:KU:android.view.animation.AnimationUtils:RESOURCES-0046,resources:KU:android.view.animation.AnimationUtils:RESOURCES-0071,task_related,,llm_quote_grounded,"Both KUs involve loading and applying animations to views using AnimationUtils, though for different targets (TextView vs ImageView in a TableLayout).",Applying fade/scale animations to specific view types.,"Animation a = AnimationUtils.loadAnimation(this, R.anim.scale);","/*android.view.animation.Animation anim = AnimationUtils .loadAnimation(getApplicationContext(), R.anim.fadein);*/"
resources:KU:android.view.animation.AnimationUtils:RESOURCES-0046,resources:KU:android.view.animation.AnimationUtils:RESOURCES-0082,task_related,,llm_quote_grounded,Both KUs use AnimationUtils.loadAnimation to create animation objects that are then applied to views (TextView vs LinearLayout/ImageView container).,Standard procedure for inflating animation resources in Android activities.,"Animation a = AnimationUtils.loadAnimation(this, R.anim.scale);","Animation anim = AnimationUtils.loadAnimation(this, R.anim.slide_in_quickplay);"
resources:KU:android.view.animation.AnimationUtils:RESOURCES-0046,resources:KU:android.view.animation.AnimationUtils:RESOURCES-0086,task_related,,llm_quote_grounded,Both KUs utilize AnimationUtils.loadAnimation to load rotation or scale animations from XML resources for view manipulation.,Loading animation definitions from res/anim directory.,"Animation a = AnimationUtils.loadAnimation(this, R.anim.scale);","Animation rotateAnim = AnimationUtils.loadAnimation(this, R.anim.rotation);"
resources:KU:android.view.animation.AnimationUtils:RESOURCES-0046,resources:KU:android.view.animation.AnimationUtils:RESOURCES-0104,task_related,,llm_quote_grounded,Both KUs demonstrate loading animations via AnimationUtils.loadAnimation and attaching listeners or starting them on views.,Implementing interactive or timed animations on Android views.,"animation = AnimationUtils.loadAnimation(this,R.anim.fade_in);","final Animation animation = AnimationUtils.loadAnimation(MainActivity.this, R.anim.anim);"
resources:KU:android.view.animation.AnimationUtils:RESOURCES-0046,resources:KU:android.view.animation.AnimationUtils:RESOURCES-0122,task_related,,llm_quote_grounded,Both KUs show the pattern of loading an animation resource with AnimationUtils and applying it to a view via startAnimation.,Basic view animation application flow.,tv.startAnimation(a);,tableLayout.startAnimation(animationEnterByRight);
resources:KU:android.view.animation.AnimationUtils:RESOURCES-0046,resources:KU:android.view.animation.AnimationUtils:RESOURCES-0162,contrasts_with,,llm_quote_grounded,"The left KU uses loadAnimation to inflate custom XML animations, while the right KU uses makeInAnimation/makeOutAnimation helper methods for standard visibility transitions.",Different API methods within AnimationUtils for creating animation objects.,"Animation a = AnimationUtils.loadAnimation(this, R.anim.scale);","Animation makeInAnimation = AnimationUtils.makeInAnimation(getBaseContext(), false);"
resources:KU:android.view.animation.AnimationUtils:RESOURCES-0046,resources:KU:android.view.animation.AnimationUtils:RESOURCES-0205,task_related,,llm_quote_grounded,Both KUs rely on AnimationUtils.loadAnimation to retrieve animation instances defined in XML resources for subsequent execution on views.,Resource-based animation loading in Android.,"Animation a = AnimationUtils.loadAnimation(this, R.anim.scale);","Animation animation = AnimationUtils.loadAnimation(context, (position > lastPosition) ? R.anim.up_from_bottom : R.anim.down_from_top);"
resources:KU:android.view.animation.AnimationUtils:RESOURCES-0046,resources:KU:android.view.animation.AnimationUtils:RESOURCES-0225,task_related,,llm_quote_grounded,"Both KUs demonstrate how to apply animations to Android views using AnimationUtils.loadAnimation, addressing different animation types (fade/scale vs. translate).",General usage of AnimationUtils for view animations in Android.,"animation = AnimationUtils.loadAnimation(this,R.anim.fade_in);","Animation RightSwipe = AnimationUtils.loadAnimation(Screen.this, R.anim.right_swipe);"
resources:KU:android.view.animation.AnimationUtils:RESOURCES-0082,resources:KU:android.view.animation.AnimationUtils:RESOURCES-0122,contrasts_with,,llm_quote_grounded,"The left KU solves positioning a view partially off-screen by manually adjusting layout bounds during animation, whereas the right KU suggests that standard translate animations handle off-screen entry/exit automatically without needing initial negative positioning.",Android View Animation positioning strategies,"LL.layout(0, -(int)this.getResources().getDimension(R.dimen.quickplay_offset), LL.getWidth(), LL.getHeight() + (int)this.getResources().getDimension(R.dimen.quickplay_offset));","and it comes from out of the screen, I don't need to position it outside first, the animation takes care of that for me."
resources:KU:android.view.animation.AnimationUtils:RESOURCES-0104,resources:KU:android.view.animation.AnimationUtils:RESOURCES-0225,task_related,,llm_quote_grounded,"Both KUs demonstrate how to create and apply view animations using AnimationUtils.loadAnimation, specifically for sliding or translating views.",Android View Animation implementation,"final Animation animation = AnimationUtils.loadAnimation(MainActivity.this, R.anim.anim);","Animation RightSwipe = AnimationUtils.loadAnimation(Screen.this, R.anim.right_swipe);"
resources:KU:android.view.animation.AnimationUtils:RESOURCES-0104,resources:KU:android.widget.TextView:RESOURCES-0076,task_related,,llm_quote_grounded,"Both KUs provide examples of loading and starting animations on specific Android widgets (ImageView/View in left, TextView in right) using AnimationUtils.",Applying animations to UI components,bar.startAnimation(animation);,tv.startAnimation(animation);
resources:KU:android.view.animation.AnimationUtils:RESOURCES-0122,resources:KU:android.view.animation.AnimationUtils:RESOURCES-0205,task_related,,llm_quote_grounded,"Both KUs involve using AnimationUtils.loadAnimation to apply translate animations to views, though one is for a single layout entrance and the other for RecyclerView item scrolling.",Loading and applying translate animations,"Animation animationEnterByRight = AnimationUtils.loadAnimation(this, R.anim.animationentrancebyright); tableLayout.startAnimation(animationEnterByRight);","Animation animation = AnimationUtils.loadAnimation(context, (position > lastPosition) ? R.anim.up_from_bottom : R.anim.down_from_top); holder.itemView.startAnimation(animation);"
resources:KU:android.view.animation.AnimationUtils:RESOURCES-0122,resources:KU:android.view.animation.AnimationUtils:RESOURCES-0225,task_related,,llm_quote_grounded,Both KUs demonstrate creating slide-in/slide-out animations using AnimationUtils.loadAnimation and TranslateAnimation concepts.,Implementing horizontal slide animations,"Animation animationEnterByRight = AnimationUtils.loadAnimation(this, R.anim.animationentrancebyright); tableLayout.startAnimation(animationEnterByRight);","Animation RightSwipe = AnimationUtils.loadAnimation(Screen.this, R.anim.right_swipe); ScreenAnimation.startAnimation(RightSwipe);"
resources:KU:android.view.animation.AnimationUtils:RESOURCES-0162,resources:KU:android.view.animation.AnimationUtils:RESOURCES-0205,task_related,,llm_quote_grounded,"Both KUs demonstrate how to apply animations to UI components using AnimationUtils, specifically for visibility changes (FAB) and scroll effects (RecyclerView).",Android view animation implementation,"Animation makeInAnimation = AnimationUtils.makeInAnimation(getBaseContext(), false);","Animation animation = AnimationUtils.loadAnimation(context, (position > lastPosition) ? R.anim.up_from_bottom : R.anim.down_from_top);"
resources:KU:android.view.animation.AnimationUtils:RESOURCES-0162,resources:KU:android.view.animation.AnimationUtils:RESOURCES-0225,task_related,,llm_quote_grounded,"Both KUs address animating the appearance or position of views, with one focusing on fade-in/out for a FAB and the other on slide transitions for a layout.",View animation techniques in Android,"Animation makeOutAnimation = AnimationUtils.makeOutAnimation(getBaseContext(), true);","Animation RightSwipe = AnimationUtils.loadAnimation(Screen.this, R.anim.right_swipe);"
resources:KU:android.view.animation.AnimationUtils:RESOURCES-0162,resources:KU:android.widget.ImageView:RESOURCES-0070,complements,,llm_quote_grounded,"The ImageView KU shows loading an animation via AnimationUtils, which complements the FAB KU's use of AnimationUtils methods for similar visibility/entry tasks.",Usage of AnimationUtils for different widgets,"Animation makeInAnimation = AnimationUtils.makeInAnimation(getBaseContext(), false);","/*android.view.animation.Animation anim = AnimationUtils .loadAnimation(getApplicationContext(), R.anim.fadein);*/"
resources:KU:android.view.animation.AnimationUtils:RESOURCES-0205,resources:KU:android.view.animation.AnimationUtils:RESOURCES-0225,task_related,,llm_quote_grounded,"Both KUs utilize AnimationUtils.loadAnimation to apply XML-defined translate animations to views, one for RecyclerView items and one for a RelativeLayout.",Loading and applying XML animations,"Animation animation = AnimationUtils.loadAnimation(context, (position > lastPosition) ? R.anim.up_from_bottom : R.anim.down_from_top);","Animation RightSwipe = AnimationUtils.loadAnimation(Screen.this, R.anim.right_swipe);"
resources:KU:android.view.animation.Interpolator:RESOURCES-0187,resources:KU:android.view.animation.Interpolator:RESOURCES-0211,complements,,llm_quote_grounded,"The right KU explains how to create custom interpolator resources with modified attributes, extending the basic usage described in the left KU.",Advanced customization of interpolation rates beyond default platform values.,"An interpolator is applied to an animation element with the `android:interpolator` attribute, the value of which is a reference to an interpolator resource.","If you're not satisfied with the interpolators provided by the platform (listed in the table above), you can create a custom interpolator resource with modified attributes."
resources:KU:android.view.animation.Interpolator:RESOURCES-0187,resources:KU:android.view.animation.Interpolator:RESOURCES-0227,task_related,,llm_quote_grounded,"Both KUs address the application of Interpolators in animations; the left defines the concept and XML usage, while the right demonstrates programmatic instantiation and usage in a rotation task.",Using Interpolators to control animation timing/rate.,An interpolator is an animation modifier defined in XML that affects the rate of change in an animation.,final Interpolator interpolator = new LinearInterpolator(); handler.post(new Runnable() { @Override public void run() { long elapsed = SystemClock.uptimeMillis() - start; float t = interpolator.getInterpolation((float) elapsed / duration);
resources:KU:android.view.animation.Interpolator:RESOURCES-0227,resources:KU:android.view.animation.LinearInterpolator:RESOURCES-0110,task_related,,llm_quote_grounded,Both KUs describe using `LinearInterpolator` to achieve smooth animation effects (marker rotation and image view rotation) by controlling the timing/rate of change.,Android UI animation tasks requiring linear progression over time.,final Interpolator interpolator = new LinearInterpolator();,anim.setInterpolator(new LinearInterpolator());
resources:KU:android.view.animation.Interpolator:RESOURCES-0227,resources:KU:android.view.animation.LinearInterpolator:RESOURCES-0172,task_related,,llm_quote_grounded,Both KUs demonstrate the usage of `LinearInterpolator` within Android animation frameworks to control the interpolation factor (`t` or `interpolatedTime`) for smooth transitions.,Implementing custom or standard animations in Android views/markers.,float t = interpolator.getInterpolation((float) elapsed / duration);,setInterpolator(new LinearInterpolator());
resources:KU:android.view.animation.LinearInterpolator:RESOURCES-0110,resources:KU:android.view.animation.LinearInterpolator:RESOURCES-0125,task_related,,llm_quote_grounded,Both KUs provide code examples showing how to instantiate and use `LinearInterpolator` to animate rotation properties (ImageView vs Map Marker).,Android animation implementation details.,anim.setInterpolator(new LinearInterpolator());,final Interpolator interpolator = new LinearInterpolator();
resources:KU:android.view.animation.LinearInterpolator:RESOURCES-0110,resources:KU:android.view.animation.LinearInterpolator:RESOURCES-0172,task_related,,llm_quote_grounded,Both KUs illustrate the application of `LinearInterpolator` in different Android animation contexts (standard RotateAnimation vs custom Animation class extension).,Using interpolators to define animation timing curves.,anim.setInterpolator(new LinearInterpolator());,setInterpolator(new LinearInterpolator());
resources:KU:android.view.animation.LinearInterpolator:RESOURCES-0125,resources:KU:android.view.animation.LinearInterpolator:RESOURCES-0172,task_related,,llm_quote_grounded,"Both KUs demonstrate the use of LinearInterpolator to achieve smooth, constant-rate animation progress in Android.",Android view animations requiring linear timing,final Interpolator interpolator = new LinearInterpolator();,setInterpolator(new LinearInterpolator());
resources:KU:android.widget.Button:RESOURCES-0136,resources:KU:android.widget.Button:RESOURCES-0214,task_related,,llm_quote_grounded,"Both KUs involve handling user interactions with Buttons in Android activities, specifically managing click events to trigger UI changes or logic.",Android Activity lifecycle and View interaction handling,"Selecting something in the middle fragment sets the caption of the <code>Button</code>, plus executes <code>hideLeft()</code> on the <code>ThreePaneLayout</code>.",How do I check which button has been clicked?
resources:KU:android.widget.Button:RESOURCES-0233,resources:KU:android.widget.TextView:RESOURCES-0186,complements,,llm_quote_grounded,"The Button KU demonstrates resource references in XML layout files, while the TextView KU demonstrates retrieving resources programmatically in Java code. Together they cover both primary methods of accessing Android resources.",General Android resource access mechanisms (XML vs Code),You can define values for some XML attributes and elements using a reference to an existing resource.,Here are some examples of accessing resources in code:
resources:KU:android.widget.ImageView:RESOURCES-0035,resources:KU:android.widget.ImageView:RESOURCES-0055,task_related,,llm_quote_grounded,"Both KUs address the challenge of starting or managing animations on an ImageView, specifically dealing with timing issues (starting immediately vs. handling end-of-animation glitches).",Android ImageView animation lifecycle and execution.,How to start Animation immediately after onCreate?,Android TranslateAnimation resets after animation
resources:KU:android.widget.ImageView:RESOURCES-0035,resources:KU:android.widget.ImageView:RESOURCES-0061,task_related,,llm_quote_grounded,"Both KUs discuss methods for animating an ImageView in Android, one focusing on frame-based animation startup and the other on 3D flip animations using ObjectAnimator.",Implementing visual animations on ImageView components.,How to start Animation immediately after onCreate?,Creating a 3D flip animation in Android using XML
resources:KU:android.widget.ImageView:RESOURCES-0035,resources:KU:android.widget.ImageView:RESOURCES-0070,task_related,,llm_quote_grounded,"Both KUs involve triggering animations on ImageViews programmatically, addressing issues related to when and how the animation starts (immediate start vs. sequential fade-in).",Programmatic control of ImageView animations.,How to start Animation immediately after onCreate?,Animating images one after the other
resources:KU:android.widget.ImageView:RESOURCES-0035,resources:KU:android.widget.ImageView:RESOURCES-0088,task_related,,llm_quote_grounded,"Both KUs deal with the lifecycle of animations applied to Views/ImageViews, specifically focusing on the correct timing of animation events (start vs. end) to avoid visual artifacts.",Managing animation event callbacks and state changes for ImageView.,How to start Animation immediately after onCreate?,android animation is not finished in onAnimationEnd
resources:KU:android.widget.ImageView:RESOURCES-0035,resources:KU:android.widget.ImageView:RESOURCES-0108,task_related,,llm_quote_grounded,"Both KUs provide solutions for applying continuous or looping animations to an ImageView, such as frame-by-frame playback or rotation.",Applying repeating animations to ImageView elements.,I have decided to make the animation loop and want it to start from the get-go.,"When the imageview is shown, I would like it to rotate repeatedly just for a little added pizazz."
resources:KU:android.widget.ImageView:RESOURCES-0035,resources:KU:android.widget.ImageView:RESOURCES-0166,task_related,,llm_quote_grounded,Both KUs troubleshoot issues where animations defined for or applied to ImageViews do not execute as expected upon initialization or interaction.,Debugging non-functional ImageView animations.,All I see is the first frame and no other images.,"My big issue is, on touch event, the animation does not execute."
resources:KU:android.widget.ImageView:RESOURCES-0035,resources:KU:android.widget.ImageView:RESOURCES-0191,task_related,,llm_quote_grounded,Both KUs involve setting up and controlling slide or transition animations for an ImageView within an Activity layout.,Configuring view transitions and animations for ImageView.,How to start Animation immediately after onCreate?,I'm trying to animate a simple ImageView in my application and I want it to slide in from the bottom of the screen
resources:KU:android.widget.ImageView:RESOURCES-0055,resources:KU:android.widget.ImageView:RESOURCES-0088,task_related,,llm_quote_grounded,"Both KUs address the same specific Android animation bug where `onAnimationEnd` in an `AnimationListener` fires prematurely, causing visual flickering or state resets. They both propose the identical workaround of overriding `View.onAnimationEnd()` instead.",Android View animations using AnimationListeners that exhibit end-of-animation glitches.,This basically states that the onAnimationEnd method doesn't really work well when an AnimationListener is attached to an Animation,It seems that an android animation is not truly finished when the <code>onAnimationEnd</code> event is fired although <code>animation.hasEnded</code> is set to true.
resources:KU:android.widget.ImageView:RESOURCES-0088,resources:KU:java.lang.String:RESOURCES-0073,task_related,,llm_quote_grounded,"Both KUs address the problem of visual 'flickering' caused by Android animations resetting or completing before UI updates are applied. RESOURCES-0088 discusses it in the context of ImageView background changes, while RESOURCES-0073 discusses it in the context of ListView item deletion.",Debugging and fixing animation-related UI flicker issues in Android views.,"The problem is, that it flickers because the new background appears (=is) scaled for a short time until the animation really finishes.","This ends up looking like a flicker to the user where they delete a note by swiping it away, then the view is back for a split second and then disappears"
resources:KU:android.widget.ImageView:RESOURCES-0108,resources:KU:android.widget.ImageView:RESOURCES-0191,task_related,,llm_quote_grounded,"Both KUs address the task of animating an ImageView in Android, specifically using view animations (RotateAnimation vs Translate/Alpha).",Android UI animation for ImageView widgets.,How do I create a repeated rotate animation and apply it to the ImageView?,I'm trying to animate a simple ImageView in my application
resources:KU:android.widget.TextView:RESOURCES-0006,resources:KU:android.widget.TextView:RESOURCES-0037,task_related,,llm_quote_grounded,"Both KUs provide methods to animate text content in a TextView, one by revealing characters sequentially (typewriter effect) and the other by toggling visibility (blinking effect).",Text-based visual effects in Android TextViews.,"perform an animation that what is has to do is to display a text, character by character?",I have a textview which i need it to be blinking please help me with it.
resources:KU:android.widget.TextView:RESOURCES-0006,resources:KU:android.widget.TextView:RESOURCES-0140,task_related,,llm_quote_grounded,"Both KUs provide solutions for animating TextView content, specifically by subclassing TextView to handle dynamic text updates (character-by-character vs. expand/collapse).",Android TextView animation implementations via subclassing.,the simplest is probably a quick subclass of <code>TextView</code> with a <code>Handler</code> that updates the text every so often until the complete sequence is displayed,public class ExpandableTextView extends TextView
resources:KU:android.widget.TextView:RESOURCES-0037,resources:KU:android.widget.TextView:RESOURCES-0076,contrasts_with,,llm_quote_grounded,"The left KU uses a manual Handler/Thread approach to toggle visibility for blinking, while the right KU uses the standard Animation framework (AnimationUtils) for fade/scale effects.",Methods for applying visual changes/animations to a TextView in Android.,"final Handler handler = new Handler();
 new Thread(new Runnable() {
 @Override
 public void run() {
 int timeToBlink = 1000; //in milissegunds
 try{Thread.sleep(timeToBlink);}catch (Exception e) {}
 handler.post(new Runnable() {
 @Override
 public void run() {
 TextView txt = (TextView) findViewById(R.id.usage);
 if(txt.getVisibility() == View.VISIBLE){
 txt.setVisibility(View.INVISIBLE);
 }else{
 txt.setVisibility(View.VISIBLE);
 }
 blink();
 }
 });
 }
 }).start();","animation = AnimationUtils.loadAnimation(this,R.anim.fade_in);"
resources:KU:android.widget.TextView:RESOURCES-0076,resources:KU:android.widget.TextView:RESOURCES-0103,task_related,,llm_quote_grounded,Both KUs address animating TextView properties (alpha/visibility vs height/expansion) using Android animation APIs.,Android UI animation for TextViews,How to add animation to a text view in android,When an answer is expanded/collapsed the rest of the RecyclerView should animate
resources:KU:android.widget.TextView:RESOURCES-0076,resources:KU:android.widget.TextView:RESOURCES-0140,task_related,,llm_quote_grounded,"Both KUs involve adding animation effects to a TextView, specifically focusing on visual transitions (fade/scale vs expand).",Animating TextView appearance or state changes,I have a <code>TextView</code> and I'm trying to add a fade in animation to it.,"Now, I would like that this behavior would be accompanied by an animation."
resources:KU:android.widget.TextView:RESOURCES-0103,resources:KU:android.widget.TextView:RESOURCES-0140,contrasts_with,,llm_quote_grounded,"The left KU provides a solution for animating TextView expansion within a RecyclerView using a custom ItemAnimator, while the right KU provides a standalone ExpandableTextView widget that toggles text content without height animation.",Implementing expandable/collapsible text views in Android,You have a text view and only want to show a single line of it and then later expand it to show all lines. Fortunately that simplifies the custom animator:,I have a <code>TextView</code> which firstly shows a small portion of a long text.
resources:KU:android.widget.TextView:RESOURCES-0116,resources:KU:android.widget.TextView:RESOURCES-0186,complements,,llm_quote_grounded,"The left KU describes a specific error (using bool instead of string) when setting TextView text via XML, while the right KU provides the correct general pattern for setting TextView text from string resources in code.",Setting TextView text from resources,"""text"" expects a string resource, not a bool",// Set the text on a TextView object using a resource ID TextView msgTextView = (TextView) findViewById(R.id.msg); msgTextView.setText(R.string.hello_message);
resources:KU:android.widget.TextView:RESOURCES-0116,resources:KU:java.lang.Object:RESOURCES-0003,task_related,,llm_quote_grounded,"Both KUs deal with the proper handling and formatting of string resources in Android, one addressing type mismatch errors and the other addressing dynamic placeholder substitution.",Working with Android string resources,You are using a bool resource where a string is expected.,Is it possible to have placeholders in string values in <code>string.xml</code> that can be assigned values at run time?
resources:KU:android.widget.TextView:RESOURCES-0116,resources:KU:java.lang.String:RESOURCES-0121,contrasts_with,,llm_quote_grounded,"The first KU describes a warning caused by using a boolean resource where a string is expected in TextView, while the second KU discusses retrieving and setting string resources for TextViews.",Resource type mismatch vs. correct string resource usage in TextView,You are using a bool resource where a string is expected.,String app_name = getString(R.string.app_name); leftText.setText(app_name);
resources:KU:android.widget.TextView:RESOURCES-0140,resources:KU:android.widget.TextView:RESOURCES-0178,task_related,,llm_quote_grounded,"Both KUs involve manipulating text content within a TextView widget, one via custom expansion logic and the other via standard resource retrieval.",TextView text manipulation,public class ExpandableTextView extends TextView,leftText.setText(app_name);
resources:KU:android.widget.TextView:RESOURCES-0140,resources:KU:android.widget.TextView:RESOURCES-0186,complements,,llm_quote_grounded,"The first KU provides a specific implementation of an expandable TextView, while the second KU provides general documentation on how to set text on a TextView using resource IDs, which is a fundamental operation used in such widgets.",TextView text setting operations,"super.setText(getDisplayableText(), bufferType);",msgTextView.setText(R.string.hello_message);
resources:KU:android.widget.TextView:RESOURCES-0178,resources:KU:android.widget.TextView:RESOURCES-0186,complements,,llm_quote_grounded,"The first KU shows a practical example of getting a string resource and setting it on a TextView, which aligns with the general guidance in the second KU about accessing resources and setting text on TextViews.",Setting TextView text from resources,String app_name = getString(R.string.app_name); leftText.setText(app_name);,Set the text on a TextView object using a resource ID TextView msgTextView = (TextView) findViewById(R.id.msg); msgTextView.setText(R.string.hello_message);
resources:KU:java.lang.Object:RESOURCES-0003,resources:KU:java.lang.String:RESOURCES-0031,task_related,,llm_quote_grounded,"Both KUs address the task of accessing string resources in Android, with one focusing on formatting dynamic values and the other on resolving resource IDs by name.",Android resource management for strings,Is it possible to have placeholders in string values in <code>string.xml</code> that can be assigned values at run time?,I want to access a resource like a String or a Drawable by its name and not its int id.
resources:KU:java.lang.Object:RESOURCES-0003,resources:KU:java.lang.String:RESOURCES-0096,complements,,llm_quote_grounded,"The right KU provides a specific pattern (using getIdentifier) to resolve string resources dynamically by name, which complements the left KU's general discussion on using string resources with runtime values.",Dynamic resolution of string resources in Android,"If you need to format your strings using <code>String.format(String, Object...)</code>, then you can do so by putting your format arguments in the string resource.","int resId = res.getIdentifier(this.name(), ""string"", context.getPackageName());"
resources:KU:java.lang.String:RESOURCES-0031,resources:KU:java.lang.String:RESOURCES-0096,complements,,llm_quote_grounded,"The left KU introduces the `getIdentifier` method for resource lookup by name, and the right KU provides a concrete implementation pattern using this method to localize enum values.",Resource lookup by string name in Android applications.,"public int getIdentifier (String name, String defType, String defPackage)","int resId = res.getIdentifier(this.name(), ""string"", context.getPackageName());"
resources:KU:java.lang.String:RESOURCES-0031,resources:KU:java.lang.String:RESOURCES-0131,contrasts_with,,llm_quote_grounded,"The left KU presents `Resources.getIdentifier()` as the standard solution for getting a resource ID from a name, while the right KU contrasts this with a reflection-based approach, noting that `getIdentifier()` is slower.",Performance trade-offs when dynamically retrieving resource IDs by name.,The <code>Resources</code> class has this method:,I just found a blog post saying that <code>Resources.getIdentifier()</code> is slower than using reflection like I did.
resources:KU:java.lang.String:RESOURCES-0031,resources:KU:java.lang.String:RESOURCES-0142,task_related,,llm_quote_grounded,Both KUs address the task of accessing Android resources (specifically drawables/images) dynamically by their string name rather than a static integer ID.,"Android resource access, dynamic lookup by name",How to get a resource id with a known resource name?,set different image by getting image's name from out side
resources:KU:java.lang.String:RESOURCES-0032,resources:KU:java.lang.String:RESOURCES-0096,task_related,,llm_quote_grounded,"Both KUs involve retrieving string data from Android resources, though one focuses on raw file content and the other on localized enum labels via resource IDs.",Android resource retrieval,Android read text raw resource file,Is there an Enum string resource lookup pattern for Android?
resources:KU:java.lang.String:RESOURCES-0096,resources:KU:java.lang.String:RESOURCES-0131,complements,,llm_quote_grounded,"RESOURCES-0096 provides the primary solution using Resources.getIdentifier() for dynamic lookup, while RESOURCES-0131 offers an alternative reflection-based approach and notes performance differences.",Dynamic resource ID retrieval by name in Android,You can certainly look up a resource by its name using <code>Resources.getIdentifier()</code>.,I just found a blog post saying that <code>Resources.getIdentifier()</code> is slower than using reflection like I did.
resources:KU:java.lang.String:RESOURCES-0121,resources:KU:java.lang.String:RESOURCES-0131,task_related,,llm_quote_grounded,"Both KUs address the task of retrieving string resource values in Android, with RESOURCES-0121 focusing on getting/setting static strings and RESOURCES-0131 discussing methods to obtain resource IDs from strings.",Android string resource retrieval and ID resolution,How to get and set string Resource values in android,"Android, getting resource ID from string?"
resources:KU:java.lang.String:RESOURCES-0121,resources:KU:java.lang.String:RESOURCES-0137,constrains,,llm_quote_grounded,"RESOURCES-0137 explains that string resources cannot be accessed via `getString()` before `onCreate()` or assigned to static final fields, which constrains the usage patterns described in RESOURCES-0121 where strings are retrieved for UI elements.",Initialization timing and static field constraints for Android string resources,String app_name = getString(R.string.app_name);,You cannot initialize a <code>static final</code> field from resources; the field needs to be initialized at the time the class is initialized and that happens before the application resources have been bound at run time.
resources:KU:java.lang.String:RESOURCES-0121,resources:KU:java.lang.String:RESOURCES-0148,complements,,llm_quote_grounded,"RESOURCES-0121 demonstrates retrieving a single string resource, while RESOURCES-0148 provides documentation on defining and retrieving string arrays, complementing the basic string access with array-based resource handling.",Android string resource types (single vs. array),String app_name = getString(R.string.app_name);,This application code retrieves a string array: Resources res = getResources(); String[] planets = res.getStringArray(R.array.planets_array);
resources:KU:java.lang.String:RESOURCES-0148,resources:KU:java.lang.String:RESOURCES-0137,complements,,llm_quote_grounded,The documentation for String Arrays (RESOURCES-0148) provides the standard mechanism (`getStringArray`) that is used in the solution to the static initialization problem described in RESOURCES-0137.,"When retrieving string arrays from resources in Android, specifically when dealing with initialization timing issues.",This application code retrieves a string array: Resources res = getResources(); String[] planets = res.getStringArray(R.array.planets_array);,theArray = context.getResources().getStringArray(R.array.my_strings);
resources:KU:java.lang.String:RESOURCES-0148,resources:KU:java.lang.String:RESOURCES-0164,constrains,,llm_quote_grounded,The definition of string arrays as compiled resources implies they are subject to the constraint that resource values cannot be changed programmatically at runtime.,When attempting to modify a string array defined in res/values at runtime.,compiled resource datatype: Resource pointer to an array of `String`s.,"It is for this reason that the values of resource elements cannot be changed programmatically/at runtime, because they are <strong><em>compiled</em></strong>."
