pair_id,dataset,ku_source,raw_api,canonical_api,canonical_owner,resolution_status,graph_eligible,reference,reference_origin,reference_locator,official_reference_available,ku,identified_relevance,relevant_groundtruth,resolution_candidates,resolution_reason,symbol_artifact,knowledge_entity_id,knowledge_entity_kind,corpus_eligible,previous_reference,previous_reference_origin,previous_reference_locator,reference_alignment_status,reference_review_reason
MATH-0001,math,SO,Math.sin,java.lang.Math#sin(double),java.lang.Math,resolved,1,Math.sin is a static method that computes the sine of a numeric angle given in radians. It returns NaN when the argument is NaN or infinite.,qwen3.8-max,model:qwen3.8-max,0,"Javas Math.sin() produces NaN all the time 

Forgive me if this is a dumb beginners problem, but I really don't get it.

I have a member variable declared like so:
    
    
    public Double Value;
    

When I assign 3.14159265 to Value and try to compute the sine of it, this happens:
    
    
    system.out.println(Value.toString()); //outputs 3.14159265
    Value = Math.sin(Value);
    system.out.println(Value.toString()); //outputs NaN
    

In fact, this happens with every single value I tried - even with 0! Math.sin() seems to always produce NaN as a result, regardless of the arguments value.

The docs say:

> If the argument is NaN or an infinity, then the result is NaN. 

But my argument is clearly not NaN or infinity!

What the heck is happening there?

UPDATE

Turns out I'm the dumbest programmer on earth. In my project the whole code is of course much more complex than the example above. It's kind of an expression parser & evaluator and for the defined mathematical functions I use a switch-clause to decide which function to call - I forgot the break statement in the cases which caused the sqrt function to be executed with a negative parameter.

As I said - dumbest programmer on earth...

I accepted the topmost answer as it is the best imho. Sorry guys for wasting your time -.-
    
    
    Double value = 3.14159265;
    System.out.println(value.toString()); //outputs 3.14159265
    value = Math.sin(value);
    System.out.println(value.toString()); //outputs NaN
    

outputs (as expected):
    
    
    3.14159265
    3.5897930298416118E-9
    

so problem should be somewhere else, which version of JDK are you using? is it 32 bit or 64 bit? is there other code in the middle that you didn't paste?

The only way to obtain a `NaN` from `Math.sin` is by using `inf` o `NaN` as the parameter. And without explicitly assign that value to a number you can obtain in just by doing wrong calculations, eg:
    
    
    Double d = 0.0/0.0;
    System.out.println(Math.sin(d));
    double d2 = Double.POSITIVE_INFINITY;
    System.out.println(Math.sin(d2));
    

this will output: `NaN` twice.

Two notes:

  * don't use capitalized letters for variables (use `value`, not `Value`)
  * when you need stings as parameters (or composed to other strings) you don't need to explicitly call `toString()`, you can do `System.out.println(value)`",1,1,java.lang.Math#sin(double),owner is explicit in the raw API,Eclipse Temurin OpenJDK:8u504-b01,java.lang.Math#sin(double),resolved_api,1,,,,,
MATH-0002,math,SO,Fraction,org.apache.commons.math3.fraction.Fraction,org.apache.commons.math3.fraction.Fraction,resolved,1,Representation of a rational number. implements Serializable since 2.0,official_javadoc,org.apache.commons:commons-math3:3.6.1-javadoc.jar#org.apache.commons.math3.fraction.Fraction,1,"How to calculate exact value of a trig function? 

I am writing a ""triangle solver"" app for Android, and I was wondering if it would be possible to implement exact values for trig ratios and radian measures. For example, 90 degrees would be output as ""pi / 2"" instead of 1.57079632679...

I know that in order to get the exact value for a radian measure, I would divide it by pi and convert it to a fraction. I don't know how I would convert the decimal to a fraction.

like this: 
    
    
    int decimal = angleMeasure / Math.PI;
    someMethodToTurnItIntoAFraction(decimal);
    

I don't even know where to begin with the trig ratios.

What you're talking about is using Pi as a concept instead of a number. I'd do something like this:
    
    
    class Fraction {
    public int num;
    public int den;
    public Fraction(int n,int d) {
    num=n;
    den=d;
    }
    public Fraction() {
    num=1;
    den=1;
    public double decValue() {
    return ((double)num)/((double)den);
    }
    }
    

yadda, yadda....
    
    
     public static Fraction someMethod(double decVal) {
    Fraction f=new Fraction(1,1);
    double howclose=0.0000001; //tiny amount of error allowed
    while(abs((f.decValue()*Math.PI)-decVal)>howclose) {
    if(f.decValue()*Math.PI>decVal) {
    f.den++;
    }
    else {
    f.num++;
    }
    }
    return f;
    }
    

Basically, work on getting the fraction closer and closer to the expected answer (decVal). The fraction will be in the form of:
    
    
    num*PI
    ------
    den
    

Basically, multiply the fraction that's in the result by Pi, and it should be very close to decVal.",1,0,org.apache.commons.math3.fraction.Fraction,unique authoritative class,org.apache.commons:commons-math3:3.6.1,org.apache.commons.math3.fraction.Fraction,resolved_api,1,,,,,
MATH-0003,math,SO,Math.cbrt,java.lang.Math#cbrt(double),java.lang.Math,resolved,1,Math.cbrt computes the cube root of a numeric value and can return a negative real result for a negative input. It is suitable for cube-root calculations where using a fractional power operation might produce NaN for negative values.,qwen3.8-max,model:qwen3.8-max,0,"Cube root of a negative number 

I'm trying to find the cube root of a negative number but I get a NaN. Any help?
    
    
    System.out.println(Math.pow(-8, 1.0 / 3.0));
    

The Java documentation for `Math.pow` states:

> If the first argument is finite and less than zero [...] [and] if the second argument is finite and not an integer, then the result is NaN.

You could use `Math.cbrt` to get the cube root:
    
    
    double result = Math.cbrt(-8.0);",1,1,java.lang.Math#cbrt(double),owner is explicit in the raw API,Eclipse Temurin OpenJDK:8u504-b01,java.lang.Math#cbrt(double),resolved_api,1,,,,,
MATH-0004,math,SO,DerivativeStructure,org.apache.commons.math3.analysis.differentiation.DerivativeStructure,org.apache.commons.math3.analysis.differentiation.DerivativeStructure,resolved,1,"Class representing both the value and the differentials of a function. This class is the workhorse of the differentiation package. This class is an implementation of the extension to Rall's numbers described in Dan Kalman's paper Doubly Recursive Multivariate Automatic Differentiation , Mathematics Magazine, vol. 75, no. 3, June 2002. Rall's numbers are an extension to the real numbers used throughout mathematical expressions; they hold the derivative together with the value of a function. Dan Kalman's derivative structures hold all partial derivatives up to any specified order, with respect to any number of free parameters. Rall's numbers therefore can be seen as derivative structures for order one derivative and one free parameter, and real numbers can be seen as derivative structures with zero order derivative and no free parameters. DerivativeStructure instances can be used directly thanks to the arithmetic operators to the mathematical functions provided as methods by this class (+, -, *, /, %, sin, cos ...). Implementing complex expressions by hand using these classes is a tedious and error-prone task but has the advantage of having no limitation on the derivation order despite no requiring users to compute the derivatives by themselves. Implementing complex expression can also be done by developing computation code using standard primitive double values and to use differentiators to create the DerivativeStructure -based instances. This method is simpler but may be limited in the accuracy and derivation orders and may be computationally intensive (this is typically the case for finite differences differentiator . Instances of this class are guaranteed to be immutable.",official_javadoc,org.apache.commons:commons-math3:3.6.1-javadoc.jar#org.apache.commons.math3.analysis.differentiation.DerivativeStructure,1,"How to use Java Math Commons CurveFitter? 

How do I use Math Commons CurveFitter to fit a function to a set of data? I was told to use CurveFitter with LevenbergMarquardtOptimizer and ParametricUnivariateFunction, but I don't know what to write in the ParametricUnivariateFunction gradient and value methods. Besides, after writing them, how to get the fitted function parameters? My function:
    
    
    public static double fnc(double t, double a, double b, double c){
    return a * Math.pow(t, b) * Math.exp(-c * t);
    }
    

I know this question's pretty old and i80and did an excellent job answering this, but I just thought to add (for future SO-ers) that there's a pretty easy way to compute derivatives or partial derivatives with Apache Math (so you don't have to do your own differentiation for the Jacobian Matrix). It's the DerivativeStructure.

Extending i80and's answer to use the DerivativeStructure class: 
    
    
    //Everything stays the same except for the Jacobian Matrix
    import java.util.*;
    import org.apache.commons.math3.analysis.ParametricUnivariateFunction;
    import org.apache.commons.math3.fitting.AbstractCurveFitter;
    import org.apache.commons.math3.fitting.leastsquares.LeastSquaresBuilder;
    import org.apache.commons.math3.fitting.leastsquares.LeastSquaresProblem;
    import org.apache.commons.math3.fitting.WeightedObservedPoint;
    import org.apache.commons.math3.linear.DiagonalMatrix;
    import org.apache.commons.math3.analysis.differentiation.DerivativeStructure;
    class MyFunc implements ParametricUnivariateFunction {
    public double value(double t, double... parameters) {
    return parameters[0] * Math.pow(t, parameters[1]) * Math.exp(-parameters[2] * t);
    }
    // Jacobian matrix of the above. In this case, this is just an array of
    // partial derivatives of the above function, with one element for each parameter.
    public double[] gradient(double t, double... parameters) {
    final double a = parameters[0];
    final double b = parameters[1];
    final double c = parameters[2];
    // Jacobian Matrix Edit
    // Using Derivative Structures...
    // constructor takes 4 arguments - the number of parameters in your
    // equation to be differentiated (3 in this case), the order of
    // differentiation for the DerivativeStructure, the index of the
    // parameter represented by the DS, and the value of the parameter itself
    DerivativeStructure aDev = new DerivativeStructure(3, 1, 0, a);
    DerivativeStructure bDev = new DerivativeStructure(3, 1, 1, b);
    DerivativeStructure cDev = new DerivativeStructure(3, 1, 2, c);
    // define the equation to be differentiated using another DerivativeStructure
    DerivativeStructure y = aDev.multiply(DerivativeStructure.pow(t, bDev))
    .multiply(cDev.negate().multiply(t).exp());
    // then return the partial derivatives required
    // notice the format, 3 arguments for the method since 3 parameters were
    // specified first order derivative of the first parameter, then the second, 
    // then the third
    return new double[] {
    y.getPartialDerivative(1, 0, 0),
    y.getPartialDerivative(0, 1, 0),
    y.getPartialDerivative(0, 0, 1)
    };
    }
    }
    public class MyFuncFitter extends AbstractCurveFitter {
    protected LeastSquaresProblem getProblem(Collection points) {
    final int len = points.size();
    final double[] target = new double[len];
    final double[] weights = new double[len];
    final double[] initialGuess = { 1.0, 1.0, 1.0 };
    int i = 0;
    for(WeightedObservedPoint point : points) {
    target[i] = point.getY();
    weights[i] = point.getWeight();
    i += 1;
    }
    final AbstractCurveFitter.TheoreticalValuesFunction model = new
    AbstractCurveFitter.TheoreticalValuesFunction(new MyFunc(), points);
    return new LeastSquaresBuilder().
    maxEvaluations(Integer.MAX_VALUE).
    maxIterations(Integer.MAX_VALUE).
    start(initialGuess).
    target(target).
    weight(new DiagonalMatrix(weights)).
    model(model.getModelFunction(), model.getModelFunctionJacobian()).
    build();
    }
    public static void main(String[] args) {
    MyFuncFitter fitter = new MyFuncFitter();
    ArrayList points = new ArrayList();
    // Add points here; for instance,
    WeightedObservedPoint point = new WeightedObservedPoint(1.0,
    1.0,
    1.0);
    points.add(point);
    final double coeffs[] = fitter.fit(points);
    System.out.println(Arrays.toString(coeffs));
    }
    }
    

And that's it. I know it's a pretty convoluted/confusing class to use, but it definitely comes in handy when you're dealing with very complicated equations that would be troublesome to get partial derivatives of by hand (this happened to me not so long ago), or when you want to derive partial derivatives say to the second or third order. 

In the case of second, third, et cetera order derivatives, all you'll have to do is:
    
    
    // specify the required order as the second argument, say second order so 2
    DerivativeStructure aDev = new DerivativeStructure(3, 2, 0, a); 
    DerivativeStructure bDev = new DerivativeStructure(3, 2, 1, b);
    DerivativeStructure cDev = new DerivativeStructure(3, 2, 2, c);
    // and then specify the order again here
    y.getPartialDerivative(2, 0, 0),
    y.getPartialDerivative(0, 2, 0),
    y.getPartialDerivative(0, 0, 2)
    

Hopefully, this helps somebody sometime.",1,0,org.apache.commons.math3.analysis.differentiation.DerivativeStructure,unique authoritative class,org.apache.commons:commons-math3:3.6.1,org.apache.commons.math3.analysis.differentiation.DerivativeStructure,resolved_api,1,,,,,
MATH-0005,math,SO,Rotation,org.apache.commons.math3.geometry.euclidean.threed.Rotation,org.apache.commons.math3.geometry.euclidean.threed.Rotation,resolved,1,"This class implements rotations in a three-dimensional space. Rotations can be represented by several different mathematical entities (matrices, axe and angle, Cardan or Euler angles, quaternions). This class presents an higher level abstraction, more user-oriented and hiding this implementation details. Well, for the curious, we use quaternions for the internal representation. The user can build a rotation from any of these representations, and any of these representations can be retrieved from a Rotation instance (see the various constructors and getters). In addition, a rotation can also be built implicitly from a set of vectors and their image. This implies that this class can be used to convert from one representation to another one. For example, converting a rotation matrix into a set of Cardan angles from can be done using the following single line of code: double[] angles = new Rotation(matrix, 1.0e-10).getAngles(RotationOrder.XYZ); Focus is oriented on what a rotation do rather than on its underlying representation. Once it has been built, and regardless of its internal representation, a rotation is an operator which basically transforms three dimensional vectors into other three dimensional vectors . Depending on the application, the meaning of these vectors may vary and the semantics of the rotation also. For example in an spacecraft attitude simulation tool, users will often consider the vectors are fixed (say the Earth direction for example) and the frames change. The rotation transforms the coordinates of the vector in inertial frame into the coordinates of the same vector in satellite frame. In this case, the rotation implicitly defines the relation between the two frames. Another example could be a telescope control application, where the rotation would transform the sighting direction at rest into the desired observing direction when the telescope is pointed towards an object of interest. In this case the rotation transforms the direction at rest in a topocentric frame into the sighting direction in the same topocentric frame. This implies in this case the frame is fixed and the vector moves. In many case, both approaches will be combined. In our telescope example, we will probably also need to transform the observing direction in the topocentric frame into the observing direction in inertial frame taking into account the observatory location and the Earth rotation, which would essentially be an application of the first approach. These examples show that a rotation is what the user wants it to be. This class does not push the user towards one specific definition and hence does not provide methods like projectVectorIntoDestinationFrame or computeTransformedDirection . It provides simpler and more generic methods: applyTo(Vector3D) and applyInverseTo(Vector3D) . Since a rotation is basically a vectorial operator, several rotations can be composed together and the composite operation r = r 1 o r 2 (which means that for each vector u , r(u) = r 1 (r 2 (u)) ) is also a rotation. Hence we can consider that in addition to vectors, a rotation can be applied to other rotations as well (or to itself). With our previous notations, we would say we can apply r 1 to r 2 and the result we get is r = r 1 o r 2 . For this purpose, the class provides the methods: applyTo(Rotation) and applyInverseTo(Rotation) . Rotations are guaranteed to be immutable objects.",official_javadoc,org.apache.commons:commons-math3:3.6.1-javadoc.jar#org.apache.commons.math3.geometry.euclidean.threed.Rotation,1,"Finding Angle from transform matrix 

I have a transform matrix with values like this.

Transform: xx, xy, yx, yy, tx, and ty respectively.

How can I find the angle from the above set of gives values.

Those 6 numbers describe an affine transformation, which in general consists of (non-uniform) scaling, rotation and translation. The translation is represented by `(tx, ty)`. This leaves the remaining 4 numbers, which must be decomposed into scaling and rotation. The easiest way to do this would be a Singular value decomposition: Here you decompose the matrix as `M=UDV`, where `M` is your original matrix
    
    
    xx xy
    yx yy
    

U and V are orthogonal rotation matrices, and D is a diagonal matrix. This represents your affine transformation as three steps, the rotation `V`, followed by scaling `D`, and rotation `U`. The two entries of `D` are the two scaling coefficients for x and y. From `U` and `V` you can obtain the rotation angles, as described by Mad Physicist . The total rotation is the sum of both.",1,0,org.apache.commons.math3.geometry.euclidean.threed.Rotation,unique authoritative class,org.apache.commons:commons-math3:3.6.1,org.apache.commons.math3.geometry.euclidean.threed.Rotation,resolved_api,1,,,,,
MATH-0006,math,SO,BivariateFunction,org.apache.commons.math3.analysis.BivariateFunction,org.apache.commons.math3.analysis.BivariateFunction,resolved,1,An interface representing a bivariate real function.,official_javadoc,org.apache.commons:commons-math3:3.6.1-javadoc.jar#org.apache.commons.math3.analysis.BivariateFunction,1,"Mirroring function with apache commons 

How do you mirror a function on x-Axis in Apache commons math,   
respectively set `f() = -f()`?

  


I found out so far, that you can add functions with `FunctionUtils` class and i guess i could  


do a workaround by taking some points, set y-values negativ and interpolationg new Function,   


but that seems a little cumbersome to me. Is there a simpler way?

As all functions are interfaces in `org.apache.commons.math3.analysis` you can wrap every function you want to invert into an anonymous object implementing that interface.

Here are three examples which should get you started:
    
    
    /**
    * Created for http://stackoverflow.com/q/22929746/1266906
    */
    public class MinusFunction {
    public static BivariateFunction invert(final BivariateFunction function) {
    return new BivariateFunction() {
    @Override
    public double value(double x, double y) {
    return - function.value(x,y);
    }
    };
    }
    public static MultivariateFunction invert(final MultivariateFunction function) {
    return new MultivariateFunction() {
    @Override
    public double value(double[] point) {
    return -function.value(point);
    }
    };
    }
    public static MultivariateMatrixFunction invert(final MultivariateMatrixFunction function) {
    return new MultivariateMatrixFunction() {
    @Override
    public double[][] value(double[] point) {
    final double[][] value = function.value(point);
    for (int i = 0; i < value.length; i++) {
    for (int j = 0; j < value[i].length; j++) {
    value[i][j] = -value[i][j];
    }
    }
    return value;
    }
    };
    }
    }",1,1,org.apache.commons.math3.analysis.BivariateFunction,unique authoritative class,org.apache.commons:commons-math3:3.6.1,org.apache.commons.math3.analysis.BivariateFunction,resolved_api,1,,,,,
MATH-0007,math,SO,Complex,org.apache.commons.math3.complex.Complex,org.apache.commons.math3.complex.Complex,resolved,1,"Representation of a Complex number, i.e. a number which has both a real and imaginary part. Implementations of arithmetic operations handle NaN and infinite values according to the rules for Double , i.e. equals(java.lang.Object) is an equivalence relation for all instances that have a NaN in either real or imaginary part, e.g. the following are considered equal: 1 + NaNi NaN + i NaN + NaNi Note that this contradicts the IEEE-754 standard for floating point numbers (according to which the test x == x must fail if x is NaN ). The method equals for primitive double in Precision conforms with IEEE-754 while this class conforms with the standard behavior for Java object types.",official_javadoc,org.apache.commons:commons-math3:3.6.1-javadoc.jar#org.apache.commons.math3.complex.Complex,1,"Quadratic Formula in Java for Android, can't spot my mistake 

I'm currently making an app for finding the roots of polynomials for android. At the moment I'm just dealing with quadratics however I can't spot my error. Whatever I've done it means my value for the root (only doing the first root right now), is always 0.0. Earlier I was trying to find my value for the discriminant and I kept getting the square of the 'b term' in the quadratic. My quadratic equation looks strange because of the way the application is set out, ever letter is shifted 1, so the closed form solution for quadratics in my app is -(c(+/-)(c^c-4*b*d)^(1/2))/(2*b). I would be grateful for any help, thanks! :) P.S. Please try to ignore my awful code, I'm just trying to get it working at the moment :)
    
    
    public void onButtonClick(View v)
    {
    double rx, ry, rz, disc, disc2, a, b, c, d;
    String sa, sb, sc, sd, sx, sy, sz;
    EditText ta = (EditText)findViewById(R.id.a_c);
    EditText tb = (EditText)findViewById(R.id.b_c);
    EditText tc = (EditText)findViewById(R.id.c_c);
    EditText td = (EditText)findViewById(R.id.d_c);
    EditText tx = (EditText)findViewById(R.id.x);
    EditText ty = (EditText)findViewById(R.id.y);
    EditText tz = (EditText)findViewById(R.id.z);
    sa = ta.getText().toString();
    sb = tb.getText().toString();
    sc = tc.getText().toString();
    sd = td.getText().toString();
    sx = tx.getText().toString();
    sy = ty.getText().toString();
    sz = tz.getText().toString();
    if(sa.matches("""")) {a = 0;} else {a = Double.parseDouble(sa);}
    if(sb.matches("""")) {b = 0;} else {b = Double.parseDouble(sb);}
    if(sc.matches("""")) {c = 0;} else {c = Double.parseDouble(sc);}
    if(sd.matches("""")) {d = 0;} else {d = Double.parseDouble(sa);}
    if(sx.matches("""")) {rx = 0;} else {rx = Double.parseDouble(sx);}
    if(sy.matches("""")) {ry = 0;} else {ry = Double.parseDouble(sy);}
    if(sz.matches("""")) {rz = 0;} else {rz = Double.parseDouble(sz);}
    disc2 = c*c-4*b*d;
    if(a == 0) {rx = (-c+Math.sqrt(disc2))/(2*b); tx.setText(Double.toString(rx));}
    }
    

Here's how I'd solve a quadratic equation. Sort this out first, then worry about getting data in and out:
    
    
    /**
    * Quadratic root finder
    * @link http://stackoverflow.com/questions/23956437/quadratic-formula-in-java-for-android-cant-spot-my-mistake
    */
    public class QuadraticRootFinder {
    private static final double TOLERANCE = 1.0e-8;
    public static void main(String[] args) {
    if (args.length > 0) {
    double a = Double.parseDouble(args[0]);
    double b = ((args.length > 1) ? Double.parseDouble(args[1]) : 0.0);
    double c = ((args.length > 2) ? Double.parseDouble(args[2]) : 0.0);
    Complex [] roots = QuadraticRootFinder.getRoots(a, b, c);
    for (Complex root : roots) {
    System.out.println(root);
    }
    } else {
    System.out.println(""Usage: QuadraticRootFinder   "");
    }
    }
    public static Complex [] getRoots(double a, double b, double c) {
    Complex [] roots = new Complex[2];
    if (Math.abs(a) <= TOLERANCE) { // Linear equation; just one root
    if (Math.abs(b) > TOLERANCE) {
    roots = new Complex[1];
    roots[0] = new Complex(-c/b);
    } else {
    throw new IllegalArgumentException(String.format(""No roots possible for (a,b,c) = (%f10.3, %f10.3, %f10.3"", a, b, c));
    }
    } else {
    double discriminant = b*b-4.0*a*c;
    if (discriminant > 0.0) { // Two real roots
    roots[0] = new Complex(-b/2.0/a-Math.sqrt(discriminant)/2.0/a, 0.0);
    roots[1] = new Complex(-b/2.0/a+Math.sqrt(discriminant)/2.0/a, 0.0);
    } else { // Two complex conjugate roots
    roots[0] = new Complex(-b/2.0/a, -Math.sqrt(-discriminant)/2.0/a);
    roots[1] = new Complex(-b/2.0/a, +Math.sqrt(-discriminant)/2.0/a);
    }
    }
    return roots;
    }
    }
    class Complex {
    private final double x;
    private final double y;
    Complex() {
    this(0.0, 0.0);
    }
    Complex(double x) {
    this(x, 0.0);
    }
    Complex(double x, double y) {
    this.x = x;
    this.y = y;
    }
    double getX() {
    return x;
    }
    double getY() {
    return y;
    }
    @Override
    public String toString() {
    StringBuilder builder = new StringBuilder();
    builder.append(""("").append(x).append("","").append(y).append("")"");
    return builder.toString();
    }
    }",1,1,org.apache.commons.math3.complex.Complex,unique authoritative class,org.apache.commons:commons-math3:3.6.1,org.apache.commons.math3.complex.Complex,resolved_api,1,,,,,
MATH-0008,math,SO,Rotation,org.apache.commons.math3.geometry.euclidean.threed.Rotation,org.apache.commons.math3.geometry.euclidean.threed.Rotation,resolved,1,"This class implements rotations in a three-dimensional space. Rotations can be represented by several different mathematical entities (matrices, axe and angle, Cardan or Euler angles, quaternions). This class presents an higher level abstraction, more user-oriented and hiding this implementation details. Well, for the curious, we use quaternions for the internal representation. The user can build a rotation from any of these representations, and any of these representations can be retrieved from a Rotation instance (see the various constructors and getters). In addition, a rotation can also be built implicitly from a set of vectors and their image. This implies that this class can be used to convert from one representation to another one. For example, converting a rotation matrix into a set of Cardan angles from can be done using the following single line of code: double[] angles = new Rotation(matrix, 1.0e-10).getAngles(RotationOrder.XYZ); Focus is oriented on what a rotation do rather than on its underlying representation. Once it has been built, and regardless of its internal representation, a rotation is an operator which basically transforms three dimensional vectors into other three dimensional vectors . Depending on the application, the meaning of these vectors may vary and the semantics of the rotation also. For example in an spacecraft attitude simulation tool, users will often consider the vectors are fixed (say the Earth direction for example) and the frames change. The rotation transforms the coordinates of the vector in inertial frame into the coordinates of the same vector in satellite frame. In this case, the rotation implicitly defines the relation between the two frames. Another example could be a telescope control application, where the rotation would transform the sighting direction at rest into the desired observing direction when the telescope is pointed towards an object of interest. In this case the rotation transforms the direction at rest in a topocentric frame into the sighting direction in the same topocentric frame. This implies in this case the frame is fixed and the vector moves. In many case, both approaches will be combined. In our telescope example, we will probably also need to transform the observing direction in the topocentric frame into the observing direction in inertial frame taking into account the observatory location and the Earth rotation, which would essentially be an application of the first approach. These examples show that a rotation is what the user wants it to be. This class does not push the user towards one specific definition and hence does not provide methods like projectVectorIntoDestinationFrame or computeTransformedDirection . It provides simpler and more generic methods: applyTo(Vector3D) and applyInverseTo(Vector3D) . Since a rotation is basically a vectorial operator, several rotations can be composed together and the composite operation r = r 1 o r 2 (which means that for each vector u , r(u) = r 1 (r 2 (u)) ) is also a rotation. Hence we can consider that in addition to vectors, a rotation can be applied to other rotations as well (or to itself). With our previous notations, we would say we can apply r 1 to r 2 and the result we get is r = r 1 o r 2 . For this purpose, the class provides the methods: applyTo(Rotation) and applyInverseTo(Rotation) . Rotations are guaranteed to be immutable objects.",official_javadoc,org.apache.commons:commons-math3:3.6.1-javadoc.jar#org.apache.commons.math3.geometry.euclidean.threed.Rotation,1,"How to calculate position on a circle with a certain angle? 

I'm trying to figure out how I could be able to calculate coordinates on a circle. For simplicity I made some images.

That's the start with information I have. Now I need to calculate the new coordinates when for example the circle would turn 90 degrees to the right. Just like the next image:

I need to calculate the coordinates of the new red dot. (I also need this with different degrees such as 20 degrees).

To do this my plan was to do the following:

  * Calculate the distance between the two points
  * Calculate the degree between the north (up) and the given point
  * Calculate the new location with the degree (from a step back) + the degrees it needs to turn (in the images 90 degrees).



My first step is:
    
    
    distance = Math.sqrt((point1.x-point2.x)*(point1.x-point2.x) + (point1.y-point2.y)*(point1.y-point2.y))
    

The part to calculate the new degrees is:
    
    
    double theta = Math.atan2(targetPt.y - centerPt.y, targetPt.x - centerPt.x);
    theta += Math.PI/2.0;
    

And the last part to calculate the new location would be:
    
    
    double x = mMiddleView.getX() + distance * Math.cos(Math.toRadians(theta));
    double y = mMiddleView.getY() + distance * Math.sin(Math.toRadians(theta));
    

However when I do these calculations with for example 0 degrees it still returns another value than the original coordinates.

Any help would be appreciated!

Edit for Philipp Jahoda:

My values are: 
    
    
    distance +- 70, currentDegree = 0.
    PointF point = new PointF((float)mMiddleView.getX(), (float)mMiddleView.getY());
    PointF point2 = getPosition(point, (float) distance, currentDegree);
    

and my results are: 
    
    
    center: PointF(490.0, 728.0) radius: 78.0 angle: 0.0
    new point: PointF(568.0, 728.0)
    

As you can see, the degree is 0 so the point is not supposed to turn. It should keep the 490, 728 coordinates but it does not keep those.

One elegant way to accomplish this is using complex numbers, available for example here. 

In pseudo-code:
    
    
    z = (x_old + I*y_old)*exp(I*angle);
    x_new = real(z);
    y_new = imag(z);
    

NOTE: the rotation `angle` needs to be in radians. NOTE2: this assumes a circle centred at (0,0). Just add a shift if the center is not there.",1,0,org.apache.commons.math3.geometry.euclidean.threed.Rotation,unique authoritative class,org.apache.commons:commons-math3:3.6.1,org.apache.commons.math3.geometry.euclidean.threed.Rotation,resolved_api,1,,,,,
MATH-0009,math,SO,UnivariateDifferentiableFunction,org.apache.commons.math3.analysis.differentiation.UnivariateDifferentiableFunction,org.apache.commons.math3.analysis.differentiation.UnivariateDifferentiableFunction,resolved,1,Interface for univariate functions derivatives. This interface represents a simple function which computes both the value and the first derivative of a mathematical function. The derivative is computed with respect to the input variable.,official_javadoc,org.apache.commons:commons-math3:3.6.1-javadoc.jar#org.apache.commons.math3.analysis.differentiation.UnivariateDifferentiableFunction,1,"Java- DerivativeStructure inside the Apache Math.Commons library 

I am having trouble implementing a more complicated form of the DerivativeStructure class provided by the Apache Commons Math Library. I wrote two programs, a trial program and then a real program. The problem I have encountered deals with my real program. I think that it is possible to work around the issue through an interface.

This post is rather long, please see the problem I have presented at the end of the post (I added extra information to pinpoint the issue at the end of the post). 

The first program is straightforward and finds roots for the sin(x) function.
    
    
    import java.util.TreeSet;
    import org.apache.commons.math3.analysis.differentiation.DerivativeStructure;
    import org.apache.commons.math3.analysis.differentiation.UnivariateDifferentiableFunction;
    import org.apache.commons.math3.analysis.solvers.*;
    import org.apache.commons.math3.exception.DimensionMismatchException;
    public class Test5 {
    public static void main(String args[]) {
    NewtonRaphsonSolver test = new NewtonRaphsonSolver(1E-10);
    UnivariateDifferentiableFunction f = new UnivariateDifferentiableFunction() {
    public double value(double x) {
    return Math.sin(x);
    }
    public DerivativeStructure value(DerivativeStructure t) throws
    DimensionMismatchException {
    return t.sin();
    }
    };
    double EPSILON = 1e-6;
    TreeSet set = new TreeSet<>();
    for (int i = 1; i <= 5000; i++) {
    set.add(test.solve(1000, f, i, i + EPSILON));
    }
    for (Double s : set) {
    if (s > 0) {
    System.out.println(s);
    }
    }
    }
    }
    

Inside this program, the DerivativeStructure class is formed through
    
    
    UnivariateDifferentiableFunction f = new UnivariateDifferentiableFunction() {
    public double value(double x) {
    return Math.sin(x);
    }
    public DerivativeStructure value(DerivativeStructure t) throws
    DimensionMismatchException {
    return t.sin();
    }
    };
    

This is only ""straightforward"" because I am able to apply ` return t.sin();' inside the public DerivativeStructure method.

The second program is not able to directly reference t.sin(x) or any t.function() value because it is a custom function that is developed later in the program. My attempt at writing the second program involves
    
    
    import java.util.TreeSet;
    import org.apache.commons.math3.analysis.UnivariateFunction;
    import org.apache.commons.math3.analysis.differentiation.DerivativeStructure;
    import org.apache.commons.math3.analysis.differentiation.
    UnivariateDifferentiableFunction;
    import org.apache.commons.math3.analysis.solvers.*;
    import org.apache.commons.math3.exception.DimensionMismatchException;
    public class SiegelNew{
    public static void main(String[] args){
    SiegelMain();
    }
    // Main method
    public static void SiegelMain() {
    NewtonRaphsonSolver test = new NewtonRaphsonSolver(1E-10);
    UnivariateDifferentiableFunction f = new 
    UnivariateDifferentiableFunction() {
    public double value(double x) {
    return RiemennZ(x, 4);
    }
    UnivariateFunction func = (double x) -> RiemennZ(x, 4);
    public DerivativeStructure value(DerivativeStructure t) throws DimensionMismatchException {
    //I have no idea what to write here
    return new DerivativeStructure(1, 1, 0, func.value(x)));
    }
    };
    System.out.println(""Zeroes inside the critical line for "" +
    ""Zeta(1/2 + it). The t values are referenced below."");
    System.out.println();
    double EPSILON = 1e-6;
    TreeSet set = new TreeSet<>();
    for (int i = 1; i <= 5000; i++) {
    set.add(test.solve(1000, f, i, i+1));
    }
    for (Double s : set) {
    if(s > 0)
    System.out.println(s);
    }
    }
    /**
    * Needed as a reference for the interpolation function.
    */
    public static interface Function {
    public double f(double x);
    }
    /**
    * The sign of a calculated double value.
    * @param x - the double value.
    * @return the sign in -1, 1, or 0 format.
    */
    private static int sign(double x) {
    if (x < 0.0)
    return -1;
    else if (x > 0.0)
    return 1;
    else
    return 0;
    }
    /**
    * Finds the roots of a specified function through interpolation.
    * @param f - the function
    * @param lowerBound - the lower bound of integration.
    * @param upperBound - the upper bound of integration.
    * @param step - the step for dx in [a:b]
    * @return the roots of the specified function.
    */
    public static void findRoots(Function f, double lowerBound,
    double upperBound, double step) {
    double x = lowerBound, next_x = x;
    double y = f.f(x), next_y = y;
    int s = sign(y), next_s = s;
    for (x = lowerBound; x <= upperBound ; x += step) {
    s = sign(y = f.f(x));
    if (s == 0) {
    System.out.println(x);
    } else if (s != next_s) {
    double dx = x - next_x;
    double dy = y - next_y;
    double cx = x - dx * (y / dy);
    System.out.println(cx);
    }
    next_x = x; next_y = y; next_s = s;
    }
    }
    /**
    * Riemann-Siegel theta function using the approximation by the 
    * Stirling series.
    * @param t - the value of t inside the Z(t) function.
    * @return Stirling's approximation for theta(t).
    */
    public static double theta (double t) {
    return (t/2.0 * Math.log(t/(2.0*Math.PI)) - t/2.0 - Math.PI/8.0
    + 1.0/(48.0*Math.pow(t, 1)) + 7.0/(5760*Math.pow(t, 3)));
    }
    /**
    * Computes Math.Floor of the absolute value term passed in as t.
    * @param t - the value of t inside the Z(t) function.
    * @return Math.floor of the absolute value of t.
    */
    public static double fAbs(double t) {
    return Math.floor(Math.abs(t));
    }
    /**
    * Riemann-Siegel Z(t) function implemented per the Riemenn Siegel 
    * formula. See http://mathworld.wolfram.com/Riemann-SiegelFormula.html 
    * for details
    * @param t - the value of t inside the Z(t) function.
    * @param r - referenced for calculating the remainder terms by the
    * Taylor series approximations.
    * @return the approximate value of Z(t) through the Riemann-Siegel
    * formula
    */
    public static double RiemennZ(double t, int r) {
    double twopi = Math.PI * 2.0; 
    double val = Math.sqrt(t/twopi);
    double n = fAbs(val);
    double sum = 0.0;
    for (int i = 1; i <= n; i++) {
    sum += (Math.cos(theta(t) - t * Math.log(i))) / Math.sqrt(i);
    }
    sum = 2.0 * sum;
    double remainder;
    double frac = val - n; 
    int k = 0;
    double R = 0.0;
    // Necessary to individually calculate each remainder term by using
    // Taylor Series co-efficients. These coefficients are defined below.
    while (k <= r) {
    R = R + C(k, 2.0*frac-1.0) * Math.pow(t / twopi, 
    ((double) k) * -0.5);
    k++;
    }
    remainder = Math.pow(-1, (int)n-1) * Math.pow(t / twopi, -0.25) * R;
    return sum + remainder;
    }
    /**
    * C terms for the Riemann-Siegel formula. See 
    * https://web.viu.ca/pughg/thesis.d/masters.thesis.pdf for details.
    * Calculates the Taylor Series coefficients for C0, C1, C2, C3, 
    * and C4. 
    * @param n - the number of coefficient terms to use.
    * @param z - referenced per the Taylor series calculations.
    * @return the Taylor series approximation of the remainder terms.
    */
    public static double C (int n, double z) {
    if (n==0) 
    return(.38268343236508977173 * Math.pow(z, 0.0) 
    +.43724046807752044936 * Math.pow(z, 2.0) 
    +.13237657548034352332 * Math.pow(z, 4.0) 
    -.01360502604767418865 * Math.pow(z, 6.0) 
    -.01356762197010358089 * Math.pow(z, 8.0) 
    -.00162372532314446528 * Math.pow(z,10.0) 
    +.00029705353733379691 * Math.pow(z,12.0) 
    +.00007943300879521470 * Math.pow(z,14.0) 
    +.00000046556124614505 * Math.pow(z,16.0) 
    -.00000143272516309551 * Math.pow(z,18.0) 
    -.00000010354847112313 * Math.pow(z,20.0) 
    +.00000001235792708386 * Math.pow(z,22.0) 
    +.00000000178810838580 * Math.pow(z,24.0) 
    -.00000000003391414390 * Math.pow(z,26.0) 
    -.00000000001632663390 * Math.pow(z,28.0) 
    -.00000000000037851093 * Math.pow(z,30.0) 
    +.00000000000009327423 * Math.pow(z,32.0) 
    +.00000000000000522184 * Math.pow(z,34.0) 
    -.00000000000000033507 * Math.pow(z,36.0) 
    -.00000000000000003412 * Math.pow(z,38.0)
    +.00000000000000000058 * Math.pow(z,40.0) 
    +.00000000000000000015 * Math.pow(z,42.0)); 
    else if (n==1) 
    return(-.02682510262837534703 * Math.pow(z, 1.0) 
    +.01378477342635185305 * Math.pow(z, 3.0) 
    +.03849125048223508223 * Math.pow(z, 5.0) 
    +.00987106629906207647 * Math.pow(z, 7.0) 
    -.00331075976085840433 * Math.pow(z, 9.0) 
    -.00146478085779541508 * Math.pow(z,11.0) 
    -.00001320794062487696 * Math.pow(z,13.0) 
    +.00005922748701847141 * Math.pow(z,15.0) 
    +.00000598024258537345 * Math.pow(z,17.0) 
    -.00000096413224561698 * Math.pow(z,19.0) 
    -.00000018334733722714 * Math.pow(z,21.0) 
    +.00000000446708756272 * Math.pow(z,23.0) 
    +.00000000270963508218 * Math.pow(z,25.0) 
    +.00000000007785288654 * Math.pow(z,27.0)
    -.00000000002343762601 * Math.pow(z,29.0) 
    -.00000000000158301728 * Math.pow(z,31.0) 
    +.00000000000012119942 * Math.pow(z,33.0) 
    +.00000000000001458378 * Math.pow(z,35.0) 
    -.00000000000000028786 * Math.pow(z,37.0) 
    -.00000000000000008663 * Math.pow(z,39.0) 
    -.00000000000000000084 * Math.pow(z,41.0) 
    +.00000000000000000036 * Math.pow(z,43.0) 
    +.00000000000000000001 * Math.pow(z,45.0)); 
    else if (n==2) 
    return(+.00518854283029316849 * Math.pow(z, 0.0) 
    +.00030946583880634746 * Math.pow(z, 2.0) 
    -.01133594107822937338 * Math.pow(z, 4.0) 
    +.00223304574195814477 * Math.pow(z, 6.0) 
    +.00519663740886233021 * Math.pow(z, 8.0) 
    +.00034399144076208337 * Math.pow(z,10.0) 
    -.00059106484274705828 * Math.pow(z,12.0) 
    -.00010229972547935857 * Math.pow(z,14.0) 
    +.00002088839221699276 * Math.pow(z,16.0) 
    +.00000592766549309654 * Math.pow(z,18.0) 
    -.00000016423838362436 * Math.pow(z,20.0) 
    -.00000015161199700941 * Math.pow(z,22.0) 
    -.00000000590780369821 * Math.pow(z,24.0) 
    +.00000000209115148595 * Math.pow(z,26.0) 
    +.00000000017815649583 * Math.pow(z,28.0) 
    -.00000000001616407246 * Math.pow(z,30.0) 
    -.00000000000238069625 * Math.pow(z,32.0) 
    +.00000000000005398265 * Math.pow(z,34.0) 
    +.00000000000001975014 * Math.pow(z,36.0) 
    +.00000000000000023333 * Math.pow(z,38.0) 
    -.00000000000000011188 * Math.pow(z,40.0) 
    -.00000000000000000416 * Math.pow(z,42.0) 
    +.00000000000000000044 * Math.pow(z,44.0) 
    +.00000000000000000003 * Math.pow(z,46.0)); 
    else if (n==3) 
    return(-.00133971609071945690 * Math.pow(z, 1.0) 
    +.00374421513637939370 * Math.pow(z, 3.0) 
    -.00133031789193214681 * Math.pow(z, 5.0) 
    -.00226546607654717871 * Math.pow(z, 7.0) 
    +.00095484999985067304 * Math.pow(z, 9.0) 
    +.00060100384589636039 * Math.pow(z,11.0) 
    -.00010128858286776622 * Math.pow(z,13.0) 
    -.00006865733449299826 * Math.pow(z,15.0) 
    +.00000059853667915386 * Math.pow(z,17.0) 
    +.00000333165985123995 * Math.pow(z,19.0)
    +.00000021919289102435 * Math.pow(z,21.0) 
    -.00000007890884245681 * Math.pow(z,23.0) 
    -.00000000941468508130 * Math.pow(z,25.0) 
    +.00000000095701162109 * Math.pow(z,27.0) 
    +.00000000018763137453 * Math.pow(z,29.0) 
    -.00000000000443783768 * Math.pow(z,31.0) 
    -.00000000000224267385 * Math.pow(z,33.0) 
    -.00000000000003627687 * Math.pow(z,35.0) 
    +.00000000000001763981 * Math.pow(z,37.0) 
    +.00000000000000079608 * Math.pow(z,39.0) 
    -.00000000000000009420 * Math.pow(z,41.0) 
    -.00000000000000000713 * Math.pow(z,43.0) 
    +.00000000000000000033 * Math.pow(z,45.0) 
    +.00000000000000000004 * Math.pow(z,47.0)); 
    else 
    return(+.00046483389361763382 * Math.pow(z, 0.0) 
    -.00100566073653404708 * Math.pow(z, 2.0) 
    +.00024044856573725793 * Math.pow(z, 4.0) 
    +.00102830861497023219 * Math.pow(z, 6.0) 
    -.00076578610717556442 * Math.pow(z, 8.0) 
    -.00020365286803084818 * Math.pow(z,10.0) 
    +.00023212290491068728 * Math.pow(z,12.0) 
    +.00003260214424386520 * Math.pow(z,14.0) 
    -.00002557906251794953 * Math.pow(z,16.0) 
    -.00000410746443891574 * Math.pow(z,18.0) 
    +.00000117811136403713 * Math.pow(z,20.0) 
    +.00000024456561422485 * Math.pow(z,22.0) 
    -.00000002391582476734 * Math.pow(z,24.0) 
    -.00000000750521420704 * Math.pow(z,26.0) 
    +.00000000013312279416 * Math.pow(z,28.0) 
    +.00000000013440626754 * Math.pow(z,30.0) 
    +.00000000000351377004 * Math.pow(z,32.0) 
    -.00000000000151915445 * Math.pow(z,34.0) 
    -.00000000000008915418 * Math.pow(z,36.0) 
    +.00000000000001119589 * Math.pow(z,38.0) 
    +.00000000000000105160 * Math.pow(z,40.0) 
    -.00000000000000005179 * Math.pow(z,42.0) 
    -.00000000000000000807 * Math.pow(z,44.0) 
    +.00000000000000000011 * Math.pow(z,46.0) 
    +.00000000000000000004 * Math.pow(z,48.0));
    } 
    }
    

The problem with the second program is due to 
    
    
    UnivariateDifferentiableFunction f = new 
    UnivariateDifferentiableFunction() {
    public double value(double x) {
    return RiemennZ(x, 4);
    }
    UnivariateFunction func = (double x) -> RiemennZ(x, 4);
    public DerivativeStructure value(DerivativeStructure t) throws DimensionMismatchException {
    //I have no idea what to write here
    return new DerivativeStructure(1, 1, 0, func.value(x)));
    }
    };
    

Which specifically deals with implementing 
    
    
    public DerivativeStructure value(DerivativeStructure t) throws DimensionMismatchException {
    //I have no idea what to write here
    return new DerivativeStructure(1, 1, 0, func.value(x)));
    }
    

Inside the Apache Commons Math library, the following documentation is listed at the end of this page.

There are several ways a user can create an implementation of the UnivariateDifferentiableFunction interface. The first method is to simply write it directly using the appropriate methods from DerivativeStructure to compute addition, subtraction, sine, cosine... This is often quite straigthforward and there is no need to remember the rules for differentiation: the user code only represent the function itself, the differentials will be computed automatically under the hood. The second method is to write a classical UnivariateFunction and to pass it to an existing implementation of the UnivariateFunctionDifferentiator interface to retrieve a differentiated version of the same function. The first method is more suited to small functions for which user already control all the underlying code. The second method is more suited to either large functions that would be cumbersome to write using the DerivativeStructure API, or functions for which user does not have control to the full underlying code (for example functions that call external libraries).

Is there some way of working around this issue through writing and then implementing the DerivativeStructure by an interface?

I do not know exactly, what `RiemennZ` is, but it seems to be some kind of function family. In that case, you should implement it in a way that yields a new `UnivariateDifferentiableFunction` for each value of the second parameter:
    
    
    public static UnivariateDifferentiableFunction RiemennZ(int r) {
    return new UnivariateDifferentiableFunction() {
    double value(double t) {
    /* YOUR CODE FROM ABOVE */
    }
    public DerivativeStructure value(DerivativeStructure t) {
    /* YOUR CODE FROM ABOVE BUT AS A DS */
    }
    }
    

This is called a Higher order function, and quite common in other languages. You have to provide the `DerivativeStructure` implementation only for the argument you actually want to differentiate.",1,1,org.apache.commons.math3.analysis.differentiation.UnivariateDifferentiableFunction,unique authoritative class,org.apache.commons:commons-math3:3.6.1,org.apache.commons.math3.analysis.differentiation.UnivariateDifferentiableFunction,resolved_api,1,,,,,
MATH-0010,math,SO,DerivativeStructure,org.apache.commons.math3.analysis.differentiation.DerivativeStructure,org.apache.commons.math3.analysis.differentiation.DerivativeStructure,resolved,1,"Class representing both the value and the differentials of a function. This class is the workhorse of the differentiation package. This class is an implementation of the extension to Rall's numbers described in Dan Kalman's paper Doubly Recursive Multivariate Automatic Differentiation , Mathematics Magazine, vol. 75, no. 3, June 2002. Rall's numbers are an extension to the real numbers used throughout mathematical expressions; they hold the derivative together with the value of a function. Dan Kalman's derivative structures hold all partial derivatives up to any specified order, with respect to any number of free parameters. Rall's numbers therefore can be seen as derivative structures for order one derivative and one free parameter, and real numbers can be seen as derivative structures with zero order derivative and no free parameters. DerivativeStructure instances can be used directly thanks to the arithmetic operators to the mathematical functions provided as methods by this class (+, -, *, /, %, sin, cos ...). Implementing complex expressions by hand using these classes is a tedious and error-prone task but has the advantage of having no limitation on the derivation order despite no requiring users to compute the derivatives by themselves. Implementing complex expression can also be done by developing computation code using standard primitive double values and to use differentiators to create the DerivativeStructure -based instances. This method is simpler but may be limited in the accuracy and derivation orders and may be computationally intensive (this is typically the case for finite differences differentiator . Instances of this class are guaranteed to be immutable.",official_javadoc,org.apache.commons:commons-math3:3.6.1-javadoc.jar#org.apache.commons.math3.analysis.differentiation.DerivativeStructure,1,"commons-math differentiation result is 0 

I'm trying to use commons-math library for some numerical differentiation task. I've built a very simple function using DerivativeStructures which I thought would work; apparently I was wrong.
    
    
    public static void main(String[] args) {
    DerivativeStructure x0 = new DerivativeStructure(2, 2, 2.0);
    DerivativeStructure y0 = new DerivativeStructure(2, 2, 4.0);
    DerivativeStructure xi = x0.pow(2);
    DerivativeStructure yi = y0.pow(2);
    DerivativeStructure f = xi.add(yi);
    System.out.println(f.getValue());
    System.out.println(f.getPartialDerivative(1, 0)); // (?)
    System.out.println(f.getPartialDerivative(0, 1)); // (?)
    }
    

I'm trying to get the 1st and 2nd order partial derivatives of a the multivariate function f(x)=x^2+y^2 at point (2.0, 4.0). As a result I'd expect 4.0 for df/dx and 8.0 for df/dy as first order partials. 2.0 for second order partials. I however am getting the correct f(x,y) value and I don't even have the slightest idea from this javadoc. I saw a couple questions here on stackoverflow with some comments about the opaque documentation for commons-math but not a working example on multivariate functions. Univariate I can work out, but not this...

Any tips would be appreciated!

In your code you haven't really specified 2 independent variables x0, y0 but only 1. With `DerivativeStructure` x0, y0 are actually seen as functions themselves depending on an implicit vector of variables `p`. For each independent variable you have to give a different index into the `p` vector of independent variables. What you need to do is:
    
    
    DerivativeStructure x0 = new DerivativeStructure(2, 2, 0, 2.0);
    DerivativeStructure y0 = new DerivativeStructure(2, 2, 1, 4.0);
    

Where the third parameter(s) 0 and 1 indicate 2 different indexes in the `p` vector therefore two different independent variables. If you omit this parameter when creating a `DerivativeStructure`, 0 is assumed so in your code x0, y0 are not independent.

Further Reading",1,1,org.apache.commons.math3.analysis.differentiation.DerivativeStructure,unique authoritative class,org.apache.commons:commons-math3:3.6.1,org.apache.commons.math3.analysis.differentiation.DerivativeStructure,resolved_api,1,,,,,
MATH-0011,math,TU,SmoothingPolynomialBicubicSplineInterpolator,org.apache.commons.math3.analysis.interpolation.SmoothingPolynomialBicubicSplineInterpolator,org.apache.commons.math3.analysis.interpolation.SmoothingPolynomialBicubicSplineInterpolator,resolved,1,"Generates a bicubic interpolation function. Prior to generating the interpolating function, the input is smoothed using polynomial fitting.",official_javadoc,org.apache.commons:commons-math3:3.6.1-javadoc.jar#org.apache.commons.math3.analysis.interpolation.SmoothingPolynomialBicubicSplineInterpolator,1,"### 4.4 Interpolation - part 4

In bicubic interpolation, the interpolation function is a 3rd-degree polynomial of two variables. The coefficients are computed from the function values sampled on a grid, as well as the values of the partial derivatives of the function at those grid points. From two-dimensional data sampled on a grid, the  BicubicSplineInterpolator  computes a  bicubic interpolating function. Prior to computing an interpolating function, the  SmoothingPolynomialBicubicSplineInterpolator  class performs smoothing of the data by computing the polynomial that best fits each of the one-dimensional curves along each of the coordinate axes. 

A  TrivariateGridInterpolator  is used to find a trivariate real-valued function `f` which for a given set of tuples (`xi`,`yj`,`zk`, `fijk`) yields `f(xi,yj,zk)=fijk` to the best accuracy possible. The result is provided as an object implementing the  TrivariateFunction  interface. It can therefore be evaluated at any point, including a point not belonging to the original set. The arrays `xi`, `yj` and `zk` must be sorted in increasing order in order to define a three-dimensional grid.",1,1,org.apache.commons.math3.analysis.interpolation.SmoothingPolynomialBicubicSplineInterpolator,unique authoritative class,org.apache.commons:commons-math3:3.6.1,org.apache.commons.math3.analysis.interpolation.SmoothingPolynomialBicubicSplineInterpolator,resolved_api,1,,,,,
MATH-0012,math,TU,TrivariateGridInterpolator,org.apache.commons.math3.analysis.interpolation.TrivariateGridInterpolator,org.apache.commons.math3.analysis.interpolation.TrivariateGridInterpolator,resolved,1,Interface representing a trivariate real interpolating function where the sample points must be specified on a regular grid.,official_javadoc,org.apache.commons:commons-math3:3.6.1-javadoc.jar#org.apache.commons.math3.analysis.interpolation.TrivariateGridInterpolator,1,"### 4.4 Interpolation - part 4

In bicubic interpolation, the interpolation function is a 3rd-degree polynomial of two variables. The coefficients are computed from the function values sampled on a grid, as well as the values of the partial derivatives of the function at those grid points. From two-dimensional data sampled on a grid, the  BicubicSplineInterpolator  computes a  bicubic interpolating function. Prior to computing an interpolating function, the  SmoothingPolynomialBicubicSplineInterpolator  class performs smoothing of the data by computing the polynomial that best fits each of the one-dimensional curves along each of the coordinate axes. 

A  TrivariateGridInterpolator  is used to find a trivariate real-valued function `f` which for a given set of tuples (`xi`,`yj`,`zk`, `fijk`) yields `f(xi,yj,zk)=fijk` to the best accuracy possible. The result is provided as an object implementing the  TrivariateFunction  interface. It can therefore be evaluated at any point, including a point not belonging to the original set. The arrays `xi`, `yj` and `zk` must be sorted in increasing order in order to define a three-dimensional grid.",1,1,org.apache.commons.math3.analysis.interpolation.TrivariateGridInterpolator,unique authoritative class,org.apache.commons:commons-math3:3.6.1,org.apache.commons.math3.analysis.interpolation.TrivariateGridInterpolator,resolved_api,1,,,,,
MATH-0013,math,TU,UnivariateDifferentiableFunction,org.apache.commons.math3.analysis.differentiation.UnivariateDifferentiableFunction,org.apache.commons.math3.analysis.differentiation.UnivariateDifferentiableFunction,resolved,1,Interface for univariate functions derivatives. This interface represents a simple function which computes both the value and the first derivative of a mathematical function. The derivative is computed with respect to the input variable.,official_javadoc,org.apache.commons:commons-math3:3.6.1-javadoc.jar#org.apache.commons.math3.analysis.differentiation.UnivariateDifferentiableFunction,1,"### 4.7 Differentiation - part 6
    
    
    int params = 2;
    int order = 2;
    double xRealValue =  2.5;
    double yRealValue = -1.3;
    DerivativeStructure x = new DerivativeStructure(params, order, 0, xRealValue);
    DerivativeStructure y = new DerivativeStructure(params, order, 1, yRealValue);
    DerivativeStructure f = DerivativeStructure.hypot(x, y);
    DerivativeStructure g = f.log();
    System.out.println(""g        = "" + g.getValue();
    System.out.println(""dg/dx    = "" + g.getPartialDerivative(1, 0);
    System.out.println(""dg/dy    = "" + g.getPartialDerivative(0, 1);
    System.out.println(""d2g/dx2  = "" + g.getPartialDerivative(2, 0);
    System.out.println(""d2g/dxdy = "" + g.getPartialDerivative(1, 1);
    System.out.println(""d2g/dy2  = "" + g.getPartialDerivative(0, 2);

There are several ways a user can create an implementation of the  UnivariateDifferentiableFunction  interface. The first method is to simply write it directly using the appropriate methods from  DerivativeStructure  to compute addition, subtraction, sine, cosine... This is often quite straigthforward and there is no need to remember the rules for differentiation: the user code only represent the function itself, the differentials will be computed automatically under the hood. The second method is to write a classical  UnivariateFunction  and to pass it to an existing implementation of the  UnivariateFunctionDifferentiator  interface to retrieve a differentiated version of the same function. The first method is more suited to small functions for which user already control all the underlying code. The second method is more suited to either large functions that would be cumbersome to write using the  DerivativeStructure  API, or functions for which user does not have control to the full underlying code (for example functions that call external libraries).",1,1,org.apache.commons.math3.analysis.differentiation.UnivariateDifferentiableFunction,unique authoritative class,org.apache.commons:commons-math3:3.6.1,org.apache.commons.math3.analysis.differentiation.UnivariateDifferentiableFunction,resolved_api,1,,,,,
MATH-0014,math,TU,UnivariateFunctionDifferentiator,org.apache.commons.math3.analysis.differentiation.UnivariateFunctionDifferentiator,org.apache.commons.math3.analysis.differentiation.UnivariateFunctionDifferentiator,resolved,1,Interface defining the function differentiation operation.,official_javadoc,org.apache.commons:commons-math3:3.6.1-javadoc.jar#org.apache.commons.math3.analysis.differentiation.UnivariateFunctionDifferentiator,1,"### 4.7 Differentiation - part 7

Apache Commons Math provides one implementation of the  UnivariateFunctionDifferentiator  interface:  FiniteDifferencesDifferentiator . This class creates a wrapper that will call the user-provided function on a grid sample and will use finite differences to compute the derivatives. It takes care of boundaries if the variable is not defined on the whole real line. It is possible to use more points than strictly required by the derivation order (for example one can specify an 8-points scheme to compute first derivative only). However, one must be aware that tuning the parameters for finite differences is highly problem-dependent. Choosing the wrong step size or the wrong number of sampling points can lead to huge errors. Finite differences are also not well suited to compute high order derivatives. 

Another implementation of the  UnivariateFunctionDifferentiator  interface is under development in the related project Apache Commons Nabla. This implementation uses automatic code analysis and generation at binary level. However, at time of writing (end 2012), this project is not yet suitable for production use.",1,1,org.apache.commons.math3.analysis.differentiation.UnivariateFunctionDifferentiator,unique authoritative class,org.apache.commons:commons-math3:3.6.1,org.apache.commons.math3.analysis.differentiation.UnivariateFunctionDifferentiator,resolved_api,1,,,,,
MATH-0015,math,TU,AbstractIntegerDistribution,org.apache.commons.math3.distribution.AbstractIntegerDistribution,org.apache.commons.math3.distribution.AbstractIntegerDistribution,resolved,1,Base class for integer-valued discrete distributions. Default implementations are provided for some of the methods that do not vary from distribution to distribution.,official_javadoc,org.apache.commons:commons-math3:3.6.1-javadoc.jar#org.apache.commons.math3.distribution.AbstractIntegerDistribution,1,"### 8.3 User Defined Distributions

Since there are numerous distributions and Commons-Math only directly supports a handful, it may be necessary to extend the distribution framework to satisfy individual needs. It is recommended that the Distribution,  ContinuousDistribution,  DiscreteDistribution, and  IntegerDistribution  interfaces serve as base types for any extension. These serve as the basis for all the distributions directly supported by Commons-Math and using those interfaces for implementation purposes will ensure any extension is compatible with the remainder of Commons-Math. To aid in implementing a distribution extension, the  AbstractDistribution,  AbstractContinuousDistribution, and  AbstractIntegerDistribution  provide implementation building blocks and offer basic distribution functionality. By extending these abstract classes directly, much of the repetitive distribution implementation is already developed and should save time and effort in developing user-defined distributions.",1,0,org.apache.commons.math3.distribution.AbstractIntegerDistribution,unique authoritative class,org.apache.commons:commons-math3:3.6.1,org.apache.commons.math3.distribution.AbstractIntegerDistribution,resolved_api,1,,,,,
MATH-0016,math,TU,Vector3D,org.apache.commons.math3.geometry.euclidean.threed.Vector3D,org.apache.commons.math3.geometry.euclidean.threed.Vector3D,resolved,1,This class implements vectors in a three-dimensional space. Instance of this class are guaranteed to be immutable.,official_javadoc,org.apache.commons:commons-math3:3.6.1-javadoc.jar#org.apache.commons.math3.geometry.euclidean.threed.Vector3D,1,"### 11.2 Euclidean spaces - part 2

PolyhedronsSet  represent three dimensional regions. All classical set operations are available for polyhedrons sets: union, intersection, symmetric difference (exclusive or), difference, complement, as well as region predicates (point inside/outside/on boundary, emptiness, other region contained). It is also possible to compute geometrical properties like size, barycenter or boundary size and to extract the vertices. Polyhedrons sets can be built by constructive geometry (union, intersection ...) or from a boundary representation. 

Vector3D  provides a simple vector type. One important feature is that instances of this class are guaranteed to be immutable, this greatly simplifies modelling dynamical systems with changing states: once a vector has been computed, a reference to it is known to preserve its state as long as the reference itself is preserved. 

Numerous constructors are available to create vectors. In addition to the straightforward cartesian coordinates constructor, a constructor using azimuthal coordinates can build normalized vectors and linear constructors from one, two, three or four base vectors are also available. Constants have been defined for the most commons vectors (plus and minus canonical axes, null vector, and special vectors with infinite or NaN coordinates).",1,1,org.apache.commons.math3.geometry.euclidean.threed.Vector3D,unique authoritative class,org.apache.commons:commons-math3:3.6.1,org.apache.commons.math3.geometry.euclidean.threed.Vector3D,resolved_api,1,,,,,
MATH-0017,math,TU,EigenDecomposition,org.apache.commons.math3.linear.EigenDecomposition,org.apache.commons.math3.linear.EigenDecomposition,resolved,1,"Calculates the eigen decomposition of a real matrix. The eigen decomposition of matrix A is a set of two matrices: V and D such that A = V × D × V T . A, V and D are all m × m matrices. This class is similar in spirit to the EigenvalueDecomposition class from the JAMA library, with the following changes: a getVt method has been added, two getRealEigenvalue and getImagEigenvalue methods to pick up a single eigenvalue have been added, a getEigenvector method to pick up a single eigenvector has been added, a getDeterminant method has been added. a getSolver method has been added. As of 3.1, this class supports general real matrices (both symmetric and non-symmetric): If A is symmetric, then A = V*D*V' where the eigenvalue matrix D is diagonal and the eigenvector matrix V is orthogonal, i.e. A = V.multiply(D.multiply(V.transpose())) and V.multiply(V.transpose()) equals the identity matrix. If A is not symmetric, then the eigenvalue matrix D is block diagonal with the real eigenvalues in 1-by-1 blocks and any complex eigenvalues, lambda + i*mu, in 2-by-2 blocks: [lambda, mu ] [ -mu, lambda] The columns of V represent the eigenvectors in the sense that A*V = V*D, i.e. A.multiply(V) equals V.multiply(D). The matrix V may be badly conditioned, or even singular, so the validity of the equation A = V*D*inverse(V) depends upon the condition of V. This implementation is based on the paper by A. Drubrulle, R.S. Martin and J.H. Wilkinson ""The Implicit QL Algorithm"" in Wilksinson and Reinsch (1971) Handbook for automatic computation, vol. 2, Linear algebra, Springer-Verlag, New-York",official_javadoc,org.apache.commons:commons-math3:3.6.1-javadoc.jar#org.apache.commons.math3.linear.EigenDecomposition,1,"### 3.5 Eigenvalues/eigenvectors and singular values/singular vectors

Decomposition algorithms may be used for themselves and not only for linear system solving. This is of prime interest with eigen decomposition and singular value decomposition. 

The `getEigenvalue()`, `getEigenvalues()`, `getEigenVector()`, ` EigenDecomposition.getV() `, ` EigenDecomposition.getD() ` and ` EigenDecomposition.getVT() ` methods of the ` EigenDecomposition ` interface support solving eigenproblems of the form AX = lambda X where lambda is a real scalar. 

The ` SingularValueDecomposition.getSingularValues() `, ` SingularValueDecomposition.getU() `, ` SingularValueDecomposition.getS() ` and ` SingularValueDecomposition.getV() ` methods of the ` SingularValueDecomposition ` interface allow to solve singular values problems of the form AXi = lambda Yi where lambda is a real scalar, and where the Xi and Yi vectors form orthogonal bases of their respective vector spaces (which may have different dimensions).",1,1,org.apache.commons.math3.linear.EigenDecomposition,unique authoritative class,org.apache.commons:commons-math3:3.6.1,org.apache.commons.math3.linear.EigenDecomposition,resolved_api,1,,,,,
MATH-0018,math,SO,Fraction,org.apache.commons.math3.fraction.Fraction,org.apache.commons.math3.fraction.Fraction,resolved,1,Representation of a rational number. implements Serializable since 2.0,official_javadoc,org.apache.commons:commons-math3:3.6.1-javadoc.jar#org.apache.commons.math3.fraction.Fraction,1,"Best way to represent a fraction in Java? 

I'm trying to work with fractions in Java. 

I want to implement arithmetic functions. For this, I will first require a way to normalize the functions. I know I can't add 1/6 and 1/2 until I have a common denominator. I will have to add 1/6 and 3/6. A naive approach would have me add 2/12 and 6/12 and then reduce. How can I achieve a common denominator with the least performance penalty? What algorithm is best for this?

* * *

Version 8 (thanks to hstoerr):

> Improvements include:
> 
>   * the equals() method is now consistent with the compareTo() method
> 

    
    
    final class Fraction extends Number {
    private int numerator;
    private int denominator;
    public Fraction(int numerator, int denominator) {
    if(denominator == 0) {
    throw new IllegalArgumentException(""denominator is zero"");
    }
    if(denominator < 0) {
    numerator *= -1;
    denominator *= -1;
    }
    this.numerator = numerator;
    this.denominator = denominator;
    }
    public Fraction(int numerator) {
    this.numerator = numerator;
    this.denominator = 1;
    }
    public int getNumerator() {
    return this.numerator;
    }
    public int getDenominator() {
    return this.denominator;
    }
    public byte byteValue() {
    return (byte) this.doubleValue();
    }
    public double doubleValue() {
    return ((double) numerator)/((double) denominator);
    }
    public float floatValue() {
    return (float) this.doubleValue();
    }
    public int intValue() {
    return (int) this.doubleValue();
    }
    public long longValue() {
    return (long) this.doubleValue();
    }
    public short shortValue() {
    return (short) this.doubleValue();
    }
    public boolean equals(Fraction frac) {
    return this.compareTo(frac) == 0;
    }
    public int compareTo(Fraction frac) {
    long t = this.getNumerator() * frac.getDenominator();
    long f = frac.getNumerator() * this.getDenominator();
    int result = 0;
    if(t>f) {
    result = 1;
    }
    else if(f>t) {
    result = -1;
    }
    return result;
    }
    }
    

* * *

I have removed all previous versions. My thanks to:

  * Dave Ray
  * cletus
  * duffymo
  * James
  * Milhous
  * Oscar Reyes
  * Jason S
  * Francisco Canedo
  * Outlaw Programmer
  * Beska



It just so happens that I wrote a BigFraction class not too long ago, for Project Euler problems. It keeps a BigInteger numerator and denominator, so it'll never overflow. But it'll be a tad slow for a lot of operations that you know will never overflow.. anyway, use it if you want it. I've been dying to show this off somehow. :)

Edit: Latest and greatest version of this code, including unit tests is now hosted on GitHub and also available via Maven Central. I'm leaving my original code here so that this answer isn't just a link...

* * *
    
    
    import java.math.*;
    /**
    * Arbitrary-precision fractions, utilizing BigIntegers for numerator and
    * denominator. Fraction is always kept in lowest terms. Fraction is
    * immutable, and guaranteed not to have a null numerator or denominator.
    * Denominator will always be positive (so sign is carried by numerator,
    * and a zero-denominator is impossible).
    */
    public final class BigFraction extends Number implements Comparable
    {
    private static final long serialVersionUID = 1L; //because Number is Serializable
    private final BigInteger numerator;
    private final BigInteger denominator;
    public final static BigFraction ZERO = new BigFraction(BigInteger.ZERO, BigInteger.ONE, true);
    public final static BigFraction ONE = new BigFraction(BigInteger.ONE, BigInteger.ONE, true);
    /**
    * Constructs a BigFraction with given numerator and denominator. Fraction
    * will be reduced to lowest terms. If fraction is negative, negative sign will
    * be carried on numerator, regardless of how the values were passed in.
    */
    public BigFraction(BigInteger numerator, BigInteger denominator)
    {
    if(numerator == null)
    throw new IllegalArgumentException(""Numerator is null"");
    if(denominator == null)
    throw new IllegalArgumentException(""Denominator is null"");
    if(denominator.equals(BigInteger.ZERO))
    throw new ArithmeticException(""Divide by zero."");
    //only numerator should be negative.
    if(denominator.signum() < 0)
    {
    numerator = numerator.negate();
    denominator = denominator.negate();
    }
    //create a reduced fraction
    BigInteger gcd = numerator.gcd(denominator);
    this.numerator = numerator.divide(gcd);
    this.denominator = denominator.divide(gcd);
    }
    /**
    * Constructs a BigFraction from a whole number.
    */
    public BigFraction(BigInteger numerator)
    {
    this(numerator, BigInteger.ONE, true);
    }
    public BigFraction(long numerator, long denominator)
    {
    this(BigInteger.valueOf(numerator), BigInteger.valueOf(denominator));
    }
    public BigFraction(long numerator)
    {
    this(BigInteger.valueOf(numerator), BigInteger.ONE, true);
    }
    /**
    * Constructs a BigFraction from a floating-point number.
    * 
    * Warning: round-off error in IEEE floating point numbers can result
    * in answers that are unexpected. For example, 
    * System.out.println(new BigFraction(1.1))
    * will print:
    * 2476979795053773/2251799813685248
    * 
    * This is because 1.1 cannot be expressed exactly in binary form. The
    * given fraction is exactly equal to the internal representation of
    * the double-precision floating-point number. (Which, for 1.1, is:
    * (-1)^0 * 2^0 * (1 + 0x199999999999aL / 0x10000000000000L).)
    * 
    * NOTE: In many cases, BigFraction(Double.toString(d)) may give a result
    * closer to what the user expects.
    */
    public BigFraction(double d)
    {
    if(Double.isInfinite(d))
    throw new IllegalArgumentException(""double val is infinite"");
    if(Double.isNaN(d))
    throw new IllegalArgumentException(""double val is NaN"");
    //special case - math below won't work right for 0.0 or -0.0
    if(d == 0)
    {
    numerator = BigInteger.ZERO;
    denominator = BigInteger.ONE;
    return;
    }
    final long bits = Double.doubleToLongBits(d);
    final int sign = (int)(bits >> 63) & 0x1;
    final int exponent = ((int)(bits >> 52) & 0x7ff) - 0x3ff;
    final long mantissa = bits & 0xfffffffffffffL;
    //number is (-1)^sign * 2^(exponent) * 1.mantissa
    BigInteger tmpNumerator = BigInteger.valueOf(sign==0 ? 1 : -1);
    BigInteger tmpDenominator = BigInteger.ONE;
    //use shortcut: 2^x == 1 << x. if x is negative, shift the denominator
    if(exponent >= 0)
    tmpNumerator = tmpNumerator.multiply(BigInteger.ONE.shiftLeft(exponent));
    else
    tmpDenominator = tmpDenominator.multiply(BigInteger.ONE.shiftLeft(-exponent));
    //1.mantissa == 1 + mantissa/2^52 == (2^52 + mantissa)/2^52
    tmpDenominator = tmpDenominator.multiply(BigInteger.valueOf(0x10000000000000L));
    tmpNumerator = tmpNumerator.multiply(BigInteger.valueOf(0x10000000000000L + mantissa));
    BigInteger gcd = tmpNumerator.gcd(tmpDenominator);
    numerator = tmpNumerator.divide(gcd);
    denominator = tmpDenominator.divide(gcd);
    }
    /**
    * Constructs a BigFraction from two floating-point numbers.
    * 
    * Warning: round-off error in IEEE floating point numbers can result
    * in answers that are unexpected. See BigFraction(double) for more
    * information.
    * 
    * NOTE: In many cases, BigFraction(Double.toString(numerator) + ""/"" + Double.toString(denominator))
    * may give a result closer to what the user expects.
    */
    public BigFraction(double numerator, double denominator)
    {
    if(denominator == 0)
    throw new ArithmeticException(""Divide by zero."");
    BigFraction tmp = new BigFraction(numerator).divide(new BigFraction(denominator));
    this.numerator = tmp.numerator;
    this.denominator = tmp.denominator;
    }
    /**
    * Constructs a new BigFraction from the given BigDecimal object.
    */
    public BigFraction(BigDecimal d)
    {
    this(d.scale() < 0 ? d.unscaledValue().multiply(BigInteger.TEN.pow(-d.scale())) : d.unscaledValue(),
    d.scale() < 0 ? BigInteger.ONE : BigInteger.TEN.pow(d.scale()));
    }
    public BigFraction(BigDecimal numerator, BigDecimal denominator)
    {
    if(denominator.equals(BigDecimal.ZERO))
    throw new ArithmeticException(""Divide by zero."");
    BigFraction tmp = new BigFraction(numerator).divide(new BigFraction(denominator));
    this.numerator = tmp.numerator;
    this.denominator = tmp.denominator;
    }
    /**
    * Constructs a BigFraction from a String. Expected format is numerator/denominator,
    * but /denominator part is optional. Either numerator or denominator may be a floating-
    * point decimal number, which in the same format as a parameter to the
    * BigDecimal(String) constructor.
    * 
    * @throws NumberFormatException if the string cannot be properly parsed.
    */
    public BigFraction(String s)
    {
    int slashPos = s.indexOf('/');
    if(slashPos < 0)
    {
    BigFraction res = new BigFraction(new BigDecimal(s));
    this.numerator = res.numerator;
    this.denominator = res.denominator;
    }
    else
    {
    BigDecimal num = new BigDecimal(s.substring(0, slashPos));
    BigDecimal den = new BigDecimal(s.substring(slashPos+1, s.length()));
    BigFraction res = new BigFraction(num, den);
    this.numerator = res.numerator;
    this.denominator = res.denominator;
    }
    }
    /**
    * Returns this + f.
    */
    public BigFraction add(BigFraction f)
    {
    if(f == null)
    throw new IllegalArgumentException(""Null argument"");
    //n1/d1 + n2/d2 = (n1*d2 + d1*n2)/(d1*d2) 
    return new BigFraction(numerator.multiply(f.denominator).add(denominator.multiply(f.numerator)),
    denominator.multiply(f.denominator));
    }
    /**
    * Returns this + b.
    */
    public BigFraction add(BigInteger b)
    {
    if(b == null)
    throw new IllegalArgumentException(""Null argument"");
    //n1/d1 + n2 = (n1 + d1*n2)/d1
    return new BigFraction(numerator.add(denominator.multiply(b)),
    denominator, true);
    }
    /**
    * Returns this + n.
    */
    public BigFraction add(long n)
    {
    return add(BigInteger.valueOf(n));
    }
    /**
    * Returns this - f.
    */
    public BigFraction subtract(BigFraction f)
    {
    if(f == null)
    throw new IllegalArgumentException(""Null argument"");
    return new BigFraction(numerator.multiply(f.denominator).subtract(denominator.multiply(f.numerator)),
    denominator.multiply(f.denominator));
    }
    /**
    * Returns this - b.
    */
    public BigFraction subtract(BigInteger b)
    {
    if(b == null)
    throw new IllegalArgumentException(""Null argument"");
    return new BigFraction(numerator.subtract(denominator.multiply(b)),
    denominator, true);
    }
    /**
    * Returns this - n.
    */
    public BigFraction subtract(long n)
    {
    return subtract(BigInteger.valueOf(n));
    }
    /**
    * Returns this * f.
    */
    public BigFraction multiply(BigFraction f)
    {
    if(f == null)
    throw new IllegalArgumentException(""Null argument"");
    return new BigFraction(numerator.multiply(f.numerator), denominator.multiply(f.denominator));
    }
    /**
    * Returns this * b.
    */
    public BigFraction multiply(BigInteger b)
    {
    if(b == null)
    throw new IllegalArgumentException(""Null argument"");
    return new BigFraction(numerator.multiply(b), denominator);
    }
    /**
    * Returns this * n.
    */
    public BigFraction multiply(long n)
    {
    return multiply(BigInteger.valueOf(n));
    }
    /**
    * Returns this / f.
    */
    public BigFraction divide(BigFraction f)
    {
    if(f == null)
    throw new IllegalArgumentException(""Null argument"");
    if(f.numerator.equals(BigInteger.ZERO))
    throw new ArithmeticException(""Divide by zero"");
    return new BigFraction(numerator.multiply(f.denominator), denominator.multiply(f.numerator));
    }
    /**
    * Returns this / b.
    */
    public BigFraction divide(BigInteger b)
    {
    if(b == null)
    throw new IllegalArgumentException(""Null argument"");
    if(b.equals(BigInteger.ZERO))
    throw new ArithmeticException(""Divide by zero"");
    return new BigFraction(numerator, denominator.multiply(b));
    }
    /**
    * Returns this / n.
    */
    public BigFraction divide(long n)
    {
    return divide(BigInteger.valueOf(n));
    }
    /**
    * Returns this^exponent.
    */
    public BigFraction pow(int exponent)
    {
    if(exponent == 0)
    return BigFraction.ONE;
    else if (exponent == 1)
    return this;
    else if (exponent < 0)
    return new BigFraction(denominator.pow(-exponent), numerator.pow(-exponent), true);
    else
    return new BigFraction(numerator.pow(exponent), denominator.pow(exponent), true);
    }
    /**
    * Returns 1/this.
    */
    public BigFraction reciprocal()
    {
    if(this.numerator.equals(BigInteger.ZERO))
    throw new ArithmeticException(""Divide by zero"");
    return new BigFraction(denominator, numerator, true);
    }
    /**
    * Returns the complement of this fraction, which is equal to 1 - this.
    * Useful for probabilities/statistics.
    */
    public BigFraction complement()
    {
    return new BigFraction(denominator.subtract(numerator), denominator, true);
    }
    /**
    * Returns -this.
    */
    public BigFraction negate()
    {
    return new BigFraction(numerator.negate(), denominator, true);
    }
    /**
    * Returns -1, 0, or 1, representing the sign of this fraction.
    */
    public int signum()
    {
    return numerator.signum();
    }
    /**
    * Returns the absolute value of this.
    */
    public BigFraction abs()
    {
    return (signum() < 0 ? negate() : this);
    }
    /**
    * Returns a string representation of this, in the form
    * numerator/denominator.
    */
    public String toString()
    {
    return numerator.toString() + ""/"" + denominator.toString();
    }
    /**
    * Returns if this object is equal to another object.
    */
    public boolean equals(Object o)
    {
    if(!(o instanceof BigFraction))
    return false;
    BigFraction f = (BigFraction)o;
    return numerator.equals(f.numerator) && denominator.equals(f.denominator);
    }
    /**
    * Returns a hash code for this object.
    */
    public int hashCode()
    {
    //using the method generated by Eclipse, but streamlined a bit..
    return (31 + numerator.hashCode())*31 + denominator.hashCode();
    }
    /**
    * Returns a negative, zero, or positive number, indicating if this object
    * is less than, equal to, or greater than f, respectively.
    */
    public int compareTo(BigFraction f)
    {
    if(f == null)
    throw new IllegalArgumentException(""Null argument"");
    //easy case: this and f have different signs
    if(signum() != f.signum())
    return signum() - f.signum();
    //next easy case: this and f have the same denominator
    if(denominator.equals(f.denominator))
    return numerator.compareTo(f.numerator);
    //not an easy case, so first make the denominators equal then compare the numerators 
    return numerator.multiply(f.denominator).compareTo(denominator.multiply(f.numerator));
    }
    /**
    * Returns the smaller of this and f.
    */
    public BigFraction min(BigFraction f)
    {
    if(f == null)
    throw new IllegalArgumentException(""Null argument"");
    return (this.compareTo(f) <= 0 ? this : f);
    }
    /**
    * Returns the maximum of this and f.
    */
    public BigFraction max(BigFraction f)
    {
    if(f == null)
    throw new IllegalArgumentException(""Null argument"");
    return (this.compareTo(f) >= 0 ? this : f);
    }
    /**
    * Returns a positive BigFraction, greater than or equal to zero, and less than one.
    */
    public static BigFraction random()
    {
    return new BigFraction(Math.random());
    }
    public final BigInteger getNumerator() { return numerator; }
    public final BigInteger getDenominator() { return denominator; }
    //implementation of Number class. may cause overflow.
    public byte byteValue() { return (byte) Math.max(Byte.MIN_VALUE, Math.min(Byte.MAX_VALUE, longValue())); }
    public short shortValue() { return (short)Math.max(Short.MIN_VALUE, Math.min(Short.MAX_VALUE, longValue())); }
    public int intValue() { return (int) Math.max(Integer.MIN_VALUE, Math.min(Integer.MAX_VALUE, longValue())); }
    public long longValue() { return Math.round(doubleValue()); }
    public float floatValue() { return (float)doubleValue(); }
    public double doubleValue() { return toBigDecimal(18).doubleValue(); }
    /**
    * Returns a BigDecimal representation of this fraction. If possible, the
    * returned value will be exactly equal to the fraction. If not, the BigDecimal
    * will have a scale large enough to hold the same number of significant figures
    * as both numerator and denominator, or the equivalent of a double-precision
    * number, whichever is more.
    */
    public BigDecimal toBigDecimal()
    {
    //Implementation note: A fraction can be represented exactly in base-10 iff its
    //denominator is of the form 2^a * 5^b, where a and b are nonnegative integers.
    //(In other words, if there are no prime factors of the denominator except for
    //2 and 5, or if the denominator is 1). So to determine if this denominator is
    //of this form, continually divide by 2 to get the number of 2's, and then
    //continually divide by 5 to get the number of 5's. Afterward, if the denominator
    //is 1 then there are no other prime factors.
    //Note: number of 2's is given by the number of trailing 0 bits in the number
    int twos = denominator.getLowestSetBit();
    BigInteger tmpDen = denominator.shiftRight(twos); // x / 2^n === x >> n
    final BigInteger FIVE = BigInteger.valueOf(5);
    int fives = 0;
    BigInteger[] divMod = null;
    //while(tmpDen % 5 == 0) { fives++; tmpDen /= 5; }
    while(BigInteger.ZERO.equals((divMod = tmpDen.divideAndRemainder(FIVE))[1]))
    {
    fives++;
    tmpDen = divMod[0];
    }
    if(BigInteger.ONE.equals(tmpDen))
    {
    //This fraction will terminate in base 10, so it can be represented exactly as
    //a BigDecimal. We would now like to make the fraction of the form
    //unscaled / 10^scale. We know that 2^x * 5^x = 10^x, and our denominator is
    //in the form 2^twos * 5^fives. So use max(twos, fives) as the scale, and
    //multiply the numerator and deminator by the appropriate number of 2's or 5's
    //such that the denominator is of the form 2^scale * 5^scale. (Of course, we
    //only have to actually multiply the numerator, since all we need for the
    //BigDecimal constructor is the scale.
    BigInteger unscaled = numerator;
    int scale = Math.max(twos, fives);
    if(twos < fives)
    unscaled = unscaled.shiftLeft(fives - twos); //x * 2^n === x << n
    else if (fives < twos)
    unscaled = unscaled.multiply(FIVE.pow(twos - fives));
    return new BigDecimal(unscaled, scale);
    }
    //else: this number will repeat infinitely in base-10. So try to figure out
    //a good number of significant digits. Start with the number of digits required
    //to represent the numerator and denominator in base-10, which is given by
    //bitLength / log[2](10). (bitLenth is the number of digits in base-2).
    final double LG10 = 3.321928094887362; //Precomputed ln(10)/ln(2), a.k.a. log[2](10)
    int precision = Math.max(numerator.bitLength(), denominator.bitLength());
    precision = (int)Math.ceil(precision / LG10);
    //If the precision is less than 18 digits, use 18 digits so that the number
    //will be at least as accurate as a cast to a double. For example, with
    //the fraction 1/3, precision will be 1, giving a result of 0.3. This is
    //quite a bit different from what a user would expect.
    if(precision < 18)
    precision = 18;
    return toBigDecimal(precision);
    }
    /**
    * Returns a BigDecimal representation of this fraction, with a given precision.
    * @param precision the number of significant figures to be used in the result.
    */
    public BigDecimal toBigDecimal(int precision)
    {
    return new BigDecimal(numerator).divide(new BigDecimal(denominator), new MathContext(precision, RoundingMode.HALF_EVEN));
    }
    //--------------------------------------------------------------------------
    // PRIVATE FUNCTIONS
    //--------------------------------------------------------------------------
    /**
    * Private constructor, used when you can be certain that the fraction is already in
    * lowest terms. No check is done to reduce numerator/denominator. A check is still
    * done to maintain a positive denominator.
    * 
    * @param throwaway unused variable, only here to signal to the compiler that this
    * constructor should be used.
    */
    private BigFraction(BigInteger numerator, BigInteger denominator, boolean throwaway)
    {
    if(denominator.signum() < 0)
    {
    this.numerator = numerator.negate();
    this.denominator = denominator.negate();
    }
    else
    {
    this.numerator = numerator;
    this.denominator = denominator;
    }
    }
    }",1,1,org.apache.commons.math3.fraction.Fraction,unique authoritative class,org.apache.commons:commons-math3:3.6.1,org.apache.commons.math3.fraction.Fraction,resolved_api,1,,,,,
MATH-0019,math,SO,RealVector,org.apache.commons.math3.linear.RealVector,org.apache.commons.math3.linear.RealVector,resolved,1,"Class defining a real-valued vector with basic algebraic operations. vector element indexing is 0-based -- e.g., getEntry(0) returns the first element of the vector. The code map and mapToSelf methods operate on vectors element-wise, i.e. they perform the same operation (adding a scalar, applying a function ...) on each element in turn. The map versions create a new vector to hold the result and do not change the instance. The mapToSelf version uses the instance itself to store the results, so the instance is changed by this method. In all cases, the result vector is returned by the methods, allowing the fluent API style, like this: RealVector result = v.mapAddToSelf(3.4).mapToSelf(new Tan()).mapToSelf(new Power(2.3));",official_javadoc,org.apache.commons:commons-math3:3.6.1-javadoc.jar#org.apache.commons.math3.linear.RealVector,1,"squared-euclidean distance with RealVectors in Apache Commons Math 

I'm using Apache Commons RealVector and ArrayRealVector classes in Java. I can calculate the euclidean distance between two vectors v1 and v2 as 
    
    
    double dist = v1.getDistance(v2);
    

However, I'm looking to get the squared euclidean distance. I know there is a way to do this with the Apache Commons Vector3D - just use distanceSq function. I'm doing a nearest neighbor search with high dimension vectors, so there is no point to taking the square root - it's just computationally wasteful for my needs.

I could do 
    
    
    ArrayRealVector diff = v1.subtract(v2);
    double dist = diff.dotProduct(diff);
    

Of course this involves returning an intermediate ArrayRealVector which I would like to avoid. I could easily write the code to get the squared euclidean distance but would like to go with a solution from Apache Commons math. Any built in solution would be great - even a solution from other Apache Math classes would probably be OK. 

First, I'd suggest that the overhead of a square root and multiply is probably dwarfed by a lot of other things. In the name of simplicity, I'd just go with `dist * dist` until you're sure that's the bottleneck.

There is no `getDistanceSquared()`, almost surely for this reason; I'd say that's what the API wants you to do.

It is indeed going to be slower to, for example, allocate another `RealVector`.

If it really matters, just copy the code to `getDistance()` and take out the square root!",1,1,org.apache.commons.math3.linear.RealVector,unique authoritative class,org.apache.commons:commons-math3:3.6.1,org.apache.commons.math3.linear.RealVector,resolved_api,1,,,,,
MATH-0020,math,SO,UnivariateFunction,org.apache.commons.math3.analysis.UnivariateFunction,org.apache.commons.math3.analysis.UnivariateFunction,resolved,1,"An interface representing a univariate real function. When a user-defined function encounters an error during evaluation, the value method should throw a user-defined unchecked exception. The following code excerpt shows the recommended way to do that using a root solver as an example, but the same construct is applicable to ODE integrators or optimizers. private static class LocalException extends RuntimeException { // The x value that caused the problem. private final double x; public LocalException(double x) { this.x = x; } public double getX() { return x; } } private static class MyFunction implements UnivariateFunction { public double value(double x) { double y = hugeFormula(x); if (somethingBadHappens) { throw new LocalException(x); } return y; } } public void compute() { try { solver.solve(maxEval, new MyFunction(a, b, c), min, max); } catch (LocalException le) { // Retrieve the x value. } } As shown, the exception is local to the user's code and it is guaranteed that Apache Commons Math will not catch it.",official_javadoc,org.apache.commons:commons-math3:3.6.1-javadoc.jar#org.apache.commons.math3.analysis.UnivariateFunction,1,"Minimum finding for univariate nonlinear function in Java 

I'm looking for a simple way to accomplish in Java what MATLAB's fminsearch() does. I don't need to be as general as fminsearch, in my case I only want to find the minimum (function and parameter values at minimum) of a single-variable nonlinear function. I don't know the analytical expression of the function, but I can evaluate it easily.

Do you know of a library that performs this, or of an easy algorithm I could re-implement?

Note: I saw that apache's common-math seems to have something like this (UnivariateOptimizer), but most of the methods seem to be deprecated and I couldn't find a good explanation how to use it. Any tips related to that are welcome as well.

Thanks!

Apache Commons Math is generally a good place to start for numerical computations in Java. Usage is best learnt by example, looking at the API documentation and the unit test source code for the various classes and methods.

The optimization classes that are referenced in the user guide are, as you have noted, deprecated. They can still be called, but eventually they will of course be phased out from the library. For reasons unknown to me, ongoing optimization development is now taking place in the optim rather than the optimization sub-package.

For univariate function (local optimum) minimization, Apache Commons Math provides an implementation of the Brent method. Usage is outlined in the unit tests of the `BrentOptimizer`, from which I have copied this excerpt:
    
    
    @Test
    public void testSinMin() {
    UnivariateFunction f = new Sin();
    UnivariateOptimizer optimizer = new BrentOptimizer(1e-10, 1e-14);
    Assert.assertEquals(3 * Math.PI / 2, 
    optimizer.optimize(new MaxEval(200),
    new UnivariateObjectiveFunction(f),
    GoalType.MINIMIZE,
    new SearchInterval(4, 5)).getPoint(), 1e-8);
    Assert.assertTrue(optimizer.getEvaluations() <= 50);
    Assert.assertEquals(200, optimizer.getMaxEvaluations());
    ...
    }",1,1,org.apache.commons.math3.analysis.UnivariateFunction,unique authoritative class,org.apache.commons:commons-math3:3.6.1,org.apache.commons.math3.analysis.UnivariateFunction,resolved_api,1,,,,,
MATH-0021,math,SO,Math.signum,java.lang.Math#signum(double),java.lang.Math,resolved,1,"Math.signum returns a value representing the sign of a numeric argument, distinguishing negative, zero, and positive values. It can be used to compare signs of computed values, such as when narrowing an interval during root finding.",qwen3.8-max,model:qwen3.8-max,0,"How can I optimize bisection-method for polynomial root finding in Java? 
    
    
    double findaroot(double x1, double x2){ //finds the root between two values
    double gap = Math.abs(x1 - x2); //find the initial interval
    while(gap > INTERVAL) { //check for precision 
    gap = gap / 2; //halve the interval
    double x3 = x1 + gap;
    if (f(x3) == 0) { //check for symmetry
    return x3;
    } else if (Math.signum(f(x1)) == Math.signum(f(x3))){
    x1 = x3; //redefine the interval
    } else {
    x2 = x3; //redefine the interval
    }
    findaroot(x1, x2); //call again
    }
    return (x1 + x2) / 2; //return the mean
    }
    

I am trying to find a solution for f(x)=-21x^2+10x-1 in the intervals (-143, 0.222222). The guidelines state that I should implement a bisection method to solve this. Currently this method works fine for 8 of the 10 test cases that I must pass, but it gives a ""Time-limit exceeded"" error for the aforementioned values. It takes 15 seconds to approximate the root given a precision level of at least ""0.000001"" between the intervals. 

I'm not sure how I can make this more efficient without changing the method. I have already implemented Horner's method to calculate the function because `Math.pow(x1, x2)` was taking too long.

As others already said: The recursive invocation of findaroot is wrong/not required. This code works for me:
    
    
    private final int NMAX = 100;
    public double solve(Function f, double a, double b, double tolerance) {
    if (a >= b) throw new IllegalArgumentException(""illegal interval!"");
    double fa = f.value(a);
    if (Math.signum(fa) == Math.signum(f.value(b))) throw new IllegalArgumentException(""solution not within interval!"");
    for (int n = 0; n < NMAX; n++) {
    double c = (a + b) / 2;
    double fc = f.value(c);
    if ((fc == 0.0) || ((b - a) / 2 < tolerance)) {
    // solution found
    return c;
    }
    // adapt interval
    if (Math.signum(fc) == Math.signum(fa)) {
    a = c;
    fa = fc;
    } else {
    b = c;
    }
    }
    return Double.NaN;
    }",1,0,java.lang.Math#signum(double),owner is explicit in the raw API,Eclipse Temurin OpenJDK:8u504-b01,java.lang.Math#signum(double),resolved_api,1,,,,,
MATH-0022,math,SO,Math.log,java.lang.Math#log(double),java.lang.Math,resolved,1,"Math.log is used to compute the natural logarithm of a numeric value. In the excerpt, it is used to evaluate the expression ln(x + 1) as part of a numerical root-finding method.",qwen3.8-max,model:qwen3.8-max,0,"handle unreal numbers, jump to catch 

I have this piece of code that is supposed to calculate the root of `f(x) = ln(x+1)+1` using Secant Method.  
Having input `xold1 = 0; xold2 = 1;`
    
    
    do {
    try {
    iteration++;
    fxold1 = Math.log(xold1+1)+1;
    fxold2 = Math.log(xold2+1)+1;
    xnew = xold2 - (fxold2 * (xold2 - xold1))/(fxold2 - fxold1);
    //Show iterations and results 
    System.out.println(""Iteration: "" + iteration + ""; x = "" + xnew);
    diff = Math.abs(xnew-xold1);
    //Replace old variables with new ones
    xold2 = xold1;
    xold1 = xnew; 
    } catch(Exception e) {
    System.out.println(""No solution for this starting point.""); 
    }
    } while(diff > 0.00001);
    

Output:
    
    
     Iteration: 1; x = -1.4426950408889634
    Iteration: 2; x = NaN
    

Doing the maths on the paper, the second iteration gives an imaginary number: 0.185125859 + 3.14159265 i. So, the idea was that the program was supposed to jump to catch. why it didn't do so and what I should do to do it? Thank you! 

That's pretty easily answered by looking at the docs

> If the argument is NaN or less than zero, then the result is NaN.

`Math.log` doesn't throw an exception if you give it a negative argument. It returns `NaN`. You should check for that instead of trying to catch an exception.
    
    
    xnew = xold2 - (fxold2 * (xold2 - xold1))/(fxold2 - fxold1);
    if(Double.isNaN(xnew)){
    System.out.println(""No solution for this starting point."");
    break;
    }",1,1,java.lang.Math#log(double),owner is explicit in the raw API,Eclipse Temurin OpenJDK:8u504-b01,java.lang.Math#log(double),resolved_api,1,,,,,
MATH-0023,math,SO,UnivariateInterpolator,org.apache.commons.math3.analysis.interpolation.UnivariateInterpolator,org.apache.commons.math3.analysis.interpolation.UnivariateInterpolator,resolved,1,Interface representing a univariate real interpolating function.,official_javadoc,org.apache.commons:commons-math3:3.6.1-javadoc.jar#org.apache.commons.math3.analysis.interpolation.UnivariateInterpolator,1,"Interpolate function using Apache Commons Math 

I'm trying to implement some Interpolation functions to plot some values where the X value = Date.seconds and the Y value = double.

I'v been researching using the `Apache Commons Math` lib to achieve this and I've found a method I think I might be able to use here

The method I'm trying to understand:
    
    
    public double linearInterp(double[] x, double[] y, double xi) {
    // return linear interpolation of (x,y) on xi
    LinearInterpolator li = new LinearInterpolator();
    PolynomialSplineFunction psf = li.interpolate(x, y);
    double yi = psf.value(xi);
    return yi;
    }
    

I don't understand where I'm supposed to get the `xi` value from?

What is xi what value do I pass into this method for xi, am I supposed to loop through my array of `X` values and pass in the ith element of `X` with the array of `X` and `Y`?

And when I want to plot this new data do I use the returned `yi` along with the passed in `xi` to plot?

The `interpolate` method expects arrays of pairs (here called `x` and `y`) and returns a function (`psf`) that fits these values as best as possible.

This function is then used to interpolate the yi-value of a given xi-value (which is normally not contained in the x/y array used to define the function). 

So you have pairs containing of x- and y-values defining a function and use this function to interpolate missing values.

See the userguide on Apache Commons (Chapter 4.4: Interpolation).

* * *

Example:

The green dots are known value pairs. These are defined by the `x` and `y` value arrays.

When calling `interpolate`, the returned `PolynomialSplineFunction` returns the function that is approximated using the known value pairs. The shape of the funtion is defined by the type of `UnivariateInterpolator` that is used. In the question example, a `LinearInterpolator` is used. The drawing shows the function returned by a spline interpolator.

The red dot symbolizes a value with an unknown y-value on the interpolated function (this would be the value with an x-value of `xi` in the question example).

If you need to calculate more than one extra value, use a function like this
    
    
    public double[] linearInterp(double[] x, double[] y, double[] xi) {
    LinearInterpolator li = new LinearInterpolator(); // or other interpolator
    PolynomialSplineFunction psf = li.interpolate(x, y);
    double[] yi = new double[xi.length];
    for (int i = 0; i < xi.length; i++) {
    yi[i] = psf.value(xi[i]);
    }
    return yi;
    }
    

* * *

A calculation example:
    
    
    public class Interpolate {
    public static void main(String[] args) {
    double[] x = { 0, 50, 100 };
    double[] y = { 0, 50, 200 };
    LinearInterpolator interp = new LinearInterpolator();
    PolynomialSplineFunction f = interp.interpolate(x, y);
    System.out.println(""Piecewise functions:"");
    Arrays.stream(f.getPolynomials()).forEach(System.out::println);
    double value = f.value(70);
    System.out.println(""y for xi = 70: "" + value);
    }
    }
    

Three known value pairs are given:

> (0, 0)  
>  (50, 50)  
>  (100, 200)

One value is unknown:

> (70, ?)

The `LinearInterpolator` interpolates the given values and generates a function with two piecewise, linear polynomials:
    
    
    y = x (for x values < 50)
    y = 50 + 3 * x (for x-values >= 50)
    

The value of the interpolated `xi` (here: 70) is
    
    
    y = 50 + 3 * (70 - 50) = 110",1,1,org.apache.commons.math3.analysis.interpolation.UnivariateInterpolator,unique authoritative class,org.apache.commons:commons-math3:3.6.1,org.apache.commons.math3.analysis.interpolation.UnivariateInterpolator,resolved_api,1,,,,,
MATH-0024,math,TU,BrentSolver,org.apache.commons.math3.analysis.solvers.BrentSolver,org.apache.commons.math3.analysis.solvers.BrentSolver,resolved,1,"This class implements the Brent algorithm for finding zeros of real univariate functions. The function should be continuous but not necessarily smooth. The solve method returns a zero x of the function f in the given interval [a, b] to within a tolerance 2 eps abs(x) + t where eps is the relative accuracy and t is the absolute accuracy. The given interval must bracket the root. The reference implementation is given in chapter 4 of Algorithms for Minimization Without Derivatives , Richard P. Brent , Dover, 2002",official_javadoc,org.apache.commons:commons-math3:3.6.1-javadoc.jar#org.apache.commons.math3.analysis.solvers.BrentSolver,1,"### 4.3 Root-finding - part 5

Typical usage: 
    
    
    UnivariateFunction function = // some user defined function object
    final double relativeAccuracy = 1.0e-12;
    final double absoluteAccuracy = 1.0e-8;
    final int    maxOrder         = 5;
    UnivariateSolver solver   = new BracketingNthOrderBrentSolver(relativeAccuracy, absoluteAccuracy, maxOrder);
    double c = solver.solve(100, function, 1.0, 5.0, AllowedSolution.LEFT_SIDE);

Force bracketing, by refining a base solution found by a non-bracketing solver: 
    
    
    UnivariateFunction function = // some user defined function object
    final double relativeAccuracy = 1.0e-12;
    final double absoluteAccuracy = 1.0e-8;
    UnivariateSolver nonBracketing = new BrentSolver(relativeAccuracy, absoluteAccuracy);
    double baseRoot = nonBracketing.solve(100, function, 1.0, 5.0);
    double c = UnivariateSolverUtils.forceSide(100, function,
                                               new PegasusSolver(relativeAccuracy, absoluteAccuracy),
                                               baseRoot, 1.0, 5.0, AllowedSolution.LEFT_SIDE);
    

The ` BrentSolver ` uses the Brent-Dekker algorithm which is fast and robust. If there are multiple roots in the interval, or there is a large domain of indeterminacy, the algorithm will converge to a random root in the interval without indication that there are problems. Interestingly, the examined text book implementations all disagree in details of the convergence criteria. Also each implementation had problems for one of the test cases, so the expressions had to be fudged further. Don't expect to get exactly the same root values as for other implementations of this algorithm. 

The ` BracketingNthOrderBrentSolver ` uses an extension of the Brent-Dekker algorithm which uses inverse nth order polynomial interpolation instead of inverse quadratic interpolation, and which allows selection of the side of the convergence interval for result bracketing. This is now the recommended algorithm for most users since it has the largest order, doesn't require derivatives, has guaranteed convergence and allows result bracket selection.",1,1,org.apache.commons.math3.analysis.solvers.BrentSolver,unique authoritative class,org.apache.commons:commons-math3:3.6.1,org.apache.commons.math3.analysis.solvers.BrentSolver,resolved_api,1,,,,,
MATH-0025,math,TU,DerivativeStructure,org.apache.commons.math3.analysis.differentiation.DerivativeStructure,org.apache.commons.math3.analysis.differentiation.DerivativeStructure,resolved,1,"Class representing both the value and the differentials of a function. This class is the workhorse of the differentiation package. This class is an implementation of the extension to Rall's numbers described in Dan Kalman's paper Doubly Recursive Multivariate Automatic Differentiation , Mathematics Magazine, vol. 75, no. 3, June 2002. Rall's numbers are an extension to the real numbers used throughout mathematical expressions; they hold the derivative together with the value of a function. Dan Kalman's derivative structures hold all partial derivatives up to any specified order, with respect to any number of free parameters. Rall's numbers therefore can be seen as derivative structures for order one derivative and one free parameter, and real numbers can be seen as derivative structures with zero order derivative and no free parameters. DerivativeStructure instances can be used directly thanks to the arithmetic operators to the mathematical functions provided as methods by this class (+, -, *, /, %, sin, cos ...). Implementing complex expressions by hand using these classes is a tedious and error-prone task but has the advantage of having no limitation on the derivation order despite no requiring users to compute the derivatives by themselves. Implementing complex expression can also be done by developing computation code using standard primitive double values and to use differentiators to create the DerivativeStructure -based instances. This method is simpler but may be limited in the accuracy and derivation orders and may be computationally intensive (this is typically the case for finite differences differentiator . Instances of this class are guaranteed to be immutable.",official_javadoc,org.apache.commons:commons-math3:3.6.1-javadoc.jar#org.apache.commons.math3.analysis.differentiation.DerivativeStructure,1,"### 4.7 Differentiation - part 5

This design also allow a very interesting feature which can be explained with the following example. Suppose we have a two arguments function `f` and a one argument function `g`. If we compute `g(f(x, y))` with `x` and `y` be two variables, we want to be able to compute the partial derivatives `dg/dx`, `dg/dy`, `d2g/dx2` `d2g/dxdy` `d2g/dy2`. This does make sense since we combined the two functions, and it does make sense despite g is a one argument function only. In order to do this, we simply set up `x` as an identity function of an implicit free parameter `p0` and `y` as an identity function of a different implicit free parameter `p1` and compute everything directly. In order to be able to combine everything, however, both `x` and `y` must be built with the appropriate dimensions, so they will both be declared to handle two free parameters, but `x` will depend only on parameter 0 while `y` will depend on parameter 1. Here is how we do this (note that ` DerivativeStructure.getPartialDerivative ` is a variable arguments method which take as arguments the derivation order with respect to all free parameters, i.e. the first argument is derivation order with respect to free parameter 0 and the second argument is derivation order with respect to free parameter 1):",1,0,org.apache.commons.math3.analysis.differentiation.DerivativeStructure,unique authoritative class,org.apache.commons:commons-math3:3.6.1,org.apache.commons.math3.analysis.differentiation.DerivativeStructure,resolved_api,1,,,,,
MATH-0026,math,TU,ExceptionContext,org.apache.commons.math3.exception.util.ExceptionContext,org.apache.commons.math3.exception.util.ExceptionContext,resolved,1,Class that contains the actual implementation of the functionality mandated by the ExceptionContext interface. All Commons Math exceptions delegate the interface's methods to this class.,official_javadoc,org.apache.commons:commons-math3:3.6.1-javadoc.jar#org.apache.commons.math3.exception.util.ExceptionContext,1,"### 16.4 Features

  * Localization 

The detailed error messages (i.e. the string returned by the  ExceptionContext.getLocalizedMessage  method) can be localized. However, besides the American/English default, French is the only language for which a translation resource is available. 

  * Exception ""context""

Every exception generated by Commons Math implements the  ExceptionContextProvider  interface. A call to the  ExceptionContextProvider.getContext  method will return the  ExceptionContext  instance stored in the exception, which the user can further customize by adding messages and/or any object.",1,1,org.apache.commons.math3.exception.util.ExceptionContext,unique authoritative class,org.apache.commons:commons-math3:3.6.1,org.apache.commons.math3.exception.util.ExceptionContext,resolved_api,1,,,,,
MATH-0027,math,TU,GeneticAlgorithm,org.apache.commons.math3.genetics.GeneticAlgorithm,org.apache.commons.math3.genetics.GeneticAlgorithm,resolved,1,Implementation of a genetic algorithm. All factors that govern the operation of the algorithm can be configured for a specific problem.,official_javadoc,org.apache.commons:commons-math3:3.6.1-javadoc.jar#org.apache.commons.math3.genetics.GeneticAlgorithm,1,"### 14.2 GA Framework

GeneticAlgorithm  provides an execution framework for Genetic Algorithms (GA).  Populations, consisting of  Chromosomes are evolved by the ` GeneticAlgorithm ` until a  StoppingCondition  is reached. Evolution is determined by  SelectionPolicy ,  MutationPolicy  and  Fitness . 

The GA itself is implemented by the ` GeneticAlgorithm.evolve ` method of the ` GeneticAlgorithm ` class, which looks like this: 
    
    
    public Population evolve(Population initial, StoppingCondition condition) {
        Population current = initial;
        while (!condition.isSatisfied(current)) {
            current = nextGeneration(current);
        }
        return current;
    }
              

The ` GeneticAlgorithm.nextGeneration ` method implements the following algorithm: 

  1. Get nextGeneration population to fill from `current` generation, using its nextGeneration method
  2. Loop until new generation is filled:
     * Apply configured ` SelectionPolicy ` to select a pair of parents from `current`
     * With probability =  GeneticAlgorithm.getCrossoverRate() , apply configured ` CrossoverPolicy ` to parents
     * With probability =  GeneticAlgorithm.getMutationRate() , apply configured ` MutationPolicy ` to each of the offspring
     * Add offspring individually to nextGeneration, space permitting
  3. Return nextGeneration",1,1,org.apache.commons.math3.genetics.GeneticAlgorithm,unique authoritative class,org.apache.commons:commons-math3:3.6.1,org.apache.commons.math3.genetics.GeneticAlgorithm,resolved_api,1,,,,,
MATH-0028,math,TU,FixedGenerationCount,org.apache.commons.math3.genetics.FixedGenerationCount,org.apache.commons.math3.genetics.FixedGenerationCount,resolved,1,"Stops after a fixed number of generations. Each time isSatisfied(Population) is invoked, a generation counter is incremented. Once the counter reaches the configured maxGenerations value, isSatisfied(Population) returns true.",official_javadoc,org.apache.commons:commons-math3:3.6.1-javadoc.jar#org.apache.commons.math3.genetics.FixedGenerationCount,1,"### 14.3 Implementation

Here is an example GA execution: 
    
    
    // initialize a new genetic algorithm
    GeneticAlgorithm ga = new GeneticAlgorithm(
        new OnePointCrossover<Integer>(),
        1,
        new RandomKeyMutation(),
        0.10,
        new TournamentSelection(TOURNAMENT_ARITY)
    );
            
    // initial population
    Population initial = getInitialPopulation();
            
    // stopping condition
    StoppingCondition stopCond = new FixedGenerationCount(NUM_GENERATIONS);
            
    // run the algorithm
    Population finalPopulation = ga.evolve(initial, stopCond);
            
    // best chromosome from the final population
    Chromosome bestFinal = finalPopulation.getFittestChromosome();
            

The arguments to the ` GeneticAlgorithm ` constructor above are:  Parameter | value in example | meaning  
---|---|---  
crossoverPolicy |  OnePointCrossover  | A random crossover point is selected and the first part from each parent is copied to the corresponding child, and the second parts are copied crosswise.  
crossoverRate | 1 | Always apply crossover  
mutationPolicy |  RandomKeyMutation  | Changes a randomly chosen element of the array representation to a random value uniformly distributed in [0,1].  
mutationRate | .1 | Apply mutation with probability 0.1 - that is, 10% of the time.  
selectionPolicy |  TournamentSelection  | Each of the two selected chromosomes is selected based on an n-ary tournament -- this is done by drawing n random chromosomes without replacement from the population, and then selecting the fittest chromosome among them.  
The algorithm starts with an `initial` population of `Chromosomes.` and executes until the specified  StoppingCondition  is reached. In the example above, a  FixedGenerationCount  stopping condition is used, which means the algorithm proceeds through a fixed number of generations.",1,0,org.apache.commons.math3.genetics.FixedGenerationCount,unique authoritative class,org.apache.commons:commons-math3:3.6.1,org.apache.commons.math3.genetics.FixedGenerationCount,resolved_api,1,,,,,
MATH-0029,math,TU,RealVector,org.apache.commons.math3.linear.RealVector,org.apache.commons.math3.linear.RealVector,resolved,1,"Class defining a real-valued vector with basic algebraic operations. vector element indexing is 0-based -- e.g., getEntry(0) returns the first element of the vector. The code map and mapToSelf methods operate on vectors element-wise, i.e. they perform the same operation (adding a scalar, applying a function ...) on each element in turn. The map versions create a new vector to hold the result and do not change the instance. The mapToSelf version uses the instance itself to store the results, so the instance is changed by this method. In all cases, the result vector is returned by the methods, allowing the fluent API style, like this: RealVector result = v.mapAddToSelf(3.4).mapToSelf(new Tan()).mapToSelf(new Power(2.3));",official_javadoc,org.apache.commons:commons-math3:3.6.1-javadoc.jar#org.apache.commons.math3.linear.RealVector,1,"### 3.3 Real vectors

The  RealVector  interface represents a vector with real numbers as entries. The following basic matrix operations are supported: 

  * Vector addition, subtraction
  * Element by element multiplication, division
  * Scalar addition, subtraction, multiplication, division and power
  * Mapping of mathematical functions (cos, sin ...)
  * Dot product, outer product
  * Distance and norm according to norms L1, L2 and Linf



The  RealVectorFormat  class handles input/output of vectors in a customizable textual format.",1,1,org.apache.commons.math3.linear.RealVector,unique authoritative class,org.apache.commons:commons-math3:3.6.1,org.apache.commons.math3.linear.RealVector,resolved_api,1,,,,,
MATH-0030,math,SO,DecompositionSolver,org.apache.commons.math3.linear.DecompositionSolver,org.apache.commons.math3.linear.DecompositionSolver,resolved,1,"Interface handling decomposition algorithms that can solve A × X = B. Decomposition algorithms decompose an A matrix has a product of several specific matrices from which they can solve A × X = B in least squares sense: they find X such that ||A × X - B|| is minimal. Some solvers like LUDecomposition can only find the solution for square matrices and when the solution is an exact linear solution, i.e. when ||A × X - B|| is exactly 0. Other solvers can also find solutions with non-square matrix A and with non-null minimal norm. If an exact linear solution exists it is also the minimal norm solution.",official_javadoc,org.apache.commons:commons-math3:3.6.1-javadoc.jar#org.apache.commons.math3.linear.DecompositionSolver,1,"numpy.linalg.lstsq equivalent in Apacha Commons Math Java library? 

I have the following call to numpy.linalg.lstsq:

http://docs.scipy.org/doc/numpy/reference/generated/numpy.linalg.lstsq.html

x = [[ 0.69314718] [ 1.09861229] [ 1.38629436] [ 1.60943791] [ 1.79175947] [ 1.94591015]]

y = [ 0. 0.20273255 0.5815754 0.7520387 0.96885669 1.09861229]

l = numpy.linalg.lstsq(x, y)

which returns

l -> tuple: (array([ 0.46323573]), array([ 0.25872885]), 1, array([ 3.63269497]))

Could somebody point out the equivalent function (if available) in

http://commons.apache.org/math/

(or possibly in some other Java math library ...)

Thanks

Thank you for the pointer Joe.

Here is the code for reference:
    
    
    double[][] testSquare = {{0.69314718}, {1.09861229}, {1.38629436}, {1.60943791}, {1.79175947}, {1.94591015}};
    RealMatrix matrix = MatrixUtils.createRealMatrix(testSquare);
    SingularValueDecomposition svd = new SingularValueDecomposition(matrix);
    DecompositionSolver ds=svd.getSolver();
    double[] b = {0.0, 0.20273255, 0.5815754, 0.7520387, 0.96885669, 1.09861229};
    ds.solve(b)[0];",1,1,org.apache.commons.math3.linear.DecompositionSolver,unique authoritative class,org.apache.commons:commons-math3:3.6.1,org.apache.commons.math3.linear.DecompositionSolver,resolved_api,1,,,,,
MATH-0031,math,SO,Array2DRowRealMatrix,org.apache.commons.math3.linear.Array2DRowRealMatrix,org.apache.commons.math3.linear.Array2DRowRealMatrix,resolved,1,Implementation of RealMatrix using a double[][] array to store entries.,official_javadoc,org.apache.commons:commons-math3:3.6.1-javadoc.jar#org.apache.commons.math3.linear.Array2DRowRealMatrix,1,"Computation of polynomial coefficients 

I need math library to solve simple system of 3 equations like (ax2 + bx + c = y) and get `a, b, c`, where I know 3 couples `(x,y)`.

I searching for something but I didn't find anything useful for me.

Question solved, thanks to Zong Zheng Li and Pavlos Fragkiadoulakis
    
    
    RealMatrix coefficients = new Array2DRowRealMatrix(new double[][] { { px1*px1, px1, 1 }, { px2*px2, px2, 1 },
    { x*x, x, 1 } }, false);
    DecompositionSolver solver = new LUDecomposition(coefficients).getSolver();
    RealVector constants = new ArrayRealVector(new double[] { py1, py2, y }, false);
    RealVector solution = solver.solve(constants);
    double a = solution.getEntry(0);
    double b = solution.getEntry(1);
    double c = solution.getEntry(2);",1,0,org.apache.commons.math3.linear.Array2DRowRealMatrix,unique authoritative class,org.apache.commons:commons-math3:3.6.1,org.apache.commons.math3.linear.Array2DRowRealMatrix,resolved_api,1,,,,,
MATH-0032,math,SO,Math.ulp,java.lang.Math#ulp(double),java.lang.Math,resolved,1,"Math.ulp is used to compute the unit in the last place (ULP) of a floating-point value, representing the distance between that value and the next representable value. It is typically used when reasoning about floating-point precision or rounding behavior.",qwen3.8-max,model:qwen3.8-max,0,"How to compute `ulp`when `Math.ulp` is missing? 

I need the ulp for a given double value, but since I am developing for Codename ONE, `ulp(double)` is not provided. Does anyone know an efficient algorithm to compute `ulp` in Java? Codename ONE provides just some of the methods in the `Math` class (javadoc for the CN1 version) and some of the gaps are filled in MathUtil.

As a workaround, I use this (incorrect) code until I find a working replacement: 
    
    
    private double ulp(double y) {
    return y/1e15;
    }
    

EDIT: I ""rolled my own"" and have just posted my code for review. Just in case someone else needs this.

I'm not sure why your implementation of ULP takes signs and other criteria into account, when ULP returns the absolute value of the difference between the given value and the next floating point number in magnitude.

Here's an example of all you need to do; it's written in C#, but it's close enough to Java to understand.
    
    
    public static double ULP(double value)
    {
    // This is actually a constant in the same static class as this method, but 
    // we put it here for brevity of this example.
    const double MaxULP = 1.9958403095347198116563727130368E+292;
    if (Double.IsNaN(value))
    {
    return Double.NaN;
    }
    else if (Double.IsPositiveInfinity(value) || Double.IsNegativeInfinity(value))
    {
    return Double.PositiveInfinity;
    }
    else if (value == 0.0)
    {
    return Double.Epsilon; // Equivalent of Double.MIN_VALUE in Java; Double.MinValue in C# is the actual minimum value a double can hold.
    }
    else if (Math.Abs(value) == Double.MaxValue)
    {
    return MaxULP;
    }
    // All you need to understand about DoubleInfo is that it's a helper struct 
    // that provides more functionality than is used here, but in this situation, 
    // we only use the `Bits` property, which is just the double converted into a 
    // long.
    DoubleInfo info = new DoubleInfo(value);
    // This is safe because we already checked for value == Double.MaxValue.
    return Math.Abs(BitConverter.Int64BitsToDouble(info.Bits + 1) - value);
    }",1,0,java.lang.Math#ulp(double),KU explicitly says 'given double value' and 'ulp(double)'.,Eclipse Temurin OpenJDK:8u504-b01,java.lang.Math#ulp(double),resolved_api,1,,,,,
MATH-0033,math,SO,UnivariateFunction,org.apache.commons.math3.analysis.UnivariateFunction,org.apache.commons.math3.analysis.UnivariateFunction,resolved,1,"An interface representing a univariate real function. When a user-defined function encounters an error during evaluation, the value method should throw a user-defined unchecked exception. The following code excerpt shows the recommended way to do that using a root solver as an example, but the same construct is applicable to ODE integrators or optimizers. private static class LocalException extends RuntimeException { // The x value that caused the problem. private final double x; public LocalException(double x) { this.x = x; } public double getX() { return x; } } private static class MyFunction implements UnivariateFunction { public double value(double x) { double y = hugeFormula(x); if (somethingBadHappens) { throw new LocalException(x); } return y; } } public void compute() { try { solver.solve(maxEval, new MyFunction(a, b, c), min, max); } catch (LocalException le) { // Retrieve the x value. } } As shown, the exception is local to the user's code and it is guaranteed that Apache Commons Math will not catch it.",official_javadoc,org.apache.commons:commons-math3:3.6.1-javadoc.jar#org.apache.commons.math3.analysis.UnivariateFunction,1,"Calculating Log and Exp of a value using Apache Commons 

I have a mortality risk calculation that requires the determination of natural logs and exp decay. The method is detailed below. I am curious to know why the methods for calculating exp etc are not static and if I use a single Log (or Exp) object for multiple arguments if there is a risk of incorrect calculations. That is can I use a single instance of Log to calculate Log (2.3) and Log (567)?
    
    
    public Double getROD(Integer score) {
    Double beta0 = new Double(-7.7631);
    Double beta1 = new Double(0.0737);
    Double beta2 = new Double(0.9971);
    Log log = new Log();
    Exp exp = new Exp();
    Double logit = beta0 + (beta1 * score) + (beta2 * log.value(new Double(score + 1)));
    Double mortality = exp.value(logit) / (1 + exp.value(logit));
    return mortality;
    }
    

I have tried the following:
    
    
    Log log = new Log();
    Double arg1 = log.value(new Double(12.3));
    Double arg2 = log.value(new Double(29.12));
    System.out.println(arg1.toString() + "" : "" + arg2.toString());
    

which results in 
    
    
    2.509599262378372 : 3.3714252233284854
    

However, there is still a question as to this being the intended behaviour across all uses.

The `Exp`, `Log`, etc. classes store no state. The reason their `value` methods are not static is to fulfil the `UnivariateFunction` interface. So, yes, you can safely reuse the objects.

One of the nice things about the `UnivariateFunction` interface is that you can write a function that takes such an object, and the user can parameterise your function by passing in an appropriate function object. This concept is called higher-order functions (if you come from the FP camp, as I do) or strategy pattern (if you come from the OOP camp).",1,1,org.apache.commons.math3.analysis.UnivariateFunction,unique authoritative class,org.apache.commons:commons-math3:3.6.1,org.apache.commons.math3.analysis.UnivariateFunction,resolved_api,1,,,,,
MATH-0034,math,SO,Fraction,org.apache.commons.math3.fraction.Fraction,org.apache.commons.math3.fraction.Fraction,resolved,1,Representation of a rational number. implements Serializable since 2.0,official_javadoc,org.apache.commons:commons-math3:3.6.1-javadoc.jar#org.apache.commons.math3.fraction.Fraction,1,"While loop not executing 

i am new to java and need help please. My while loop isn't working. It doesn't execute anything other than count.

For this question I need to make fraction class that has mutator and accessory methods. Then I have to make the numerator and denominator to lowest form so i am use while loop to find greatest common divisor by using module. Any other critic is also appreciated. 
    
    
    public class Fraction {
    private int numerator;
    private int denominator;
    public Fraction(){
    }
    public Fraction(int num, int den){
    this.numerator = num;
    this.denominator = den;
    }
    public void setNumerator(int numerator){
    this.numerator = numerator;
    }
    public void setDenominator(int denominator){
    this.denominator = denominator;
    }
    public double divided(){
    double divide = (double)this.numerator/this.denominator;
    return divide;
    }
    public String printFraction(){
    int numerator = greatestCommmonNumetaror();
    return """";
    }
    private int greatestCommmonNumetaror(){
    int count = 1;
    int first;
    int mod;
    while(count != this.numerator){// need help with this
    mod = this.numerator%count;
    if(mod != 0){
    first = count;
    if(first < count){
    first = count;
    }
    }
    count++;
    }
    return 1;
    }
    }
    

While loop very well executes if you call that. Just added couple of System.out.println and you can see that it is executing:
    
    
    private int greatestCommmonNumetaror(){
    int count = 1;
    int first;
    int mod;
    System.out.println(""Outside while: count is ""+count+"" and this.numerator is ""+this.numerator);
    while(count != this.numerator){// need help with this
    System.out.println(""In while: Count is ""+count);
    mod = this.numerator%count;
    System.out.println(""In while: mod is ""+mod);
    if(mod != 0){
    first = count;
    System.out.println(""In while and if: first is ""+first+"" and count is ""+count);
    if(first < count){
    first = count;
    System.out.println(""In while and if and if: first is ""+first+"" and count is ""+count);
    }
    }
    count++;
    }
    return 1;
    }
    public String printFraction(){
    int numerator = greatestCommmonNumetaror();
    return """";
    }
    

Also added below mentioned code to call printFraction:
    
    
    public static void main(String[] args){
    Fraction fraction = new Fraction(3,5);
    fraction.printFraction();
    }
    

And you can see the output:
    
    
    Outside while: count is 1 and this.numerator is 3
    In while: Count is 1
    In while: mod is 0
    In while: Count is 2
    In while: mod is 1
    In while and if: first is 2 and count is 2
    

So it does goes to while loop. 

*Edit: Although using System.out.println you should be able to see the issue with your algorithm but still if you have any further issue, can you please explain your algorithm with example.",1,1,org.apache.commons.math3.fraction.Fraction,unique authoritative class,org.apache.commons:commons-math3:3.6.1,org.apache.commons.math3.fraction.Fraction,resolved_api,1,,,,,
MATH-0035,math,SO,PolynomialFunction,org.apache.commons.math3.analysis.polynomials.PolynomialFunction,org.apache.commons.math3.analysis.polynomials.PolynomialFunction,resolved,1,Immutable representation of a real polynomial function with real coefficients. Horner's Method is used to evaluate the function.,official_javadoc,org.apache.commons:commons-math3:3.6.1-javadoc.jar#org.apache.commons.math3.analysis.polynomials.PolynomialFunction,1,"Finding optima of PolynomialFunction in commons.math 

Is there a simple way to find the optimum of a PolynomialFunction (which is also a UnivariateDifferentiableFunction) in commons.math? There are a bewildering array of multidimensional optimizers, but AFAICS the only explicitly univariate optimizer is Brent, which doesn't take advantage of the differentiability.

Here's some code in the spirit of the answer from ortis:
    
    
    Optional< Double >
    optimizeNR( PolynomialFunction f, double min, double max, double tol ) {
    NewtonRaphsonSolver solver = new NewtonRaphsonSolver();
    final double opt = solver.solve( MAX_EVAL, f.polynomialDerivative(), min, max);
    if( f.value( opt - tol ) < opt && f.value( opt + tol ) < opt )
    return Optional.of( opt );
    else
    return Optional.empty();
    }",1,0,org.apache.commons.math3.analysis.polynomials.PolynomialFunction,unique authoritative class,org.apache.commons:commons-math3:3.6.1,org.apache.commons.math3.analysis.polynomials.PolynomialFunction,resolved_api,1,,,,,
MATH-0036,math,SO,DataFrameNaFunctions.fill,"org.apache.spark.sql.DataFrameNaFunctions#fill(java.lang.String,scala.collection.Seq)",org.apache.spark.sql.DataFrameNaFunctions,resolved,1,"DataFrameNaFunctions.fill is used to replace null values in a DataFrame with a specified replacement value, optionally for a subset of columns. It is commonly used to impute missing values before model training or other DataFrame operations.",qwen3.8-max,model:qwen3.8-max,0,"How to replace null values with a specific value in Dataframe using spark in Java? 

I am trying improve the accuracy of Logistic regression algorithm implemented in Spark using Java. For this I'm trying to replace Null or invalid values present in a column with the most frequent value of that column. For Example:-
    
    
    Name|Place
    a |a1
    a |a2
    a |a2
    |d1
    b |a2
    c |a2
    c |
    |
    d |c1
    

In this case I'll replace all the NULL values in column ""Name"" with 'a' and in column ""Place"" with 'a2'. Till now I am able to extract only the most frequent columns in a particular column. Can you please help me with the second step on how to replace the null or invalid values with the most frequent values of that column.

You can use `.na.fill` function (it is a function in org.apache.spark.sql.DataFrameNaFunctions).

Basically the function you need is: `def fill(value: String, cols: Seq[String]): DataFrame`

You can choose the columns, and you choose the value you want to replace the null or NaN.

In your case it will be something like:
    
    
    val df2 = df.na.fill(""a"", Seq(""Name""))
    .na.fill(""a2"", Seq(""Place""))",1,1,"org.apache.spark.sql.DataFrameNaFunctions#fill(java.lang.String,scala.collection.Seq)","KU supplies fill(value: String, cols: Seq[String]): DataFrame; erased signature verified in Spark 1.6.3 (validation version, not inferred original version).",org.apache.spark:spark-sql_2.10:1.6.3,"org.apache.spark.sql.DataFrameNaFunctions#fill(java.lang.String,scala.collection.Seq)",resolved_api,1,,,,,
MATH-0037,math,TU,Complex,org.apache.commons.math3.complex.Complex,org.apache.commons.math3.complex.Complex,resolved,1,"Representation of a Complex number, i.e. a number which has both a real and imaginary part. Implementations of arithmetic operations handle NaN and infinite values according to the rules for Double , i.e. equals(java.lang.Object) is an equivalence relation for all instances that have a NaN in either real or imaginary part, e.g. the following are considered equal: 1 + NaNi NaN + i NaN + NaNi Note that this contradicts the IEEE-754 standard for floating point numbers (according to which the test x == x must fail if x is NaN ). The method equals for primitive double in Precision conforms with IEEE-754 while this class conforms with the standard behavior for Java object types.",official_javadoc,org.apache.commons:commons-math3:3.6.1-javadoc.jar#org.apache.commons.math3.complex.Complex,1,"### 7.4  Complex  Formatting and Parsing

` Complex ` instances can be converted to and from strings using the ComplexFormat  class. ` ComplexFormat ` is a `java.text.Format` extension and, as such, is used like other formatting objects (e.g. `java.text.SimpleDateFormat`): 
    
    
    ComplexFormat format = new ComplexFormat(); // default format
    Complex c = new Complex(1.1111, 2.2222);
    String s = format.format(c); // s contains ""1.11 + 2.22i""

To customize the formatting output, one or two `java.text.NumberFormat` instances can be used to construct a ` ComplexFormat `. These number formats control the formatting of the real and imaginary values of the complex number: 
    
    
    NumberFormat nf = NumberFormat.getInstance();
    nf.setMinimumFractionDigits(3);
    nf.setMaximumFractionDigits(3);
    
    // create complex format with custom number format
    // when one number format is used, both real and
    // imaginary parts are formatted the same
    ComplexFormat cf = new ComplexFormat(nf);
    Complex c = new Complex(1.11, 2.2222);
    String s = format.format(c); // s contains ""1.110 + 2.222i""
    
    NumberFormat nf2 = NumberFormat.getInstance();
    nf.setMinimumFractionDigits(1);
    nf.setMaximumFractionDigits(1);
    
    // create complex format with custom number formats
    cf = new ComplexFormat(nf, nf2);
    s = format.format(c); // s contains ""1.110 + 2.2i""

Another formatting customization provided by ` ComplexFormat ` is the text used for the imaginary designation. By default, the imaginary notation is ""i"" but, it can be manipulated using the `setImaginaryCharacter` method. 

Formatting inverse operation, parsing, can also be performed by ` ComplexFormat `. Parse a complex number from a string, simply call the ` ComplexFormat.parse ` method: 
    
    
    ComplexFormat cf = new ComplexFormat();
    Complex c = cf.parse(""1.110 + 2.222i"");",1,1,org.apache.commons.math3.complex.Complex,unique authoritative class,org.apache.commons:commons-math3:3.6.1,org.apache.commons.math3.complex.Complex,resolved_api,1,,,,,
MATH-0038,math,TU,KalmanFilter,org.apache.commons.math3.filter.KalmanFilter,org.apache.commons.math3.filter.KalmanFilter,resolved,1,"Implementation of a Kalman filter to estimate the state x k of a discrete-time controlled process that is governed by the linear stochastic difference equation: x k = A x k-1 + B u k-1 + w k-1 with a measurement x k that is z k = H x k + v k . The random variables w k and v k represent the process and measurement noise and are assumed to be independent of each other and distributed with normal probability (white noise). The Kalman filter cycle involves the following steps: predict: project the current state estimate ahead in time correct: adjust the projected estimate by an actual measurement The Kalman filter is initialized with a ProcessModel and a MeasurementModel , which contain the corresponding transformation and noise covariance matrices. The parameter names used in the respective models correspond to the following names commonly used in the mathematical literature: A - state transition matrix B - control input matrix H - measurement matrix Q - process noise covariance matrix R - measurement noise covariance matrix P - error covariance matrix",official_javadoc,org.apache.commons:commons-math3:3.6.1-javadoc.jar#org.apache.commons.math3.filter.KalmanFilter,1,"### 15.2 Kalman Filter

KalmanFilter  provides a discrete-time filter to estimate a stochastic linear process.

A Kalman filter is initialized with a  ProcessModel  and a  MeasurementModel , which contain the corresponding transformation and noise covariance matrices. The parameter names used in the respective models correspond to the following names commonly used in the mathematical literature: 

  * A - state transition matrix
  * B - control input matrix
  * H - measurement matrix
  * Q - process noise covariance matrix
  * R - measurement noise covariance matrix
  * P - error covariance matrix

Initialization 
     The following code will create a Kalman filter using the provided DefaultMeasurementModel and DefaultProcessModel classes. To support dynamically changing process and measurement noises, simply implement your own models. 
    
    
    // A = [ 1 ]
    RealMatrix A = new Array2DRowRealMatrix(new double[] { 1d });
    // no control input
    RealMatrix B = null;
    // H = [ 1 ]
    RealMatrix H = new Array2DRowRealMatrix(new double[] { 1d });
    // Q = [ 0 ]
    RealMatrix Q = new Array2DRowRealMatrix(new double[] { 0 });
    // R = [ 0 ]
    RealMatrix R = new Array2DRowRealMatrix(new double[] { 0 });
    
    ProcessModel pm
       = new DefaultProcessModel(A, B, Q, new ArrayRealVector(new double[] { 0 }), null);
    MeasurementModel mm = new DefaultMeasurementModel(H, R);
    KalmanFilter filter = new KalmanFilter(pm, mm);
     			

Iteration 
     The following code illustrates how to perform the predict/correct cycle: 
    
    
    for (;;) {
       // predict the state estimate one time-step ahead
       // optionally provide some control input
       filter.predict();
    
       // obtain measurement vector z
       RealVector z = getMeasurement();
    
       // correct the state estimate with the latest measurement
       filter.correct(z);
       
       double[] stateEstimate = filter.getStateEstimation();
       // do something with it
    }
    		  

Constant Voltage Example 
     The following example creates a Kalman filter for a static process: a system with a constant voltage as internal state. We observe this process with an artificially imposed measurement noise of 0.1V and assume an internal process noise of 1e-5V. 
    
    
    double constantVoltage = 10d;
    double measurementNoise = 0.1d;
    double processNoise = 1e-5d;
    
    // A = [ 1 ]
    RealMatrix A = new Array2DRowRealMatrix(new double[] { 1d });
    // B = null
    RealMatrix B = null;
    // H = [ 1 ]
    RealMatrix H = new Array2DRowRealMatrix(new double[] { 1d });
    // x = [ 10 ]
    RealVector x = new ArrayRealVector(new double[] { constantVoltage });
    // Q = [ 1e-5 ]
    RealMatrix Q = new Array2DRowRealMatrix(new double[] { processNoise });
    // P = [ 1 ]
    RealMatrix P0 = new Array2DRowRealMatrix(new double[] { 1d });
    // R = [ 0.1 ]
    RealMatrix R = new Array2DRowRealMatrix(new double[] { measurementNoise });
    
    ProcessModel pm = new DefaultProcessModel(A, B, Q, x, P0);
    MeasurementModel mm = new DefaultMeasurementModel(H, R);
    KalmanFilter filter = new KalmanFilter(pm, mm);  
    
    // process and measurement noise vectors
    RealVector pNoise = new ArrayRealVector(1);
    RealVector mNoise = new ArrayRealVector(1);
    
    RandomGenerator rand = new JDKRandomGenerator();
    // iterate 60 steps
    for (int i = 0; i < 60; i++) {
        filter.predict();
    
        // simulate the process
        pNoise.setEntry(0, processNoise * rand.nextGaussian());
    
        // x = A * x + p_noise
        x = A.operate(x).add(pNoise);
    
        // simulate the measurement
        mNoise.setEntry(0, measurementNoise * rand.nextGaussian());
    
        // z = H * x + m_noise
        RealVector z = H.operate(x).add(mNoise);
    
        filter.correct(z);
    
        double voltage = filter.getStateEstimation()[0];
    }",1,1,org.apache.commons.math3.filter.KalmanFilter,unique authoritative class,org.apache.commons:commons-math3:3.6.1,org.apache.commons.math3.filter.KalmanFilter,resolved_api,1,,,,,
MATH-0039,math,TU,MeasurementModel,org.apache.commons.math3.filter.MeasurementModel,org.apache.commons.math3.filter.MeasurementModel,resolved,1,Defines the measurement model for the use with a KalmanFilter .,official_javadoc,org.apache.commons:commons-math3:3.6.1-javadoc.jar#org.apache.commons.math3.filter.MeasurementModel,1,"### 15.2 Kalman Filter

KalmanFilter  provides a discrete-time filter to estimate a stochastic linear process.

A Kalman filter is initialized with a  ProcessModel  and a  MeasurementModel , which contain the corresponding transformation and noise covariance matrices. The parameter names used in the respective models correspond to the following names commonly used in the mathematical literature: 

  * A - state transition matrix
  * B - control input matrix
  * H - measurement matrix
  * Q - process noise covariance matrix
  * R - measurement noise covariance matrix
  * P - error covariance matrix

Initialization 
     The following code will create a Kalman filter using the provided DefaultMeasurementModel and DefaultProcessModel classes. To support dynamically changing process and measurement noises, simply implement your own models. 
    
    
    // A = [ 1 ]
    RealMatrix A = new Array2DRowRealMatrix(new double[] { 1d });
    // no control input
    RealMatrix B = null;
    // H = [ 1 ]
    RealMatrix H = new Array2DRowRealMatrix(new double[] { 1d });
    // Q = [ 0 ]
    RealMatrix Q = new Array2DRowRealMatrix(new double[] { 0 });
    // R = [ 0 ]
    RealMatrix R = new Array2DRowRealMatrix(new double[] { 0 });
    
    ProcessModel pm
       = new DefaultProcessModel(A, B, Q, new ArrayRealVector(new double[] { 0 }), null);
    MeasurementModel mm = new DefaultMeasurementModel(H, R);
    KalmanFilter filter = new KalmanFilter(pm, mm);
     			

Iteration 
     The following code illustrates how to perform the predict/correct cycle: 
    
    
    for (;;) {
       // predict the state estimate one time-step ahead
       // optionally provide some control input
       filter.predict();
    
       // obtain measurement vector z
       RealVector z = getMeasurement();
    
       // correct the state estimate with the latest measurement
       filter.correct(z);
       
       double[] stateEstimate = filter.getStateEstimation();
       // do something with it
    }
    		  

Constant Voltage Example 
     The following example creates a Kalman filter for a static process: a system with a constant voltage as internal state. We observe this process with an artificially imposed measurement noise of 0.1V and assume an internal process noise of 1e-5V. 
    
    
    double constantVoltage = 10d;
    double measurementNoise = 0.1d;
    double processNoise = 1e-5d;
    
    // A = [ 1 ]
    RealMatrix A = new Array2DRowRealMatrix(new double[] { 1d });
    // B = null
    RealMatrix B = null;
    // H = [ 1 ]
    RealMatrix H = new Array2DRowRealMatrix(new double[] { 1d });
    // x = [ 10 ]
    RealVector x = new ArrayRealVector(new double[] { constantVoltage });
    // Q = [ 1e-5 ]
    RealMatrix Q = new Array2DRowRealMatrix(new double[] { processNoise });
    // P = [ 1 ]
    RealMatrix P0 = new Array2DRowRealMatrix(new double[] { 1d });
    // R = [ 0.1 ]
    RealMatrix R = new Array2DRowRealMatrix(new double[] { measurementNoise });
    
    ProcessModel pm = new DefaultProcessModel(A, B, Q, x, P0);
    MeasurementModel mm = new DefaultMeasurementModel(H, R);
    KalmanFilter filter = new KalmanFilter(pm, mm);  
    
    // process and measurement noise vectors
    RealVector pNoise = new ArrayRealVector(1);
    RealVector mNoise = new ArrayRealVector(1);
    
    RandomGenerator rand = new JDKRandomGenerator();
    // iterate 60 steps
    for (int i = 0; i < 60; i++) {
        filter.predict();
    
        // simulate the process
        pNoise.setEntry(0, processNoise * rand.nextGaussian());
    
        // x = A * x + p_noise
        x = A.operate(x).add(pNoise);
    
        // simulate the measurement
        mNoise.setEntry(0, measurementNoise * rand.nextGaussian());
    
        // z = H * x + m_noise
        RealVector z = H.operate(x).add(mNoise);
    
        filter.correct(z);
    
        double voltage = filter.getStateEstimation()[0];
    }",1,1,org.apache.commons.math3.filter.MeasurementModel,unique authoritative class,org.apache.commons:commons-math3:3.6.1,org.apache.commons.math3.filter.MeasurementModel,resolved_api,1,,,,,
MATH-0040,math,TU,Rotation,org.apache.commons.math3.geometry.euclidean.threed.Rotation,org.apache.commons.math3.geometry.euclidean.threed.Rotation,resolved,1,"This class implements rotations in a three-dimensional space. Rotations can be represented by several different mathematical entities (matrices, axe and angle, Cardan or Euler angles, quaternions). This class presents an higher level abstraction, more user-oriented and hiding this implementation details. Well, for the curious, we use quaternions for the internal representation. The user can build a rotation from any of these representations, and any of these representations can be retrieved from a Rotation instance (see the various constructors and getters). In addition, a rotation can also be built implicitly from a set of vectors and their image. This implies that this class can be used to convert from one representation to another one. For example, converting a rotation matrix into a set of Cardan angles from can be done using the following single line of code: double[] angles = new Rotation(matrix, 1.0e-10).getAngles(RotationOrder.XYZ); Focus is oriented on what a rotation do rather than on its underlying representation. Once it has been built, and regardless of its internal representation, a rotation is an operator which basically transforms three dimensional vectors into other three dimensional vectors . Depending on the application, the meaning of these vectors may vary and the semantics of the rotation also. For example in an spacecraft attitude simulation tool, users will often consider the vectors are fixed (say the Earth direction for example) and the frames change. The rotation transforms the coordinates of the vector in inertial frame into the coordinates of the same vector in satellite frame. In this case, the rotation implicitly defines the relation between the two frames. Another example could be a telescope control application, where the rotation would transform the sighting direction at rest into the desired observing direction when the telescope is pointed towards an object of interest. In this case the rotation transforms the direction at rest in a topocentric frame into the sighting direction in the same topocentric frame. This implies in this case the frame is fixed and the vector moves. In many case, both approaches will be combined. In our telescope example, we will probably also need to transform the observing direction in the topocentric frame into the observing direction in inertial frame taking into account the observatory location and the Earth rotation, which would essentially be an application of the first approach. These examples show that a rotation is what the user wants it to be. This class does not push the user towards one specific definition and hence does not provide methods like projectVectorIntoDestinationFrame or computeTransformedDirection . It provides simpler and more generic methods: applyTo(Vector3D) and applyInverseTo(Vector3D) . Since a rotation is basically a vectorial operator, several rotations can be composed together and the composite operation r = r 1 o r 2 (which means that for each vector u , r(u) = r 1 (r 2 (u)) ) is also a rotation. Hence we can consider that in addition to vectors, a rotation can be applied to other rotations as well (or to itself). With our previous notations, we would say we can apply r 1 to r 2 and the result we get is r = r 1 o r 2 . For this purpose, the class provides the methods: applyTo(Rotation) and applyInverseTo(Rotation) . Rotations are guaranteed to be immutable objects.",official_javadoc,org.apache.commons:commons-math3:3.6.1-javadoc.jar#org.apache.commons.math3.geometry.euclidean.threed.Rotation,1,"### 11.2 Euclidean spaces - part 3

The generic vectorial space operations are available including dot product, normalization, orthogonal vector finding and angular separation computation which have a specific meaning in 3D. The 3D geometry specific cross product is of course also implemented. 

Vector3DFormat  is a specialized format for formatting output or parsing input with text representation of 3D vectors. 

Rotation  represents 3D rotations. Rotation instances are also immutable objects, as Vector3D instances. 

Rotations can be represented by several different mathematical entities (matrices, axe and angle, Cardan or Euler angles, quaternions). This class presents a higher level abstraction, more user-oriented and hiding implementation details. Well, for the curious, we use quaternions for the internal representation. The user can build a rotation from any of these representations, and any of these representations can be retrieved from a ` Rotation ` instance (see the various constructors and getters). In addition, a rotation can also be built implicitely from a set of vectors and their image.",1,1,org.apache.commons.math3.geometry.euclidean.threed.Rotation,unique authoritative class,org.apache.commons:commons-math3:3.6.1,org.apache.commons.math3.geometry.euclidean.threed.Rotation,resolved_api,1,,,,,
MATH-0041,math,TU,SingularValueDecomposition,org.apache.commons.math3.linear.SingularValueDecomposition,org.apache.commons.math3.linear.SingularValueDecomposition,resolved,1,"Calculates the compact Singular Value Decomposition of a matrix. The Singular Value Decomposition of matrix A is a set of three matrices: U, Σ and V such that A = U × Σ × V T . Let A be a m × n matrix, then U is a m × p orthogonal matrix, Σ is a p × p diagonal matrix with positive or null elements, V is a p × n orthogonal matrix (hence V T is also orthogonal) where p=min(m,n). This class is similar to the class with similar name from the JAMA library, with the following changes: the norm2 method which has been renamed as getNorm , the cond method which has been renamed as getConditionNumber , the rank method which has been renamed as getRank , a getUT method has been added, a getVT method has been added, a getSolver method has been added, a getCovariance method has been added.",official_javadoc,org.apache.commons:commons-math3:3.6.1-javadoc.jar#org.apache.commons.math3.linear.SingularValueDecomposition,1,"### 3.5 Eigenvalues/eigenvectors and singular values/singular vectors

Decomposition algorithms may be used for themselves and not only for linear system solving. This is of prime interest with eigen decomposition and singular value decomposition. 

The `getEigenvalue()`, `getEigenvalues()`, `getEigenVector()`, ` EigenDecomposition.getV() `, ` EigenDecomposition.getD() ` and ` EigenDecomposition.getVT() ` methods of the ` EigenDecomposition ` interface support solving eigenproblems of the form AX = lambda X where lambda is a real scalar. 

The ` SingularValueDecomposition.getSingularValues() `, ` SingularValueDecomposition.getU() `, ` SingularValueDecomposition.getS() ` and ` SingularValueDecomposition.getV() ` methods of the ` SingularValueDecomposition ` interface allow to solve singular values problems of the form AXi = lambda Yi where lambda is a real scalar, and where the Xi and Yi vectors form orthogonal bases of their respective vector spaces (which may have different dimensions).",1,1,org.apache.commons.math3.linear.SingularValueDecomposition,unique authoritative class,org.apache.commons:commons-math3:3.6.1,org.apache.commons.math3.linear.SingularValueDecomposition,resolved_api,1,,,,,
MATH-0042,math,SO,SingularValueDecomposition,org.apache.commons.math3.linear.SingularValueDecomposition,org.apache.commons.math3.linear.SingularValueDecomposition,resolved,1,"Calculates the compact Singular Value Decomposition of a matrix. The Singular Value Decomposition of matrix A is a set of three matrices: U, Σ and V such that A = U × Σ × V T . Let A be a m × n matrix, then U is a m × p orthogonal matrix, Σ is a p × p diagonal matrix with positive or null elements, V is a p × n orthogonal matrix (hence V T is also orthogonal) where p=min(m,n). This class is similar to the class with similar name from the JAMA library, with the following changes: the norm2 method which has been renamed as getNorm , the cond method which has been renamed as getConditionNumber , the rank method which has been renamed as getRank , a getUT method has been added, a getVT method has been added, a getSolver method has been added, a getCovariance method has been added.",official_javadoc,org.apache.commons:commons-math3:3.6.1-javadoc.jar#org.apache.commons.math3.linear.SingularValueDecomposition,1,"How do I fix this ArrayIndexOutOfBounds error in Jama? 

I am using jama libarary for matrix. I used following matrix but when i tried to get S, it gave me error.
    
    
    1.0 1.0 0.0 1.0 0.0 0.0 0.0 0.0 0.0 11.0 1.0
    1.0 0.0 0.0 0.0 0.0 0.0 1.0 0.0 0.0 12.0 2.0
    1.0 1.0 0.0 0.0 0.0 0.0 0.0 0.0 1.0 13.0 3.0
    

When I tried to get S it produce following error.
    
    
    Exception in thread ""main"" java.lang.ArrayIndexOutOfBoundsException: 4
    at Jama.SingularValueDecomposition.getS(SingularValueDecomposition.java:507)
    at SVD2.main(SVD2.java:19)
    

Here is the code
    
    
    public class SVD2 {
    public static void main(String[] args) {
    double[][] vals = {
    {1,1,0,1,0,0,0,0,0,11,1},
    {1,0,0,0,0,0,1,0,0,12,2},
    {1,1,0,0,0,0,0,0,1,13,3}
    };
    Matrix A = new Matrix(vals,3,11);
    System.out.println(""The Matrix A is "");
    A.print(11, 2);
    System.out.println();
    System.out.println(""The SVD of A is "");
    SingularValueDecomposition svd = A.svd();
    Matrix S = svd.getS(); 
    }
    }
    

For Jama's singular value decomposition, the number of rows must not be less than the number of columns. Maybe you should try SVD on the transpose of the matrix you provided.

EDIT: Here's the relevant code from `SingularValueDecomposition.java`:
    
    
     public Matrix getS () {
    Matrix X = new Matrix(n,n);
    double[][] S = X.getArray();
    for (int i = 0; i < n; i++) {
    for (int j = 0; j < n; j++) {
    S[i][j] = 0.0;
    }
    S[i][i] = this.s[i];
    }
    return X;
    }
    

`S` is constructed to be an `n x n` array, so the only possible source of an `ArrayIndexOutOfBoundsException` is from the reference to `this.s[i]`.

Space for `s` is initialized in the `SingularValueDecomposition` constructor (amd no where else) like this:
    
    
    s = new double [Math.min(m+1,n)];
    

So the Jama implementation will work for a 2x3 input (contradicting what they say in the class javadoc). But I bet it won't work for a 2x4 input.",1,1,org.apache.commons.math3.linear.SingularValueDecomposition,unique authoritative class,org.apache.commons:commons-math3:3.6.1,org.apache.commons.math3.linear.SingularValueDecomposition,resolved_api,1,,,,,
MATH-0043,math,SO,Vector3D,org.apache.commons.math3.geometry.euclidean.threed.Vector3D,org.apache.commons.math3.geometry.euclidean.threed.Vector3D,resolved,1,This class implements vectors in a three-dimensional space. Instance of this class are guaranteed to be immutable.,official_javadoc,org.apache.commons:commons-math3:3.6.1-javadoc.jar#org.apache.commons.math3.geometry.euclidean.threed.Vector3D,1,"how to initialize a org.apache.commons.math3.geometry.Vector? 

I'm trying to create a vector object by importing org.apache.commons.math3.geometry.Vector.   
Which confuses me is how to make a instance of it.   
I have tried this way:   
Vector v1 = new Vector(1, 2, 3);   
but the ide says "" 'Vector' is abstract, cannot be instantiated""   
Does anyone know about this class? thanks.

P.S. the (1, 2, 3) I use may be misleading. What I want is a dynamic vector which I can assign its dimension to it.

Try this: 
    
    
    Vector v1 = new Vector3D(1, 2, 3);
    

You need a class that implements Vector. The javadocs tell you there are three choices: `Vector1D`, `Vector2D`, and `Vector3D`. 

Why they created a 1D vector I'll never know. I usually call those ""scalars"".

If you need a larger vector, then use `RealVector` and its subclass, `ArrayRealVector`.

Are you incapable of opening the javadocs and researching on your own? You'll make faster progress if you do a little thinking on your own.",1,1,org.apache.commons.math3.geometry.euclidean.threed.Vector3D,unique authoritative class,org.apache.commons:commons-math3:3.6.1,org.apache.commons.math3.geometry.euclidean.threed.Vector3D,resolved_api,1,,,,,
MATH-0044,math,SO,Rotation,org.apache.commons.math3.geometry.euclidean.threed.Rotation,org.apache.commons.math3.geometry.euclidean.threed.Rotation,resolved,1,"This class implements rotations in a three-dimensional space. Rotations can be represented by several different mathematical entities (matrices, axe and angle, Cardan or Euler angles, quaternions). This class presents an higher level abstraction, more user-oriented and hiding this implementation details. Well, for the curious, we use quaternions for the internal representation. The user can build a rotation from any of these representations, and any of these representations can be retrieved from a Rotation instance (see the various constructors and getters). In addition, a rotation can also be built implicitly from a set of vectors and their image. This implies that this class can be used to convert from one representation to another one. For example, converting a rotation matrix into a set of Cardan angles from can be done using the following single line of code: double[] angles = new Rotation(matrix, 1.0e-10).getAngles(RotationOrder.XYZ); Focus is oriented on what a rotation do rather than on its underlying representation. Once it has been built, and regardless of its internal representation, a rotation is an operator which basically transforms three dimensional vectors into other three dimensional vectors . Depending on the application, the meaning of these vectors may vary and the semantics of the rotation also. For example in an spacecraft attitude simulation tool, users will often consider the vectors are fixed (say the Earth direction for example) and the frames change. The rotation transforms the coordinates of the vector in inertial frame into the coordinates of the same vector in satellite frame. In this case, the rotation implicitly defines the relation between the two frames. Another example could be a telescope control application, where the rotation would transform the sighting direction at rest into the desired observing direction when the telescope is pointed towards an object of interest. In this case the rotation transforms the direction at rest in a topocentric frame into the sighting direction in the same topocentric frame. This implies in this case the frame is fixed and the vector moves. In many case, both approaches will be combined. In our telescope example, we will probably also need to transform the observing direction in the topocentric frame into the observing direction in inertial frame taking into account the observatory location and the Earth rotation, which would essentially be an application of the first approach. These examples show that a rotation is what the user wants it to be. This class does not push the user towards one specific definition and hence does not provide methods like projectVectorIntoDestinationFrame or computeTransformedDirection . It provides simpler and more generic methods: applyTo(Vector3D) and applyInverseTo(Vector3D) . Since a rotation is basically a vectorial operator, several rotations can be composed together and the composite operation r = r 1 o r 2 (which means that for each vector u , r(u) = r 1 (r 2 (u)) ) is also a rotation. Hence we can consider that in addition to vectors, a rotation can be applied to other rotations as well (or to itself). With our previous notations, we would say we can apply r 1 to r 2 and the result we get is r = r 1 o r 2 . For this purpose, the class provides the methods: applyTo(Rotation) and applyInverseTo(Rotation) . Rotations are guaranteed to be immutable objects.",official_javadoc,org.apache.commons:commons-math3:3.6.1-javadoc.jar#org.apache.commons.math3.geometry.euclidean.threed.Rotation,1,"Rotate an object around an other 

My probleme today is I want that an object turn around an other. Like the earth turn around the sun. I programm with Java.

I have my camera as the referential point (The sun), and on object that need to turn around this referential point (The earth).

I know :

  * The distance between the 2 objects : d
  * The position of the camera : pCam
  * The position of the object : pObj
  * The angle that I need to rotate : a



I want to find the new position of the object after it rotate of the a angle around the referential position pCam in a distance d.

Can you help me ?

Okay, so I resolve my problem,

I use this function to rotate a point around an other with an angle (In degrees) :
    
    
    public SimpleVector rotateAround(SimpleVector center, SimpleVector point, float angle) {
    SimpleVector newPos = new SimpleVector(point.x - center.x, 0, point.z - center.z);
    newPos.x = (float) (newPos.x * Math.cos(angle) - newPos.z * Math.sin(angle));
    newPos.z = (float) (newPos.x * Math.sin(angle) + newPos.z * Math.cos(angle));
    newPos.x += center.x;
    newPos.z += center.z;
    return newPos;
    }
    

And to memorise the position of the object, I use this snippet of code :
    
    
    SimpleVector diff = this.getPosition().calcSub(ref);
    SimpleVector s = rotateAround(center, ref, (float) angle);
    s.x += diff.x;
    // Rotation only on a plane (2 axis)
    s.y = this.getPosition().y;
    s.z += diff.z;
    this.positioningObject(s);",1,1,org.apache.commons.math3.geometry.euclidean.threed.Rotation,unique authoritative class,org.apache.commons:commons-math3:3.6.1,org.apache.commons.math3.geometry.euclidean.threed.Rotation,resolved_api,1,,,,,
MATH-0045,math,SO,Math.round,java.lang.Math#round(float),java.lang.Math,resolved,1,Math.round is a numeric rounding function that returns the nearest integer to its argument. It is commonly used to convert floating-point values into whole-number results.,qwen3.8-max,model:qwen3.8-max,0,"Make a number divisible by another number but with floats? 

I have a random number that's suppose to fit into 360.0f. My problem is my function only works for ints. How would I make another number fit into another one evenly up or down (preferably closest)

How would I make this work with floats?

Here's what I've got:
    
    
    public static float fitNumberEvenlyIntoAnother(int number, int numberToFitInto)
    {
    while(numberToFitInto % number != 0)
    {
    number += 1;
    if(Math.abs(number / 2f) > Math.abs(numberToFitInto))
    {
    Log.w(""fitNumberEvenlyIntoAnother"", ""Oh ow, the fitNumberEvenlyIntoAnother has surpassed the number it's suppose to fit into"");
    }
    }
    //This number needs to fit into the number evenly. Cannot be null or nan.
    return number;
    }
    

Instead of looping on the result, just test if the result of division is a whole number:
    
    
    public static float fitNumberEvenlyIntoAnother(float number, float numberToFitInto) {
    float result = numberToFitInto / number;
    if (result == Math.round(result))
    return result;
    return Float.NaN;
    }
    

You haven't indicated what should be returned if it doesn't fit evenly - this impl returns the not a number value - you may want to do something different.",1,0,java.lang.Math#round(float),owner is explicit in the raw API,Eclipse Temurin OpenJDK:8u504-b01,java.lang.Math#round(float),resolved_api,1,,,,,
MATH-0046,math,SO,XSSFFormulaEvaluator,org.apache.poi.xssf.usermodel.XSSFFormulaEvaluator,org.apache.poi.xssf.usermodel.XSSFFormulaEvaluator,resolved,1,XSSFFormulaEvaluator is an Apache POI component used to evaluate Excel formula results in XSSF-based .xlsx workbooks. It is typically used to calculate formula values or refresh cached results after workbook data changes.,qwen3.8-max,model:qwen3.8-max,0,"Excel VBA function to Java poi 

I'm new to java so please bear with me. I know java apache poi has the following functions built in but I'm a little lost as to how to use it: 

1) code_col = WorksheetFunction.Match(""Code"", sheet.Range(""1:1""), 0)

2) count = WorksheetFunction.CountIf(ref_sheet.Range(""A:A""), payee) 

3) lr = sheet.Cells(1, 1).CurrentRegion.Rows.count 

If you could provide example of how the VBA code converts to its java apache poi equivalent it would be a great help.  
So Im basically converting a VBA module to java. And I use the apache poi library. However, those 3 above lines of code I have difficulty converting to its java equivalent 

As said in my comment already, this question cannot be answered that general.

`Apache poi` is made for creating files for `Microsoft Office`. So `apache poi` is able creating `Excel` files having the functions `MATCH` and `COUNTIF` stored in formulas in cells. It is also able to evaluate those formulas if it has access to all of the cells which are referenced in those formulas.

So for a concrete example, having a `MSExcelWithVBA.xlsm` like this:

and `VBA` code like this:
    
    
    Sub test()
    Set this_sheet = ThisWorkbook.Worksheets(""Sheet1"")
    code_col = WorksheetFunction.Match(""Code"", this_sheet.Range(""1:1""), 0)
    Debug.Print ""code_col: "" & code_col
    payee = ""b""
    payee_count = WorksheetFunction.CountIf(this_sheet.Range(""A:A""), payee)
    Debug.Print ""payee_count: "" & payee_count
    count_rows_in_region = this_sheet.Cells(1, 1).CurrentRegion.Rows.Count
    Debug.Print ""count_rows_in_region: "" & count_rows_in_region
    End Sub
    

Then this `VBA` code prints to the immediate window:
    
    
    code_col: 4
    payee_count: 3
    count_rows_in_region: 9
    

With the same `MSExcelWithVBA.xlsm`, a `Java` code like this:
    
    
    import java.io.FileInputStream;
    import org.apache.poi.ss.usermodel.*;
    import org.apache.poi.xssf.usermodel.*;
    import org.apache.poi.ss.formula.WorkbookEvaluator;
    import org.apache.poi.ss.formula.eval.*;
    public class ExcelEvaluateSomeFunctions{
    public static void main(String[] args) throws Exception {
    Workbook workbook = WorkbookFactory.create(new FileInputStream(""MSExcelWithVBA.xlsm""));
    Sheet this_sheet = workbook.getSheet(""Sheet1"");
    CreationHelper helper = workbook.getCreationHelper();
    XSSFFormulaEvaluator formulaevaluator = (XSSFFormulaEvaluator)helper.createFormulaEvaluator();
    WorkbookEvaluator workbookevaluator = formulaevaluator._getWorkbookEvaluator();
    ValueEval valueeval = null;
    //code_col = WorksheetFunction.Match(""Code"", this_sheet.Range(""1:1""), 0)
    double code_col = Double.NaN;
    valueeval = workbookevaluator.evaluate(""MATCH(\\\\\\\\""Code\\\\\\\\"", "" + this_sheet.getSheetName() + ""!1:1, 0)"", null);
    if (valueeval instanceof NumberEval) {
    code_col = ((NumberEval)valueeval).getNumberValue();
    }
    System.out.println(""code_col: "" + code_col);
    //payee_count = WorksheetFunction.CountIf(this_sheet.Range(""A:A""), payee)
    String payee = ""b"";
    double payee_count = Double.NaN;
    valueeval = workbookevaluator.evaluate(""COUNTIF("" + this_sheet.getSheetName() + ""!A:A, \\\\\\\\"""" + payee + ""\\\\\\\\"")"", null);
    if (valueeval instanceof NumberEval) {
    payee_count = ((NumberEval)valueeval).getNumberValue();
    }
    System.out.println(""payee_count: "" + payee_count);
    //count_rows_in_region = this_sheet.Cells(1, 1).CurrentRegion.Rows.Count
    //this is not possible since apache poi does not know the concept of CurrentRegion
    //best you could do:
    int count_rows_in_sheet = this_sheet.getLastRowNum()+1;
    System.out.println(""count_rows_in_sheet: "" + count_rows_in_sheet);
    workbook.close();
    } 
    }
    

prints to `System.out`:
    
    
    code_col: 4.0
    payee_count: 3.0
    count_rows_in_sheet: 9",1,1,org.apache.poi.xssf.usermodel.XSSFFormulaEvaluator,unique authoritative class,org.apache.poi:poi-ooxml:3.17,org.apache.poi.xssf.usermodel.XSSFFormulaEvaluator,resolved_api,1,,,,,
MATH-0047,math,TU,TricubicSplineInterpolator,org.apache.commons.math3.analysis.interpolation.TricubicSplineInterpolator,org.apache.commons.math3.analysis.interpolation.TricubicSplineInterpolator,resolved,1,Generates a tricubic interpolating function.,official_javadoc,org.apache.commons:commons-math3:3.6.1-javadoc.jar#org.apache.commons.math3.analysis.interpolation.TricubicSplineInterpolator,1,"### 4.4 Interpolation - part 5

In tricubic interpolation, the interpolation function is a 3rd-degree polynomial of three variables. The coefficients are computed from the function values sampled on a grid, as well as the values of the partial derivatives of the function at those grid points. From three-dimensional data sampled on a grid, the  TricubicSplineInterpolator  computes a  tricubic interpolating function.",1,1,org.apache.commons.math3.analysis.interpolation.TricubicSplineInterpolator,unique authoritative class,org.apache.commons:commons-math3:3.6.1,org.apache.commons.math3.analysis.interpolation.TricubicSplineInterpolator,resolved_api,1,,,,,
MATH-0048,math,TU,FiniteDifferencesDifferentiator,org.apache.commons.math3.analysis.differentiation.FiniteDifferencesDifferentiator,org.apache.commons.math3.analysis.differentiation.FiniteDifferencesDifferentiator,resolved,1,"Univariate functions differentiator using finite differences. This class creates some wrapper objects around regular univariate functions (or univariate vector functions or univariate matrix functions ). These wrapper objects compute derivatives in addition to function values. The wrapper objects work by calling the underlying function on a sampling grid around the current point and performing polynomial interpolation. A finite differences scheme with n points is theoretically able to compute derivatives up to order n-1, but it is generally better to have a slight margin. The step size must also be small enough in order for the polynomial approximation to be good in the current point neighborhood, but it should not be too small because numerical instability appears quickly (there are several differences of close points). Choosing the number of points and the step size is highly problem dependent. As an example of good and bad settings, lets consider the quintic polynomial function f(x) = (x-1)*(x-0.5)*x*(x+0.5)*(x+1) . Since it is a polynomial, finite differences with at least 6 points should theoretically recover the exact same polynomial and hence compute accurate derivatives for any order. However, due to numerical errors, we get the following results for a 7 points finite differences for abscissae in the [-10, 10] range: step size = 0.25, second order derivative error about 9.97e-10 step size = 0.25, fourth order derivative error about 5.43e-8 step size = 1.0e-6, second order derivative error about 148 step size = 1.0e-6, fourth order derivative error about 6.35e+14 This example shows that the small step size is really bad, even simply for second order derivative!",official_javadoc,org.apache.commons:commons-math3:3.6.1-javadoc.jar#org.apache.commons.math3.analysis.differentiation.FiniteDifferencesDifferentiator,1,"### 4.7 Differentiation - part 7

Apache Commons Math provides one implementation of the  UnivariateFunctionDifferentiator  interface:  FiniteDifferencesDifferentiator . This class creates a wrapper that will call the user-provided function on a grid sample and will use finite differences to compute the derivatives. It takes care of boundaries if the variable is not defined on the whole real line. It is possible to use more points than strictly required by the derivation order (for example one can specify an 8-points scheme to compute first derivative only). However, one must be aware that tuning the parameters for finite differences is highly problem-dependent. Choosing the wrong step size or the wrong number of sampling points can lead to huge errors. Finite differences are also not well suited to compute high order derivatives. 

Another implementation of the  UnivariateFunctionDifferentiator  interface is under development in the related project Apache Commons Nabla. This implementation uses automatic code analysis and generation at binary level. However, at time of writing (end 2012), this project is not yet suitable for production use.",1,1,org.apache.commons.math3.analysis.differentiation.FiniteDifferencesDifferentiator,unique authoritative class,org.apache.commons:commons-math3:3.6.1,org.apache.commons.math3.analysis.differentiation.FiniteDifferencesDifferentiator,resolved_api,1,,,,,
MATH-0049,math,TU,Complex,org.apache.commons.math3.complex.Complex,org.apache.commons.math3.complex.Complex,resolved,1,"Representation of a Complex number, i.e. a number which has both a real and imaginary part. Implementations of arithmetic operations handle NaN and infinite values according to the rules for Double , i.e. equals(java.lang.Object) is an equivalence relation for all instances that have a NaN in either real or imaginary part, e.g. the following are considered equal: 1 + NaNi NaN + i NaN + NaNi Note that this contradicts the IEEE-754 standard for floating point numbers (according to which the test x == x must fail if x is NaN ). The method equals for primitive double in Precision conforms with IEEE-754 while this class conforms with the standard behavior for Java object types.",official_javadoc,org.apache.commons:commons-math3:3.6.1-javadoc.jar#org.apache.commons.math3.complex.Complex,1,"### 7.3  Complex  Transcendental Functions

Complex  also provides implementations of serveral transcendental functions involving complex number arguments. Prior to version 1.2, these functions were provided by  ComplexUtils  in a way similar to the real number functions found in `java.lang.Math`, but this has been deprecated. These operations provide the means to compute the log, sine, tangent, and other complex values : 
    
    
    Complex first  = new Complex(1.0, 3.0);
    Complex second = new Complex(2.0, 5.0);
    
    Complex answer = first.log();        // natural logarithm.
            answer = first.cos();        // cosine
            answer = first.pow(second);  // first raised to the power of second",1,1,org.apache.commons.math3.complex.Complex,unique authoritative class,org.apache.commons:commons-math3:3.6.1,org.apache.commons.math3.complex.Complex,resolved_api,1,,,,,
MATH-0050,math,TU,Fraction,org.apache.commons.math3.fraction.Fraction,org.apache.commons.math3.fraction.Fraction,resolved,1,Representation of a rational number. implements Serializable since 2.0,official_javadoc,org.apache.commons:commons-math3:3.6.1-javadoc.jar#org.apache.commons.math3.fraction.Fraction,1,"### 9.3  Fraction  Formatting and Parsing

` Fraction ` instances can be converted to and from strings using the FractionFormat  class. ` FractionFormat ` is a `java.text.Format` extension and, as such, is used like other formatting objects (e.g. `java.text.SimpleDateFormat`): 
    
    
    FractionFormat format = new FractionFormat(); // default format
    Fraction f = new Fraction(2, 4);
    String s = format.format(f); // s contains ""1 / 2"", note the reduced fraction

To customize the formatting output, one or two `java.text.NumberFormat` instances can be used to construct a ` FractionFormat `. These number formats control the formatting of the numerator and denominator of the fraction: 
    
    
    NumberFormat nf = NumberFormat.getInstance(Locale.FRANCE);
    // create fraction format with custom number format
    // when one number format is used, both numerator and
    // denominator are formatted the same
    FractionFormat format = new FractionFormat(nf);
    Fraction f = new Fraction(2000, 3333);
    String s = format.format(c); // s contains ""2.000 / 3.333""
    
    NumberFormat nf2 = NumberFormat.getInstance(Locale.US);
    // create fraction format with custom number formats
    format = new FractionFormat(nf, nf2);
    s = format.format(f); // s contains ""2.000 / 3,333""

Formatting's inverse operation, parsing, can also be performed by ` FractionFormat `. To parse a fraction from a string, simply call the ` FractionFormat.parse ` method: 
    
    
    FractionFormat ff = new FractionFormat();
    Fraction f = ff.parse(""-10 / 21"");",1,1,org.apache.commons.math3.fraction.Fraction,unique authoritative class,org.apache.commons:commons-math3:3.6.1,org.apache.commons.math3.fraction.Fraction,resolved_api,1,,,,,
MATH-0051,math,TU,TournamentSelection,org.apache.commons.math3.genetics.TournamentSelection,org.apache.commons.math3.genetics.TournamentSelection,resolved,1,"Tournament selection scheme. Each of the two selected chromosomes is selected based on n-ary tournament -- this is done by drawing arity random chromosomes without replacement from the population, and then selecting the fittest chromosome among them.",official_javadoc,org.apache.commons:commons-math3:3.6.1-javadoc.jar#org.apache.commons.math3.genetics.TournamentSelection,1,"### 14.3 Implementation

Here is an example GA execution: 
    
    
    // initialize a new genetic algorithm
    GeneticAlgorithm ga = new GeneticAlgorithm(
        new OnePointCrossover<Integer>(),
        1,
        new RandomKeyMutation(),
        0.10,
        new TournamentSelection(TOURNAMENT_ARITY)
    );
            
    // initial population
    Population initial = getInitialPopulation();
            
    // stopping condition
    StoppingCondition stopCond = new FixedGenerationCount(NUM_GENERATIONS);
            
    // run the algorithm
    Population finalPopulation = ga.evolve(initial, stopCond);
            
    // best chromosome from the final population
    Chromosome bestFinal = finalPopulation.getFittestChromosome();
            

The arguments to the ` GeneticAlgorithm ` constructor above are:  Parameter | value in example | meaning  
---|---|---  
crossoverPolicy |  OnePointCrossover  | A random crossover point is selected and the first part from each parent is copied to the corresponding child, and the second parts are copied crosswise.  
crossoverRate | 1 | Always apply crossover  
mutationPolicy |  RandomKeyMutation  | Changes a randomly chosen element of the array representation to a random value uniformly distributed in [0,1].  
mutationRate | .1 | Apply mutation with probability 0.1 - that is, 10% of the time.  
selectionPolicy |  TournamentSelection  | Each of the two selected chromosomes is selected based on an n-ary tournament -- this is done by drawing n random chromosomes without replacement from the population, and then selecting the fittest chromosome among them.  
The algorithm starts with an `initial` population of `Chromosomes.` and executes until the specified  StoppingCondition  is reached. In the example above, a  FixedGenerationCount  stopping condition is used, which means the algorithm proceeds through a fixed number of generations.",1,1,org.apache.commons.math3.genetics.TournamentSelection,unique authoritative class,org.apache.commons:commons-math3:3.6.1,org.apache.commons.math3.genetics.TournamentSelection,resolved_api,1,,,,,
MATH-0052,math,SO,DerivativeStructure,org.apache.commons.math3.analysis.differentiation.DerivativeStructure,org.apache.commons.math3.analysis.differentiation.DerivativeStructure,resolved,1,"Class representing both the value and the differentials of a function. This class is the workhorse of the differentiation package. This class is an implementation of the extension to Rall's numbers described in Dan Kalman's paper Doubly Recursive Multivariate Automatic Differentiation , Mathematics Magazine, vol. 75, no. 3, June 2002. Rall's numbers are an extension to the real numbers used throughout mathematical expressions; they hold the derivative together with the value of a function. Dan Kalman's derivative structures hold all partial derivatives up to any specified order, with respect to any number of free parameters. Rall's numbers therefore can be seen as derivative structures for order one derivative and one free parameter, and real numbers can be seen as derivative structures with zero order derivative and no free parameters. DerivativeStructure instances can be used directly thanks to the arithmetic operators to the mathematical functions provided as methods by this class (+, -, *, /, %, sin, cos ...). Implementing complex expressions by hand using these classes is a tedious and error-prone task but has the advantage of having no limitation on the derivation order despite no requiring users to compute the derivatives by themselves. Implementing complex expression can also be done by developing computation code using standard primitive double values and to use differentiators to create the DerivativeStructure -based instances. This method is simpler but may be limited in the accuracy and derivation orders and may be computationally intensive (this is typically the case for finite differences differentiator . Instances of this class are guaranteed to be immutable.",official_javadoc,org.apache.commons:commons-math3:3.6.1-javadoc.jar#org.apache.commons.math3.analysis.differentiation.DerivativeStructure,1,"Java - Computation of Derivations with Apache Commons Mathematic Library 

I have a problem in using the apache commons math library.  
I just want to create functions like f(x) = 4x^2 + 2x and I want to compute the derivative of this function   
--> f'(x) = 8x + 2   


I read the article about Differentiation (http://commons.apache.org/proper/commons-math/userguide/analysis.html, section 4.7).   
There is an example which I don't understand:
    
    
    int params = 1;
    int order = 3;
    double xRealValue = 2.5;
    DerivativeStructure x = new DerivativeStructure(params, order, 0, xRealValue);
    DerivativeStructure y = f(x); //COMPILE ERROR
    System.out.println(""y = "" + y.getValue();
    System.out.println(""y' = "" + y.getPartialDerivative(1);
    System.out.println(""y'' = "" + y.getPartialDerivative(2);
    System.out.println(""y''' = "" + y.getPartialDerivative(3);
    

In Line 5 a compile error occurs of course. The function `f(x)` is called and not defined. What I am getting wrong?   
Has anyone any experience with the differentiation/derivation with the apache commons math library or does anyone know another library/framework which can help me?

Thanks

In the paragraph below that example, the author describes ways to create `DerivativeStructure`s. It isn't magic. In the example you quoted, someone was supposed to write the function `f`. Well, that wasn't very clear.

> There are several ways a user can create an implementation of the UnivariateDifferentiableFunction interface. The first method is to simply write it directly using the appropriate methods from DerivativeStructure to compute addition, subtraction, sine, cosine... This is often quite straigthforward and there is no need to remember the rules for differentiation: the user code only represent the function itself, the differentials will be computed automatically under the hood. The second method is to write a classical UnivariateFunction and to pass it to an existing implementation of the UnivariateFunctionDifferentiator interface to retrieve a differentiated version of the same function. The first method is more suited to small functions for which user already control all the underlying code. The second method is more suited to either large functions that would be cumbersome to write using the DerivativeStructure API, or functions for which user does not have control to the full underlying code (for example functions that call external libraries).

Use the first idea.
    
    
    // Function of 1 variable, keep track of 3 derivatives with respect to that variable,
    // use 2.5 as the current value. Basically, the identity function.
    DerivativeStructure x = new DerivativeStructure(1, 3, 0, 2.5);
    // Basically, x --> x^2.
    DerivativeStructure x2 = x.pow(2);
    //Linear combination: y = 4x^2 + 2x
    DerivativeStructure y = new DerivativeStructure(4.0, x2, 2.0, x);
    System.out.println(""y = "" + y.getValue());
    System.out.println(""y' = "" + y.getPartialDerivative(1));
    System.out.println(""y'' = "" + y.getPartialDerivative(2));
    System.out.println(""y''' = "" + y.getPartialDerivative(3));",1,1,org.apache.commons.math3.analysis.differentiation.DerivativeStructure,unique authoritative class,org.apache.commons:commons-math3:3.6.1,org.apache.commons.math3.analysis.differentiation.DerivativeStructure,resolved_api,1,,,,,
MATH-0053,math,SO,DecompositionSolver,org.apache.commons.math3.linear.DecompositionSolver,org.apache.commons.math3.linear.DecompositionSolver,resolved,1,"Interface handling decomposition algorithms that can solve A × X = B. Decomposition algorithms decompose an A matrix has a product of several specific matrices from which they can solve A × X = B in least squares sense: they find X such that ||A × X - B|| is minimal. Some solvers like LUDecomposition can only find the solution for square matrices and when the solution is an exact linear solution, i.e. when ||A × X - B|| is exactly 0. Other solvers can also find solutions with non-square matrix A and with non-null minimal norm. If an exact linear solution exists it is also the minimal norm solution.",official_javadoc,org.apache.commons:commons-math3:3.6.1-javadoc.jar#org.apache.commons.math3.linear.DecompositionSolver,1,"Computation of polynomial coefficients 

I need math library to solve simple system of 3 equations like (ax2 + bx + c = y) and get `a, b, c`, where I know 3 couples `(x,y)`.

I searching for something but I didn't find anything useful for me.

Question solved, thanks to Zong Zheng Li and Pavlos Fragkiadoulakis
    
    
    RealMatrix coefficients = new Array2DRowRealMatrix(new double[][] { { px1*px1, px1, 1 }, { px2*px2, px2, 1 },
    { x*x, x, 1 } }, false);
    DecompositionSolver solver = new LUDecomposition(coefficients).getSolver();
    RealVector constants = new ArrayRealVector(new double[] { py1, py2, y }, false);
    RealVector solution = solver.solve(constants);
    double a = solution.getEntry(0);
    double b = solution.getEntry(1);
    double c = solution.getEntry(2);",1,0,org.apache.commons.math3.linear.DecompositionSolver,unique authoritative class,org.apache.commons:commons-math3:3.6.1,org.apache.commons.math3.linear.DecompositionSolver,resolved_api,1,,,,,
MATH-0054,math,SO,Float.isInfinite,java.lang.Float#isInfinite(float),java.lang.Float,resolved,1,Float.isInfinite is a Java method that tests whether a float value represents positive or negative infinity. It returns true when the value is infinitely large in magnitude and false otherwise.,qwen3.8-max,model:qwen3.8-max,0,"How to display NaN in Java? 

In Java, I am dividing by zero, which obviously does not produce a number. 
    
    
    public class tempmain {
    public static void main(String args[])
    {
    float a=3/0;
    System.out.println(a);
    }
    }
    

I expect the output to be ""NaN"", but it shows the following error:
    
    
    Exception in thread ""main"" java.lang.ArithmeticException: / by zero
    at tempmain.main(tempmain.java:6)
    

Is there any way (apart from `if(denominator==0)`) by which NaN can be displayed?

You are getting the unexpected ArithmeticException because of the way that your numeric literals 3 and 0 are treated. They are interpreted as integers, despite the fact that you assign `a` to be a float. Java will interpret `3` as an integer, `3f` as a float and `3.0` or `3d` as a double. The division is performed as integer division and the result cast to a float. To see another interesting other effect of this - try `float a = 1/3` and inspect `a` - you will find it is 0.0, rather than 0.3333.... as you might expect.

To get rid of the Exception - change
    
    
    float a = 3/0;
    

for 
    
    
    float a = 3f/0;
    

As others have noted in comments and answers, if you then print `a`, you will see `Infinity` rather than `NaN`. If you really want to print NaN in this case, you can test a for being infinite i.e. 
    
    
    if (Float.isInfinite(a)) {
    System.out.println(""I want to print Infinity as NaN"");
    }
    

but I'd recommend against it as highly misleading - but I suspect that's not what you meant anyway",1,1,java.lang.Float#isInfinite(float),owner is explicit in the raw API,Eclipse Temurin OpenJDK:8u504-b01,java.lang.Float#isInfinite(float),resolved_api,1,,,,,
MATH-0055,math,SO,RealVector,org.apache.commons.math3.linear.RealVector,org.apache.commons.math3.linear.RealVector,resolved,1,"Class defining a real-valued vector with basic algebraic operations. vector element indexing is 0-based -- e.g., getEntry(0) returns the first element of the vector. The code map and mapToSelf methods operate on vectors element-wise, i.e. they perform the same operation (adding a scalar, applying a function ...) on each element in turn. The map versions create a new vector to hold the result and do not change the instance. The mapToSelf version uses the instance itself to store the results, so the instance is changed by this method. In all cases, the result vector is returned by the methods, allowing the fluent API style, like this: RealVector result = v.mapAddToSelf(3.4).mapToSelf(new Tan()).mapToSelf(new Power(2.3));",official_javadoc,org.apache.commons:commons-math3:3.6.1-javadoc.jar#org.apache.commons.math3.linear.RealVector,1,"How do I postmultiply a RealMatrix by a RealVector (org.apache.commons commons-math3) 

I am trying to do some analytic geometry using Java after having done a lot of my work in blender and python.

After poking around a bit, I think I should be using org.apache.commons commons-math3 .

But then I tried to compute `M*v` and hit a roadblock. The `RealMatrix` class has a `.multiply(RealMatrix)` and a `.preMultiply(RealVector)`, but no `.multiply(RealVector)` (I asked for version 3.6 in my `pom.ml`).

The possibilities I can think of are

  * I am missing something that should be obvious ;
  * This library is immature ;
  * I (and the rest of the blender community) are weird for doing my matrix multiplication backwards ;
  * I should be using a different library.



How do I accomplish matrix-vector postmultiplication using the comons-math3 library? Any suggestions about using a ""better"" library are welcome in comments, but are not answers to this question.

The method you are looking for is actually called `operate(v)`:

> Returns the result of multiplying this by the vector `v`.

This method will multiply a `RealMatrix` with the given `RealVector` and return the resulting `RealVector`.",1,1,org.apache.commons.math3.linear.RealVector,unique authoritative class,org.apache.commons:commons-math3:3.6.1,org.apache.commons.math3.linear.RealVector,resolved_api,1,,,,,
MATH-0056,math,SO,RealVector,org.apache.commons.math3.linear.RealVector,org.apache.commons.math3.linear.RealVector,resolved,1,"Class defining a real-valued vector with basic algebraic operations. vector element indexing is 0-based -- e.g., getEntry(0) returns the first element of the vector. The code map and mapToSelf methods operate on vectors element-wise, i.e. they perform the same operation (adding a scalar, applying a function ...) on each element in turn. The map versions create a new vector to hold the result and do not change the instance. The mapToSelf version uses the instance itself to store the results, so the instance is changed by this method. In all cases, the result vector is returned by the methods, allowing the fluent API style, like this: RealVector result = v.mapAddToSelf(3.4).mapToSelf(new Tan()).mapToSelf(new Power(2.3));",official_javadoc,org.apache.commons:commons-math3:3.6.1-javadoc.jar#org.apache.commons.math3.linear.RealVector,1,"Multiply vector by matrix 

How can I multiply RealVector by matrix (v*M) in apache-commons-math library? I found only multiply Matrix by Matrix and Matrix by RealVector.

`preMultiply` seems to be the method you're looking for.
    
    
    RealVector vector = ...
    RealMatrix matrix = ...
    RealVector result = matrix.preMultiply(vector);",1,1,org.apache.commons.math3.linear.RealVector,unique authoritative class,org.apache.commons:commons-math3:3.6.1,org.apache.commons.math3.linear.RealVector,resolved_api,1,,,,,
MATH-0057,math,SO,RealVector,org.apache.commons.math3.linear.RealVector,org.apache.commons.math3.linear.RealVector,resolved,1,"Class defining a real-valued vector with basic algebraic operations. vector element indexing is 0-based -- e.g., getEntry(0) returns the first element of the vector. The code map and mapToSelf methods operate on vectors element-wise, i.e. they perform the same operation (adding a scalar, applying a function ...) on each element in turn. The map versions create a new vector to hold the result and do not change the instance. The mapToSelf version uses the instance itself to store the results, so the instance is changed by this method. In all cases, the result vector is returned by the methods, allowing the fluent API style, like this: RealVector result = v.mapAddToSelf(3.4).mapToSelf(new Tan()).mapToSelf(new Power(2.3));",official_javadoc,org.apache.commons:commons-math3:3.6.1-javadoc.jar#org.apache.commons.math3.linear.RealVector,1,"Difference in calculating eigenvectors wih Java and Python 

As a current task, I need to calculate eigenvalues and eigenvectors for a 120*120 matrix. For start, I tested those calculations on a simple 2 by 2 matrix in both Java (Apache Commons Math library) and Python 2.7 (Numpy library). I have a problem with eigenvector values not matching, as show below :
    
    
    //Java
    import org.apache.commons.math3.linear.EigenDecomposition;
    import org.apache.commons.math3.linear.MatrixUtils;
    import org.apache.commons.math3.linear.RealMatrix;
    public class TemporaryTest {
    public static void main(String[] args) {
    double[][] testArray = {{2, -1}, {1, 1}};
    RealMatrix testMatrix = MatrixUtils.createRealMatrix(testArray);
    EigenDecomposition decomposition = new EigenDecomposition (testMatrix);
    System.out.println(""eigenvector[0] = "" + decomposition.getEigenvector(0));
    System.out.println(""eigenvector[1] = "" + decomposition.getEigenvector(1));
    }
    

Output of eigenvectors are shown as {real_value + imaginary_value; real_value + imaginary_value}:
    
    
    //Java output
    eigenvector[0] = {-0.8660254038; 0}
    eigenvector[1] = {0.5; 1}
    

Same code in Python, but using Numpy library:
    
    
    # Python
    import numpy as np
    from numpy import linalg as LA
    w, v = LA.eig(np.array([[2, -1], [1, 1]]))
    print (v[:, 0])
    print (v[:, 1])
    

Output of eigenvectors in Python are shown similarly, [real+imag real+imag]:
    
    
    [ 0.35355339+0.61237244j 0.70710678+0.j ]
    [ 0.35355339-0.61237244j 0.70710678-0.j ]
    

My concern is, why are those vectors different ? Is there something that I am missing ? Ty for any kind of help or advice

In Apache Commons Math 3, `EigenDecomposition` accepts nonsymmetric matrices, but it returns results using the classes `RealVector` and `RealMatrix`. To get the actual complex results, you have to combine the appropriate real results into complex conjugate pairs.

In the case of the eigenvectors, you got:
    
    
    eigenvector[0] = {-0.8660254038; 0}
    eigenvector[1] = {0.5; 1}
    

Both those vectors are associated with the complex conjugate pair of eigenvalues `getRealEigenvalue(0) + getImagEigenvalue(0)*i` and `getRealEigenvalue(1) + getImagEigenvalue(1)*i`, but those vectors are not the actual eigenvectors. The actual eigenvectors are the complex conjugate pairs `eigenvector[0] + eigenvector[1]*i` and `eigenvector[0] - eigenvector[1]*i`.

Those vectors still don't ""match"" the results returned by numpy, but that is because the two libraries have not used the same normalization. Eigenvectors are not unique; an eigenvector multiplied by any nonzero scalar (including a complex scalar) is still an eigenvector. The only difference between the Java result and the numpy result is a scalar multiplier.

For convenience, I'll convert the floating point values to their exact values. That is, `-0.8660254038` is the floating point approximation of `-sqrt(3)/2`. The Java math library is giving the following eigenvectors:
    
    
     [-sqrt(3)/2 + (1/2)*i] and [-sqrt(3)/2 - (1/2)*i]
    [ 0 + 1*i] [ 0 - 1*i]
    

If you multiply the first eigenvector by -(sqrt(2)/2)*i and the second by (sqrt(2)/2)*i, you'll get the eigenvectors that were return by numpy.

Here's an ipython session with that calculation. `v1` and `v2` are the vectors shown above.
    
    
    In [20]: v1 = np.array([-np.sqrt(3)/2 + 0.5j, 1j])
    In [21]: v1
    Out[21]: array([-0.8660254+0.5j, 0.0000000+1.j ])
    In [22]: v2 = np.array([-np.sqrt(3)/2 - 0.5j, -1j])
    In [23]: v2
    Out[23]: array([-0.8660254-0.5j, 0.0000000-1.j ])
    

Multiply `v1` by -(sqrt(2)/2)*i to get the first eigenvector returned by `numpy.linalg.eig`:
    
    
    In [24]: v1*(-np.sqrt(2)/2*1j)
    Out[24]: array([ 0.35355339+0.61237244j, 0.70710678-0.j ])
    

Multiply `v2` by (sqrt(2)/2)*i to get the second eigenvector returned by `numpy.linalg.eig`:
    
    
    In [25]: v2*(np.sqrt(2)/2*1j)
    Out[25]: array([ 0.35355339-0.61237244j, 0.70710678+0.j ])
    

For convenience, here's a repeat of the numpy calculation. The columns of `evecs` are the eigenvectors.
    
    
    In [28]: evals, evecs = np.linalg.eig(a)
    In [29]: evecs
    Out[29]: 
    array([[ 0.35355339+0.61237244j, 0.35355339-0.61237244j],
    [ 0.70710678+0.j , 0.70710678-0.j ]])",1,1,org.apache.commons.math3.linear.RealVector,unique authoritative class,org.apache.commons:commons-math3:3.6.1,org.apache.commons.math3.linear.RealVector,resolved_api,1,,,,,
MATH-0058,math,SO,PolynomialFunction,org.apache.commons.math3.analysis.polynomials.PolynomialFunction,org.apache.commons.math3.analysis.polynomials.PolynomialFunction,resolved,1,Immutable representation of a real polynomial function with real coefficients. Horner's Method is used to evaluate the function.,official_javadoc,org.apache.commons:commons-math3:3.6.1-javadoc.jar#org.apache.commons.math3.analysis.polynomials.PolynomialFunction,1,"Working out a point using curve fitting in java 

The following code produces a curve that should fit fit the points
    
    
    1, 1
    150, 250
    10000, 500
    100000, 750
    100000, 1000
    

I built this code based off the documentation here, however, I am not entirely sure how to use the data correctly for further calcuations and whether `PolynomialCurveFitter.create(3)` will affect the answers in these future calcuations. 

For example, how would I use the data outputted to calculate what is the `x` value if the `y` value is `200` and how would the value differ if I had `PolynomialCurveFitter.create(2)` instead of `PolynomialCurveFitter.create(3)`?
    
    
    import java.util.ArrayList;
    import java.util.Arrays;
    import org.apache.commons.math3.fitting.PolynomialCurveFitter;
    import org.apache.commons.math3.fitting.WeightedObservedPoints;
    public class MyFuncFitter {
    public static void main(String[] args) {
    ArrayList keyPoints = new ArrayList();
    keyPoints.add(1);
    keyPoints.add(150);
    keyPoints.add(10000);
    keyPoints.add(100000);
    keyPoints.add(1000000);
    WeightedObservedPoints obs = new WeightedObservedPoints();
    if(keyPoints != null && keyPoints.size() != 1) {
    int size = keyPoints.size();
    int sectionSize = (int) (1000 / (size - 1));
    for(int i = 0; i < size; i++) {
    if(i != 0)
    obs.add(keyPoints.get(i), i * sectionSize);
    else
    obs.add(keyPoints.get(0), 1);
    }
    } else if(keyPoints.size() == 1 && keyPoints.get(0) >= 1) {
    obs.add(1, 1);
    obs.add(keyPoints.get(0), 1000);
    }
    PolynomialCurveFitter fitter = PolynomialCurveFitter.create(3);
    fitter.withStartPoint(new double[] {keyPoints.get(0), 1});
    double[] coeff = fitter.fit(obs.toList());
    System.out.println(Arrays.toString(coeff));
    }
    }
    

About what the consequences of changing d for your function

`PolynomialCurveFitter.create` takes the degree of the polynomial as a parameter.

Very (very) roughly speaking, the polynomial degree will describe the ""complexity"" of the curve you want to fit. A low-level degree will produce simple curves (just a parabola for d=2), whereas higher degrees will produce more intricate curves, with lots of peaks and valleys, of highly varying sizes, therefore more able to perfectly ""fit"" all your data points, at the expense of not necessarily being a good ""prediction"" of all other values.

Like the blue curve on this graphic:

You can see how the straight line would be a better ""approximation"", while not fitting the data point properly.

How to compute x for any y values in the computed function

You ""simply"" need to solve the polynomial ! Using the very same library. Add the inverted y value to your coefficents list, and find its root.

Let's say you chose a degree of 2.

Your coefficients array `coeffs` will contains 3 factors `{a0, a1, a2}` which describes the equation as such:

If you want to solve this for a particular value, like y= 600, you need to solve :

So, basically,

So, just substract 600 to a0:
    
    
    coeffs[0] -= 600
    

and find the root of the polynomial using the dedicated function:
    
    
    PolynomialFunction polynomial = new PolynomialFunction(coeffs);
    LaguerreSolver laguerreSolver = new LaguerreSolver();
    double x = laguerreSolver.solve(100, polynomial, 0, 1000000);
    System.out.println(""For y = 600, we found x = "" + x);",1,1,org.apache.commons.math3.analysis.polynomials.PolynomialFunction,unique authoritative class,org.apache.commons:commons-math3:3.6.1,org.apache.commons.math3.analysis.polynomials.PolynomialFunction,resolved_api,1,,,,,
MATH-0059,math,TU,SecantSolver,org.apache.commons.math3.analysis.solvers.SecantSolver,org.apache.commons.math3.analysis.solvers.SecantSolver,resolved,1,"Implements the Secant method for root-finding (approximating a zero of a univariate real function). The solution that is maintained is not bracketed, and as such convergence is not guaranteed. Implementation based on the following article: M. Dowell and P. Jarratt, A modified regula falsi method for computing the root of an equation , BIT Numerical Mathematics, volume 11, number 2, pages 168-174, Springer, 1971. Note that since release 3.0 this class implements the actual Secant algorithm, and not a modified one. As such, the 3.0 version is not backwards compatible with previous versions. To use an algorithm similar to the pre-3.0 releases, use the Illinois algorithm or the Pegasus algorithm.",official_javadoc,org.apache.commons:commons-math3:3.6.1-javadoc.jar#org.apache.commons.math3.analysis.solvers.SecantSolver,1,"### 4.3 Root-finding - part 6

The ` SecantSolver ` uses a straightforward secant algorithm which does not bracket the search and therefore does not guarantee convergence. It may be faster than Brent on some well-behaved functions. 

The ` RegulaFalsiSolver ` is variation of secant preserving bracketing, but then it may be slow, as one end point of the search interval will become fixed after and only the other end point will converge to the root, hence resulting in a search interval size that does not decrease to zero. 

The ` IllinoisSolver ` and ` PegasusSolver ` are well-known variations of regula falsi that fix the problem of stuck end points by slightly weighting one endpoint to balance the interval at next iteration. Pegasus is often faster than Illinois. Pegasus may be the algorithm of choice for selecting a specific side of the convergence interval. 

The ` BisectionSolver ` is included for completeness and for establishing a fall back in cases of emergency. The algorithm is simple, most likely bug free and guaranteed to converge even in very adverse circumstances which might cause other algorithms to malfunction. The drawback is of course that it is also guaranteed to be slow.",1,1,org.apache.commons.math3.analysis.solvers.SecantSolver,unique authoritative class,org.apache.commons:commons-math3:3.6.1,org.apache.commons.math3.analysis.solvers.SecantSolver,resolved_api,1,,,,,
MATH-0060,math,TU,UnivariateSolver,org.apache.commons.math3.analysis.solvers.UnivariateSolver,org.apache.commons.math3.analysis.solvers.UnivariateSolver,resolved,1,Interface for (univariate real) root-finding algorithms. Implementations will search for only one zero in the given interval.,official_javadoc,org.apache.commons:commons-math3:3.6.1-javadoc.jar#org.apache.commons.math3.analysis.solvers.UnivariateSolver,1,"### 4.3 Root-finding - part 7

The ` UnivariateSolver ` interface exposes many properties to control the convergence of a solver. The accuracy properties are set at solver instance creation and cannot be changed afterwards, there are only getters to retriveve their values, no setters are available. 

Property | Purpose  
---|---  
Absolute accuracy |  The Absolute Accuracy is (estimated) maximal difference between the computed root and the true root of the function. This is what most people think of as ""accuracy"" intuitively. The default value is chosen as a sane value for most real world problems, for roots in the range from -100 to +100. For accurate computation of roots near zero, in the range form -0.0001 to +0.0001, the value may be decreased. For computing roots much larger in absolute value than 100, the default absolute accuracy may never be reached because the given relative accuracy is reached first.   
Relative accuracy |  The Relative Accuracy is the maximal difference between the computed root and the true root, divided by the maximum of the absolute values of the numbers. This accuracy measurement is better suited for numerical calculations with computers, due to the way floating point numbers are represented. The default value is chosen so that algorithms will get a result even for roots with large absolute values, even while it may be impossible to reach the given absolute accuracy.   
Function value accuracy |  This value is used by some algorithms in order to prevent numerical instabilities. If the function is evaluated to an absolute value smaller than the Function Value Accuracy, the algorithms assume they hit a root and return the value immediately. The default value is a ""very small value"". If the goal is to get a near zero function value rather than an accurate root, computation may be sped up by setting this value appropriately.",1,1,org.apache.commons.math3.analysis.solvers.UnivariateSolver,unique authoritative class,org.apache.commons:commons-math3:3.6.1,org.apache.commons.math3.analysis.solvers.UnivariateSolver,resolved_api,1,,,,,
MATH-0061,math,TU,UnivariateInterpolator,org.apache.commons.math3.analysis.interpolation.UnivariateInterpolator,org.apache.commons.math3.analysis.interpolation.UnivariateInterpolator,resolved,1,Interface representing a univariate real interpolating function.,official_javadoc,org.apache.commons:commons-math3:3.6.1-javadoc.jar#org.apache.commons.math3.analysis.interpolation.UnivariateInterpolator,1,"### 4.4 Interpolation  
  
A  UnivariateInterpolator  is used to find a univariate real-valued function `f` which for a given set of ordered pairs (`xi`,`yi`) yields `f(xi)=yi` to the best accuracy possible. The result is provided as an object implementing the  UnivariateFunction  interface. It can therefore be evaluated at any point, including point not belonging to the original set. Currently, only an interpolator for generating natural cubic splines and a polynomial interpolator are available. There is no interpolator factory, mainly because the interpolation algorithm is more determined by the kind of the interpolated function rather than the set of points to interpolate. There aren't currently any accuracy controls either, as interpolation accuracy is in general determined by the algorithm. 

Typical usage:
    
    
    double x[] = { 0.0, 1.0, 2.0 };
    double y[] = { 1.0, -1.0, 2.0);
    UnivariateInterpolator interpolator = new SplineInterpolator();
    UnivariateFunction function = interpolator.interpolate(x, y);
    double interpolationX = 0.5;
    double interpolatedY = function.evaluate(x);
    System.out println(""f("" + interpolationX + "") = "" + interpolatedY);

A natural cubic spline is a function consisting of a polynomial of third degree for each subinterval determined by the x-coordinates of the interpolated points. A function interpolating `N` value pairs consists of `N-1` polynomials. The function is continuous, smooth and can be differentiated twice. The second derivative is continuous but not smooth. The x values passed to the interpolator must be ordered in ascending order. It is not valid to evaluate the function for values outside the range `x0`..`xN`.",1,0,org.apache.commons.math3.analysis.interpolation.UnivariateInterpolator,unique authoritative class,org.apache.commons:commons-math3:3.6.1,org.apache.commons.math3.analysis.interpolation.UnivariateInterpolator,resolved_api,1,,,,,
MATH-0062,math,TU,UnivariateIntegrator,org.apache.commons.math3.analysis.integration.UnivariateIntegrator,org.apache.commons.math3.analysis.integration.UnivariateIntegrator,resolved,1,Interface for univariate real integration algorithms.,official_javadoc,org.apache.commons:commons-math3:3.6.1-javadoc.jar#org.apache.commons.math3.analysis.integration.UnivariateIntegrator,1,"### 4.5 Integration

A  UnivariateIntegrator  provides the means to numerically integrate  univariate real-valued functions. Commons-Math includes implementations of the following integration algorithms: 

  * Romberg's method
  * Simpson's method
  * trapezoid method
  * Legendre-Gauss method",1,0,org.apache.commons.math3.analysis.integration.UnivariateIntegrator,unique authoritative class,org.apache.commons:commons-math3:3.6.1,org.apache.commons.math3.analysis.integration.UnivariateIntegrator,resolved_api,1,,,,,
MATH-0063,math,TU,DerivativeStructure,org.apache.commons.math3.analysis.differentiation.DerivativeStructure,org.apache.commons.math3.analysis.differentiation.DerivativeStructure,resolved,1,"Class representing both the value and the differentials of a function. This class is the workhorse of the differentiation package. This class is an implementation of the extension to Rall's numbers described in Dan Kalman's paper Doubly Recursive Multivariate Automatic Differentiation , Mathematics Magazine, vol. 75, no. 3, June 2002. Rall's numbers are an extension to the real numbers used throughout mathematical expressions; they hold the derivative together with the value of a function. Dan Kalman's derivative structures hold all partial derivatives up to any specified order, with respect to any number of free parameters. Rall's numbers therefore can be seen as derivative structures for order one derivative and one free parameter, and real numbers can be seen as derivative structures with zero order derivative and no free parameters. DerivativeStructure instances can be used directly thanks to the arithmetic operators to the mathematical functions provided as methods by this class (+, -, *, /, %, sin, cos ...). Implementing complex expressions by hand using these classes is a tedious and error-prone task but has the advantage of having no limitation on the derivation order despite no requiring users to compute the derivatives by themselves. Implementing complex expression can also be done by developing computation code using standard primitive double values and to use differentiators to create the DerivativeStructure -based instances. This method is simpler but may be limited in the accuracy and derivation orders and may be computationally intensive (this is typically the case for finite differences differentiator . Instances of this class are guaranteed to be immutable.",official_javadoc,org.apache.commons:commons-math3:3.6.1-javadoc.jar#org.apache.commons.math3.analysis.differentiation.DerivativeStructure,1,"### 4.7 Differentiation - part 2

The workflow of computation of a derivatives of an expression `y=f(x)` is the following one. First we configure an input parameter `x` of type  DerivativeStructure  so it will drive the function to compute all derivatives up to order 3 for example. Then we compute `y=f(x)` normally by passing this parameter to the f function.At the end, we extract from `y` the value and the derivatives we want. As we have specified 3rd order when we built `x`, we can retrieve the derivatives up to 3rd order from `y`. The following example shows that (the 0 parameter in the DerivativeStructure constructor will be explained in the next paragraph): 
    
    
    int params = 1;
    int order = 3;
    double xRealValue = 2.5;
    DerivativeStructure x = new DerivativeStructure(params, order, 0, xRealValue);
    DerivativeStructure y = f(x);
    System.out.println(""y    = "" + y.getValue();
    System.out.println(""y'   = "" + y.getPartialDerivative(1);
    System.out.println(""y''  = "" + y.getPartialDerivative(2);
    System.out.println(""y''' = "" + y.getPartialDerivative(3);",1,1,org.apache.commons.math3.analysis.differentiation.DerivativeStructure,unique authoritative class,org.apache.commons:commons-math3:3.6.1,org.apache.commons.math3.analysis.differentiation.DerivativeStructure,resolved_api,1,,,,,
MATH-0064,math,TU,ComplexFormat,org.apache.commons.math3.complex.ComplexFormat,org.apache.commons.math3.complex.ComplexFormat,resolved,1,"Formats a Complex number in cartesian format ""Re(c) + Im(c)i"". 'i' can be replaced with 'j' (or anything else), and the number format for both real and imaginary parts can be configured.",official_javadoc,org.apache.commons:commons-math3:3.6.1-javadoc.jar#org.apache.commons.math3.complex.ComplexFormat,1,"### 7.4  Complex  Formatting and Parsing

` Complex ` instances can be converted to and from strings using the ComplexFormat  class. ` ComplexFormat ` is a `java.text.Format` extension and, as such, is used like other formatting objects (e.g. `java.text.SimpleDateFormat`): 
    
    
    ComplexFormat format = new ComplexFormat(); // default format
    Complex c = new Complex(1.1111, 2.2222);
    String s = format.format(c); // s contains ""1.11 + 2.22i""

To customize the formatting output, one or two `java.text.NumberFormat` instances can be used to construct a ` ComplexFormat `. These number formats control the formatting of the real and imaginary values of the complex number: 
    
    
    NumberFormat nf = NumberFormat.getInstance();
    nf.setMinimumFractionDigits(3);
    nf.setMaximumFractionDigits(3);
    
    // create complex format with custom number format
    // when one number format is used, both real and
    // imaginary parts are formatted the same
    ComplexFormat cf = new ComplexFormat(nf);
    Complex c = new Complex(1.11, 2.2222);
    String s = format.format(c); // s contains ""1.110 + 2.222i""
    
    NumberFormat nf2 = NumberFormat.getInstance();
    nf.setMinimumFractionDigits(1);
    nf.setMaximumFractionDigits(1);
    
    // create complex format with custom number formats
    cf = new ComplexFormat(nf, nf2);
    s = format.format(c); // s contains ""1.110 + 2.2i""

Another formatting customization provided by ` ComplexFormat ` is the text used for the imaginary designation. By default, the imaginary notation is ""i"" but, it can be manipulated using the `setImaginaryCharacter` method. 

Formatting inverse operation, parsing, can also be performed by ` ComplexFormat `. Parse a complex number from a string, simply call the ` ComplexFormat.parse ` method: 
    
    
    ComplexFormat cf = new ComplexFormat();
    Complex c = cf.parse(""1.110 + 2.222i"");",1,1,org.apache.commons.math3.complex.ComplexFormat,unique authoritative class,org.apache.commons:commons-math3:3.6.1,org.apache.commons.math3.complex.ComplexFormat,resolved_api,1,,,,,
MATH-0065,math,TU,IntervalsSet,org.apache.commons.math3.geometry.euclidean.oned.IntervalsSet,org.apache.commons.math3.geometry.euclidean.oned.IntervalsSet,resolved,1,This class represents a 1D region: a set of intervals.,official_javadoc,org.apache.commons:commons-math3:3.6.1-javadoc.jar#org.apache.commons.math3.geometry.euclidean.oned.IntervalsSet,1,"### 11.2 Euclidean spaces

Interval  and  IntervalsSet  represent one dimensional regions. All classical set operations are available for intervals sets: union, intersection, symmetric difference (exclusive or), difference, complement, as well as region predicates (point inside/outside/on boundary, emptiness, other region contained). It is also possible to compute geometrical properties like size, barycenter or boundary size. Intervals sets can be built by constructive geometry (union, intersection ...) or from a boundary representation. 

PolygonsSet  represent two dimensional regions. All classical set operations are available for polygons sets: union, intersection, symmetric difference (exclusive or), difference, complement, as well as region predicates (point inside/outside/on boundary, emptiness, other region contained). It is also possible to compute geometrical properties like size, barycenter or boundary size and to extract the vertices. Polygons sets can be built by constructive geometry (union, intersection ...) or from a boundary representation.",1,1,org.apache.commons.math3.geometry.euclidean.oned.IntervalsSet,unique authoritative class,org.apache.commons:commons-math3:3.6.1,org.apache.commons.math3.geometry.euclidean.oned.IntervalsSet,resolved_api,1,,,,,
MATH-0066,math,SO,Rotation,org.apache.commons.math3.geometry.euclidean.threed.Rotation,org.apache.commons.math3.geometry.euclidean.threed.Rotation,resolved,1,"This class implements rotations in a three-dimensional space. Rotations can be represented by several different mathematical entities (matrices, axe and angle, Cardan or Euler angles, quaternions). This class presents an higher level abstraction, more user-oriented and hiding this implementation details. Well, for the curious, we use quaternions for the internal representation. The user can build a rotation from any of these representations, and any of these representations can be retrieved from a Rotation instance (see the various constructors and getters). In addition, a rotation can also be built implicitly from a set of vectors and their image. This implies that this class can be used to convert from one representation to another one. For example, converting a rotation matrix into a set of Cardan angles from can be done using the following single line of code: double[] angles = new Rotation(matrix, 1.0e-10).getAngles(RotationOrder.XYZ); Focus is oriented on what a rotation do rather than on its underlying representation. Once it has been built, and regardless of its internal representation, a rotation is an operator which basically transforms three dimensional vectors into other three dimensional vectors . Depending on the application, the meaning of these vectors may vary and the semantics of the rotation also. For example in an spacecraft attitude simulation tool, users will often consider the vectors are fixed (say the Earth direction for example) and the frames change. The rotation transforms the coordinates of the vector in inertial frame into the coordinates of the same vector in satellite frame. In this case, the rotation implicitly defines the relation between the two frames. Another example could be a telescope control application, where the rotation would transform the sighting direction at rest into the desired observing direction when the telescope is pointed towards an object of interest. In this case the rotation transforms the direction at rest in a topocentric frame into the sighting direction in the same topocentric frame. This implies in this case the frame is fixed and the vector moves. In many case, both approaches will be combined. In our telescope example, we will probably also need to transform the observing direction in the topocentric frame into the observing direction in inertial frame taking into account the observatory location and the Earth rotation, which would essentially be an application of the first approach. These examples show that a rotation is what the user wants it to be. This class does not push the user towards one specific definition and hence does not provide methods like projectVectorIntoDestinationFrame or computeTransformedDirection . It provides simpler and more generic methods: applyTo(Vector3D) and applyInverseTo(Vector3D) . Since a rotation is basically a vectorial operator, several rotations can be composed together and the composite operation r = r 1 o r 2 (which means that for each vector u , r(u) = r 1 (r 2 (u)) ) is also a rotation. Hence we can consider that in addition to vectors, a rotation can be applied to other rotations as well (or to itself). With our previous notations, we would say we can apply r 1 to r 2 and the result we get is r = r 1 o r 2 . For this purpose, the class provides the methods: applyTo(Rotation) and applyInverseTo(Rotation) . Rotations are guaranteed to be immutable objects.",official_javadoc,org.apache.commons:commons-math3:3.6.1-javadoc.jar#org.apache.commons.math3.geometry.euclidean.threed.Rotation,1,"Java Getting a point on the edge of a circle after 3 axis rotation. 

Edited To be simplier

Right down to it i need to rotate a circle on 3 axis in a 3D space. I've go the y axis down without issues. However, my work with the other two have only resulted in the circle going around the center point instead of rotating. As well i need to be able to find a point around the edge of this circle after rotation. That way i can plot my objects to be at those points or render effects at that point. 

Example of what i have so far... the context is in a minecraft mod as its an easy place to test code graphically. http://puu.sh/38Z6x.jpg I'm using 6 points for testing the code but can increase it later. 

Here is the code i have so far -Code- its github so it will change as often as i sync my code. So don't rely on it on what i've tried but rather the structure i'm using. Last sync i was trying spherical coordinate system as an option.

I'm also looking for preformance tips for doing these calculation. I'm going to have several of these calculations running on the project i'm working on controlling 1000s of moving objects. 

Ok looks like i got it working and have got my rotation working almost 100%. Only issue i'm having is i can't rotate around the circle's edge after setting my line spacing. http://puu.sh/3ae63.jpg Thank you @Aggieboy for your help its been great 

Here is my code though i think it needs more work but its something. The github classes will be updated as i work on them more. However, i can't link the github file to the test class due to it being a private repo.
    
    
    /*
    * This is the code used to test the rotation by generating a circle with the radius
    * given
    */
    double r = 3;
    double s = (2 * Math.PI) / this.points.length;
    Vector3 vec = new Vector3(this.xCoord + 0.5D, this.yCoord + 2D, this.zCoord + 0.5D);
    boolean flip = false;
    /*
    * Rotation speed is set here though it could be control by anything. As well the
    * rotation change is stored in a vector(x,y,z) and doesn't only have to be in the z axis
    */
    this.rotation.z += 5;
    for (int i = 0; i < points.length; i++)
    {
    Color color = flip ? Color.red : Color.blue;
    Vector3 point = vec.clone().add(NetworkOrbit.getOrbitOffset(r, s * i, this.rotation));
    points[i] = point.clone();
    if (i != 0)
    {
    int a = i + 1 == this.points.length ? 0 : i - 1;
    int b = i;
    /*
    * generatelaser creates a laser line from one point to another and is used for
    * visual debug
    */
    this.laser.generateLaser(this.worldObj, points[a], points[b], color, 10, 5);
    }
    flip = !flip;
    }
    this.laser.generateLaser(this.worldObj, points[this.points.length - 1], points[this.points.length - 2], flip ? Color.red : Color.blue, 10, 5);
    //Markers to show me the center point and then a line to point 0
    this.laser.generateLaser(this.worldObj, vec, vec.clone().add(new Vector3(0, -2, 0)), Color.darkGray, 10, 5);
    this.laser.generateLaser(this.worldObj, points[0], vec, Color.darkGray, 10, 5);
    

Github code links sorry for the format by i can't seem to post more than 2 links just yet https://github.com/DarkGuardsman/Dark-Library/blob/master/src/minecraft/dark/library/...

...math/Quaternion.java

...orbit/NetworkOrbit.java",1,0,org.apache.commons.math3.geometry.euclidean.threed.Rotation,unique authoritative class,org.apache.commons:commons-math3:3.6.1,org.apache.commons.math3.geometry.euclidean.threed.Rotation,resolved_api,1,,,,,
MATH-0067,math,SO,ArithmeticException,java.lang.ArithmeticException,java.lang.ArithmeticException,resolved,1,"ArithmeticException is a Java runtime exception thrown when an exceptional arithmetic condition occurs, such as integer division by zero. Floating-point division by zero may instead produce values such as infinity or NaN rather than throwing this exception.",qwen3.8-max,model:qwen3.8-max,0,"Java ""Errors"" with math - int vs Double 

I noticed something weird earlier today. I was writing some code that was supposed to make graphs in complex quadrants. Anyway, I typed `int i = 1/0;` and it wouldn't compile. When I changed the code to `double i = 1.0/0.0;` the code compiled fine. When I ran the code it gave an error / by 0. I was expecting that... But why does it compile fine when using doubles and not integers? I am using the Blue J IDE

Dividing an `int` value by zero would result in a `ArithmeticException`, hence the expression `1 / 0` is illegal.

The result of dividing a `double` value by zero is infinity or `NaN` *, so the expression `1.0 / 0.0` is legal.

  


*) See t_over's comment for specifics:",1,1,java.lang.ArithmeticException,unique authoritative class,Eclipse Temurin OpenJDK:8u504-b01,java.lang.ArithmeticException,resolved_api,1,,,,,
MATH-0068,math,SO,Math.ulp,java.lang.Math#ulp(double),java.lang.Math,resolved,1,"Math.ulp is used to compute the unit in the last place (ULP) of a floating-point value, representing the distance between that value and the next representable value. It is typically used when reasoning about floating-point precision or rounding behavior.",qwen3.8-max,model:qwen3.8-max,0,"How to compute `ulp`when `Math.ulp` is missing? 

I need the ulp for a given double value, but since I am developing for Codename ONE, `ulp(double)` is not provided. Does anyone know an efficient algorithm to compute `ulp` in Java? Codename ONE provides just some of the methods in the `Math` class (javadoc for the CN1 version) and some of the gaps are filled in MathUtil.

As a workaround, I use this (incorrect) code until I find a working replacement: 
    
    
    private double ulp(double y) {
    return y/1e15;
    }
    

EDIT: I ""rolled my own"" and have just posted my code for review. Just in case someone else needs this.

Ok, since I didn't find a working replacement (both Apache Harmony and OpenJDK end up using native methods that are not available on CN1), I wrote my own version (results tested against OpenJDK-version). Just in case anyone needs it. 

As for codename One: I submitted a patch to the MathUtil class, so hopefully this will be added sooner or later.
    
    
    /*
    * use a precalculated value for the ulp of Double.MAX_VALUE
    */
    private static final double MAX_ULP = 1.9958403095347198E292;
    /**
    * Returns the size of an ulp (units in the last place) of the argument.
    * @param d value whose ulp is to be returned
    * @return size of an ulp for the argument
    */
    @Override
    public double ulp(double d) {
    if (Double.isNaN(d)) {
    // If the argument is NaN, then the result is NaN.
    return Double.NaN;
    }
    if (Double.isInfinite(d)) {
    // If the argument is positive or negative infinity, then the
    // result is positive infinity.
    return Double.POSITIVE_INFINITY;
    }
    if (d == 0.0) {
    // If the argument is positive or negative zero, then the result is Double.MIN_VALUE.
    return Double.MIN_VALUE;
    }
    d = Math.abs(d);
    if (d == Double.MAX_VALUE) {
    // If the argument is Double.MAX_VALUE, then the result is equal to 2^971.
    return MAX_ULP;
    }
    return nextAfter(d, Double.MAX_VALUE) - d;
    }
    @Override
    public double copySign(double x, double y) {
    return com.codename1.util.MathUtil.copysign(x,y);
    }
    private boolean isSameSign(double x, double y) {
    return copySign(x, y) == x;
    }
    /**
    * Returns the next representable floating point number after the first
    * argument in the direction of the second argument.
    *
    * @param start starting value
    * @param direction value indicating which of the neighboring representable
    * floating point number to return
    * @return The floating-point number next to {@code start} in the
    * direction of {@direction}.
    */
    @Override
    public double nextAfter(final double start, final double direction) {
    if (Double.isNaN(start) || Double.isNaN(direction)) {
    // If either argument is a NaN, then NaN is returned.
    return Double.NaN;
    }
    if (start == direction) {
    // If both arguments compare as equal the second argument is returned.
    return direction;
    }
    final double absStart = Math.abs(start);
    final double absDir = Math.abs(direction);
    final boolean toZero = !isSameSign(start, direction) || absDir < absStart;
    if (toZero) {
    // we are reducing the magnitude, going toward zero.
    if (absStart == Double.MIN_VALUE) {
    return copySign(0.0, start);
    }
    if (Double.isInfinite(absStart)) {
    return copySign(Double.MAX_VALUE, start);
    }
    return copySign(Double.longBitsToDouble(Double.doubleToLongBits(absStart) - 1L), start);
    } else {
    // we are increasing the magnitude, toward +-Infinity
    if (start == 0.0) {
    return copySign(Double.MIN_VALUE, direction);
    }
    if (absStart == Double.MAX_VALUE) {
    return copySign(Double.POSITIVE_INFINITY, start);
    }
    return copySign(Double.longBitsToDouble(Double.doubleToLongBits(absStart) + 1L), start);
    }
    }",1,1,java.lang.Math#ulp(double),KU explicitly says 'given double value' and 'ulp(double)'.,Eclipse Temurin OpenJDK:8u504-b01,java.lang.Math#ulp(double),resolved_api,1,,,,,
MATH-0069,math,SO,Math.sqrt,java.lang.Math#sqrt(double),java.lang.Math,resolved,1,"Math.sqrt is used to compute the square root of a numeric value, often in mathematical calculations such as distances. In Java, invalid input conditions can lead to results such as NaN.",qwen3.8-max,model:qwen3.8-max,0,"Getting NaN as answer for a simple Java program 

I'm learning Java lately so i started converting my programs in C++ to Java but i'm getting NaN as answer when i'm calculating the distance. Can anyone tell me what is the problem here? Thank you. Here are the codes:
    
    
    import java.util.Scanner;
    import java.lang.Math;
    public class Labsheet1Number1 {
    public static void main(String[] args) {
    double length=0,height=0,pi=3.142;
    double distance=0,angle=0;
    Scanner input = new Scanner(System.in);
    System.out.println(""This program will calculate the distance and the angle."");
    System.out.print(""Enter the length of the ladder: "");
    length = input.nextInt();
    System.out.print(""Enter the height of the wall: "");
    height = input.nextInt();
    distance = Math.sqrt(Math.pow(length, 2) - Math.pow(height, 2));
    angle = (180/pi) * (Math.sin(height/length));
    System.out.println(""The distance is "" + distance);
    System.out.println(""The angle is "" + angle);
    }
    }
    

If you are calculating the distance between two points, the distance should be :

`distance = Math.sqrt(Math.pow(length, 2) + Math.pow(height, 2));`

As it is, you might be computing `Math.sqrt(x)` for a negative number, which would explain the NaN (Not a Number) result.

From the JavaDoc of Math.sqrt() :

> If the argument is NaN or less than zero, then the result is NaN

EDIT :

Due to @AnthonyGrist comment, I read the question again. While the equation for distance calculation is `dist(p1,p2) = sqrt ( (x1-x2)^2 + (y1-y2)^2 )`, based on the inputs requested from the user - `Enter the length of the ladder:` and `Enter the height of the wall:` - it seems reasonable to believe that the distance we are meant to compute is the horizontal distance of the bottom of a ladder from the bottom of the wall.

If that is the case, p1 and p2 are the locations of the ladder's edges (lets assume for simplicity the ladder is 1-dimentional), and dist(p1,p2) in the above equation is already known - it's `length`. Assuming that the ladder reaches the top of the wall, we also know that `height = abs(y1-y2)`.

Therefore, what we want to calculate is actually `abs(x1-x2)`.

If we rearrange the above equation, we get :

`distance = abs(x1-x2) = sqrt (dist(p1,p2)^2 - (y1-y2)^2) = sqrt (length^2 - height^2)`

Which is exactly the original equation in the question.

However, this equation is correct only if `height <= length` (since they ladder cannot reach the top of a wall higher than its own length). Therefore, in order to avoid invalid result (NaN), you should validate the input, and make sure `height <= length`.",1,1,java.lang.Math#sqrt(double),owner is explicit in the raw API,Eclipse Temurin OpenJDK:8u504-b01,java.lang.Math#sqrt(double),resolved_api,1,,,,,
MATH-0070,math,SO,Math.floor,java.lang.Math#floor(double),java.lang.Math,resolved,1,"Math.floor rounds a numeric value downward toward negative infinity, producing the greatest integer less than or equal to the argument. Depending on the language, the result may be returned as a floating-point value rather than an integer type.",qwen3.8-max,model:qwen3.8-max,0,"Is there any benefit to using Math.Floor over explicit integer casting? 

Question is pretty straightforward, is there any benefit or difference? I've noticed that in C# the function returns a double without any decimal places, while in java it keeps the decimal places, but other than that the result is the same.

Here is the code I used in Java and C#, and the output:
    
    
    //Java //C#
    double a = 5.5; double a = 5.5;
    System.out.println(Math.floor(a)); Console.WriteLine(Math.Floor(a));
    System.out.println((int)a); Console.WriteLine((int)a);
    //Output //Output
    5.0 5
    5 5
    

Yes, for negative numbers, this works in the opposite way.

Example (using Mono's C# interactive shell `csharp`):
    
    
    csharp> Math.Floor(-12.0d)
    -12
    csharp> Math.Floor(-12.5d) 
    -13
    csharp> (int) -12.5
    -12
    

(same for both Java/C#) and I guess most languages anyway.

Casting a floating-point number to an integer, is performed by throwing away the decimal part maintaining the integer part. The integer part of `-12.5` is `12`. Thus negative numbers do a `Math.Ceil` if converted to an `int`.

Furthermore as @Matthew argues, a `float` or `double` can reach numbers like `1.023e23` (Avogadro's constant). Simply because the mantisse can't represent digits after the comma anymore. Numbers that are considered to be an integer anyway, but can't be represented by an `int`. By performing a `Math.floor` operation, nothing happens, but the value is still maintained. While conversion to an `int` could result in overflow:

Example:
    
    
    csharp> double ac = 1.023e23;
    csharp> Math.Floor(ac);
    1.023E+23
    csharp> (int) ac;
    0
    

> Note: this may look far fetched, but there is thus a clear difference in semantics nevertheless. A difference that tends to lead to errors anyway.

In addition, it works differently for infinite numbers and NaN:
    
    
    System.out.println(Math.floor(Double.POSITIVE_INFINITY)); // Prints Infinity
    System.out.println((int)Double.POSITIVE_INFINITY); // Prints 2147483647
    System.out.println(Math.floor(Double.NaN)); // Prints NaN
    System.out.println((int)Double.NaN); // Prints 0
    

But I would always use them nevertheless. Casting makes things way more unreadable. Rounding up/down/off is more some kind of (side-effect) of the cast. By using `Math.Ceil/Floor/Round` it is clear what you mean.

Sometimes a cast to an integer is indeed a bit more efficient than performing a floor/ceil operation first. But a smart compiler can sometimes derive that a variable will always store a positive number and thus optimize it itself. And furthermore for most applications this will result in an insignificant performance penalty.",1,1,java.lang.Math#floor(double),owner is explicit in the raw API,Eclipse Temurin OpenJDK:8u504-b01,java.lang.Math#floor(double),resolved_api,1,,,,,
MATH-0071,math,SO,mXparser.consolePrintTokens,org.mariuszgromada.math.mxparser.mXparser#consolePrintTokens(java.util.ArrayList),org.mariuszgromada.math.mxparser.mXparser,resolved,1,mXparser.consolePrintTokens is a utility method in the mXparser library used to print token information to the console. It can be used to inspect how an expression is tokenized or categorized.,qwen3.8-max,model:qwen3.8-max,0,"Java Splitting With Math Expression 

I am trying to split a Math Expression.
    
    
    String number = ""100+500"";
    String[] split = new String[3];
    

I want to make 

  * split[0] = ""100""
  * split[1] = ""+""
  * split[2] = ""500""



I tried this but I don't know what to write for splitting.
    
    
    split = number.split(????);
    

You can split your expression string, then in result having pure tokens and categorized tokens. The mXparser library supports this as well as the calculation process. Please follow the below example:

Your very simple example ""100+500"":
    
    
    import org.mariuszgromada.math.mxparser.*;
    ...
    ...
    Expression e = new Expression(""100+500"");
    mXparser.consolePrintTokens( e.getCopyOfInitialTokens() );
    

Result:
    
    
    [mXparser-v.4.0.0] --------------------
    [mXparser-v.4.0.0] | Expression tokens: |
    [mXparser-v.4.0.0] ---------------------------------------------------------------------------------------------------------------
    [mXparser-v.4.0.0] | TokenIdx | Token | KeyW | TokenId | TokenTypeId | TokenLevel | TokenValue | LooksLike |
    [mXparser-v.4.0.0] ---------------------------------------------------------------------------------------------------------------
    [mXparser-v.4.0.0] | 0 | 100 | _num_ | 1 | 0 | 0 | 100.0 | |
    [mXparser-v.4.0.0] | 1 | + | + | 1 | 1 | 0 | NaN | |
    [mXparser-v.4.0.0] | 2 | 500 | _num_ | 1 | 0 | 0 | 500.0 | |
    [mXparser-v.4.0.0] ---------------------------------------------------------------------------------------------------------------
    

More sophisticated example ""2*sin(x)+(3/cos(y)-e^(sin(x)+y))+10"":
    
    
    import org.mariuszgromada.math.mxparser.*;
    ...
    ...
    Argument x = new Argument(""x"");
    Argument y = new Argument(""y"");
    Expression e = new Expression(""2*sin(x)+(3/cos(y)-e^(sin(x)+y))+10"", x, y);
    mXparser.consolePrintTokens( e.getCopyOfInitialTokens() );
    

Result:
    
    
    [mXparser-v.4.0.0] --------------------
    [mXparser-v.4.0.0] | Expression tokens: |
    [mXparser-v.4.0.0] ---------------------------------------------------------------------------------------------------------------
    [mXparser-v.4.0.0] | TokenIdx | Token | KeyW | TokenId | TokenTypeId | TokenLevel | TokenValue | LooksLike |
    [mXparser-v.4.0.0] ---------------------------------------------------------------------------------------------------------------
    [mXparser-v.4.0.0] | 0 | 2 | _num_ | 1 | 0 | 0 | 2.0 | |
    [mXparser-v.4.0.0] | 1 | * | * | 3 | 1 | 0 | NaN | |
    [mXparser-v.4.0.0] | 2 | sin | sin | 1 | 4 | 1 | NaN | |
    [mXparser-v.4.0.0] | 3 | ( | ( | 1 | 20 | 2 | NaN | |
    [mXparser-v.4.0.0] | 4 | x | x | 0 | 101 | 2 | NaN | |
    [mXparser-v.4.0.0] | 5 | ) | ) | 2 | 20 | 2 | NaN | |
    [mXparser-v.4.0.0] | 6 | + | + | 1 | 1 | 0 | NaN | |
    [mXparser-v.4.0.0] | 7 | ( | ( | 1 | 20 | 1 | NaN | |
    [mXparser-v.4.0.0] | 8 | 3 | _num_ | 1 | 0 | 1 | 3.0 | |
    [mXparser-v.4.0.0] | 9 | / | / | 4 | 1 | 1 | NaN | |
    [mXparser-v.4.0.0] | 10 | cos | cos | 2 | 4 | 2 | NaN | |
    [mXparser-v.4.0.0] | 11 | ( | ( | 1 | 20 | 3 | NaN | |
    [mXparser-v.4.0.0] | 12 | y | y | 1 | 101 | 3 | NaN | |
    [mXparser-v.4.0.0] | 13 | ) | ) | 2 | 20 | 3 | NaN | |
    [mXparser-v.4.0.0] | 14 | - | - | 2 | 1 | 1 | NaN | |
    [mXparser-v.4.0.0] | 15 | e | e | 2 | 9 | 1 | NaN | |
    [mXparser-v.4.0.0] | 16 | ^ | ^ | 5 | 1 | 1 | NaN | |
    [mXparser-v.4.0.0] | 17 | ( | ( | 1 | 20 | 2 | NaN | |
    [mXparser-v.4.0.0] | 18 | sin | sin | 1 | 4 | 3 | NaN | |
    [mXparser-v.4.0.0] | 19 | ( | ( | 1 | 20 | 4 | NaN | |
    [mXparser-v.4.0.0] | 20 | x | x | 0 | 101 | 4 | NaN | |
    [mXparser-v.4.0.0] | 21 | ) | ) | 2 | 20 | 4 | NaN | |
    [mXparser-v.4.0.0] | 22 | + | + | 1 | 1 | 2 | NaN | |
    [mXparser-v.4.0.0] | 23 | y | y | 1 | 101 | 2 | NaN | |
    [mXparser-v.4.0.0] | 24 | ) | ) | 2 | 20 | 2 | NaN | |
    [mXparser-v.4.0.0] | 25 | ) | ) | 2 | 20 | 1 | NaN | |
    [mXparser-v.4.0.0] | 26 | + | + | 1 | 1 | 0 | NaN | |
    [mXparser-v.4.0.0] | 27 | 10 | _num_ | 1 | 0 | 0 | 10.0 | |
    [mXparser-v.4.0.0] ---------------------------------------------------------------------------------------------------------------
    

To understand what Token.tokenId and Token.tokenTypeId means you need to refer to the API documentation and parsertokens section. For instance in Operator class you have

  1. Operator.TYPE_ID - this corresponds to Token.tokenTypeId if Token is recognized as Operator
  2. Operator.OPERATOR_NAME_ID - this corresponds to Token.tokenId if Token is recognized as particular OPERATOR_NAME.



Please follow mXparser tutorial for better understanding.

Best regards",1,0,org.mariuszgromada.math.mxparser.mXparser#consolePrintTokens(java.util.ArrayList),owner is explicit in the raw API,org.mariuszgromada.math:MathParser.org-mXparser:4.0.0,org.mariuszgromada.math.mxparser.mXparser#consolePrintTokens(java.util.ArrayList),resolved_api,1,,,,,
MATH-0072,math,SO,RealVector,org.apache.commons.math3.linear.RealVector,org.apache.commons.math3.linear.RealVector,resolved,1,"Class defining a real-valued vector with basic algebraic operations. vector element indexing is 0-based -- e.g., getEntry(0) returns the first element of the vector. The code map and mapToSelf methods operate on vectors element-wise, i.e. they perform the same operation (adding a scalar, applying a function ...) on each element in turn. The map versions create a new vector to hold the result and do not change the instance. The mapToSelf version uses the instance itself to store the results, so the instance is changed by this method. In all cases, the result vector is returned by the methods, allowing the fluent API style, like this: RealVector result = v.mapAddToSelf(3.4).mapToSelf(new Tan()).mapToSelf(new Power(2.3));",official_javadoc,org.apache.commons:commons-math3:3.6.1-javadoc.jar#org.apache.commons.math3.linear.RealVector,1,"How to multiply a RealVector by a RealMatrix? 

How can I multiply a given `RealVector` by a `RealMatrix`? I can't find any ""multiply"" method on both classes, only `preMultiply` but it seems not work:
    
    
    // point to translate
    final RealVector p = MatrixUtils.createRealVector(new double[] {
    3, 4, 5, 1
    });
    // translation matrix (6, 7, 8)
    final RealMatrix m = MatrixUtils.createRealMatrix(new double[][] {
    {1, 0, 0, 6},
    {0, 1, 0, 7},
    {0, 0, 1, 8},
    {0, 0, 0, 1}
    });
    // p2 = m x p
    final RealVector p2 = m.preMultiply(p);
    // prints {3; 4; 5; 87}
    // expected {9; 11; 13; 1}
    System.out.println(p2);
    

Please compare the actual result with the expected result.

Is there also a way for multiplying a `Vector3D` by a 4x4 `RealMatrix` where the w component is throw away? (I'm looking not for custom implementation but an already existing method in the library).

`preMultiply` does not give you `m x p` but `p x m`. This would be suitable for your question but not for your comment `// p2 = m x p`.

To get the result you want you have two options:

  1. Use `RealMatrix#operate(RealVector)` which produces `m x p`:
         
         RealVector mxp = m.operate(p); 
         System.out.println(mxp); 
         

  2. Transpose the matrix before pre-multiplying:
         
         RealVector pxm_t = m.transpose().preMultiply(p);
         System.out.println(pxm_t);
         




Result: 

> {9; 11; 13; 1}",1,1,org.apache.commons.math3.linear.RealVector,unique authoritative class,org.apache.commons:commons-math3:3.6.1,org.apache.commons.math3.linear.RealVector,resolved_api,1,,,,,
MATH-0073,math,TU,BracketingNthOrderBrentSolver,org.apache.commons.math3.analysis.solvers.BracketingNthOrderBrentSolver,org.apache.commons.math3.analysis.solvers.BracketingNthOrderBrentSolver,resolved,1,"This class implements a modification of the Brent algorithm . The changes with respect to the original Brent algorithm are: the returned value is chosen in the current interval according to user specified AllowedSolution , the maximal order for the invert polynomial root search is user-specified instead of being invert quadratic only The given interval must bracket the root.",official_javadoc,org.apache.commons:commons-math3:3.6.1-javadoc.jar#org.apache.commons.math3.analysis.solvers.BracketingNthOrderBrentSolver,1,"### 4.3 Root-finding - part 4  
  
In order to use the root-finding features, first a solver object must be created by calling its constructor, often providing relative and absolute accuracy. Using a solver object, roots of functions are easily found using the ` BracketingNthOrderBrentSolver.solve ` methods. These methods takes a maximum iteration count `maxEval`, a function `f`, and either two domain values, `min` and `max`, or a `startValue` as parameters. If the maximal number of iterations count is exceeded, non-convergence is assumed and a ` ConvergenceException ` exception is thrown. A suggested value is 100, which should be plenty, given that a bisection algorithm can't get any more accurate after 52 iterations because of the number of mantissa bits in a double precision floating point number. If a number of ill-conditioned problems is to be solved, this number can be decreased in order to avoid wasting time. Bracketed solvers also take an allowed solution enum parameter to specify which side of the final convergence interval should be selected as the root. It can be `ANY_SIDE`, `LEFT_SIDE`, `RIGHT_SIDE`, `BELOW_SIDE` or `ABOVE_SIDE`. Left and right are used to specify the root along the function parameter axis while below and above refer to the function value axis. The solve methods compute a value `c` such that: 

  * `f(c) = 0.0` (see ""function value accuracy"")
  * `min <= c <= max` (except for the secant method, which may find a solution outside the interval)",1,1,org.apache.commons.math3.analysis.solvers.BracketingNthOrderBrentSolver,unique authoritative class,org.apache.commons:commons-math3:3.6.1,org.apache.commons.math3.analysis.solvers.BracketingNthOrderBrentSolver,resolved_api,1,,,,,
MATH-0074,math,TU,RegulaFalsiSolver,org.apache.commons.math3.analysis.solvers.RegulaFalsiSolver,org.apache.commons.math3.analysis.solvers.RegulaFalsiSolver,resolved,1,"Implements the Regula Falsi or False position method for root-finding (approximating a zero of a univariate real function). It is a modified Secant method. The Regula Falsi method is included for completeness, for testing purposes, for educational purposes, for comparison to other algorithms, etc. It is however not intended to be used for actual problems, as one of the bounds often remains fixed, resulting in very slow convergence. Instead, one of the well-known modified Regula Falsi algorithms can be used ( Illinois or Pegasus ). These two algorithms solve the fundamental issues of the original Regula Falsi algorithm, and greatly out-performs it for most, if not all, (practical) functions. Unlike the Secant method, the Regula Falsi guarantees convergence, by maintaining a bracketed solution. Note however, that due to the finite/limited precision of Java's double type, which is used in this implementation, the algorithm may get stuck in a situation where it no longer makes any progress. Such cases are detected and result in a ConvergenceException exception being thrown. In other words, the algorithm theoretically guarantees convergence, but the implementation does not. The Regula Falsi method assumes that the function is continuous, but not necessarily smooth. Implementation based on the following article: M. Dowell and P. Jarratt, A modified regula falsi method for computing the root of an equation , BIT Numerical Mathematics, volume 11, number 2, pages 168-174, Springer, 1971.",official_javadoc,org.apache.commons:commons-math3:3.6.1-javadoc.jar#org.apache.commons.math3.analysis.solvers.RegulaFalsiSolver,1,"### 4.3 Root-finding - part 6

The ` SecantSolver ` uses a straightforward secant algorithm which does not bracket the search and therefore does not guarantee convergence. It may be faster than Brent on some well-behaved functions. 

The ` RegulaFalsiSolver ` is variation of secant preserving bracketing, but then it may be slow, as one end point of the search interval will become fixed after and only the other end point will converge to the root, hence resulting in a search interval size that does not decrease to zero. 

The ` IllinoisSolver ` and ` PegasusSolver ` are well-known variations of regula falsi that fix the problem of stuck end points by slightly weighting one endpoint to balance the interval at next iteration. Pegasus is often faster than Illinois. Pegasus may be the algorithm of choice for selecting a specific side of the convergence interval. 

The ` BisectionSolver ` is included for completeness and for establishing a fall back in cases of emergency. The algorithm is simple, most likely bug free and guaranteed to converge even in very adverse circumstances which might cause other algorithms to malfunction. The drawback is of course that it is also guaranteed to be slow.",1,1,org.apache.commons.math3.analysis.solvers.RegulaFalsiSolver,unique authoritative class,org.apache.commons:commons-math3:3.6.1,org.apache.commons.math3.analysis.solvers.RegulaFalsiSolver,resolved_api,1,,,,,
MATH-0075,math,TU,Complex,org.apache.commons.math3.complex.Complex,org.apache.commons.math3.complex.Complex,resolved,1,"Representation of a Complex number, i.e. a number which has both a real and imaginary part. Implementations of arithmetic operations handle NaN and infinite values according to the rules for Double , i.e. equals(java.lang.Object) is an equivalence relation for all instances that have a NaN in either real or imaginary part, e.g. the following are considered equal: 1 + NaNi NaN + i NaN + NaNi Note that this contradicts the IEEE-754 standard for floating point numbers (according to which the test x == x must fail if x is NaN ). The method equals for primitive double in Precision conforms with IEEE-754 while this class conforms with the standard behavior for Java object types.",official_javadoc,org.apache.commons:commons-math3:3.6.1-javadoc.jar#org.apache.commons.math3.complex.Complex,1,"### 7.2  Complex  Numbers

Complex  provides a complex number type that forms the basis for the complex functionality found in commons-math. 

Complex functions and arithmetic operations are implemented in commons-math by applying standard computational formulas and following the rules for `java.lang.Double` arithmetic in handling infinite and ` NaN ` values. No attempt is made to comply with ANSII/IEC C99x Annex G or any other standard for Complex arithmetic. See the class and method javadocs for the  Complex  and  ComplexUtils  classes for details on computing formulas. 

To create a complex number, simply call the constructor passing in two floating-point arguments, the first being the real part of the complex number and the second being the imaginary part: 
    
    
    Complex c = new Complex(1.0, 3.0); // 1 + 3i

Complex numbers may also be created from polar representations using the ` ComplexUtils.polar2Complex ` method in ` ComplexUtils `. 

The ` Complex ` class provides basic unary and binary complex number operations. These operations provide the means to add, subtract, multiply and divide complex numbers along with other complex number functions similar to the real number functions found in `java.math.BigDecimal`: 
    
    
    Complex lhs = new Complex(1.0, 3.0);
    Complex rhs = new Complex(2.0, 5.0);
    
    Complex answer = lhs.add(rhs);       // add two complex numbers
            answer = lhs.subtract(rhs);  // subtract two complex numbers
            answer = lhs.abs();          // absolute value
            answer = lhs.conjugate(rhs); // complex conjugate",1,1,org.apache.commons.math3.complex.Complex,unique authoritative class,org.apache.commons:commons-math3:3.6.1,org.apache.commons.math3.complex.Complex,resolved_api,1,,,,,
MATH-0076,math,TU,OnePointCrossover,org.apache.commons.math3.genetics.OnePointCrossover,org.apache.commons.math3.genetics.OnePointCrossover,resolved,1,"One point crossover policy. A random crossover point is selected and the first part from each parent is copied to the corresponding child, and the second parts are copied crosswise. Example: -C- denotes a crossover point -C- -C- p1 = (1 0 1 0 0 1 | 0 1 1) X p2 = (0 1 1 0 1 0 | 1 1 1) \------------/ \-----/ \------------/ \-----/ || (*) || (**) VV (**) VV (*) /------------\ /-----\ /------------\ /-----\ c1 = (1 0 1 0 0 1 | 1 1 1) X c2 = (0 1 1 0 1 0 | 0 1 1) This policy works only on AbstractListChromosome , and therefore it is parameterized by T. Moreover, the chromosomes must have same lengths.",official_javadoc,org.apache.commons:commons-math3:3.6.1-javadoc.jar#org.apache.commons.math3.genetics.OnePointCrossover,1,"### 14.3 Implementation

Here is an example GA execution: 
    
    
    // initialize a new genetic algorithm
    GeneticAlgorithm ga = new GeneticAlgorithm(
        new OnePointCrossover<Integer>(),
        1,
        new RandomKeyMutation(),
        0.10,
        new TournamentSelection(TOURNAMENT_ARITY)
    );
            
    // initial population
    Population initial = getInitialPopulation();
            
    // stopping condition
    StoppingCondition stopCond = new FixedGenerationCount(NUM_GENERATIONS);
            
    // run the algorithm
    Population finalPopulation = ga.evolve(initial, stopCond);
            
    // best chromosome from the final population
    Chromosome bestFinal = finalPopulation.getFittestChromosome();
            

The arguments to the ` GeneticAlgorithm ` constructor above are:  Parameter | value in example | meaning  
---|---|---  
crossoverPolicy |  OnePointCrossover  | A random crossover point is selected and the first part from each parent is copied to the corresponding child, and the second parts are copied crosswise.  
crossoverRate | 1 | Always apply crossover  
mutationPolicy |  RandomKeyMutation  | Changes a randomly chosen element of the array representation to a random value uniformly distributed in [0,1].  
mutationRate | .1 | Apply mutation with probability 0.1 - that is, 10% of the time.  
selectionPolicy |  TournamentSelection  | Each of the two selected chromosomes is selected based on an n-ary tournament -- this is done by drawing n random chromosomes without replacement from the population, and then selecting the fittest chromosome among them.  
The algorithm starts with an `initial` population of `Chromosomes.` and executes until the specified  StoppingCondition  is reached. In the example above, a  FixedGenerationCount  stopping condition is used, which means the algorithm proceeds through a fixed number of generations.",1,1,org.apache.commons.math3.genetics.OnePointCrossover,unique authoritative class,org.apache.commons:commons-math3:3.6.1,org.apache.commons.math3.genetics.OnePointCrossover,resolved_api,1,,,,,
MATH-0077,math,TU,RealVectorFormat,org.apache.commons.math3.linear.RealVectorFormat,org.apache.commons.math3.linear.RealVectorFormat,resolved,1,"Formats a vector in components list format ""{v0; v1; ...; vk-1}"". The prefix and suffix ""{"" and ""}"" and the separator ""; "" can be replaced by any user-defined strings. The number format for components can be configured. White space is ignored at parse time, even if it is in the prefix, suffix or separator specifications. So even if the default separator does include a space character that is used at format time, both input string ""{1;1;1}"" and "" { 1 ; 1 ; 1 } "" will be parsed without error and the same vector will be returned. In the second case, however, the parse position after parsing will be just after the closing curly brace, i.e. just before the trailing space.",official_javadoc,org.apache.commons:commons-math3:3.6.1-javadoc.jar#org.apache.commons.math3.linear.RealVectorFormat,1,"### 3.3 Real vectors

The  RealVector  interface represents a vector with real numbers as entries. The following basic matrix operations are supported: 

  * Vector addition, subtraction
  * Element by element multiplication, division
  * Scalar addition, subtraction, multiplication, division and power
  * Mapping of mathematical functions (cos, sin ...)
  * Dot product, outer product
  * Distance and norm according to norms L1, L2 and Linf



The  RealVectorFormat  class handles input/output of vectors in a customizable textual format.",1,0,org.apache.commons.math3.linear.RealVectorFormat,unique authoritative class,org.apache.commons:commons-math3:3.6.1,org.apache.commons.math3.linear.RealVectorFormat,resolved_api,1,,,,,
MATH-0078,math,TU,DecompositionSolver,org.apache.commons.math3.linear.DecompositionSolver,org.apache.commons.math3.linear.DecompositionSolver,resolved,1,"Interface handling decomposition algorithms that can solve A × X = B. Decomposition algorithms decompose an A matrix has a product of several specific matrices from which they can solve A × X = B in least squares sense: they find X such that ||A × X - B|| is minimal. Some solvers like LUDecomposition can only find the solution for square matrices and when the solution is an exact linear solution, i.e. when ||A × X - B|| is exactly 0. Other solvers can also find solutions with non-square matrix A and with non-null minimal norm. If an exact linear solution exists it is also the minimal norm solution.",official_javadoc,org.apache.commons:commons-math3:3.6.1-javadoc.jar#org.apache.commons.math3.linear.DecompositionSolver,1,"### 3.4 Solving linear systems - part 3

It is possible to solve multiple systems with the same coefficient matrix in one method call. To do this, create a matrix whose column vectors correspond to the constant vectors for the systems to be solved and use ` DecompositionSolver.solve(RealMatrix), ` which returns a matrix with column vectors representing the solutions.",1,1,org.apache.commons.math3.linear.DecompositionSolver,unique authoritative class,org.apache.commons:commons-math3:3.6.1,org.apache.commons.math3.linear.DecompositionSolver,resolved_api,1,,,,,
MATH-0079,math,SO,SingularValueDecomposition,org.apache.commons.math3.linear.SingularValueDecomposition,org.apache.commons.math3.linear.SingularValueDecomposition,resolved,1,"Calculates the compact Singular Value Decomposition of a matrix. The Singular Value Decomposition of matrix A is a set of three matrices: U, Σ and V such that A = U × Σ × V T . Let A be a m × n matrix, then U is a m × p orthogonal matrix, Σ is a p × p diagonal matrix with positive or null elements, V is a p × n orthogonal matrix (hence V T is also orthogonal) where p=min(m,n). This class is similar to the class with similar name from the JAMA library, with the following changes: the norm2 method which has been renamed as getNorm , the cond method which has been renamed as getConditionNumber , the rank method which has been renamed as getRank , a getUT method has been added, a getVT method has been added, a getSolver method has been added, a getCovariance method has been added.",official_javadoc,org.apache.commons:commons-math3:3.6.1-javadoc.jar#org.apache.commons.math3.linear.SingularValueDecomposition,1,"java jama matrix problem 

I am using jama to calculate SVD. It work very good. If i pass square matrix. For example 2x2 or 3x3 etc. matrix. But when I pass some thing like this 2x3 or 4x8 it give error . I used all of their example. They have different constructor to perform the job. Also my second question is, I am usded 3x3 matrix and it gave 
    
    
    double[][] vals = {{1.,1.,0},{1.,0.,1.},{1.,3.,4.},{6.,4.,8.}};
    Matrix A = new Matrix(vals);
    

It produced following error:
    
    
    Exception in thread ""main"" java.lang.ArrayIndexOutOfBoundsException: 3
    

After that I thaught to use another constructor that is as follow
    
    
    double[][] vals = {{1.,1.,0,4},{1.,0.,1.,2},{1.,3.,4.,8},{1.,3.,4.,8}};
    Matrix A = new Matrix(vals,4,3);
    

It produced following output:
    
    
    A = 
    1.0 1.0 0.0
    1.0 0.0 1.0
    1.0 3.0 4.0
    6.0 4.0 8.0
    A = U S V^T
    U = 
    0.078 -0.115 -0.963
    0.107 -0.281 0.260
    0.402 0.886 -0.018
    0.906 -0.351 0.060
    Sigma = 
    11.861881 0.000000 0.000000
    0.000000 2.028349 0.000000
    0.000000 0.000000 1.087006
    V = 
    0.507705 -0.795196 -0.331510
    0.413798 0.562579 -0.715735
    0.755650 0.226204 0.614675
    rank = 3
    condition number = 10.912437186202627
    2-norm = 11.86188091889931
    singular values = 
    11.861881 2.028349 1.087006
    

It worked for non square matrix. But it produced wrong results for svd because V and S doesn't have same rows=4 ( I am sorry if i couldn't analyze result properly as i am new for SVD) . Any idea? What should I do?

Be careful here, JAMA supports SVD primarily for full rank matrices, and if you read the ""readme"" you'll notice that the behavior is not necessarily correct for rank deficient (m < n) matrices.

In essence, what causes your ArrayIndexOutOfBounds exception is line 486 in `SingularValueDecomposition`:
    
    
    return new Matrix(U,m,Math.min(m+1,n));
    

Changing this to:
    
    
    return new Matrix(U);
    

will solve the problem. Ultimate what happens under the covers (at least for vicatcu's example) is that you inject a matrix with `m=4` and `n=5`, but notice in the actual output `U` has dimensions `m=4` and `n=4`. If you read the top of the `SingularValueDecomposition` class it states:

> For an m-by-n matrix A with m >= n, the singular value decomposition is an m-by-n orthogonal matrix U, an n-by-n diagonal matrix S, and an n-by-n orthogonal matrix V so that A = USV'.

But this doesn't hold in this case, because `m=4` and `n=5` means `m. So now since you're passing a rank deficient matrix U has different dimensions than the normal calling case of the SVD class, and as such the statement:
    
    
    new Matrix(U, m, Math.min(m+1,n))
    

will create a matrix with assumed rows of `m`, here 4 (which is correct) and assumed columns `n`, here `Math.min(4+1,5)=5` (which is incorrect). So: when you go print the matrix and the print routine calls `getColumnDimension`, the U matrix returns `5`, which is greater than the actual backing array dimension.

In short, switching to the line I pasted above will detect the dimensions of U, and as such return a valid result regardless of the rank.",1,1,org.apache.commons.math3.linear.SingularValueDecomposition,unique authoritative class,org.apache.commons:commons-math3:3.6.1,org.apache.commons.math3.linear.SingularValueDecomposition,resolved_api,1,,,,,
MATH-0080,math,SO,BigFraction,org.apache.commons.math3.fraction.BigFraction,org.apache.commons.math3.fraction.BigFraction,resolved,1,Representation of a rational number without any overflow. This class is immutable.,official_javadoc,org.apache.commons:commons-math3:3.6.1-javadoc.jar#org.apache.commons.math3.fraction.BigFraction,1,"Why does the BigFraction class in the Apache-Commons-Math library return incorrect division results? 

In the spirit of using existing, tested and stable libraries of code, I started using the Apache-Commons-Math library and its `BigFraction` class to perform some rational calculations for an Android app I'm writing called RationalCalc.

It works great for every task that I have thrown at it, except for one nagging problem. When dividing certain `BigFraction` values, I am getting incorrect results.

If I create a `BigFraction` with the inverse of the divisor and multiply instead, I get the same incorrect answer but perhaps that is what the library is doing internally anyway.

Does anyone know what I am doing wrong?

The division works correctly with a `BigFraction` of 2.5 but not 2.51, 2.49, etc...

[UPDATE]

This was indeed a bug in the apache-commons-math 2.0 libraries. The bug is fixed in v.2.1.

It is now listed in the Fixed Issues section of the bug tracker:

When multiplying two BigFraction objects with numerators larger than will fit in an java-primitive int the result of BigFraction.ZERO is incorrectly returned..

Thanks to @BartK for attempting to reproduce the issue and setting me on the right track.

[/UPDATE]
    
    
    // *** incorrect! ***
    BigFraction one = new BigFraction(1.524);
    //one: 1715871458028159 / 1125899906842624
    BigFraction two = new BigFraction(2.51);
    //two: 1413004383087493 / 562949953421312
    BigFraction three = one.divide(two);
    //three: 0
    Log.i(""solve"", three.toString());
    //should be 0.607171315 ??
    //returns 0
    // *** correct! ****
    BigFraction four = new BigFraction(1.524);
    //four: 1715871458028159 / 1125899906842624
    BigFraction five = new BigFraction(2.5);
    //five: 5 / 2
    BigFraction six = four.divide(five);
    //six: 1715871458028159 / 2814749767106560
    Log.i(""solve"", six.toString());
    //should be 0.6096 ??
    //returns 0.6096
    

Providing `double`'s in the constructors lead to round-off errors. Using exact numerators and denominators will result in the expected outcome:
    
    
    public class CommonsMathTest {
    public static void main(String[] args) {
    BigFraction one = new BigFraction(1524, 1000);
    System.out.println(""one = "" + one);
    BigFraction two = new BigFraction(251, 100);
    System.out.println(""two = "" + two);
    BigFraction three = one.divide(two);
    System.out.println(""three = "" + three);
    BigFraction four = new BigFraction(1524, 1000);
    System.out.println(""four = "" + four);
    BigFraction five = new BigFraction(5, 2);
    System.out.println(""five = "" + five);
    BigFraction six = four.divide(five);
    System.out.println(""six = "" + six + "" = "" + six.bigDecimalValue());
    }
    }
    

produces:
    
    
    one = 381 / 250
    two = 251 / 100
    three = 762 / 1255
    four = 381 / 250
    five = 5 / 2
    six = 381 / 625 = 0.6096
    

EDIT

By the way, I could not reproduce your output. Using Commons-Math 2.1, the following:
    
    
    BigFraction one = new BigFraction(1.524);
    BigFraction two = new BigFraction(2.51);
    BigFraction three = one.divide(two);
    System.out.println(three.toString() + "" = "" +three.doubleValue());
    

does not produce `0` as you said, but prints:
    
    
    1715871458028159 / 2826008766174986 = 0.6071713147410359",1,1,org.apache.commons.math3.fraction.BigFraction,unique authoritative class,org.apache.commons:commons-math3:3.6.1,org.apache.commons.math3.fraction.BigFraction,resolved_api,1,,,,,
MATH-0081,math,SO,Rotation,org.apache.commons.math3.geometry.euclidean.threed.Rotation,org.apache.commons.math3.geometry.euclidean.threed.Rotation,resolved,1,"This class implements rotations in a three-dimensional space. Rotations can be represented by several different mathematical entities (matrices, axe and angle, Cardan or Euler angles, quaternions). This class presents an higher level abstraction, more user-oriented and hiding this implementation details. Well, for the curious, we use quaternions for the internal representation. The user can build a rotation from any of these representations, and any of these representations can be retrieved from a Rotation instance (see the various constructors and getters). In addition, a rotation can also be built implicitly from a set of vectors and their image. This implies that this class can be used to convert from one representation to another one. For example, converting a rotation matrix into a set of Cardan angles from can be done using the following single line of code: double[] angles = new Rotation(matrix, 1.0e-10).getAngles(RotationOrder.XYZ); Focus is oriented on what a rotation do rather than on its underlying representation. Once it has been built, and regardless of its internal representation, a rotation is an operator which basically transforms three dimensional vectors into other three dimensional vectors . Depending on the application, the meaning of these vectors may vary and the semantics of the rotation also. For example in an spacecraft attitude simulation tool, users will often consider the vectors are fixed (say the Earth direction for example) and the frames change. The rotation transforms the coordinates of the vector in inertial frame into the coordinates of the same vector in satellite frame. In this case, the rotation implicitly defines the relation between the two frames. Another example could be a telescope control application, where the rotation would transform the sighting direction at rest into the desired observing direction when the telescope is pointed towards an object of interest. In this case the rotation transforms the direction at rest in a topocentric frame into the sighting direction in the same topocentric frame. This implies in this case the frame is fixed and the vector moves. In many case, both approaches will be combined. In our telescope example, we will probably also need to transform the observing direction in the topocentric frame into the observing direction in inertial frame taking into account the observatory location and the Earth rotation, which would essentially be an application of the first approach. These examples show that a rotation is what the user wants it to be. This class does not push the user towards one specific definition and hence does not provide methods like projectVectorIntoDestinationFrame or computeTransformedDirection . It provides simpler and more generic methods: applyTo(Vector3D) and applyInverseTo(Vector3D) . Since a rotation is basically a vectorial operator, several rotations can be composed together and the composite operation r = r 1 o r 2 (which means that for each vector u , r(u) = r 1 (r 2 (u)) ) is also a rotation. Hence we can consider that in addition to vectors, a rotation can be applied to other rotations as well (or to itself). With our previous notations, we would say we can apply r 1 to r 2 and the result we get is r = r 1 o r 2 . For this purpose, the class provides the methods: applyTo(Rotation) and applyInverseTo(Rotation) . Rotations are guaranteed to be immutable objects.",official_javadoc,org.apache.commons:commons-math3:3.6.1-javadoc.jar#org.apache.commons.math3.geometry.euclidean.threed.Rotation,1,"Move Minute hand in Android clock 

I am trying to write a simple proof of concept app that allows a user to rotate minute hand of a clock. I am having hard time coming up with the right logic for OnTouchEvent. 

So far I have the following code:
    
    
     public boolean onTouchEvent(MotionEvent e) {
    float x = e.getX();
    float y = e.getY();
    switch (e.getAction()) {
    case MotionEvent.ACTION_MOVE:
    //find an approximate angle between them.
    float dx = x-cx;
    float dy = y-cy;
    double a=Math.atan2(dy,dx);
    this.degree = Math.toDegrees(a);
    this.invalidate();
    }
    return true;
    }
    protected void onDraw(Canvas canvas) {
    super .onDraw(canvas);
    boolean changed = mChanged;
    if (changed) {
    mChanged = false;
    }
    int availableWidth = getRight() - getLeft();
    int availableHeight = getBottom() - getTop();
    int x = availableWidth / 2;
    int y = availableHeight / 2;
    cx = x;
    cy = y;
    final Drawable dial = mDial;
    int w = dial.getIntrinsicWidth() + 100;
    int h = dial.getIntrinsicHeight() + 100;
    boolean scaled = false;
    if (availableWidth < w || availableHeight < h) {
    scaled = true;
    float scale = Math.min((float) availableWidth / (float) w, (float) availableHeight / (float) h);
    canvas.save();
    canvas.scale(scale, scale, x, y);
    }
    if (changed)
    {
    dial.setBounds(x - (w / 2), y - (h / 2), x + (w / 2), y + (h / 2));
    }
    dial.draw(canvas);
    canvas.save();
    float hour = mHour / 12.0f * 360.0f;
    canvas.rotate(hour, x, y);
    final Drawable hourHand = mHourHand;
    if (changed) {
    w = hourHand.getIntrinsicWidth() + 30;
    h = hourHand.getIntrinsicHeight() + 30;
    hourHand.setBounds(x - (w / 2), y - (h / 2), x + (w / 2), y + (h / 2));
    }
    hourHand.draw(canvas);
    canvas.restore();
    canvas.save();
    float minute = mMinutes / 60.0f * 360.0f;
    if (bearing == 0)
    {
    canvas.rotate(minute, x, y);
    }
    else
    {
    canvas.rotate((float)bearing, x, y);
    }
    final Drawable minuteHand = mMinuteHand;
    if (changed) {
    w = minuteHand.getIntrinsicWidth() + 30;
    h = minuteHand.getIntrinsicHeight() + 30;
    minuteHand.setBounds(x - w, y - h, x + w, y + h);
    }
    minuteHand.draw(canvas);
    canvas.restore();
    if (scaled) {
    canvas.restore();
    }
    }
    

Then based on that, my OnDraw method rotates the minute hand to the specified ""this.degree""(just calls canvas.rotate). I am assuming my math is off here. I tried to follow the example here: Calculate angle for rotation in Pie Chart, but that's still not rotating the minute hand correctly. Any help would be appreciated. 

The math looks correct. Your calculations should give you the angle of the touch event, where a touch that is to the exact right of the center point should give you 0 degrees.

A few things to watch out for

  * Make sure that you're rotating in the correct direction. It is hard to keep this straight, and thus easy to screw it up
  * Make sure that you're taking into account that a value of 0 means that the minute hand should be pointing to the right. For example, if you start out with a minute hand that is pointing upwards, you would have to add/subtract 90 degrees to the result of your calculation (depending on the direction of rotation - not sure which is correct offhand)
  * Make sure that (cx, cy) is the center point around which you want to calculate the angle
  * When rotating, you'll need to either use the 3 arg `Canvas.rotate(float, float, float)` method, or add an additional translation seperately, to make sure that you are rotating around the correct point. Without any translation, it will rotate around (0,0) (the top left corner of the view)



More on rotation: Rotation always happens around the ""current"" (0,0) point. By ""current"", I mean the (0,0) point after the current matrix has been applied. When you first enter onDraw, the (0,0) point should be the upper-left corner of the view. Whenever you apply a translation/scaling/etc, you will potentially change where the (0,0) point is, relative to the view.

I think something like the following should work, in regards to setting the correct center of rotation:
    
    
    //first we save the initial matrix, so we can easily get
    //back to this state after we're done rotating
    canvas.save();
    //I *think* you need to negate the center offsets here,
    //because you are conceptually moving the canvas, rather
    //than moving the center directly
    canvas.translate(-cx, -cy);
    //
    //...
    //and now restore the matrix back to the initial state 
    canvas.restore();",1,1,org.apache.commons.math3.geometry.euclidean.threed.Rotation,unique authoritative class,org.apache.commons:commons-math3:3.6.1,org.apache.commons.math3.geometry.euclidean.threed.Rotation,resolved_api,1,,,,,
MATH-0082,math,SO,Math.getExponent,java.lang.Math#getExponent(double),java.lang.Math,resolved,1,"Math.getExponent returns the unbiased exponent of a floating-point value, which can be used when decomposing a double into its binary components. This is useful for exact numeric conversions, such as reconstructing a double's value from its significand and exponent.",qwen3.8-max,model:qwen3.8-max,0,"How to convert a double to its exact fractional equivalent in Java? 

In technical terms, I need a method that converts an IEEE 754 binary64 number into a reduced ratio of two BigIntegers that mathematically represents exactly the same value. The method does not need to handle values that are infinite or NaN, but it does need to handle subnormals and signed zeros. Since the IEEE 754 binary64 number format does not support representing irrational numbers, this task is theoretically possible.

Here's some examples values:

  * 0.0 = 0 / 1
  * -0.0 = 0 / 1
  * 0.5 = 1 / 2
  * 0.1 = 3602879701896397 / 36028797018963968
  * 1 / (double) 3 = 6004799503160661 / 18014398509481984
  * Double.MIN_NORMAL = 1 / 2^1022 = 1 / 44942328371557897693232629769725618340449424473557664318357520289433168951375240783177119330601884005280028469967848339414697442203604155623211857659868531094441973356216371319075554900311523529863270738021251442209537670585615720368478277635206809290837627671146574559986811484619929076208839082406056034304
  * Double.MIN_VALUE = 1 / 2^1074 = 1 / 202402253307310618352495346718917307049556649764142118356901358027430339567995346891960383701437124495187077864316811911389808737385793476867013399940738509921517424276566361364466907742093216341239767678472745068562007483424692698618103355649159556340810056512358769552333414615230502532186327508646006263307707741093494784
  * Double.MAX_VALUE = (2^1024 - 2^971) / 1 = 179769313486231570814527423731704356798070567525844996598917476803157260780028538760589558632766878171540458953514382464234321326889464182768467546703537516986049910576551282076245490090389328944075868508455133942304583236903222948165808559332123348274797826204144723168738177180919299881250404026184124858368 / 1



This approach inspects the double's bits to prevent rounding error.

In a double, first bit is the sign, the next 11 are the exponent, and the final 52 are the significand.

Instead of checking the first bit, I found it easier to just compare the whole value to 0.

Instead of getting the bits for the exponent and dealing with the exponent's sign (which is distinct from the value's sign), I use `Math.getExponent` to get its signed value. According to its documentation,

>   * If the argument is NaN or infinite, then the result is Double.MAX_EXPONENT + 1.
>   * If the argument is zero or subnormal, then the result is Double.MIN_EXPONENT -1.
> 


If the value isn't subnormal, then the significand has an implicit leading 1 before its 52 bits. The exponent assumes that the binary point (i.e. decimal point) is after the leading 1, so I subtract 52 from the exponent to shift the binary point to the end.
    
    
    public static BigInteger[] convertToFraction(double value) {
    int exponent = Math.getExponent(value);
    if (exponent > Double.MAX_EXPONENT) {
    // The value is infinite or NaN.
    throw new IllegalArgumentException(""Illegal parameter 'value': "" + value);
    }
    long positiveSignificand;
    if (exponent < Double.MIN_EXPONENT) {
    // The value is subnormal.
    exponent++;
    positiveSignificand = Double.doubleToLongBits(value) & 0x000fffffffffffffL;
    } else {
    positiveSignificand = (Double.doubleToLongBits(value) & 0x000fffffffffffffL) | 0x0010000000000000L;
    }
    BigInteger significand = BigInteger.valueOf(value < 0 ? -positiveSignificand : positiveSignificand);
    exponent -= 52; // Adjust the exponent for an integral significand.
    BigInteger coefficient = BigInteger.ONE.shiftLeft(Math.abs(exponent));
    if (exponent >= 0) {
    return new BigInteger[] { significand.multiply(coefficient), BigInteger.ONE };
    } else {
    BigInteger gcd = significand.gcd(coefficient);
    return new BigInteger[] { significand.divide(gcd), coefficient.divide(gcd) };
    }
    }",1,1,java.lang.Math#getExponent(double),owner is explicit in the raw API,Eclipse Temurin OpenJDK:8u504-b01,java.lang.Math#getExponent(double),resolved_api,1,,,,,
MATH-0083,math,SO,PolynomialFunction,org.apache.commons.math3.analysis.polynomials.PolynomialFunction,org.apache.commons.math3.analysis.polynomials.PolynomialFunction,resolved,1,Immutable representation of a real polynomial function with real coefficients. Horner's Method is used to evaluate the function.,official_javadoc,org.apache.commons:commons-math3:3.6.1-javadoc.jar#org.apache.commons.math3.analysis.polynomials.PolynomialFunction,1,"Extrapolation in java 

I've been able to use Apache Math's interpolation using the LinearInterpolator().interpolate(x1, y1). Unfortunately, I could not find a way to extrapolate. 

How can I do linear extrapolation in java?

x1 = [1, 2, 3, 4, 5];

y1 = [2, 4, 8, 16, 32];

I would like to know the values of any x2 not just the one in the range of the x1.

If I try to extract the value of 6 I get an: OutOfRangeException if {@code v} is outside of the domain of the * spline function (smaller than the smallest knot point or larger than the largest knot point).

Edit: Here is my simple interpolate function. I would like an option to enable the extrapolation just like in MathLab(interp2). Using x1 and y1 arrays an input for that function I get the Apache's OutOfRangeException because the value 6 is not contained in the x1 array.
    
    
    public static List interpolateLinear(double[] x1, double[] y1, Double[] x2) {
    List resultList;
    final PolynomialSplineFunction function = new LinearInterpolator().interpolate(x1, y1);
    resultList = Arrays.stream(x2).map(aDouble -> function.value(aDouble)).collect(Collectors.toList());
    return resultList;
    }
    

Edit2: Had to read a little bit on the .value method of the PolynomialSplineFunction object to get it right but there it goes (all the credit goes to user Joni) Thanks man: 
    
    
    public static double[] interpolateLinear(double[] x1, double[] y1, double[] x2) {
    final PolynomialSplineFunction function = new LinearInterpolator().interpolate(x1, y1);
    final PolynomialFunction[] splines = function.getPolynomials();
    final PolynomialFunction firstFunction = splines[0];
    final PolynomialFunction lastFunction = splines[splines.length - 1];
    final double[] knots = function.getKnots();
    final double firstKnot = knots[0];
    final double lastKnot = knots[knots.length - 1];
    double[] resultList = Arrays.stream(x2).map(aDouble -> {
    if (aDouble > lastKnot) {
    return lastFunction.value(aDouble - knots[knots.length - 2]);
    } else if (aDouble < firstKnot)
    return firstFunction.value(aDouble - knots[0]);
    return function.value(aDouble);
    }).toArray();
    return resultList;
    }
    

You can get the first and last polynomial splines from the interpolator, and use those to extrapolate.
    
    
    PolynomialSplineFunction function = new LinearInterpolator().interpolate(x1, y1);
    PolynomialFunction[] splines = function.getPolynomials();
    PolynomialFunction first = splines[0];
    PolynomialFunction last = splines[splines.length-1];
    // use first and last to extrapolate 
    

You won't get 64 from 6 though. You should expect 48 from a linear extrapolation. Which goes to show that extrapolation is bound to give you wrong answers.",1,1,org.apache.commons.math3.analysis.polynomials.PolynomialFunction,unique authoritative class,org.apache.commons:commons-math3:3.6.1,org.apache.commons.math3.analysis.polynomials.PolynomialFunction,resolved_api,1,,,,,
MATH-0084,math,SO,Math.ulp,java.lang.Math#ulp(float),java.lang.Math,resolved,1,"Math.ulp is used to compute the unit in the last place (ULP) of a floating-point value, representing the distance between that value and the next representable value. It is typically used when reasoning about floating-point precision or rounding behavior.",qwen3.8-max,model:qwen3.8-max,0,"ULP calculation floating-point 

I'm currently writing a ""new language"" at school, and I have to implement a Math class.

One of the specifications is to implement ulp method, like Math.ulp() in Java. We are working on float types.

I found many interesting sources, but I'm still not able to calculate ulp of a float..

AFAIK, if

then 

But, how can I get this normalized form for a float without any lib ? And how to get parameters e & n+1 ? 

Thank you for your help,

Best regards,

I'm not sure Java has the possibility of aliasing to get the bit pattern of the floating point number (there is a close enough alternative, as the second part of the answer shows), but if it does, then e is the bits 23 through 30 (31 is sign) minus some constant (as in the wikipedia description of the format, it's 127 unless the number is subnormal) while n is fixed (in this case it's 23 bits, or 24 if it includes the implicit 1)

It's recommended you use a lib that does this job for you properly.

Another option I've been notified in the comments of (rather indirectly) implies converting the float bits to int. I will write a snippet of code directly. I'm not fully versed in Java (the code may not work immediately due to lacking package/class specifiers (floatToIntBits as well as intToFloatBits are static methods of the class java.lang.Float). This is different from the above suggestion since it's a bit unorthodox but it has better performance than the code you suggested in the question itself.
    
    
    float ulp(float x) {
    int repr;
    float next;
    if (Float.isNaN(x)) return Float.NaN; //special handling, to be safe
    repr = Float.floatToIntBits(x);
    x++; //will work correctly independently of sign
    next = Float.intBitsToFloat(repr)
    return next-x;
    }",1,1,java.lang.Math#ulp(float),KU says 'We are working on float types' and provides float ulp(float x).,Eclipse Temurin OpenJDK:8u504-b01,java.lang.Math#ulp(float),resolved_api,1,,,,,
MATH-0085,math,TU,PegasusSolver,org.apache.commons.math3.analysis.solvers.PegasusSolver,org.apache.commons.math3.analysis.solvers.PegasusSolver,resolved,1,"Implements the Pegasus method for root-finding (approximating a zero of a univariate real function). It is a modified Regula Falsi method. Like the Regula Falsi method, convergence is guaranteed by maintaining a bracketed solution. The Pegasus method however, should converge much faster than the original Regula Falsi method. Furthermore, this implementation of the Pegasus method should not suffer from the same implementation issues as the Regula Falsi method, which may fail to convergence in certain cases. Also, the Pegasus method should converge faster than the Illinois method, another Regula Falsi -based method. The Pegasus method assumes that the function is continuous, but not necessarily smooth. Implementation based on the following article: M. Dowell and P. Jarratt, The ""Pegasus"" method for computing the root of an equation , BIT Numerical Mathematics, volume 12, number 4, pages 503-508, Springer, 1972.",official_javadoc,org.apache.commons:commons-math3:3.6.1-javadoc.jar#org.apache.commons.math3.analysis.solvers.PegasusSolver,1,"### 4.3 Root-finding - part 6

The ` SecantSolver ` uses a straightforward secant algorithm which does not bracket the search and therefore does not guarantee convergence. It may be faster than Brent on some well-behaved functions. 

The ` RegulaFalsiSolver ` is variation of secant preserving bracketing, but then it may be slow, as one end point of the search interval will become fixed after and only the other end point will converge to the root, hence resulting in a search interval size that does not decrease to zero. 

The ` IllinoisSolver ` and ` PegasusSolver ` are well-known variations of regula falsi that fix the problem of stuck end points by slightly weighting one endpoint to balance the interval at next iteration. Pegasus is often faster than Illinois. Pegasus may be the algorithm of choice for selecting a specific side of the convergence interval. 

The ` BisectionSolver ` is included for completeness and for establishing a fall back in cases of emergency. The algorithm is simple, most likely bug free and guaranteed to converge even in very adverse circumstances which might cause other algorithms to malfunction. The drawback is of course that it is also guaranteed to be slow.",1,1,org.apache.commons.math3.analysis.solvers.PegasusSolver,unique authoritative class,org.apache.commons:commons-math3:3.6.1,org.apache.commons.math3.analysis.solvers.PegasusSolver,resolved_api,1,,,,,
MATH-0086,math,TU,HermiteInterpolator,org.apache.commons.math3.analysis.interpolation.HermiteInterpolator,org.apache.commons.math3.analysis.interpolation.HermiteInterpolator,resolved,1,"Polynomial interpolator using both sample values and sample derivatives. The interpolation polynomials match all sample points, including both values and provided derivatives. There is one polynomial for each component of the values vector. All polynomials have the same degree. The degree of the polynomials depends on the number of points and number of derivatives at each point. For example the interpolation polynomials for n sample points without any derivatives all have degree n-1. The interpolation polynomials for n sample points with the two extreme points having value and first derivative and the remaining points having value only all have degree n+1. The interpolation polynomial for n sample points with value, first and second derivative for all points all have degree 3n-1.",official_javadoc,org.apache.commons:commons-math3:3.6.1-javadoc.jar#org.apache.commons.math3.analysis.interpolation.HermiteInterpolator,1,"### 4.4 Interpolation - part 3

Microsphere interpolation is a robust multidimensional interpolation algorithm. It has been described in William Dudziak's MS thesis. 

Hermite interpolation is an interpolation method that can use derivatives in addition to function values at sample points. The  HermiteInterpolator  class implements this method for vector-valued functions. The sampling points can have any spacing (there are no requirements for a regular grid) and some points may provide derivatives while others don't provide them (or provide derivatives to a smaller order). Points are added one at a time, as shown in the following example: 
    
    
    HermiteInterpolator interpolator = new HermiteInterpolator;
    // at x = 0, we provide both value and first derivative
    interpolator.addSamplePoint(0.0, new double[] { 1.0 }, new double[] { 2.0 });
    // at x = 1, we provide only function value
    interpolator.addSamplePoint(1.0, new double[] { 4.0 });
    // at x = 2, we provide both value and first derivative
    interpolator.addSamplePoint(2.0, new double[] { 5.0 }, new double[] { 2.0 });
    // should print ""value at x = 0.5: 2.5625""
    System.out.println(""value at x = 0.5: "" + interpolator.value(0.5)[0]);
    // should print ""derivative at x = 0.5: 3.5""
    System.out.println(""derivative at x = 0.5: "" + interpolator.derivative(0.5)[0]);
    // should print ""interpolation polynomial: 1 + 2 x + 4 x^2 - 4 x^3 + x^4""
    System.out.println(""interpolation polynomial: "" + interpolator.getPolynomials()[0]);

A  BivariateGridInterpolator  is used to find a bivariate real-valued function `f` which for a given set of tuples (`xi`,`yj`,`fij`) yields `f(xi,yj)=fij` to the best accuracy possible. The result is provided as an object implementing the  BivariateFunction  interface. It can therefore be evaluated at any point, including a point not belonging to the original set. The arrays `xi` and `yj` must be sorted in increasing order in order to define a two-dimensional grid.",1,1,org.apache.commons.math3.analysis.interpolation.HermiteInterpolator,unique authoritative class,org.apache.commons:commons-math3:3.6.1,org.apache.commons.math3.analysis.interpolation.HermiteInterpolator,resolved_api,1,,,,,
MATH-0087,math,TU,DerivativeStructure,org.apache.commons.math3.analysis.differentiation.DerivativeStructure,org.apache.commons.math3.analysis.differentiation.DerivativeStructure,resolved,1,"Class representing both the value and the differentials of a function. This class is the workhorse of the differentiation package. This class is an implementation of the extension to Rall's numbers described in Dan Kalman's paper Doubly Recursive Multivariate Automatic Differentiation , Mathematics Magazine, vol. 75, no. 3, June 2002. Rall's numbers are an extension to the real numbers used throughout mathematical expressions; they hold the derivative together with the value of a function. Dan Kalman's derivative structures hold all partial derivatives up to any specified order, with respect to any number of free parameters. Rall's numbers therefore can be seen as derivative structures for order one derivative and one free parameter, and real numbers can be seen as derivative structures with zero order derivative and no free parameters. DerivativeStructure instances can be used directly thanks to the arithmetic operators to the mathematical functions provided as methods by this class (+, -, *, /, %, sin, cos ...). Implementing complex expressions by hand using these classes is a tedious and error-prone task but has the advantage of having no limitation on the derivation order despite no requiring users to compute the derivatives by themselves. Implementing complex expression can also be done by developing computation code using standard primitive double values and to use differentiators to create the DerivativeStructure -based instances. This method is simpler but may be limited in the accuracy and derivation orders and may be computationally intensive (this is typically the case for finite differences differentiator . Instances of this class are guaranteed to be immutable.",official_javadoc,org.apache.commons:commons-math3:3.6.1-javadoc.jar#org.apache.commons.math3.analysis.differentiation.DerivativeStructure,1,"### 4.7 Differentiation - part 6
    
    
    int params = 2;
    int order = 2;
    double xRealValue =  2.5;
    double yRealValue = -1.3;
    DerivativeStructure x = new DerivativeStructure(params, order, 0, xRealValue);
    DerivativeStructure y = new DerivativeStructure(params, order, 1, yRealValue);
    DerivativeStructure f = DerivativeStructure.hypot(x, y);
    DerivativeStructure g = f.log();
    System.out.println(""g        = "" + g.getValue();
    System.out.println(""dg/dx    = "" + g.getPartialDerivative(1, 0);
    System.out.println(""dg/dy    = "" + g.getPartialDerivative(0, 1);
    System.out.println(""d2g/dx2  = "" + g.getPartialDerivative(2, 0);
    System.out.println(""d2g/dxdy = "" + g.getPartialDerivative(1, 1);
    System.out.println(""d2g/dy2  = "" + g.getPartialDerivative(0, 2);

There are several ways a user can create an implementation of the  UnivariateDifferentiableFunction  interface. The first method is to simply write it directly using the appropriate methods from  DerivativeStructure  to compute addition, subtraction, sine, cosine... This is often quite straigthforward and there is no need to remember the rules for differentiation: the user code only represent the function itself, the differentials will be computed automatically under the hood. The second method is to write a classical  UnivariateFunction  and to pass it to an existing implementation of the  UnivariateFunctionDifferentiator  interface to retrieve a differentiated version of the same function. The first method is more suited to small functions for which user already control all the underlying code. The second method is more suited to either large functions that would be cumbersome to write using the  DerivativeStructure  API, or functions for which user does not have control to the full underlying code (for example functions that call external libraries).",1,0,org.apache.commons.math3.analysis.differentiation.DerivativeStructure,unique authoritative class,org.apache.commons:commons-math3:3.6.1,org.apache.commons.math3.analysis.differentiation.DerivativeStructure,resolved_api,1,,,,,
MATH-0088,math,TU,FractionFormat,org.apache.commons.math3.fraction.FractionFormat,org.apache.commons.math3.fraction.FractionFormat,resolved,1,"Formats a Fraction number in proper format or improper format. The number format for each of the whole number, numerator and, denominator can be configured.",official_javadoc,org.apache.commons:commons-math3:3.6.1-javadoc.jar#org.apache.commons.math3.fraction.FractionFormat,1,"### 9.3  Fraction  Formatting and Parsing

` Fraction ` instances can be converted to and from strings using the FractionFormat  class. ` FractionFormat ` is a `java.text.Format` extension and, as such, is used like other formatting objects (e.g. `java.text.SimpleDateFormat`): 
    
    
    FractionFormat format = new FractionFormat(); // default format
    Fraction f = new Fraction(2, 4);
    String s = format.format(f); // s contains ""1 / 2"", note the reduced fraction

To customize the formatting output, one or two `java.text.NumberFormat` instances can be used to construct a ` FractionFormat `. These number formats control the formatting of the numerator and denominator of the fraction: 
    
    
    NumberFormat nf = NumberFormat.getInstance(Locale.FRANCE);
    // create fraction format with custom number format
    // when one number format is used, both numerator and
    // denominator are formatted the same
    FractionFormat format = new FractionFormat(nf);
    Fraction f = new Fraction(2000, 3333);
    String s = format.format(c); // s contains ""2.000 / 3.333""
    
    NumberFormat nf2 = NumberFormat.getInstance(Locale.US);
    // create fraction format with custom number formats
    format = new FractionFormat(nf, nf2);
    s = format.format(f); // s contains ""2.000 / 3,333""

Formatting's inverse operation, parsing, can also be performed by ` FractionFormat `. To parse a fraction from a string, simply call the ` FractionFormat.parse ` method: 
    
    
    FractionFormat ff = new FractionFormat();
    Fraction f = ff.parse(""-10 / 21"");",1,1,org.apache.commons.math3.fraction.FractionFormat,unique authoritative class,org.apache.commons:commons-math3:3.6.1,org.apache.commons.math3.fraction.FractionFormat,resolved_api,1,,,,,
MATH-0089,math,TU,Interval,org.apache.commons.math3.geometry.euclidean.oned.Interval,org.apache.commons.math3.geometry.euclidean.oned.Interval,resolved,1,This class represents a 1D interval.,official_javadoc,org.apache.commons:commons-math3:3.6.1-javadoc.jar#org.apache.commons.math3.geometry.euclidean.oned.Interval,1,"### 11.2 Euclidean spaces

Interval  and  IntervalsSet  represent one dimensional regions. All classical set operations are available for intervals sets: union, intersection, symmetric difference (exclusive or), difference, complement, as well as region predicates (point inside/outside/on boundary, emptiness, other region contained). It is also possible to compute geometrical properties like size, barycenter or boundary size. Intervals sets can be built by constructive geometry (union, intersection ...) or from a boundary representation. 

PolygonsSet  represent two dimensional regions. All classical set operations are available for polygons sets: union, intersection, symmetric difference (exclusive or), difference, complement, as well as region predicates (point inside/outside/on boundary, emptiness, other region contained). It is also possible to compute geometrical properties like size, barycenter or boundary size and to extract the vertices. Polygons sets can be built by constructive geometry (union, intersection ...) or from a boundary representation.",1,1,org.apache.commons.math3.geometry.euclidean.oned.Interval,unique authoritative class,org.apache.commons:commons-math3:3.6.1,org.apache.commons.math3.geometry.euclidean.oned.Interval,resolved_api,1,,,,,
MATH-0090,math,TU,DecompositionSolver,org.apache.commons.math3.linear.DecompositionSolver,org.apache.commons.math3.linear.DecompositionSolver,resolved,1,"Interface handling decomposition algorithms that can solve A × X = B. Decomposition algorithms decompose an A matrix has a product of several specific matrices from which they can solve A × X = B in least squares sense: they find X such that ||A × X - B|| is minimal. Some solvers like LUDecomposition can only find the solution for square matrices and when the solution is an exact linear solution, i.e. when ||A × X - B|| is exactly 0. Other solvers can also find solutions with non-square matrix A and with non-null minimal norm. If an exact linear solution exists it is also the minimal norm solution.",official_javadoc,org.apache.commons:commons-math3:3.6.1-javadoc.jar#org.apache.commons.math3.linear.DecompositionSolver,1,"### 3.4 Solving linear systems

The ` DecompositionSolver.solve() ` methods of the  DecompositionSolver  interface support solving linear systems of equations of the form AX=B, either in linear sense or in least square sense. A ` RealMatrix ` instance is used to represent the coefficient matrix of the system. Solving the system is a two phases process: first the coefficient matrix is decomposed in some way and then a solver built from the decomposition solves the system. This allows to compute the decomposition and build the solver only once if several systems have to be solved with the same coefficient matrix. 

For example, to solve the linear system 
    
    
               2x + 3y - 2z = 1
               -x + 7y + 6x = -2
               4x - 3y - 5z = 1
              
    
    
    RealMatrix coefficients =
        new Array2DRowRealMatrix(new double[][] { { 2, 3, -2 }, { -1, 7, 6 }, { 4, -3, -5 } },
                           false);
    DecompositionSolver solver = new LUDecompositionImpl(coefficients).getSolver();
              

` RealVector ` ` DecompositionSolver.solve(RealVector) `
    
    
    RealVector constants = new ArrayRealVector(new double[] { 1, -2, 1 }, false);
    RealVector solution = solver.solve(constants);
              

`solution` ` solution.RealVector.getEntry(0) ` ` solution.RealVector.getEntry(1) ` ` solution.RealVector.getEntry(2) `",1,1,org.apache.commons.math3.linear.DecompositionSolver,unique authoritative class,org.apache.commons:commons-math3:3.6.1,org.apache.commons.math3.linear.DecompositionSolver,resolved_api,1,,,,,
MATH-0091,math,SO,SingularValueDecomposition,org.apache.commons.math3.linear.SingularValueDecomposition,org.apache.commons.math3.linear.SingularValueDecomposition,resolved,1,"Calculates the compact Singular Value Decomposition of a matrix. The Singular Value Decomposition of matrix A is a set of three matrices: U, Σ and V such that A = U × Σ × V T . Let A be a m × n matrix, then U is a m × p orthogonal matrix, Σ is a p × p diagonal matrix with positive or null elements, V is a p × n orthogonal matrix (hence V T is also orthogonal) where p=min(m,n). This class is similar to the class with similar name from the JAMA library, with the following changes: the norm2 method which has been renamed as getNorm , the cond method which has been renamed as getConditionNumber , the rank method which has been renamed as getRank , a getUT method has been added, a getVT method has been added, a getSolver method has been added, a getCovariance method has been added.",official_javadoc,org.apache.commons:commons-math3:3.6.1-javadoc.jar#org.apache.commons.math3.linear.SingularValueDecomposition,1,"numpy.linalg.lstsq equivalent in Apacha Commons Math Java library? 

I have the following call to numpy.linalg.lstsq:

http://docs.scipy.org/doc/numpy/reference/generated/numpy.linalg.lstsq.html

x = [[ 0.69314718] [ 1.09861229] [ 1.38629436] [ 1.60943791] [ 1.79175947] [ 1.94591015]]

y = [ 0. 0.20273255 0.5815754 0.7520387 0.96885669 1.09861229]

l = numpy.linalg.lstsq(x, y)

which returns

l -> tuple: (array([ 0.46323573]), array([ 0.25872885]), 1, array([ 3.63269497]))

Could somebody point out the equivalent function (if available) in

http://commons.apache.org/math/

(or possibly in some other Java math library ...)

Thanks

Thank you for the pointer Joe.

Here is the code for reference:
    
    
    double[][] testSquare = {{0.69314718}, {1.09861229}, {1.38629436}, {1.60943791}, {1.79175947}, {1.94591015}};
    RealMatrix matrix = MatrixUtils.createRealMatrix(testSquare);
    SingularValueDecomposition svd = new SingularValueDecomposition(matrix);
    DecompositionSolver ds=svd.getSolver();
    double[] b = {0.0, 0.20273255, 0.5815754, 0.7520387, 0.96885669, 1.09861229};
    ds.solve(b)[0];",1,1,org.apache.commons.math3.linear.SingularValueDecomposition,unique authoritative class,org.apache.commons:commons-math3:3.6.1,org.apache.commons.math3.linear.SingularValueDecomposition,resolved_api,1,,,,,
MATH-0092,math,SO,Math.sqrt,java.lang.Math#sqrt(double),java.lang.Math,resolved,1,"Math.sqrt is used to compute the square root of a numeric value, often in mathematical calculations such as distances. In Java, invalid input conditions can lead to results such as NaN.",qwen3.8-max,model:qwen3.8-max,0,"Fraction and If Statement not working Java 

Im working on a program I need to finish tonight, and basically it does a cheep version of factoring... The problem is, that its not giving me numbers, but NaN. Heres my code:

Class 1(Part that deals with this program):
    
    
     System.out.println(""--------------------------------------------------"");
    System.out.println("" ~Factoring~"");
    System.out.println(""--------------------------------------------------"");
    System.out.println(""in a polynomial, there are 3 important numbers used"");
    System.out.println(""to figure out x. they are a, b, and c, shown below.\\\\\\\\n"");
    System.out.println(""\\\\\\\\t\\\\\\\\t1x^2 +2x -3"");
    System.out.println(""\\\\\\\\t\\\\\\\\t^ ^ ^"");
    System.out.println(""\\\\\\\\t\\\\\\\\ta b c"");
    System.out.print(""\\\\\\\\nPlease type a, b, and c here[a b c]: "");
    int a = input.nextInt();
    int b = input.nextInt();
    int c = input.nextInt();
    mathey factor = new mathey(a,b,c, chooser);
    System.out.print(factor.solvefact());
    

Class 2:
    
    
     public class mathey
    {
    double a,b,c;
    double solution1;
    double solution2;
    double discriminant;
    double x1 = 0;
    double x2 = 0;
    public mathey(int aN, int bN, int cN)
    {
    a = aN;
    b = bN;
    c = cN;
    discriminant = (b*b)-4*a*c;
    solvea();
    solveb();
    }
    public String solvea()
    {
    solution1 = (-1*b + Math.sqrt(discriminant))/(2*a);
    x1 = solution1;
    if(discriminant > 0) 
    { 
    return""x = "" + solution1; 
    } 
    else if(discriminant == 0) 
    { 
    return ""x = "" + solution1; 
    } 
    else 
    { 
    double root1complex = -b/(2*a); 
    double root1complex2 = Math.sqrt(-discriminant)/(2*a); 
    return root1complex + "" + "" + root1complex2 + "" i ""; 
    }
    }
    public String solveb()
    {
    solution2 = (-1*b - Math.sqrt(discriminant))/(2*a);
    x2 = solution2;
    if(discriminant > 0) 
    { 
    return""x = "" + solution2; 
    } 
    else if(discriminant == 0) 
    { 
    return""x = "" + solution2; 
    } 
    else 
    { 
    double root1complex = -b/(2*a); 
    double root1complex2 = Math.sqrt(-discriminant)/(2*a); 
    return root1complex + "" - "" + root1complex2 + "" i ""; 
    }
    }
    public mathey(int aFact, int bFact ,int cFact, int chooser)
    {
    a = aFact; b = bFact; c = cFact;
    discriminant = (b*b)-4*a*c;
    solvea();
    solveb();
    solvefact();
    }
    public String solvefact()
    {
    String Answer = """";
    if((int)solution1 == solution1)
    {
    int wholeNum = (int)solution1/1;
    double numerator = (solution1%1) * 10;
    int denominator = 10;
    while(numerator > denominator) {
    denominator = denominator * 10;
    } 
    Answer+=""(""+denominator+""x + ""+((denominator * wholeNum) + numerator)+"")"";
    }
    else
    {
    Answer +=""( x + "" +(solution1*-1) +"")"";
    }
    if((int)solution2 == solution2)
    {
    int wholeNum = (int)solution2/1;
    double numerator = (solution2%1) * 10;
    int denominator = 10;
    while(numerator > denominator) {
    denominator = denominator * 10;
    } 
    Answer+=""(""+denominator+""x + ""+((denominator * wholeNum) + numerator)+"")"";
    }
    else
    {
    Answer +=""( x + "" +(solution2*-1) +"")""; 
    } 
    return Answer;
    }
    

Heres the output:
    
    
     Choose a Way to Solve
    1. Quadratic Formula
    2. Factoring
    Which Method? [1/2]: 2
    --------------------------------------------------
    ~Factoring~
    --------------------------------------------------
    in a polynomial, there are 3 important numbers used
    to figure out x. they are a, b, and c, shown below.
    1x^2 +2x -3
    ^ ^ ^
    a b c
    Please type a, b, and c here[a b c]: 1 2 -3
    (10x + 10.0)(10x + -30.0)
    

How Do I fix this, so I get the Output I should get? (x + 3.0)(x-1.0)

In your 4-param constructor `Mathey()` (which is the constructor you are calling) you are redeclaring the variables `a, b, c` and assigning the values passed in to them, masking the instance variables which remain equal to 0 (the default). These local variables are only in scope in the constructor. In `solveA()` and `solveB()`, `a, b, c` again refer to the instance variables (which are all 0), so you're dividing by `2*a` = 0, which makes `solution1` and `solution2` equal to `NaN`. 

Change the line in the second constructor (if you continue to use it) from
    
    
    double a = aN, b = bN, c = cN;
    

to
    
    
    a = aN, b = bN, c = cN;
    

to solve the masking issue. You most likely want the instance variables to be `double`s rather than `int`s, though, so change
    
    
    int a;int b;int c;
    

to
    
    
    double a, b, c;
    

(you can do multiple declarations of the same type like this).

I don't know why you have two `Mathey` constructors, so either scrap the second one (what is `chooser?`) and just use the first, or make sure the second one also assigns a value to `determinant`.

This should be a start, anyway.",1,1,java.lang.Math#sqrt(double),owner is explicit in the raw API,Eclipse Temurin OpenJDK:8u504-b01,java.lang.Math#sqrt(double),resolved_api,1,,,,,
MATH-0093,math,SO,ComplexFormat,org.apache.commons.math3.complex.ComplexFormat,org.apache.commons.math3.complex.ComplexFormat,resolved,1,"Formats a Complex number in cartesian format ""Re(c) + Im(c)i"". 'i' can be replaced with 'j' (or anything else), and the number format for both real and imaginary parts can be configured.",official_javadoc,org.apache.commons:commons-math3:3.6.1-javadoc.jar#org.apache.commons.math3.complex.ComplexFormat,1,"How to print List to array of x+iy format [ Using Apache Common Math - Complex ] 

I was trying to print all n roots of a complex number in x+iy format . I am using Apache Common Math . Here is my code:
    
    
    package complex;
    import static java.lang.String.format;
    import java.util.ArrayList;
    import java.util.Arrays;
    import java.util.List;
    import org.apache.commons.math3.complex.Complex;
    import org.apache.commons.math3.complex.ComplexFormat;
    public class Do 
    {
    public static void main(String[] args) 
    {
    ComplexFormat complexFormat = new ComplexFormat();
    Complex r = new Complex(6.3,9.6);
    List list = new ArrayList();
    list.add(r.nthRoot(8));
    List list2 = new ArrayList();
    for(int i=list.size()-1;i>=0;i--)
    {
    String c = (list.get(i).toString());
    list2.add(c);
    }
    System.out.println(Arrays.toString(list2.toArray()));
    }
    }
    

My output was ok

Output : 
    
    
    run:
    [[(1.346389790047983, 0.16747833178910174), (0.8336162865533764, 1.070466414773145), (-0.16747833178910165, 1.346389790047983), (-1.070466414773145, 0.8336162865533764), (-1.346389790047983, -0.16747833178910157), (-0.8336162865533766, -1.070466414773145), (0.1674783317891015, -1.346389790047983), (1.070466414773145, -0.8336162865533766)]]
    BUILD SUCCESSFUL (total time: 0 seconds)
    

But I want this in a array or list of x+iy format . I have tried both `complexFormat.Parse()` and `complexFormat.format()` on each list item , but that case generates exception.

Would you please explain better way to do this?

You need to use the `ComplexFormat` as follows, calling the `format()` method on a single number of type `Complex` each time:
    
    
    formatter = new ComplexFormat();
    for (Complex c : list2)
    {
    System.out.println(formatter.format(c));
    }
    

This code should replace your current line `System.out.println(Arrays.toString(list2.toArray()));` and you'll be good to go...

### but...

you probably don't need the hassle of creating and using `list2`, just set up `list` as a `List` rather than `List` and use that directly. So a final version of cut down code could be :
    
    
    package complex;
    import java.util.List;
    import org.apache.commons.math3.complex.Complex;
    import org.apache.commons.math3.complex.ComplexFormat;
    public class Do 
    {
    public static void main(String[] args) 
    {
    ComplexFormat complexFormat = new ComplexFormat();
    Complex r = new Complex(6.3,9.6);
    List list = r.nthRoot(8);
    for (Complex c : list)
    {
    System.out.println(complexFormat.format(c));
    }
    }
    }
    

### Output
    
    
    1.34638979 + 0.1674783318i
    0.8336162866 + 1.0704664148i
    -0.1674783318 + 1.34638979i
    -1.0704664148 + 0.8336162866i
    -1.34638979 - 0.1674783318i
    -0.8336162866 - 1.0704664148i
    0.1674783318 - 1.34638979i
    1.0704664148 - 0.8336162866i
    

Note - the documentation for `ComplexFormat` is here and, in particular, you should notice that if you instantiate it with no arguments (as I do above), it defaults to the `x + yi` format. If you want to play with the format, you pass parameters when you instantiate the formatter, as covered in those docs.",1,1,org.apache.commons.math3.complex.ComplexFormat,unique authoritative class,org.apache.commons:commons-math3:3.6.1,org.apache.commons.math3.complex.ComplexFormat,resolved_api,1,,,,,
MATH-0094,math,SO,UnivariateFunction,org.apache.commons.math3.analysis.UnivariateFunction,org.apache.commons.math3.analysis.UnivariateFunction,resolved,1,"An interface representing a univariate real function. When a user-defined function encounters an error during evaluation, the value method should throw a user-defined unchecked exception. The following code excerpt shows the recommended way to do that using a root solver as an example, but the same construct is applicable to ODE integrators or optimizers. private static class LocalException extends RuntimeException { // The x value that caused the problem. private final double x; public LocalException(double x) { this.x = x; } public double getX() { return x; } } private static class MyFunction implements UnivariateFunction { public double value(double x) { double y = hugeFormula(x); if (somethingBadHappens) { throw new LocalException(x); } return y; } } public void compute() { try { solver.solve(maxEval, new MyFunction(a, b, c), min, max); } catch (LocalException le) { // Retrieve the x value. } } As shown, the exception is local to the user's code and it is guaranteed that Apache Commons Math will not catch it.",official_javadoc,org.apache.commons:commons-math3:3.6.1-javadoc.jar#org.apache.commons.math3.analysis.UnivariateFunction,1,"Solving polynomial equation in Java 

I have the following code which gives the price given a certain rate:
    
    
    public static void main(String[] args) {
    double term = 5;
    double coupon = 5;
    double rate = 0.0432;
    //should get the price == 103;
    double price;
    double sum = 0;
    for (int i = 1; i <= term; i++) {
    sum = sum + (coupon / Math.pow((1 + rate), i));
    }
    double lastAmount = (100 / Math.pow((1 + rate), (term)));
    price = sum + lastAmount;
    System.out.println(""price is:"" + price);
    }
    

My question is, how can I do this other way around? where the price is given and the rate is unknown. So I figured out, it's going to be an exponential equation. where it should look like below:
    
    
    103x^5 - 5x^4 - 5x^3 - 5x^2 - 5x - 105=0
    

where `x = 1+rate`

solving the exponential equation, you get x = 1.0432 which means the rate is 0.0432 as expected.

How can I implement this in java to solve the equation.

Here is code that does it using the implementation of Brent's Method for root finding (from Apache Commons). It will print any roots between -10000 and +10000. It may not work for functions having multiple roots less than `intervalSize` (0.01) apart (yours is not such a function).
    
    
    package sandbox;
    import org.apache.commons.math3.analysis.UnivariateFunction;
    import org.apache.commons.math3.analysis.solvers.BrentSolver;
    public class BrentsMethodRootFinderExample {
    private void solveit () {
    BrentSolver solver = new BrentSolver();
    UnivariateFunction f = new UnivariateFunction() {
    @Override
    public double value(double x) {
    return 103*Math.pow(x, 5.0)-5*Math.pow(x, 4.0)-5*Math.pow(x, 3.0)-5*Math.pow(x, 2.0)-5*x - 105;
    }
    };
    double intervalStart = -10000;
    double intervalSize = 0.01;
    while (intervalStart < 10000) {
    intervalStart+= intervalSize;
    if(Math.signum(f.value(intervalStart)) != Math.signum(f.value(intervalStart+intervalSize))) {
    System.out.println(""x = "" + solver.solve(1000, f, intervalStart, intervalStart+intervalSize));
    }
    }
    }
    public static void main(String[] args) {
    new BrentsMethodRootFinderExample().solveit();
    }
    }
    

Output: 

> x = 1.0432004413216969",1,1,org.apache.commons.math3.analysis.UnivariateFunction,unique authoritative class,org.apache.commons:commons-math3:3.6.1,org.apache.commons.math3.analysis.UnivariateFunction,resolved_api,1,,,,,
MATH-0095,math,TU,IllinoisSolver,org.apache.commons.math3.analysis.solvers.IllinoisSolver,org.apache.commons.math3.analysis.solvers.IllinoisSolver,resolved,1,"Implements the Illinois method for root-finding (approximating a zero of a univariate real function). It is a modified Regula Falsi method. Like the Regula Falsi method, convergence is guaranteed by maintaining a bracketed solution. The Illinois method however, should converge much faster than the original Regula Falsi method. Furthermore, this implementation of the Illinois method should not suffer from the same implementation issues as the Regula Falsi method, which may fail to convergence in certain cases. The Illinois method assumes that the function is continuous, but not necessarily smooth. Implementation based on the following article: M. Dowell and P. Jarratt, A modified regula falsi method for computing the root of an equation , BIT Numerical Mathematics, volume 11, number 2, pages 168-174, Springer, 1971.",official_javadoc,org.apache.commons:commons-math3:3.6.1-javadoc.jar#org.apache.commons.math3.analysis.solvers.IllinoisSolver,1,"### 4.3 Root-finding - part 6

The ` SecantSolver ` uses a straightforward secant algorithm which does not bracket the search and therefore does not guarantee convergence. It may be faster than Brent on some well-behaved functions. 

The ` RegulaFalsiSolver ` is variation of secant preserving bracketing, but then it may be slow, as one end point of the search interval will become fixed after and only the other end point will converge to the root, hence resulting in a search interval size that does not decrease to zero. 

The ` IllinoisSolver ` and ` PegasusSolver ` are well-known variations of regula falsi that fix the problem of stuck end points by slightly weighting one endpoint to balance the interval at next iteration. Pegasus is often faster than Illinois. Pegasus may be the algorithm of choice for selecting a specific side of the convergence interval. 

The ` BisectionSolver ` is included for completeness and for establishing a fall back in cases of emergency. The algorithm is simple, most likely bug free and guaranteed to converge even in very adverse circumstances which might cause other algorithms to malfunction. The drawback is of course that it is also guaranteed to be slow.",1,1,org.apache.commons.math3.analysis.solvers.IllinoisSolver,unique authoritative class,org.apache.commons:commons-math3:3.6.1,org.apache.commons.math3.analysis.solvers.IllinoisSolver,resolved_api,1,,,,,
MATH-0096,math,TU,BisectionSolver,org.apache.commons.math3.analysis.solvers.BisectionSolver,org.apache.commons.math3.analysis.solvers.BisectionSolver,resolved,1,Implements the bisection algorithm for finding zeros of univariate real functions. The function should be continuous but not necessarily smooth.,official_javadoc,org.apache.commons:commons-math3:3.6.1-javadoc.jar#org.apache.commons.math3.analysis.solvers.BisectionSolver,1,"### 4.3 Root-finding - part 6

The ` SecantSolver ` uses a straightforward secant algorithm which does not bracket the search and therefore does not guarantee convergence. It may be faster than Brent on some well-behaved functions. 

The ` RegulaFalsiSolver ` is variation of secant preserving bracketing, but then it may be slow, as one end point of the search interval will become fixed after and only the other end point will converge to the root, hence resulting in a search interval size that does not decrease to zero. 

The ` IllinoisSolver ` and ` PegasusSolver ` are well-known variations of regula falsi that fix the problem of stuck end points by slightly weighting one endpoint to balance the interval at next iteration. Pegasus is often faster than Illinois. Pegasus may be the algorithm of choice for selecting a specific side of the convergence interval. 

The ` BisectionSolver ` is included for completeness and for establishing a fall back in cases of emergency. The algorithm is simple, most likely bug free and guaranteed to converge even in very adverse circumstances which might cause other algorithms to malfunction. The drawback is of course that it is also guaranteed to be slow.",1,1,org.apache.commons.math3.analysis.solvers.BisectionSolver,unique authoritative class,org.apache.commons:commons-math3:3.6.1,org.apache.commons.math3.analysis.solvers.BisectionSolver,resolved_api,1,,,,,
MATH-0097,math,TU,BicubicSplineInterpolator,org.apache.commons.math3.analysis.interpolation.BicubicSplineInterpolator,org.apache.commons.math3.analysis.interpolation.BicubicSplineInterpolator,resolved,1,Generates a bicubic interpolating function. Due to numerical accuracy issues this should not be used.,official_javadoc,org.apache.commons:commons-math3:3.6.1-javadoc.jar#org.apache.commons.math3.analysis.interpolation.BicubicSplineInterpolator,1,"### 4.4 Interpolation - part 4

In bicubic interpolation, the interpolation function is a 3rd-degree polynomial of two variables. The coefficients are computed from the function values sampled on a grid, as well as the values of the partial derivatives of the function at those grid points. From two-dimensional data sampled on a grid, the  BicubicSplineInterpolator  computes a  bicubic interpolating function. Prior to computing an interpolating function, the  SmoothingPolynomialBicubicSplineInterpolator  class performs smoothing of the data by computing the polynomial that best fits each of the one-dimensional curves along each of the coordinate axes. 

A  TrivariateGridInterpolator  is used to find a trivariate real-valued function `f` which for a given set of tuples (`xi`,`yj`,`zk`, `fijk`) yields `f(xi,yj,zk)=fijk` to the best accuracy possible. The result is provided as an object implementing the  TrivariateFunction  interface. It can therefore be evaluated at any point, including a point not belonging to the original set. The arrays `xi`, `yj` and `zk` must be sorted in increasing order in order to define a three-dimensional grid.",1,1,org.apache.commons.math3.analysis.interpolation.BicubicSplineInterpolator,unique authoritative class,org.apache.commons:commons-math3:3.6.1,org.apache.commons.math3.analysis.interpolation.BicubicSplineInterpolator,resolved_api,1,,,,,
MATH-0098,math,TU,DerivativeStructure,org.apache.commons.math3.analysis.differentiation.DerivativeStructure,org.apache.commons.math3.analysis.differentiation.DerivativeStructure,resolved,1,"Class representing both the value and the differentials of a function. This class is the workhorse of the differentiation package. This class is an implementation of the extension to Rall's numbers described in Dan Kalman's paper Doubly Recursive Multivariate Automatic Differentiation , Mathematics Magazine, vol. 75, no. 3, June 2002. Rall's numbers are an extension to the real numbers used throughout mathematical expressions; they hold the derivative together with the value of a function. Dan Kalman's derivative structures hold all partial derivatives up to any specified order, with respect to any number of free parameters. Rall's numbers therefore can be seen as derivative structures for order one derivative and one free parameter, and real numbers can be seen as derivative structures with zero order derivative and no free parameters. DerivativeStructure instances can be used directly thanks to the arithmetic operators to the mathematical functions provided as methods by this class (+, -, *, /, %, sin, cos ...). Implementing complex expressions by hand using these classes is a tedious and error-prone task but has the advantage of having no limitation on the derivation order despite no requiring users to compute the derivatives by themselves. Implementing complex expression can also be done by developing computation code using standard primitive double values and to use differentiators to create the DerivativeStructure -based instances. This method is simpler but may be limited in the accuracy and derivation orders and may be computationally intensive (this is typically the case for finite differences differentiator . Instances of this class are guaranteed to be immutable.",official_javadoc,org.apache.commons:commons-math3:3.6.1-javadoc.jar#org.apache.commons.math3.analysis.differentiation.DerivativeStructure,1,"### 4.7 Differentiation

The  org.apache.commons.math3.analysis.differentiation package provides a general-purpose differentiation framework. 

The core class is  DerivativeStructure  which holds the value and the differentials of a function. This class handles some arbitrary number of free parameters and arbitrary derivation order. It is used both as the input and the output type for the  UnivariateDifferentiableFunction  interface. Any differentiable function should implement this interface. 

The main idea behind the  DerivativeStructure  class is that it can be used almost as a number (i.e. it can be added, multiplied, its square root can be extracted or its cosine computed... However, in addition to computed the value itself when doing these computations, the partial derivatives are also computed alongside. This is an extension of what is sometimes called Rall's numbers. This extension is described in Dan Kalman's paper Doubly Recursive Multivariate Automatic Differentiation, Mathematics Magazine, vol. 75, no. 3, June 2002. Rall's numbers only hold the first derivative with respect to one free parameter whereas Dan Kalman's derivative structures hold all partial derivatives up to any specified order, with respect to any number of free parameters. Rall's numbers therefore can be seen as derivative structures for order one derivative and one free parameter, and primitive real numbers can be seen as derivative structures with zero order derivative and no free parameters.",1,1,org.apache.commons.math3.analysis.differentiation.DerivativeStructure,unique authoritative class,org.apache.commons:commons-math3:3.6.1,org.apache.commons.math3.analysis.differentiation.DerivativeStructure,resolved_api,1,,,,,
MATH-0099,math,TU,ExceptionContextProvider,org.apache.commons.math3.exception.util.ExceptionContextProvider,org.apache.commons.math3.exception.util.ExceptionContextProvider,resolved,1,Interface for accessing the context data structure stored in Commons Math exceptions.,official_javadoc,org.apache.commons:commons-math3:3.6.1-javadoc.jar#org.apache.commons.math3.exception.util.ExceptionContextProvider,1,"### 16.4 Features

  * Localization 

The detailed error messages (i.e. the string returned by the  ExceptionContext.getLocalizedMessage  method) can be localized. However, besides the American/English default, French is the only language for which a translation resource is available. 

  * Exception ""context""

Every exception generated by Commons Math implements the  ExceptionContextProvider  interface. A call to the  ExceptionContextProvider.getContext  method will return the  ExceptionContext  instance stored in the exception, which the user can further customize by adding messages and/or any object.",1,0,org.apache.commons.math3.exception.util.ExceptionContextProvider,unique authoritative class,org.apache.commons:commons-math3:3.6.1,org.apache.commons.math3.exception.util.ExceptionContextProvider,resolved_api,1,,,,,
MATH-0100,math,TU,ProcessModel,org.apache.commons.math3.filter.ProcessModel,org.apache.commons.math3.filter.ProcessModel,resolved,1,Defines the process dynamics model for the use with a KalmanFilter .,official_javadoc,org.apache.commons:commons-math3:3.6.1-javadoc.jar#org.apache.commons.math3.filter.ProcessModel,1,"### 15.2 Kalman Filter

KalmanFilter  provides a discrete-time filter to estimate a stochastic linear process.

A Kalman filter is initialized with a  ProcessModel  and a  MeasurementModel , which contain the corresponding transformation and noise covariance matrices. The parameter names used in the respective models correspond to the following names commonly used in the mathematical literature: 

  * A - state transition matrix
  * B - control input matrix
  * H - measurement matrix
  * Q - process noise covariance matrix
  * R - measurement noise covariance matrix
  * P - error covariance matrix

Initialization 
     The following code will create a Kalman filter using the provided DefaultMeasurementModel and DefaultProcessModel classes. To support dynamically changing process and measurement noises, simply implement your own models. 
    
    
    // A = [ 1 ]
    RealMatrix A = new Array2DRowRealMatrix(new double[] { 1d });
    // no control input
    RealMatrix B = null;
    // H = [ 1 ]
    RealMatrix H = new Array2DRowRealMatrix(new double[] { 1d });
    // Q = [ 0 ]
    RealMatrix Q = new Array2DRowRealMatrix(new double[] { 0 });
    // R = [ 0 ]
    RealMatrix R = new Array2DRowRealMatrix(new double[] { 0 });
    
    ProcessModel pm
       = new DefaultProcessModel(A, B, Q, new ArrayRealVector(new double[] { 0 }), null);
    MeasurementModel mm = new DefaultMeasurementModel(H, R);
    KalmanFilter filter = new KalmanFilter(pm, mm);
     			

Iteration 
     The following code illustrates how to perform the predict/correct cycle: 
    
    
    for (;;) {
       // predict the state estimate one time-step ahead
       // optionally provide some control input
       filter.predict();
    
       // obtain measurement vector z
       RealVector z = getMeasurement();
    
       // correct the state estimate with the latest measurement
       filter.correct(z);
       
       double[] stateEstimate = filter.getStateEstimation();
       // do something with it
    }
    		  

Constant Voltage Example 
     The following example creates a Kalman filter for a static process: a system with a constant voltage as internal state. We observe this process with an artificially imposed measurement noise of 0.1V and assume an internal process noise of 1e-5V. 
    
    
    double constantVoltage = 10d;
    double measurementNoise = 0.1d;
    double processNoise = 1e-5d;
    
    // A = [ 1 ]
    RealMatrix A = new Array2DRowRealMatrix(new double[] { 1d });
    // B = null
    RealMatrix B = null;
    // H = [ 1 ]
    RealMatrix H = new Array2DRowRealMatrix(new double[] { 1d });
    // x = [ 10 ]
    RealVector x = new ArrayRealVector(new double[] { constantVoltage });
    // Q = [ 1e-5 ]
    RealMatrix Q = new Array2DRowRealMatrix(new double[] { processNoise });
    // P = [ 1 ]
    RealMatrix P0 = new Array2DRowRealMatrix(new double[] { 1d });
    // R = [ 0.1 ]
    RealMatrix R = new Array2DRowRealMatrix(new double[] { measurementNoise });
    
    ProcessModel pm = new DefaultProcessModel(A, B, Q, x, P0);
    MeasurementModel mm = new DefaultMeasurementModel(H, R);
    KalmanFilter filter = new KalmanFilter(pm, mm);  
    
    // process and measurement noise vectors
    RealVector pNoise = new ArrayRealVector(1);
    RealVector mNoise = new ArrayRealVector(1);
    
    RandomGenerator rand = new JDKRandomGenerator();
    // iterate 60 steps
    for (int i = 0; i < 60; i++) {
        filter.predict();
    
        // simulate the process
        pNoise.setEntry(0, processNoise * rand.nextGaussian());
    
        // x = A * x + p_noise
        x = A.operate(x).add(pNoise);
    
        // simulate the measurement
        mNoise.setEntry(0, measurementNoise * rand.nextGaussian());
    
        // z = H * x + m_noise
        RealVector z = H.operate(x).add(mNoise);
    
        filter.correct(z);
    
        double voltage = filter.getStateEstimation()[0];
    }",1,1,org.apache.commons.math3.filter.ProcessModel,unique authoritative class,org.apache.commons:commons-math3:3.6.1,org.apache.commons.math3.filter.ProcessModel,resolved_api,1,,,,,
MATH-0101,math,TU,StoppingCondition,org.apache.commons.math3.genetics.StoppingCondition,org.apache.commons.math3.genetics.StoppingCondition,resolved,1,Algorithm used to determine when to stop evolution.,official_javadoc,org.apache.commons:commons-math3:3.6.1-javadoc.jar#org.apache.commons.math3.genetics.StoppingCondition,1,"### 14.2 GA Framework

GeneticAlgorithm  provides an execution framework for Genetic Algorithms (GA).  Populations, consisting of  Chromosomes are evolved by the ` GeneticAlgorithm ` until a  StoppingCondition  is reached. Evolution is determined by  SelectionPolicy ,  MutationPolicy  and  Fitness . 

The GA itself is implemented by the ` GeneticAlgorithm.evolve ` method of the ` GeneticAlgorithm ` class, which looks like this: 
    
    
    public Population evolve(Population initial, StoppingCondition condition) {
        Population current = initial;
        while (!condition.isSatisfied(current)) {
            current = nextGeneration(current);
        }
        return current;
    }
              

The ` GeneticAlgorithm.nextGeneration ` method implements the following algorithm: 

  1. Get nextGeneration population to fill from `current` generation, using its nextGeneration method
  2. Loop until new generation is filled:
     * Apply configured ` SelectionPolicy ` to select a pair of parents from `current`
     * With probability =  GeneticAlgorithm.getCrossoverRate() , apply configured ` CrossoverPolicy ` to parents
     * With probability =  GeneticAlgorithm.getMutationRate() , apply configured ` MutationPolicy ` to each of the offspring
     * Add offspring individually to nextGeneration, space permitting
  3. Return nextGeneration",1,0,org.apache.commons.math3.genetics.StoppingCondition,unique authoritative class,org.apache.commons:commons-math3:3.6.1,org.apache.commons.math3.genetics.StoppingCondition,resolved_api,1,,,,,
MATH-0102,math,TU,GeneticAlgorithm,org.apache.commons.math3.genetics.GeneticAlgorithm,org.apache.commons.math3.genetics.GeneticAlgorithm,resolved,1,Implementation of a genetic algorithm. All factors that govern the operation of the algorithm can be configured for a specific problem.,official_javadoc,org.apache.commons:commons-math3:3.6.1-javadoc.jar#org.apache.commons.math3.genetics.GeneticAlgorithm,1,"### 14.3 Implementation

Here is an example GA execution: 
    
    
    // initialize a new genetic algorithm
    GeneticAlgorithm ga = new GeneticAlgorithm(
        new OnePointCrossover<Integer>(),
        1,
        new RandomKeyMutation(),
        0.10,
        new TournamentSelection(TOURNAMENT_ARITY)
    );
            
    // initial population
    Population initial = getInitialPopulation();
            
    // stopping condition
    StoppingCondition stopCond = new FixedGenerationCount(NUM_GENERATIONS);
            
    // run the algorithm
    Population finalPopulation = ga.evolve(initial, stopCond);
            
    // best chromosome from the final population
    Chromosome bestFinal = finalPopulation.getFittestChromosome();
            

The arguments to the ` GeneticAlgorithm ` constructor above are:  Parameter | value in example | meaning  
---|---|---  
crossoverPolicy |  OnePointCrossover  | A random crossover point is selected and the first part from each parent is copied to the corresponding child, and the second parts are copied crosswise.  
crossoverRate | 1 | Always apply crossover  
mutationPolicy |  RandomKeyMutation  | Changes a randomly chosen element of the array representation to a random value uniformly distributed in [0,1].  
mutationRate | .1 | Apply mutation with probability 0.1 - that is, 10% of the time.  
selectionPolicy |  TournamentSelection  | Each of the two selected chromosomes is selected based on an n-ary tournament -- this is done by drawing n random chromosomes without replacement from the population, and then selecting the fittest chromosome among them.  
The algorithm starts with an `initial` population of `Chromosomes.` and executes until the specified  StoppingCondition  is reached. In the example above, a  FixedGenerationCount  stopping condition is used, which means the algorithm proceeds through a fixed number of generations.",1,1,org.apache.commons.math3.genetics.GeneticAlgorithm,unique authoritative class,org.apache.commons:commons-math3:3.6.1,org.apache.commons.math3.genetics.GeneticAlgorithm,resolved_api,1,,,,,
MATH-0103,math,TU,StoppingCondition,org.apache.commons.math3.genetics.StoppingCondition,org.apache.commons.math3.genetics.StoppingCondition,resolved,1,Algorithm used to determine when to stop evolution.,official_javadoc,org.apache.commons:commons-math3:3.6.1-javadoc.jar#org.apache.commons.math3.genetics.StoppingCondition,1,"### 14.3 Implementation

Here is an example GA execution: 
    
    
    // initialize a new genetic algorithm
    GeneticAlgorithm ga = new GeneticAlgorithm(
        new OnePointCrossover<Integer>(),
        1,
        new RandomKeyMutation(),
        0.10,
        new TournamentSelection(TOURNAMENT_ARITY)
    );
            
    // initial population
    Population initial = getInitialPopulation();
            
    // stopping condition
    StoppingCondition stopCond = new FixedGenerationCount(NUM_GENERATIONS);
            
    // run the algorithm
    Population finalPopulation = ga.evolve(initial, stopCond);
            
    // best chromosome from the final population
    Chromosome bestFinal = finalPopulation.getFittestChromosome();
            

The arguments to the ` GeneticAlgorithm ` constructor above are:  Parameter | value in example | meaning  
---|---|---  
crossoverPolicy |  OnePointCrossover  | A random crossover point is selected and the first part from each parent is copied to the corresponding child, and the second parts are copied crosswise.  
crossoverRate | 1 | Always apply crossover  
mutationPolicy |  RandomKeyMutation  | Changes a randomly chosen element of the array representation to a random value uniformly distributed in [0,1].  
mutationRate | .1 | Apply mutation with probability 0.1 - that is, 10% of the time.  
selectionPolicy |  TournamentSelection  | Each of the two selected chromosomes is selected based on an n-ary tournament -- this is done by drawing n random chromosomes without replacement from the population, and then selecting the fittest chromosome among them.  
The algorithm starts with an `initial` population of `Chromosomes.` and executes until the specified  StoppingCondition  is reached. In the example above, a  FixedGenerationCount  stopping condition is used, which means the algorithm proceeds through a fixed number of generations.",1,0,org.apache.commons.math3.genetics.StoppingCondition,unique authoritative class,org.apache.commons:commons-math3:3.6.1,org.apache.commons.math3.genetics.StoppingCondition,resolved_api,1,,,,,
MATH-0104,math,SO,Double.doubleToLongBits,java.lang.Double#doubleToLongBits(double),java.lang.Double,resolved,1,"Double.doubleToLongBits returns the IEEE 754 double-precision floating-point bit representation of a double value as a long. It is useful for low-level inspection or manipulation of floating-point components such as the sign, exponent, and mantissa.",qwen3.8-max,model:qwen3.8-max,0,"Is there a Java equivalent of frexp? 

Is there a Java equivalent of the C / C++ function called frexp? If you aren't familiar, frexp is defined by Wikipedia to ""break floating-point number down into mantissa and exponent.""

I am looking for an implementation with both speed and accuracy but I would rather have the accuracy if I could only choose one.

This is the code sample from the first reference. It should make the frexp contract a little more clear:
    
    
    /* frexp example */
    #include 
    #include 
    int main ()
    {
    double param, result;
    int n;
    param = 8.0;
    result = frexp (param , &n);
    printf (""%lf * 2^%d = %f\\\\\\\\n"", result, n, param);
    return 0;
    }
    /* Will produce: 0.500000 * 2^4 = 8.000000 */
    

How's this?
    
    
    public static class FRexpResult
    {
    public int exponent = 0;
    public double mantissa = 0.;
    }
    public static FRexpResult frexp(double value)
    {
    final FRexpResult result = new FRexpResult();
    long bits = Double.doubleToLongBits(value);
    double realMant = 1.;
    // Test for NaN, infinity, and zero.
    if (Double.isNaN(value) || 
    value + value == value || 
    Double.isInfinite(value))
    {
    result.exponent = 0;
    result.mantissa = value;
    }
    else
    {
    boolean neg = (bits < 0);
    int exponent = (int)((bits >> 52) & 0x7ffL);
    long mantissa = bits & 0xfffffffffffffL;
    if(exponent == 0)
    {
    exponent++;
    }
    else
    {
    mantissa = mantissa | (1L<<52);
    }
    // bias the exponent - actually biased by 1023.
    // we are treating the mantissa as m.0 instead of 0.m
    // so subtract another 52.
    exponent -= 1075;
    realMant = mantissa;
    // normalize
    while(realMant > 1.0) 
    {
    mantissa >>= 1;
    realMant /= 2.;
    exponent++;
    }
    if(neg)
    {
    realMant = realMant * -1;
    }
    result.exponent = exponent;
    result.mantissa = realMant;
    }
    return result;
    }
    

This is ""inspired"" or actually nearly copied identically from an answer to a similar C# question. It works with the bits and then makes the mantissa a number between 1.0 and 0.0.",1,1,java.lang.Double#doubleToLongBits(double),owner is explicit in the raw API,Eclipse Temurin OpenJDK:8u504-b01,java.lang.Double#doubleToLongBits(double),resolved_api,1,,,,,
MATH-0105,math,SO,Math.floor,java.lang.Math#floor(double),java.lang.Math,resolved,1,"Math.floor rounds a numeric value downward toward negative infinity, producing the greatest integer less than or equal to the argument. Depending on the language, the result may be returned as a floating-point value rather than an integer type.",qwen3.8-max,model:qwen3.8-max,0,"How to test if a double is an integer 

Is it possible to do this?
    
    
    double variable;
    variable = 5;
    /* the below should return true, since 5 is an int. 
    if variable were to equal 5.7, then it would return false. */
    if(variable == int) {
    //do stuff
    }
    

I know the code probably doesn't go anything like that, but how does it go?
    
    
    public static boolean isInteger(double d) {
    // Note that Double.NaN is not equal to anything, even itself.
    return (d == Math.floor(d)) && !Double.isInfinite(d);
    }",1,0,java.lang.Math#floor(double),owner is explicit in the raw API,Eclipse Temurin OpenJDK:8u504-b01,java.lang.Math#floor(double),resolved_api,1,,,,,
MATH-0106,math,SO,PolynomialFunction,org.apache.commons.math3.analysis.polynomials.PolynomialFunction,org.apache.commons.math3.analysis.polynomials.PolynomialFunction,resolved,1,Immutable representation of a real polynomial function with real coefficients. Horner's Method is used to evaluate the function.,official_javadoc,org.apache.commons:commons-math3:3.6.1-javadoc.jar#org.apache.commons.math3.analysis.polynomials.PolynomialFunction,1,"Finding roots of polynomial in Java 

I need to find (approximate, numerical) solution to Legendre polynomial. I tried the several Java libraries but none have what I am looking for (the closest is commons-math which even has code for finding the solutions in Laguerre Solver but does not expose the method). Is there an existing solution or do I need to implement my own?

commons math has reasonable API for polynomials
    
    
     // -4 + 3 x + x^2
    PolynomialFunction polynomial = new PolynomialFunction(new double[]{ -4, 3, 1});
    LaguerreSolver laguerreSolver = new LaguerreSolver();
    double root = laguerreSolver.solve(100, polynomial, -100, 100);
    System.out.println(""root = "" + root);",1,0,org.apache.commons.math3.analysis.polynomials.PolynomialFunction,unique authoritative class,org.apache.commons:commons-math3:3.6.1,org.apache.commons.math3.analysis.polynomials.PolynomialFunction,resolved_api,1,,,,,
MATH-0107,math,SO,Complex,org.apache.commons.math3.complex.Complex,org.apache.commons.math3.complex.Complex,resolved,1,"Representation of a Complex number, i.e. a number which has both a real and imaginary part. Implementations of arithmetic operations handle NaN and infinite values according to the rules for Double , i.e. equals(java.lang.Object) is an equivalence relation for all instances that have a NaN in either real or imaginary part, e.g. the following are considered equal: 1 + NaNi NaN + i NaN + NaNi Note that this contradicts the IEEE-754 standard for floating point numbers (according to which the test x == x must fail if x is NaN ). The method equals for primitive double in Precision conforms with IEEE-754 while this class conforms with the standard behavior for Java object types.",official_javadoc,org.apache.commons:commons-math3:3.6.1-javadoc.jar#org.apache.commons.math3.complex.Complex,1,"I want to implement the roots function of matlab (root of polynomial) in java 

I'm trying to understand the roots function.. I was looking for a java code that implemented the similar function matlab `r = roots(p)`.

For example, if `p = [1 -6 -72 -27]`, matlab returns `r = 12.1229 -5.7345 -0.3884`

I admit that I have no idea what it means in practical function roots, but I need to use it within an algorithm in my java application.

I tried using this code with Efficent-java-matrix-library:
    
    
    public class PolynomialRootFinder {
    /**
    * 
    
    
    * Given a set of polynomial coefficients, compute the roots of the polynomial. Depending on
    * the polynomial being considered the roots may contain complex number. When complex numbers are
    * present they will come in pairs of complex conjugates.
    * 
    
    
    *
    * @param coefficients Coefficients of the polynomial.
    * @return The roots of the polynomial
    */
    public static Complex64F[] findRoots(double... coefficients) {
    int N = coefficients.length-1;
    // Construct the companion matrix
    DenseMatrix64F c = new DenseMatrix64F(N,N);
    double a = coefficients[N];
    for( int i = 0; i < N; i++ ) {
    c.set(i,N-1,-coefficients[i]/a);
    }
    for( int i = 1; i < N; i++ ) {
    c.set(i,i-1,1);
    }
    // use generalized eigenvalue decomposition to find the roots
    EigenDecomposition evd = DecompositionFactory.eigGeneral(N, false);
    evd.decompose(c);
    Complex64F[] roots = new Complex64F[N];
    for( int i = 0; i < N; i++ ) {
    roots[i] = evd.getEigenvalue(i);
    }
    return roots;
    }
    }
    

but this code returns `[ -2.5747724050560374, -0.17438281737671643, 0.08248855576608725 ]` for the example that I propose.

I ask you: the `roots` function matlab and the roots function in java is the same function? Do you have any idea to implement a java function similar the `roots` in matlab?

The funcion should be the same, the diference is that the order of the coefs you pass de method change. Try:
    
    
    final double[] coeff = new double[] { -27, -72, -6, 1 };
    

or using apache math:
    
    
    final LaguerreSolver solver = new LaguerreSolver();
    final Complex[] result = solver.solveAllComplex(coeff, 0);",1,1,org.apache.commons.math3.complex.Complex,unique authoritative class,org.apache.commons:commons-math3:3.6.1,org.apache.commons.math3.complex.Complex,resolved_api,1,,,,,
MATH-0108,math,SO,Complex,org.apache.commons.math3.complex.Complex,org.apache.commons.math3.complex.Complex,resolved,1,"Representation of a Complex number, i.e. a number which has both a real and imaginary part. Implementations of arithmetic operations handle NaN and infinite values according to the rules for Double , i.e. equals(java.lang.Object) is an equivalence relation for all instances that have a NaN in either real or imaginary part, e.g. the following are considered equal: 1 + NaNi NaN + i NaN + NaNi Note that this contradicts the IEEE-754 standard for floating point numbers (according to which the test x == x must fail if x is NaN ). The method equals for primitive double in Precision conforms with IEEE-754 while this class conforms with the standard behavior for Java object types.",official_javadoc,org.apache.commons:commons-math3:3.6.1-javadoc.jar#org.apache.commons.math3.complex.Complex,1,"How to print List to array of x+iy format [ Using Apache Common Math - Complex ] 

I was trying to print all n roots of a complex number in x+iy format . I am using Apache Common Math . Here is my code:
    
    
    package complex;
    import static java.lang.String.format;
    import java.util.ArrayList;
    import java.util.Arrays;
    import java.util.List;
    import org.apache.commons.math3.complex.Complex;
    import org.apache.commons.math3.complex.ComplexFormat;
    public class Do 
    {
    public static void main(String[] args) 
    {
    ComplexFormat complexFormat = new ComplexFormat();
    Complex r = new Complex(6.3,9.6);
    List list = new ArrayList();
    list.add(r.nthRoot(8));
    List list2 = new ArrayList();
    for(int i=list.size()-1;i>=0;i--)
    {
    String c = (list.get(i).toString());
    list2.add(c);
    }
    System.out.println(Arrays.toString(list2.toArray()));
    }
    }
    

My output was ok

Output : 
    
    
    run:
    [[(1.346389790047983, 0.16747833178910174), (0.8336162865533764, 1.070466414773145), (-0.16747833178910165, 1.346389790047983), (-1.070466414773145, 0.8336162865533764), (-1.346389790047983, -0.16747833178910157), (-0.8336162865533766, -1.070466414773145), (0.1674783317891015, -1.346389790047983), (1.070466414773145, -0.8336162865533766)]]
    BUILD SUCCESSFUL (total time: 0 seconds)
    

But I want this in a array or list of x+iy format . I have tried both `complexFormat.Parse()` and `complexFormat.format()` on each list item , but that case generates exception.

Would you please explain better way to do this?

You need to use the `ComplexFormat` as follows, calling the `format()` method on a single number of type `Complex` each time:
    
    
    formatter = new ComplexFormat();
    for (Complex c : list2)
    {
    System.out.println(formatter.format(c));
    }
    

This code should replace your current line `System.out.println(Arrays.toString(list2.toArray()));` and you'll be good to go...

### but...

you probably don't need the hassle of creating and using `list2`, just set up `list` as a `List` rather than `List` and use that directly. So a final version of cut down code could be :
    
    
    package complex;
    import java.util.List;
    import org.apache.commons.math3.complex.Complex;
    import org.apache.commons.math3.complex.ComplexFormat;
    public class Do 
    {
    public static void main(String[] args) 
    {
    ComplexFormat complexFormat = new ComplexFormat();
    Complex r = new Complex(6.3,9.6);
    List list = r.nthRoot(8);
    for (Complex c : list)
    {
    System.out.println(complexFormat.format(c));
    }
    }
    }
    

### Output
    
    
    1.34638979 + 0.1674783318i
    0.8336162866 + 1.0704664148i
    -0.1674783318 + 1.34638979i
    -1.0704664148 + 0.8336162866i
    -1.34638979 - 0.1674783318i
    -0.8336162866 - 1.0704664148i
    0.1674783318 - 1.34638979i
    1.0704664148 - 0.8336162866i
    

Note - the documentation for `ComplexFormat` is here and, in particular, you should notice that if you instantiate it with no arguments (as I do above), it defaults to the `x + yi` format. If you want to play with the format, you pass parameters when you instantiate the formatter, as covered in those docs.",1,1,org.apache.commons.math3.complex.Complex,unique authoritative class,org.apache.commons:commons-math3:3.6.1,org.apache.commons.math3.complex.Complex,resolved_api,1,,,,,
MATH-0109,math,SO,Fraction,org.apache.commons.math3.fraction.Fraction,org.apache.commons.math3.fraction.Fraction,resolved,1,Representation of a rational number. implements Serializable since 2.0,official_javadoc,org.apache.commons:commons-math3:3.6.1-javadoc.jar#org.apache.commons.math3.fraction.Fraction,1,"How do I format my output when computing with arrays? 

I'm writing a program that will ask the user to input the numerator and denominator of two fractions and asks for which math method to use like this: 
    
    
    System.out.printf(""Numerator for the first fraction: "");
    f1 [0] = input.nextInt();
    System.out.printf(""Denominator for the first fraction: "");
    f1[1] = input.nextInt();
    System.out.printf(""Numerator for the second fraction: "");
    f2[0] = input.nextInt();
    System.out.printf(""Denominator for the second fraction: "");
    f2[1] = input.nextInt();
    System.out.printf(""Enter the operation (+, -, *, /): "");
    op = input.next();
    

Assuming I wanted to add the fractions I just entered,the program stores the values in an array and passes it to this method
    
    
    public static int[] addFractions(int[] f1, int[] f2) {
    int[] result = new int[2];
    result[0] = (f1[0] * f2[1]) + (f2[0] * f1[1]);
    result[1] = f1[1] * f2[1];
    return simplifyFraction(result); //simplifyFraction is just a method that simplifies the numbers using gcd
    } 
    

Here is what I use to print the answer.
    
    
    addFractions(f1,f2);
    System.out.printf(""%d/%d %s %d/%d = %s"",f1[0],f1[1],op,f2[0],f2[1],Arrays.toString(addFractions(f1,f2)));
    

My answer, however, looks like this:
    
    
    1/2 + 1/2 = [1, 1]
    

What am I doing wrong? I want my output to be displayed as just ""1/1"". I can handle the rest of the logic to just output the numerator if the denominator is 1, I just can't format it correctly.

And an answer going beyond the scope of the current problem: it is of course possible to see fractions as an array of int with two entries.

But the real object oriented answer here: you create a class that represents fractions. Like:
    
    
    public class Fraction {
    private final int numinator;
    private final int denominator;
    public Fraction(int numinator) {
    this(numinator, 1);
    }
    public Fraction(int numinator, int denominator) {
    this.numinator = numinator;
    if (denominator == 0) throw new IllegalArgumentException(""Cant create fraction with 0 denominator"");
    this.denominator = denominator;
    }
    

and then you can implement methods on this class for printing, comparing, or operations such as plus(), minus(), ....",1,0,org.apache.commons.math3.fraction.Fraction,unique authoritative class,org.apache.commons:commons-math3:3.6.1,org.apache.commons.math3.fraction.Fraction,resolved_api,1,,,,,
MATH-0110,math,TU,ConvergenceException,org.apache.commons.math3.exception.ConvergenceException,org.apache.commons.math3.exception.ConvergenceException,resolved,1,Error thrown when a numerical computation can not be performed because the numerical result failed to converge to a finite value.,official_javadoc,org.apache.commons:commons-math3:3.6.1-javadoc.jar#org.apache.commons.math3.exception.ConvergenceException,1,"### 4.3 Root-finding - part 4

In order to use the root-finding features, first a solver object must be created by calling its constructor, often providing relative and absolute accuracy. Using a solver object, roots of functions are easily found using the ` BracketingNthOrderBrentSolver.solve ` methods. These methods takes a maximum iteration count `maxEval`, a function `f`, and either two domain values, `min` and `max`, or a `startValue` as parameters. If the maximal number of iterations count is exceeded, non-convergence is assumed and a ` ConvergenceException ` exception is thrown. A suggested value is 100, which should be plenty, given that a bisection algorithm can't get any more accurate after 52 iterations because of the number of mantissa bits in a double precision floating point number. If a number of ill-conditioned problems is to be solved, this number can be decreased in order to avoid wasting time. Bracketed solvers also take an allowed solution enum parameter to specify which side of the final convergence interval should be selected as the root. It can be `ANY_SIDE`, `LEFT_SIDE`, `RIGHT_SIDE`, `BELOW_SIDE` or `ABOVE_SIDE`. Left and right are used to specify the root along the function parameter axis while below and above refer to the function value axis. The solve methods compute a value `c` such that: 

  * `f(c) = 0.0` (see ""function value accuracy"")
  * `min <= c <= max` (except for the secant method, which may find a solution outside the interval)",1,1,org.apache.commons.math3.exception.ConvergenceException,unique authoritative class,org.apache.commons:commons-math3:3.6.1,org.apache.commons.math3.exception.ConvergenceException,resolved_api,1,,,,,
MATH-0111,math,TU,BracketingNthOrderBrentSolver,org.apache.commons.math3.analysis.solvers.BracketingNthOrderBrentSolver,org.apache.commons.math3.analysis.solvers.BracketingNthOrderBrentSolver,resolved,1,"This class implements a modification of the Brent algorithm . The changes with respect to the original Brent algorithm are: the returned value is chosen in the current interval according to user specified AllowedSolution , the maximal order for the invert polynomial root search is user-specified instead of being invert quadratic only The given interval must bracket the root.",official_javadoc,org.apache.commons:commons-math3:3.6.1-javadoc.jar#org.apache.commons.math3.analysis.solvers.BracketingNthOrderBrentSolver,1,"### 4.3 Root-finding - part 5

Typical usage: 
    
    
    UnivariateFunction function = // some user defined function object
    final double relativeAccuracy = 1.0e-12;
    final double absoluteAccuracy = 1.0e-8;
    final int    maxOrder         = 5;
    UnivariateSolver solver   = new BracketingNthOrderBrentSolver(relativeAccuracy, absoluteAccuracy, maxOrder);
    double c = solver.solve(100, function, 1.0, 5.0, AllowedSolution.LEFT_SIDE);

Force bracketing, by refining a base solution found by a non-bracketing solver: 
    
    
    UnivariateFunction function = // some user defined function object
    final double relativeAccuracy = 1.0e-12;
    final double absoluteAccuracy = 1.0e-8;
    UnivariateSolver nonBracketing = new BrentSolver(relativeAccuracy, absoluteAccuracy);
    double baseRoot = nonBracketing.solve(100, function, 1.0, 5.0);
    double c = UnivariateSolverUtils.forceSide(100, function,
                                               new PegasusSolver(relativeAccuracy, absoluteAccuracy),
                                               baseRoot, 1.0, 5.0, AllowedSolution.LEFT_SIDE);
    

The ` BrentSolver ` uses the Brent-Dekker algorithm which is fast and robust. If there are multiple roots in the interval, or there is a large domain of indeterminacy, the algorithm will converge to a random root in the interval without indication that there are problems. Interestingly, the examined text book implementations all disagree in details of the convergence criteria. Also each implementation had problems for one of the test cases, so the expressions had to be fudged further. Don't expect to get exactly the same root values as for other implementations of this algorithm. 

The ` BracketingNthOrderBrentSolver ` uses an extension of the Brent-Dekker algorithm which uses inverse nth order polynomial interpolation instead of inverse quadratic interpolation, and which allows selection of the side of the convergence interval for result bracketing. This is now the recommended algorithm for most users since it has the largest order, doesn't require derivatives, has guaranteed convergence and allows result bracket selection.",1,1,org.apache.commons.math3.analysis.solvers.BracketingNthOrderBrentSolver,unique authoritative class,org.apache.commons:commons-math3:3.6.1,org.apache.commons.math3.analysis.solvers.BracketingNthOrderBrentSolver,resolved_api,1,,,,,
MATH-0112,math,TU,BivariateGridInterpolator,org.apache.commons.math3.analysis.interpolation.BivariateGridInterpolator,org.apache.commons.math3.analysis.interpolation.BivariateGridInterpolator,resolved,1,Interface representing a bivariate real interpolating function where the sample points must be specified on a regular grid.,official_javadoc,org.apache.commons:commons-math3:3.6.1-javadoc.jar#org.apache.commons.math3.analysis.interpolation.BivariateGridInterpolator,1,"### 4.4 Interpolation - part 3

Microsphere interpolation is a robust multidimensional interpolation algorithm. It has been described in William Dudziak's MS thesis. 

Hermite interpolation is an interpolation method that can use derivatives in addition to function values at sample points. The  HermiteInterpolator  class implements this method for vector-valued functions. The sampling points can have any spacing (there are no requirements for a regular grid) and some points may provide derivatives while others don't provide them (or provide derivatives to a smaller order). Points are added one at a time, as shown in the following example: 
    
    
    HermiteInterpolator interpolator = new HermiteInterpolator;
    // at x = 0, we provide both value and first derivative
    interpolator.addSamplePoint(0.0, new double[] { 1.0 }, new double[] { 2.0 });
    // at x = 1, we provide only function value
    interpolator.addSamplePoint(1.0, new double[] { 4.0 });
    // at x = 2, we provide both value and first derivative
    interpolator.addSamplePoint(2.0, new double[] { 5.0 }, new double[] { 2.0 });
    // should print ""value at x = 0.5: 2.5625""
    System.out.println(""value at x = 0.5: "" + interpolator.value(0.5)[0]);
    // should print ""derivative at x = 0.5: 3.5""
    System.out.println(""derivative at x = 0.5: "" + interpolator.derivative(0.5)[0]);
    // should print ""interpolation polynomial: 1 + 2 x + 4 x^2 - 4 x^3 + x^4""
    System.out.println(""interpolation polynomial: "" + interpolator.getPolynomials()[0]);

A  BivariateGridInterpolator  is used to find a bivariate real-valued function `f` which for a given set of tuples (`xi`,`yj`,`fij`) yields `f(xi,yj)=fij` to the best accuracy possible. The result is provided as an object implementing the  BivariateFunction  interface. It can therefore be evaluated at any point, including a point not belonging to the original set. The arrays `xi` and `yj` must be sorted in increasing order in order to define a two-dimensional grid.",1,1,org.apache.commons.math3.analysis.interpolation.BivariateGridInterpolator,unique authoritative class,org.apache.commons:commons-math3:3.6.1,org.apache.commons.math3.analysis.interpolation.BivariateGridInterpolator,resolved_api,1,,,,,
MATH-0113,math,TU,PolynomialFunction,org.apache.commons.math3.analysis.polynomials.PolynomialFunction,org.apache.commons.math3.analysis.polynomials.PolynomialFunction,resolved,1,Immutable representation of a real polynomial function with real coefficients. Horner's Method is used to evaluate the function.,official_javadoc,org.apache.commons:commons-math3:3.6.1-javadoc.jar#org.apache.commons.math3.analysis.polynomials.PolynomialFunction,1,"### 4.6 Polynomials

The  org.apache.commons.math3.analysis.polynomials package provides real coefficients polynomials. 

The  PolynomialFunction  class is the most general one, using traditional coefficients arrays. The  PolynomialsUtils  utility class provides static factory methods to build Chebyshev, Hermite, Jacobi, Laguerre and Legendre polynomials. Coefficients are computed using exact fractions so these factory methods can build polynomials up to any degree.",1,0,org.apache.commons.math3.analysis.polynomials.PolynomialFunction,unique authoritative class,org.apache.commons:commons-math3:3.6.1,org.apache.commons.math3.analysis.polynomials.PolynomialFunction,resolved_api,1,,,,,
MATH-0114,math,TU,PolynomialsUtils,org.apache.commons.math3.analysis.polynomials.PolynomialsUtils,org.apache.commons.math3.analysis.polynomials.PolynomialsUtils,resolved,1,A collection of static methods that operate on or return polynomials.,official_javadoc,org.apache.commons:commons-math3:3.6.1-javadoc.jar#org.apache.commons.math3.analysis.polynomials.PolynomialsUtils,1,"### 4.6 Polynomials

The  org.apache.commons.math3.analysis.polynomials package provides real coefficients polynomials. 

The  PolynomialFunction  class is the most general one, using traditional coefficients arrays. The  PolynomialsUtils  utility class provides static factory methods to build Chebyshev, Hermite, Jacobi, Laguerre and Legendre polynomials. Coefficients are computed using exact fractions so these factory methods can build polynomials up to any degree.",1,1,org.apache.commons.math3.analysis.polynomials.PolynomialsUtils,unique authoritative class,org.apache.commons:commons-math3:3.6.1,org.apache.commons.math3.analysis.polynomials.PolynomialsUtils,resolved_api,1,,,,,
MATH-0115,math,TU,AbstractIntegerDistribution,org.apache.commons.math3.distribution.AbstractIntegerDistribution,org.apache.commons.math3.distribution.AbstractIntegerDistribution,resolved,1,Base class for integer-valued discrete distributions. Default implementations are provided for some of the methods that do not vary from distribution to distribution.,official_javadoc,org.apache.commons:commons-math3:3.6.1-javadoc.jar#org.apache.commons.math3.distribution.AbstractIntegerDistribution,1,"### 8.2 Distribution Framework

The distribution framework provides the means to compute probability density function (PDF) probabilities and cumulative distribution function (CDF) probabilities for common probability distributions. Along with the direct computation of PDF and CDF probabilities, the framework also allows for the computation of inverse PDF and inverse CDF values. 

Using a distribution object, PDF and CDF probabilities are easily computed using the ` AbstractIntegerDistribution.cumulativeProbability ` methods. For a distribution `X`, and a domain value, `x`, ` AbstractIntegerDistribution.cumulativeProbability ` computes `P(X <= x)` (i.e. the lower tail probability of `X`). 
    
    
    TDistribution t = new TDistribution(29);
    double lowerTail = t.cumulativeProbability(-2.656);     // P(T <= -2.656)
    double upperTail = 1.0 - t.cumulativeProbability(2.75); // P(T >= 2.75)

The inverse PDF and CDF values are just as easily computed using the ` AbstractIntegerDistribution.inverseCumulativeProbability ` methods. For a distribution `X`, and a probability, `p`, ` AbstractIntegerDistribution.inverseCumulativeProbability ` computes the domain value `x`, such that: 

  * `P(X <= x) = p`, for continuous distributions
  * `P(X <= x) <= p`, for discrete distributions",1,1,org.apache.commons.math3.distribution.AbstractIntegerDistribution,unique authoritative class,org.apache.commons:commons-math3:3.6.1,org.apache.commons.math3.distribution.AbstractIntegerDistribution,resolved_api,1,,,,,
MATH-0116,math,TU,RealMatrix,org.apache.commons.math3.linear.RealMatrix,org.apache.commons.math3.linear.RealMatrix,resolved,1,"Interface defining a real-valued matrix with basic algebraic operations. Matrix element indexing is 0-based -- e.g., getEntry(0, 0) returns the element in the first row, first column of the matrix.",official_javadoc,org.apache.commons:commons-math3:3.6.1-javadoc.jar#org.apache.commons.math3.linear.RealMatrix,1,"### 3.2 Real matrices

The  RealMatrix  interface represents a matrix with real numbers as entries. The following basic matrix operations are supported: 

  * Matrix addition, subtraction, multiplication
  * Scalar addition and multiplication
  * transpose
  * Norm and Trace
  * Operation on a vector



Example: 
    
    
    // Create a real matrix with two rows and three columns
    double[][] matrixData = { {1d,2d,3d}, {2d,5d,3d}};
    RealMatrix m = new Array2DRowRealMatrix(matrixData);
    
    // One more with three rows, two columns
    double[][] matrixData2 = { {1d,2d}, {2d,5d}, {1d, 7d}};
    RealMatrix n = new Array2DRowRealMatrix(matrixData2);
    
    // Note: The constructor copies  the input double[][] array.
    
    // Now multiply m by n
    RealMatrix p = m.multiply(n);
    System.out.println(p.getRowDimension());    // 2
    System.out.println(p.getColumnDimension()); // 2
    
    // Invert p, using LU decomposition
    RealMatrix pInverse = new LUDecompositionImpl(p).getSolver().getInverse();
             

The three main implementations of the interface are  Array2DRowRealMatrix  and  BlockRealMatrix  for dense matrices (the second one being more suited to dimensions above 50 or 100) and  SparseRealMatrix  for sparse matrices.",1,1,org.apache.commons.math3.linear.RealMatrix,unique authoritative class,org.apache.commons:commons-math3:3.6.1,org.apache.commons.math3.linear.RealMatrix,resolved_api,1,,,,,
MATH-0117,math,SO,RealMatrix,org.apache.commons.math3.linear.RealMatrix,org.apache.commons.math3.linear.RealMatrix,resolved,1,"Interface defining a real-valued matrix with basic algebraic operations. Matrix element indexing is 0-based -- e.g., getEntry(0, 0) returns the element in the first row, first column of the matrix.",official_javadoc,org.apache.commons:commons-math3:3.6.1-javadoc.jar#org.apache.commons.math3.linear.RealMatrix,1,"numpy.linalg.lstsq equivalent in Apacha Commons Math Java library? 

I have the following call to numpy.linalg.lstsq:

http://docs.scipy.org/doc/numpy/reference/generated/numpy.linalg.lstsq.html

x = [[ 0.69314718] [ 1.09861229] [ 1.38629436] [ 1.60943791] [ 1.79175947] [ 1.94591015]]

y = [ 0. 0.20273255 0.5815754 0.7520387 0.96885669 1.09861229]

l = numpy.linalg.lstsq(x, y)

which returns

l -> tuple: (array([ 0.46323573]), array([ 0.25872885]), 1, array([ 3.63269497]))

Could somebody point out the equivalent function (if available) in

http://commons.apache.org/math/

(or possibly in some other Java math library ...)

Thanks

Thank you for the pointer Joe.

Here is the code for reference:
    
    
    double[][] testSquare = {{0.69314718}, {1.09861229}, {1.38629436}, {1.60943791}, {1.79175947}, {1.94591015}};
    RealMatrix matrix = MatrixUtils.createRealMatrix(testSquare);
    SingularValueDecomposition svd = new SingularValueDecomposition(matrix);
    DecompositionSolver ds=svd.getSolver();
    double[] b = {0.0, 0.20273255, 0.5815754, 0.7520387, 0.96885669, 1.09861229};
    ds.solve(b)[0];",1,1,org.apache.commons.math3.linear.RealMatrix,unique authoritative class,org.apache.commons:commons-math3:3.6.1,org.apache.commons.math3.linear.RealMatrix,resolved_api,1,,,,,
MATH-0118,math,SO,Math.log,java.lang.Math#log(double),java.lang.Math,resolved,1,"Math.log is used to compute the natural logarithm of a numeric value. In the excerpt, it is used to evaluate the expression ln(x + 1) as part of a numerical root-finding method.",qwen3.8-max,model:qwen3.8-max,0,"log base 2 and nan 

I use the code below to calculate log base 2.
    
    
    Math.log(x)/Math.log(2);
    

With this function, i get nan if x=4/5.

With calc, excel this problem don't exist.

How to avoid to get nan and get the real value?

I have a strong feeling that your `4/5` is integers. Which would mean that `4/5` will evaluate to `0` due to integer division.

`log(0)` is negative infinity, that could be the source of your `NaN`.

To fix this, cast your numbers to floating-point before you do the division:
    
    
    double x = (double)4 / 5;",1,1,java.lang.Math#log(double),owner is explicit in the raw API,Eclipse Temurin OpenJDK:8u504-b01,java.lang.Math#log(double),resolved_api,1,,,,,
MATH-0119,math,SO,RealMatrix,org.apache.commons.math3.linear.RealMatrix,org.apache.commons.math3.linear.RealMatrix,resolved,1,"Interface defining a real-valued matrix with basic algebraic operations. Matrix element indexing is 0-based -- e.g., getEntry(0, 0) returns the element in the first row, first column of the matrix.",official_javadoc,org.apache.commons:commons-math3:3.6.1-javadoc.jar#org.apache.commons.math3.linear.RealMatrix,1,"Trend lines ( regression, curve fitting) java library 

I'm trying to develop an application that would compute the same trend lines that excel does, but for larger datasets.

But I'm not able to find any java library that calculates such regressions. For the linera model I'm using Apache Commons math, and for the other there was a great numerical library from Michael Thomas Flanagan but since january it is no longer available:

http://www.ee.ucl.ac.uk/~mflanaga/java/

Do you know any other libraries, code repositories to calculate these regressions in java. Best,

Since they're all based on linear fits, OLSMultipleLinearRegression is all you need for linear, polynomial, exponential, logarithmic, and power trend lines. 

Your question gave me an excuse to download and play with the commons math regression tools, and I put together some trend line tools:

An interface:
    
    
    public interface TrendLine {
    public void setValues(double[] y, double[] x); // y ~ f(x)
    public double predict(double x); // get a predicted y for a given x
    }
    

An abstract class for regression-based trendlines:
    
    
    public abstract class OLSTrendLine implements TrendLine {
    RealMatrix coef = null; // will hold prediction coefs once we get values
    protected abstract double[] xVector(double x); // create vector of values from x
    protected abstract boolean logY(); // set true to predict log of y (note: y must be positive)
    @Override
    public void setValues(double[] y, double[] x) {
    if (x.length != y.length) {
    throw new IllegalArgumentException(String.format(""The numbers of y and x values must be equal (%d != %d)"",y.length,x.length));
    }
    double[][] xData = new double[x.length][]; 
    for (int i = 0; i < x.length; i++) {
    // the implementation determines how to produce a vector of predictors from a single x
    xData[i] = xVector(x[i]);
    }
    if(logY()) { // in some models we are predicting ln y, so we replace each y with ln y
    y = Arrays.copyOf(y, y.length); // user might not be finished with the array we were given
    for (int i = 0; i < x.length; i++) {
    y[i] = Math.log(y[i]);
    }
    }
    OLSMultipleLinearRegression ols = new OLSMultipleLinearRegression();
    ols.setNoIntercept(true); // let the implementation include a constant in xVector if desired
    ols.newSampleData(y, xData); // provide the data to the model
    coef = MatrixUtils.createColumnRealMatrix(ols.estimateRegressionParameters()); // get our coefs
    }
    @Override
    public double predict(double x) {
    double yhat = coef.preMultiply(xVector(x))[0]; // apply coefs to xVector
    if (logY()) yhat = (Math.exp(yhat)); // if we predicted ln y, we still need to get y
    return yhat;
    }
    }
    

An implementation for polynomial or linear models:

(For linear models, just set the degree to 1 when calling the constructor.)
    
    
    public class PolyTrendLine extends OLSTrendLine {
    final int degree;
    public PolyTrendLine(int degree) {
    if (degree < 0) throw new IllegalArgumentException(""The degree of the polynomial must not be negative"");
    this.degree = degree;
    }
    protected double[] xVector(double x) { // {1, x, x*x, x*x*x, ...}
    double[] poly = new double[degree+1];
    double xi=1;
    for(int i=0; i<=degree; i++) {
    poly[i]=xi;
    xi*=x;
    }
    return poly;
    }
    @Override
    protected boolean logY() {return false;}
    }
    

Exponential and power models are even easier:

(note: we're predicting log y now -- that's important. Both of these are only suitable for positive y)
    
    
    public class ExpTrendLine extends OLSTrendLine {
    @Override
    protected double[] xVector(double x) {
    return new double[]{1,x};
    }
    @Override
    protected boolean logY() {return true;}
    }
    

and
    
    
    public class PowerTrendLine extends OLSTrendLine {
    @Override
    protected double[] xVector(double x) {
    return new double[]{1,Math.log(x)};
    }
    @Override
    protected boolean logY() {return true;}
    }
    

And a log model:

(Which takes the log of x but predicts y, not ln y)
    
    
    public class LogTrendLine extends OLSTrendLine {
    @Override
    protected double[] xVector(double x) {
    return new double[]{1,Math.log(x)};
    }
    @Override
    protected boolean logY() {return false;}
    }
    

And you can use it like this:
    
    
    public static void main(String[] args) {
    TrendLine t = new PolyTrendLine(2);
    Random rand = new Random();
    double[] x = new double[1000*1000];
    double[] err = new double[x.length];
    double[] y = new double[x.length];
    for (int i=0; i

Since you just wanted trend lines, I dismissed the ols models when I was done with them, but you might want to keep some data on goodness of fit, etc.

For implementations using moving average, moving median, etc, it looks like you can stick with commons math. Try DescriptiveStatistics and specify a window. You might want to do some smoothing, using interpolation as suggested in another answer.",1,1,org.apache.commons.math3.linear.RealMatrix,unique authoritative class,org.apache.commons:commons-math3:3.6.1,org.apache.commons.math3.linear.RealMatrix,resolved_api,1,,,,,
MATH-0120,math,SO,Math.signum,,java.lang.Math,owner_resolved,0,"The `Math.signum` method returns the sign of a double or float value. It returns -1.0 if the argument is negative, 1.0 if positive, and 0.0 if zero.",qwen3.8-flash_context_reviewed,eval_outputs/graph_reference_review_20260918/reviews.json#MATH-0120,0,"Normalize value from [-x|x] to [-1|1] 

I want to normalize a value between `-x` and `x` to `-1` and `1`. 

I thought about `value / Math.abs(value)`, but the problem is if value is 0 that doesn't work. 

Is there a possibility without if and else, so with one operation?

Maybe i should add, that the value only can be -x, x, or 0. nothing between.

Lets assume you only want the sign of the number. You can use
    
    
    double sign = Math.signum(x);
    

Note: this return NaN for NaN and 0 for 0.

If you expect `0` to return a different value there alternatives.

Note: a condition might be simpler/clearer. e.g.
    
    
    int sign = x < 0 ? -1 : +1;
    

or
    
    
    int sign = x > 0 ? +1 : x < 0 : -1 : 0;",1,0,java.lang.Math#signum(double) | java.lang.Math#signum(float),owner is explicit in the raw API; overload cannot be selected from the available context,org.apache.commons:commons-math3:3.6.1,knowledge-occurrence:MATH-0120,overload_unresolved_occurrence,1,"Math.signum returns a value representing the sign of a numeric argument, distinguishing negative, zero, and positive values. It can be used to compare signs of computed values, such as when narrowing an interval during root finding.",qwen3.8-max,model:qwen3.8-max,generated_context_reviewed,"The knowledge unit explicitly demonstrates the usage of `Math.signum` to obtain the sign of a number and describes its behavior regarding zero and NaN values, which aligns with the standard definition of this API."
MATH-0121,math,SO,UnivariateDifferentiableFunction,org.apache.commons.math3.analysis.differentiation.UnivariateDifferentiableFunction,org.apache.commons.math3.analysis.differentiation.UnivariateDifferentiableFunction,resolved,1,Interface for univariate functions derivatives. This interface represents a simple function which computes both the value and the first derivative of a mathematical function. The derivative is computed with respect to the input variable.,official_javadoc,org.apache.commons:commons-math3:3.6.1-javadoc.jar#org.apache.commons.math3.analysis.differentiation.UnivariateDifferentiableFunction,1,"Newton-Raphson method using the Math.Commons library 

I made a test program to try the NewtonRaphsonSolver class through the Apache Commons Math library. Newton's method is used to find roots for a given function.

The test program that I wrote references the cos(x) function (I have a more difficult function to analyze and am looking at the cos(x) function first).

The code for the test program is 
    
    
    import org.apache.commons.math3.analysis.differentiation.DerivativeStructure;
    import org.apache.commons.math3.analysis.differentiation.UnivariateDifferentiableFunction;
    import org.apache.commons.math3.analysis.solvers.*;
    import org.apache.commons.math3.exception.DimensionMismatchException;
    public class Test3 {
    public static void main(String args[]) {
    NewtonRaphsonSolver test = new NewtonRaphsonSolver();
    UnivariateDifferentiableFunction f = new UnivariateDifferentiableFunction() {
    public double value(double x) {
    return Math.cos(x);
    }
    @Override
    public DerivativeStructure value(DerivativeStructure t) throws DimensionMismatchException {
    return t.cos();
    }
    };
    for (int i = 1; i <= 500; i++) {
    System.out.println(test.solve(1000, f, i, i+0.1));
    }
    }
    }
    

Not certain if I needed to reference Math.cos(x) and t.cos() twice
    
    
    public double value(double x) {
    return Math.cos(x);
    }
    @Override
    public DerivativeStructure value(DerivativeStructure t) throws DimensionMismatchException {
    return t.cos();
    }
    

Newton's method finds all of the zeroes and displays them to the user.
    
    
    1.5707963267948966
    1.5707963267948966
    -7.853981633974483
    4.71238898038469
    4.71238898038469
    1.5707963267948966
    7.853981633974483
    7.853981633974483
    10.995574287564276
    10.995574287564276
    10.995574287564276
    10.995574287564276
    14.137166941154069
    14.137166941154069
    14.137166941154069
    127.23450247038663
    17.278759594743864
    17.278759594743864
    23.56194490192345
    20.420352248333657
    20.420352248333657
    39.269908169872416
    23.56194490192345
    23.56194490192345
    14.137166941154069
    26.703537555513243
    26.703537555513243
    23.56194490192345
    29.845130209103036
    29.845130209103036
    26.703537555513243
    32.98672286269283
    32.98672286269283
    32.98672286269283
    36.12831551628262
    36.12831551628262
    36.12831551628262
    23.56194490192345
    39.269908169872416
    39.269908169872416
    45.553093477052
    42.411500823462205
    42.411500823462205
    

Is there some way to prevent printing out zeroes that are duplicates? For example, the above output would read
    
    
    1.5707963267948966
    4.71238898038469
    7.853981633974483
    10.995574287564276
    14.137166941154069
    17.278759594743864
    20.420352248333657
    23.56194490192345
    26.703537555513243
    29.845130209103036
    32.98672286269283
    36.12831551628262
    39.269908169872416
    42.411500823462205
    45.553093477052
    

Can this be done inside a for loop or through an array which only prints out values which are not duplicates?
    
    
    import java.util.TreeSet;
    import org.apache.commons.math3.analysis.differentiation.DerivativeStructure;
    import org.apache.commons.math3.analysis.differentiation.UnivariateDifferentiableFunction;
    import org.apache.commons.math3.analysis.solvers.*;
    import org.apache.commons.math3.exception.DimensionMismatchException;
    public class Test5 {
    public static void main(String args[]) {
    NewtonRaphsonSolver test = new NewtonRaphsonSolver(1E-10);
    UnivariateDifferentiableFunction f = new UnivariateDifferentiableFunction() {
    public double value(double x) {
    return Math.sin(x);
    }
    public DerivativeStructure value(DerivativeStructure t) throws
    DimensionMismatchException {
    return t.sin();
    }
    };
    double EPSILON = 1e-6;
    TreeSet set = new TreeSet<>();
    for (int i = 1; i <= 5000; i++) {
    set.add(test.solve(1000, f, i, i + EPSILON));
    }
    for (Double s : set) {
    if (s > 0) {
    System.out.println(s);
    }
    }
    }
    }",1,1,org.apache.commons.math3.analysis.differentiation.UnivariateDifferentiableFunction,unique authoritative class,org.apache.commons:commons-math3:3.6.1,org.apache.commons.math3.analysis.differentiation.UnivariateDifferentiableFunction,resolved_api,1,,,,,
MATH-0122,math,SO,Fraction,org.apache.commons.math3.fraction.Fraction,org.apache.commons.math3.fraction.Fraction,resolved,1,Representation of a rational number. implements Serializable since 2.0,official_javadoc,org.apache.commons:commons-math3:3.6.1-javadoc.jar#org.apache.commons.math3.fraction.Fraction,1,"Hypergeometric Distribution not working well java 

Im tring to calculate a probabilty using a Hypergeometric Distribution i got some help on this in the math.stackexchange but i am having problems calculating this in java

Im not an expert on this, i been tring to figure it out with no luck, i know the problem is on my java code because when i try the formula on my calculator i get the right result whitch is 0.364 in this case 

This is the formula

The Binomial is calculated this way

`(K k) = K! / ((K - k)! * k!)`

This is how im trying to replicate this in java code
    
    
     public static void main(String[] args){
    BigDecimal[] prob = HyperGeometricDistribution(20,2,50,5);
    String _prob = prob[0] + ""."" + prob[1];
    System.out.println(_prob);
    }
    private static BigDecimal fact(BigDecimal n) {
    BigDecimal result = BigDecimal.ONE;
    while (!n.equals(BigDecimal.ZERO)) {
    result = result.multiply(n);
    n = n.subtract(BigDecimal.ONE);
    }
    return result;
    }
    private static BigDecimal Binomial(int a, int b) {
    return fact(BigDecimal.valueOf(a)).divide(fact(BigDecimal.valueOf(a-b)).multiply(fact(BigDecimal.valueOf(b))), BigDecimal.ROUND_DOWN);
    }
    // K : Number of Successes in Population
    // k : number of Successes in Sample
    // N : Population Size
    // m : Sample Size
    private static BigDecimal[] HyperGeometricDistribution(int K,int k, int N, int m){
    return (Binomial(K,k).multiply(Binomial(N-K,m-k))).divideAndRemainder(Binomial(N,m));
    }
    

This will print 0.77 however the correct answer is 0.364 Online Example

I will be using this in android, the max value i will pass in N is 3910 i need to use BigDecimals since i need to calculate 3910! and this is a huge number.

Any help is appreciated

The remainder of `divideAndRemainder()` is not the fractional part of a decimal representation. You would need to divide the remainder by the actual divisor.

But actually, you do not need `BigDecimal`. You just need a smart way of calculating it. Let's check the formula for the binomial coefficient and for example `n=5, k=3`. Then:
    
    
    c(5, 3) = (5 * 4 * 3 * 2 * 1) / ((2 * 1) * (3 * 2 * 1))
    

As you see, the `(n-k)!` part cancels out completely and you end up with
    
    
    c(5, 3) = (5 * 4 * 3) / (3 * 2 * 1)
    = 5/3 * 4/2 * 3/1
    

So you just need to multiply `k` fractions. And if you always reduce the fractions, you will not need very large numbers. In fact, the calculation of the hypergeometric distribution is also a fraction, where you can reduce things again to keep the numbers small. Here is some C# code that does this. It is nothing fancy and translates almost exactly to Java:
    
    
    static class GCDHelper
    {
    public static long GCD(long a, long b)
    {
    while(b != 0)
    {
    var temp = b;
    b = a % b;
    a = temp;
    }
    return a;
    }
    }
    class Fraction
    {
    public long Numerator;
    public long Denominator;
    public Fraction(long numerator, long denominator)
    {
    this.Numerator = numerator;
    this.Denominator = denominator;
    }
    public void Reduce()
    {
    var gcd = GCDHelper.GCD(Numerator, Denominator);
    Numerator /= gcd;
    Denominator /= gcd;
    }
    public double ToNumber() { return (double)Numerator / Denominator; }
    }
    class Program
    {
    static void MultiplyBinomialCoefficient(int n, int k, bool inverse, Fraction f)
    {
    if (k > n / 2)
    k = n - k;
    for(int i = 1; i <= k; ++i)
    {
    if (!inverse)
    {
    f.Numerator *= n - i + 1;
    f.Denominator *= i;
    }
    else
    {
    f.Denominator *= n - i + 1;
    f.Numerator *= i;
    }
    f.Reduce();
    }
    }
    static double Hypergeometric(int K, int k, int N, int m)
    {
    var f = new Fraction(1, 1);
    MultiplyBinomialCoefficient(K, k, false, f);
    MultiplyBinomialCoefficient(N - K, m - k, false, f);
    MultiplyBinomialCoefficient(N, m, true, f);
    return f.ToNumber();
    }
    static void Main(string[] args)
    {
    Console.WriteLine(Hypergeometric(20, 2, 50, 5));
    }
    }
    

Result:
    
    
    0.364080877494384
    

There are still a few parameter combinations that let the numbers overflow. Luckily, you can just replace the `long` variables with `BigInteger` ones (and adjust the operators accordingly). The rest should then work just fine.",1,1,org.apache.commons.math3.fraction.Fraction,unique authoritative class,org.apache.commons:commons-math3:3.6.1,org.apache.commons.math3.fraction.Fraction,resolved_api,1,,,,,
MATH-0123,math,SO,Complex,org.apache.commons.math3.complex.Complex,org.apache.commons.math3.complex.Complex,resolved,1,"Representation of a Complex number, i.e. a number which has both a real and imaginary part. Implementations of arithmetic operations handle NaN and infinite values according to the rules for Double , i.e. equals(java.lang.Object) is an equivalence relation for all instances that have a NaN in either real or imaginary part, e.g. the following are considered equal: 1 + NaNi NaN + i NaN + NaNi Note that this contradicts the IEEE-754 standard for floating point numbers (according to which the test x == x must fail if x is NaN ). The method equals for primitive double in Precision conforms with IEEE-754 while this class conforms with the standard behavior for Java object types.",official_javadoc,org.apache.commons:commons-math3:3.6.1-javadoc.jar#org.apache.commons.math3.complex.Complex,1,"Set excel formula to entire column relatively in Java? 

Is there any way to set excel formula to entire column relatively in Java ?

For example in excel column A and B contains numbers and column C contains addition formula A+B

I wanted to repeat same formula to entire C column like C1 = A1+B1,C2=A2+B2.

Currently I'm doing this by some dirty logic which is replacing Number (1,2 ..so on ) with row count. But in real cases formulas are very big and complex and difficult to replace with above tactic.

Is Apache POI providing anything to copy such formulas relatively like in excel ?
    
    
    import org.apache.poi.xssf.usermodel.*;
    import org.apache.poi.ss.usermodel.*;
    import org.apache.poi.ss.util.*;
    import java.io.*;
    class UsingCellReferenceInFormula {
    public static void main(String[] args) throws IOException{
    String[][] data = new String[][]{
    {""Number1"",""Number2"",""Sum"",""Complex""},
    {""123"",""456"", null, null},
    {""23.45"",""67.89"", null, null},
    {""123"",""-456"", null, null},
    {""-123.456"",""456.78"", null, null}
    };
    Workbook workbook = new XSSFWorkbook();
    Sheet sheet = workbook.createSheet();
    int r = 0;
    for(String[] dataRow : data){
    Row row = sheet.createRow(r++);
    int c = 0;
    for(String dataCell : dataRow){
    Cell cell = row.createCell(c++);
    if ( r == 1 ) cell.setCellValue(dataCell);
    else if ( c < 3 ) cell.setCellValue(Double.parseDouble(dataCell));
    else if ( c == 3 ) {
    CellReference cellReference = new CellReference(cell);
    String thisR = cellReference.getCellRefParts()[1]; 
    cell.setCellFormula(""SUM(A"" + thisR + "":B"" + thisR + "")"");
    } else if ( c == 4 ) {
    CellReference cellReference = new CellReference(cell);
    String thisR = cellReference.getCellRefParts()[1]; 
    cell.setCellFormula(""IF(AND(A"" + thisR + "">0,B"" + thisR + "">0),SUM(A"" + thisR + "":B"" + thisR + ""),MAX(A"" + thisR + "":B"" + thisR + ""))"");
    }
    }
    }
    FileOutputStream fileOut = new FileOutputStream(""UsingCellReferenceInFormula.xlsx"");
    workbook.write(fileOut);
    workbook.close();
    }
    }",1,0,org.apache.commons.math3.complex.Complex,unique authoritative class,org.apache.commons:commons-math3:3.6.1,org.apache.commons.math3.complex.Complex,resolved_api,1,,,,,
MATH-0124,math,SO,BrentSolver,org.apache.commons.math3.analysis.solvers.BrentSolver,org.apache.commons.math3.analysis.solvers.BrentSolver,resolved,1,"This class implements the Brent algorithm for finding zeros of real univariate functions. The function should be continuous but not necessarily smooth. The solve method returns a zero x of the function f in the given interval [a, b] to within a tolerance 2 eps abs(x) + t where eps is the relative accuracy and t is the absolute accuracy. The given interval must bracket the root. The reference implementation is given in chapter 4 of Algorithms for Minimization Without Derivatives , Richard P. Brent , Dover, 2002",official_javadoc,org.apache.commons:commons-math3:3.6.1-javadoc.jar#org.apache.commons.math3.analysis.solvers.BrentSolver,1,"Solving polynomial equation in Java 

I have the following code which gives the price given a certain rate:
    
    
    public static void main(String[] args) {
    double term = 5;
    double coupon = 5;
    double rate = 0.0432;
    //should get the price == 103;
    double price;
    double sum = 0;
    for (int i = 1; i <= term; i++) {
    sum = sum + (coupon / Math.pow((1 + rate), i));
    }
    double lastAmount = (100 / Math.pow((1 + rate), (term)));
    price = sum + lastAmount;
    System.out.println(""price is:"" + price);
    }
    

My question is, how can I do this other way around? where the price is given and the rate is unknown. So I figured out, it's going to be an exponential equation. where it should look like below:
    
    
    103x^5 - 5x^4 - 5x^3 - 5x^2 - 5x - 105=0
    

where `x = 1+rate`

solving the exponential equation, you get x = 1.0432 which means the rate is 0.0432 as expected.

How can I implement this in java to solve the equation.

Here is code that does it using the implementation of Brent's Method for root finding (from Apache Commons). It will print any roots between -10000 and +10000. It may not work for functions having multiple roots less than `intervalSize` (0.01) apart (yours is not such a function).
    
    
    package sandbox;
    import org.apache.commons.math3.analysis.UnivariateFunction;
    import org.apache.commons.math3.analysis.solvers.BrentSolver;
    public class BrentsMethodRootFinderExample {
    private void solveit () {
    BrentSolver solver = new BrentSolver();
    UnivariateFunction f = new UnivariateFunction() {
    @Override
    public double value(double x) {
    return 103*Math.pow(x, 5.0)-5*Math.pow(x, 4.0)-5*Math.pow(x, 3.0)-5*Math.pow(x, 2.0)-5*x - 105;
    }
    };
    double intervalStart = -10000;
    double intervalSize = 0.01;
    while (intervalStart < 10000) {
    intervalStart+= intervalSize;
    if(Math.signum(f.value(intervalStart)) != Math.signum(f.value(intervalStart+intervalSize))) {
    System.out.println(""x = "" + solver.solve(1000, f, intervalStart, intervalStart+intervalSize));
    }
    }
    }
    public static void main(String[] args) {
    new BrentsMethodRootFinderExample().solveit();
    }
    }
    

Output: 

> x = 1.0432004413216969",1,1,org.apache.commons.math3.analysis.solvers.BrentSolver,unique authoritative class,org.apache.commons:commons-math3:3.6.1,org.apache.commons.math3.analysis.solvers.BrentSolver,resolved_api,1,,,,,
MATH-0125,math,TU,DerivativeStructure,org.apache.commons.math3.analysis.differentiation.DerivativeStructure,org.apache.commons.math3.analysis.differentiation.DerivativeStructure,resolved,1,"Class representing both the value and the differentials of a function. This class is the workhorse of the differentiation package. This class is an implementation of the extension to Rall's numbers described in Dan Kalman's paper Doubly Recursive Multivariate Automatic Differentiation , Mathematics Magazine, vol. 75, no. 3, June 2002. Rall's numbers are an extension to the real numbers used throughout mathematical expressions; they hold the derivative together with the value of a function. Dan Kalman's derivative structures hold all partial derivatives up to any specified order, with respect to any number of free parameters. Rall's numbers therefore can be seen as derivative structures for order one derivative and one free parameter, and real numbers can be seen as derivative structures with zero order derivative and no free parameters. DerivativeStructure instances can be used directly thanks to the arithmetic operators to the mathematical functions provided as methods by this class (+, -, *, /, %, sin, cos ...). Implementing complex expressions by hand using these classes is a tedious and error-prone task but has the advantage of having no limitation on the derivation order despite no requiring users to compute the derivatives by themselves. Implementing complex expression can also be done by developing computation code using standard primitive double values and to use differentiators to create the DerivativeStructure -based instances. This method is simpler but may be limited in the accuracy and derivation orders and may be computationally intensive (this is typically the case for finite differences differentiator . Instances of this class are guaranteed to be immutable.",official_javadoc,org.apache.commons:commons-math3:3.6.1-javadoc.jar#org.apache.commons.math3.analysis.differentiation.DerivativeStructure,1,"### 4.7 Differentiation - part 4

When we compute `y` from this setting, what we really do is chain `f` after the identity function, so the net result is that the derivatives are computed with respect to the indexed free parameters (i.e. only free parameter number 0 here since there is only one free parameter) of the identity function x. Going one step further, if we compute `z = g(y)`, we will also compute `z` as a function of the initial free parameter. The very important consequence is that if we call ` z.DerivativeStructure.getPartialDerivative(1) `, we will not get the first derivative of `g` with respect to `y`, but with respect to the free parameter `p0`: the derivatives of g and f will be chained together automatically, without user intervention. 

This design choice is a very classical one in many algorithmic differentiation frameworks, either based on operator overloading (like the one we implemented here) or based on code generation. It implies the user has to bootstrap the system by providing initial derivatives, and this is essentially done by setting up identity function, i.e. functions that represent the variables themselves and have only unit first derivative.",1,1,org.apache.commons.math3.analysis.differentiation.DerivativeStructure,unique authoritative class,org.apache.commons:commons-math3:3.6.1,org.apache.commons.math3.analysis.differentiation.DerivativeStructure,resolved_api,1,,,,,
MATH-0126,math,TU,Fraction,org.apache.commons.math3.fraction.Fraction,org.apache.commons.math3.fraction.Fraction,resolved,1,Representation of a rational number. implements Serializable since 2.0,official_javadoc,org.apache.commons:commons-math3:3.6.1-javadoc.jar#org.apache.commons.math3.fraction.Fraction,1,"### 9.2  Fraction  Numbers

Fraction  and  BigFraction  provide fraction number type that forms the basis for the fraction functionality found in Commons-Math. The former one can be used for fractions whose numerators and denominators are small enough to fit in an int (taking care of intermediate values) while the second class should be used when there is a risk the numerator and denominator grow very large. 

A fraction number, can be built from two integer arguments representing numerator and denominator or from a double which will be approximated: 
    
    
    Fraction f = new Fraction(1, 3); // 1 / 3
    Fraction g = new Fraction(0.25); // 1 / 4

Of special note with fraction construction, when a fraction is created it is always reduced to lowest terms. 

The ` Fraction ` class provides many unary and binary fraction operations. These operations provide the means to add, subtract, multiple and, divide fractions along with other functions similar to the real number functions found in `java.math.BigDecimal`: 
    
    
    Fraction lhs = new Fraction(1, 3);
    Fraction rhs = new Fraction(2, 5);
    
    Fraction answer = lhs.add(rhs);     // add two fractions
            answer = lhs.subtract(rhs); // subtract two fractions
            answer = lhs.abs();         // absolute value
            answer = lhs.reciprocal();  // reciprocal of lhs

Like fraction construction, for each of the fraction functions, the resulting fraction is reduced to lowest terms.",1,1,org.apache.commons.math3.fraction.Fraction,unique authoritative class,org.apache.commons:commons-math3:3.6.1,org.apache.commons.math3.fraction.Fraction,resolved_api,1,,,,,
MATH-0127,math,TU,RandomKeyMutation,org.apache.commons.math3.genetics.RandomKeyMutation,org.apache.commons.math3.genetics.RandomKeyMutation,resolved,1,"Mutation operator for RandomKey s. Changes a randomly chosen element of the array representation to a random value uniformly distributed in [0,1].",official_javadoc,org.apache.commons:commons-math3:3.6.1-javadoc.jar#org.apache.commons.math3.genetics.RandomKeyMutation,1,"### 14.3 Implementation

Here is an example GA execution: 
    
    
    // initialize a new genetic algorithm
    GeneticAlgorithm ga = new GeneticAlgorithm(
        new OnePointCrossover<Integer>(),
        1,
        new RandomKeyMutation(),
        0.10,
        new TournamentSelection(TOURNAMENT_ARITY)
    );
            
    // initial population
    Population initial = getInitialPopulation();
            
    // stopping condition
    StoppingCondition stopCond = new FixedGenerationCount(NUM_GENERATIONS);
            
    // run the algorithm
    Population finalPopulation = ga.evolve(initial, stopCond);
            
    // best chromosome from the final population
    Chromosome bestFinal = finalPopulation.getFittestChromosome();
            

The arguments to the ` GeneticAlgorithm ` constructor above are:  Parameter | value in example | meaning  
---|---|---  
crossoverPolicy |  OnePointCrossover  | A random crossover point is selected and the first part from each parent is copied to the corresponding child, and the second parts are copied crosswise.  
crossoverRate | 1 | Always apply crossover  
mutationPolicy |  RandomKeyMutation  | Changes a randomly chosen element of the array representation to a random value uniformly distributed in [0,1].  
mutationRate | .1 | Apply mutation with probability 0.1 - that is, 10% of the time.  
selectionPolicy |  TournamentSelection  | Each of the two selected chromosomes is selected based on an n-ary tournament -- this is done by drawing n random chromosomes without replacement from the population, and then selecting the fittest chromosome among them.  
The algorithm starts with an `initial` population of `Chromosomes.` and executes until the specified  StoppingCondition  is reached. In the example above, a  FixedGenerationCount  stopping condition is used, which means the algorithm proceeds through a fixed number of generations.",1,1,org.apache.commons.math3.genetics.RandomKeyMutation,unique authoritative class,org.apache.commons:commons-math3:3.6.1,org.apache.commons.math3.genetics.RandomKeyMutation,resolved_api,1,,,,,
MATH-0128,math,TU,PolygonsSet,org.apache.commons.math3.geometry.euclidean.twod.PolygonsSet,org.apache.commons.math3.geometry.euclidean.twod.PolygonsSet,resolved,1,This class represents a 2D region: a set of polygons.,official_javadoc,org.apache.commons:commons-math3:3.6.1-javadoc.jar#org.apache.commons.math3.geometry.euclidean.twod.PolygonsSet,1,"### 11.2 Euclidean spaces

Interval  and  IntervalsSet  represent one dimensional regions. All classical set operations are available for intervals sets: union, intersection, symmetric difference (exclusive or), difference, complement, as well as region predicates (point inside/outside/on boundary, emptiness, other region contained). It is also possible to compute geometrical properties like size, barycenter or boundary size. Intervals sets can be built by constructive geometry (union, intersection ...) or from a boundary representation. 

PolygonsSet  represent two dimensional regions. All classical set operations are available for polygons sets: union, intersection, symmetric difference (exclusive or), difference, complement, as well as region predicates (point inside/outside/on boundary, emptiness, other region contained). It is also possible to compute geometrical properties like size, barycenter or boundary size and to extract the vertices. Polygons sets can be built by constructive geometry (union, intersection ...) or from a boundary representation.",1,1,org.apache.commons.math3.geometry.euclidean.twod.PolygonsSet,unique authoritative class,org.apache.commons:commons-math3:3.6.1,org.apache.commons.math3.geometry.euclidean.twod.PolygonsSet,resolved_api,1,,,,,
MATH-0129,math,TU,PolyhedronsSet,org.apache.commons.math3.geometry.euclidean.threed.PolyhedronsSet,org.apache.commons.math3.geometry.euclidean.threed.PolyhedronsSet,resolved,1,This class represents a 3D region: a set of polyhedrons.,official_javadoc,org.apache.commons:commons-math3:3.6.1-javadoc.jar#org.apache.commons.math3.geometry.euclidean.threed.PolyhedronsSet,1,"### 11.2 Euclidean spaces - part 2

PolyhedronsSet  represent three dimensional regions. All classical set operations are available for polyhedrons sets: union, intersection, symmetric difference (exclusive or), difference, complement, as well as region predicates (point inside/outside/on boundary, emptiness, other region contained). It is also possible to compute geometrical properties like size, barycenter or boundary size and to extract the vertices. Polyhedrons sets can be built by constructive geometry (union, intersection ...) or from a boundary representation. 

Vector3D  provides a simple vector type. One important feature is that instances of this class are guaranteed to be immutable, this greatly simplifies modelling dynamical systems with changing states: once a vector has been computed, a reference to it is known to preserve its state as long as the reference itself is preserved. 

Numerous constructors are available to create vectors. In addition to the straightforward cartesian coordinates constructor, a constructor using azimuthal coordinates can build normalized vectors and linear constructors from one, two, three or four base vectors are also available. Constants have been defined for the most commons vectors (plus and minus canonical axes, null vector, and special vectors with infinite or NaN coordinates).",1,1,org.apache.commons.math3.geometry.euclidean.threed.PolyhedronsSet,unique authoritative class,org.apache.commons:commons-math3:3.6.1,org.apache.commons.math3.geometry.euclidean.threed.PolyhedronsSet,resolved_api,1,,,,,
MATH-0130,math,TU,Rotation,org.apache.commons.math3.geometry.euclidean.threed.Rotation,org.apache.commons.math3.geometry.euclidean.threed.Rotation,resolved,1,"This class implements rotations in a three-dimensional space. Rotations can be represented by several different mathematical entities (matrices, axe and angle, Cardan or Euler angles, quaternions). This class presents an higher level abstraction, more user-oriented and hiding this implementation details. Well, for the curious, we use quaternions for the internal representation. The user can build a rotation from any of these representations, and any of these representations can be retrieved from a Rotation instance (see the various constructors and getters). In addition, a rotation can also be built implicitly from a set of vectors and their image. This implies that this class can be used to convert from one representation to another one. For example, converting a rotation matrix into a set of Cardan angles from can be done using the following single line of code: double[] angles = new Rotation(matrix, 1.0e-10).getAngles(RotationOrder.XYZ); Focus is oriented on what a rotation do rather than on its underlying representation. Once it has been built, and regardless of its internal representation, a rotation is an operator which basically transforms three dimensional vectors into other three dimensional vectors . Depending on the application, the meaning of these vectors may vary and the semantics of the rotation also. For example in an spacecraft attitude simulation tool, users will often consider the vectors are fixed (say the Earth direction for example) and the frames change. The rotation transforms the coordinates of the vector in inertial frame into the coordinates of the same vector in satellite frame. In this case, the rotation implicitly defines the relation between the two frames. Another example could be a telescope control application, where the rotation would transform the sighting direction at rest into the desired observing direction when the telescope is pointed towards an object of interest. In this case the rotation transforms the direction at rest in a topocentric frame into the sighting direction in the same topocentric frame. This implies in this case the frame is fixed and the vector moves. In many case, both approaches will be combined. In our telescope example, we will probably also need to transform the observing direction in the topocentric frame into the observing direction in inertial frame taking into account the observatory location and the Earth rotation, which would essentially be an application of the first approach. These examples show that a rotation is what the user wants it to be. This class does not push the user towards one specific definition and hence does not provide methods like projectVectorIntoDestinationFrame or computeTransformedDirection . It provides simpler and more generic methods: applyTo(Vector3D) and applyInverseTo(Vector3D) . Since a rotation is basically a vectorial operator, several rotations can be composed together and the composite operation r = r 1 o r 2 (which means that for each vector u , r(u) = r 1 (r 2 (u)) ) is also a rotation. Hence we can consider that in addition to vectors, a rotation can be applied to other rotations as well (or to itself). With our previous notations, we would say we can apply r 1 to r 2 and the result we get is r = r 1 o r 2 . For this purpose, the class provides the methods: applyTo(Rotation) and applyInverseTo(Rotation) . Rotations are guaranteed to be immutable objects.",official_javadoc,org.apache.commons:commons-math3:3.6.1-javadoc.jar#org.apache.commons.math3.geometry.euclidean.threed.Rotation,1,"### 11.2 Euclidean spaces - part 6

These examples show that a rotation means what the user wants it to mean, so this class does not push the user towards one specific definition and hence does not provide methods like `projectVectorIntoDestinationFrame` or `computeTransformedDirection`. It provides simpler and more generic methods: ` Rotation.applyTo(Vector3D) ` and ` Rotation.applyInverseTo(Vector3D) `. 

Since a rotation is basically a vectorial operator, several rotations can be composed together and the composite operation `r = r1 o r2` (which means that for each vector `u`, `r(u) = r1(r2(u))`) is also a rotation. Hence we can consider that in addition to vectors, a rotation can be applied to other rotations as well (or to itself). With our previous notations, we would say we can apply `r1` to `r2` and the result we get is `r = r1 o r2`. For this purpose, the class provides the methods: ` Rotation.applyTo(Rotation) ` and ` Rotation.applyInverseTo(Rotation) `.",1,1,org.apache.commons.math3.geometry.euclidean.threed.Rotation,unique authoritative class,org.apache.commons:commons-math3:3.6.1,org.apache.commons.math3.geometry.euclidean.threed.Rotation,resolved_api,1,,,,,
