source,target,relation,evidence,basis,meaning,scope,evidence_source,evidence_target
math:API:org.apache.commons.math3.analysis.differentiation.FiniteDifferencesDifferentiator,math:API:org.apache.commons.math3.analysis.UnivariateFunction,accepts,org.apache.commons.math3.analysis.differentiation.FiniteDifferencesDifferentiator#differentiate(org.apache.commons.math3.analysis.UnivariateFunction) accepts org.apache.commons.math3.analysis.UnivariateFunction,official_declaration,,,,
math:API:org.apache.commons.math3.analysis.differentiation.FiniteDifferencesDifferentiator,math:API:org.apache.commons.math3.analysis.differentiation.UnivariateDifferentiableFunction,returns,org.apache.commons.math3.analysis.differentiation.FiniteDifferencesDifferentiator#differentiate(org.apache.commons.math3.analysis.UnivariateFunction) returns org.apache.commons.math3.analysis.differentiation.UnivariateDifferentiableFunction,official_declaration,,,,
math:API:org.apache.commons.math3.analysis.differentiation.FiniteDifferencesDifferentiator,math:API:org.apache.commons.math3.analysis.differentiation.UnivariateFunctionDifferentiator,subtype_of,extends/implements org.apache.commons.math3.analysis.differentiation.UnivariateFunctionDifferentiator,official_declaration,,,,
math:API:org.apache.commons.math3.analysis.differentiation.UnivariateDifferentiableFunction,math:API:org.apache.commons.math3.analysis.UnivariateFunction,subtype_of,extends/implements org.apache.commons.math3.analysis.UnivariateFunction,official_declaration,,,,
math:API:org.apache.commons.math3.analysis.differentiation.UnivariateDifferentiableFunction,math:API:org.apache.commons.math3.analysis.differentiation.DerivativeStructure,accepts,org.apache.commons.math3.analysis.differentiation.UnivariateDifferentiableFunction#value(org.apache.commons.math3.analysis.differentiation.DerivativeStructure) accepts org.apache.commons.math3.analysis.differentiation.DerivativeStructure,official_declaration,,,,
math:API:org.apache.commons.math3.analysis.differentiation.UnivariateDifferentiableFunction,math:API:org.apache.commons.math3.analysis.differentiation.DerivativeStructure,returns,org.apache.commons.math3.analysis.differentiation.UnivariateDifferentiableFunction#value(org.apache.commons.math3.analysis.differentiation.DerivativeStructure) returns org.apache.commons.math3.analysis.differentiation.DerivativeStructure,official_declaration,,,,
math:API:org.apache.commons.math3.analysis.differentiation.UnivariateFunctionDifferentiator,math:API:org.apache.commons.math3.analysis.UnivariateFunction,accepts,org.apache.commons.math3.analysis.differentiation.UnivariateFunctionDifferentiator#differentiate(org.apache.commons.math3.analysis.UnivariateFunction) accepts org.apache.commons.math3.analysis.UnivariateFunction,official_declaration,,,,
math:API:org.apache.commons.math3.analysis.differentiation.UnivariateFunctionDifferentiator,math:API:org.apache.commons.math3.analysis.differentiation.UnivariateDifferentiableFunction,returns,org.apache.commons.math3.analysis.differentiation.UnivariateFunctionDifferentiator#differentiate(org.apache.commons.math3.analysis.UnivariateFunction) returns org.apache.commons.math3.analysis.differentiation.UnivariateDifferentiableFunction,official_declaration,,,,
math:API:org.apache.commons.math3.analysis.integration.UnivariateIntegrator,math:API:org.apache.commons.math3.analysis.UnivariateFunction,accepts,"org.apache.commons.math3.analysis.integration.UnivariateIntegrator#integrate(int,org.apache.commons.math3.analysis.UnivariateFunction,double,double) accepts org.apache.commons.math3.analysis.UnivariateFunction",official_declaration,,,,
math:API:org.apache.commons.math3.analysis.interpolation.BicubicSplineInterpolator,math:API:org.apache.commons.math3.analysis.BivariateFunction,returns,"org.apache.commons.math3.analysis.interpolation.BicubicSplineInterpolator#interpolate(double[],double[],double[][]) returns org.apache.commons.math3.analysis.BivariateFunction",official_declaration,,,,
math:API:org.apache.commons.math3.analysis.interpolation.BicubicSplineInterpolator,math:API:org.apache.commons.math3.analysis.interpolation.BivariateGridInterpolator,subtype_of,extends/implements org.apache.commons.math3.analysis.interpolation.BivariateGridInterpolator,official_declaration,,,,
math:API:org.apache.commons.math3.analysis.interpolation.BivariateGridInterpolator,math:API:org.apache.commons.math3.analysis.BivariateFunction,returns,"org.apache.commons.math3.analysis.interpolation.BivariateGridInterpolator#interpolate(double[],double[],double[][]) returns org.apache.commons.math3.analysis.BivariateFunction",official_declaration,,,,
math:API:org.apache.commons.math3.analysis.interpolation.HermiteInterpolator,math:API:org.apache.commons.math3.analysis.differentiation.DerivativeStructure,accepts,org.apache.commons.math3.analysis.interpolation.HermiteInterpolator#value(org.apache.commons.math3.analysis.differentiation.DerivativeStructure) accepts org.apache.commons.math3.analysis.differentiation.DerivativeStructure,official_declaration,,,,
math:API:org.apache.commons.math3.analysis.interpolation.HermiteInterpolator,math:API:org.apache.commons.math3.analysis.differentiation.DerivativeStructure,returns,org.apache.commons.math3.analysis.interpolation.HermiteInterpolator#value(org.apache.commons.math3.analysis.differentiation.DerivativeStructure) returns org.apache.commons.math3.analysis.differentiation.DerivativeStructure[],official_declaration,,,,
math:API:org.apache.commons.math3.analysis.interpolation.HermiteInterpolator,math:API:org.apache.commons.math3.analysis.polynomials.PolynomialFunction,returns,org.apache.commons.math3.analysis.interpolation.HermiteInterpolator#getPolynomials() returns org.apache.commons.math3.analysis.polynomials.PolynomialFunction[],official_declaration,,,,
math:API:org.apache.commons.math3.analysis.interpolation.SmoothingPolynomialBicubicSplineInterpolator,math:API:org.apache.commons.math3.analysis.BivariateFunction,returns,"org.apache.commons.math3.analysis.interpolation.SmoothingPolynomialBicubicSplineInterpolator#interpolate(double[],double[],double[][]) returns org.apache.commons.math3.analysis.BivariateFunction",official_declaration,,,,
math:API:org.apache.commons.math3.analysis.interpolation.SmoothingPolynomialBicubicSplineInterpolator,math:API:org.apache.commons.math3.analysis.interpolation.BicubicSplineInterpolator,subtype_of,extends/implements org.apache.commons.math3.analysis.interpolation.BicubicSplineInterpolator,official_declaration,,,,
math:API:org.apache.commons.math3.analysis.interpolation.TricubicSplineInterpolator,math:API:org.apache.commons.math3.analysis.interpolation.TrivariateGridInterpolator,subtype_of,extends/implements org.apache.commons.math3.analysis.interpolation.TrivariateGridInterpolator,official_declaration,,,,
math:API:org.apache.commons.math3.analysis.interpolation.UnivariateInterpolator,math:API:org.apache.commons.math3.analysis.UnivariateFunction,returns,"org.apache.commons.math3.analysis.interpolation.UnivariateInterpolator#interpolate(double[],double[]) returns org.apache.commons.math3.analysis.UnivariateFunction",official_declaration,,,,
math:API:org.apache.commons.math3.analysis.polynomials.PolynomialFunction,math:API:org.apache.commons.math3.analysis.UnivariateFunction,returns,org.apache.commons.math3.analysis.polynomials.PolynomialFunction#derivative() returns org.apache.commons.math3.analysis.UnivariateFunction,official_declaration,,,,
math:API:org.apache.commons.math3.analysis.polynomials.PolynomialFunction,math:API:org.apache.commons.math3.analysis.differentiation.DerivativeStructure,accepts,org.apache.commons.math3.analysis.polynomials.PolynomialFunction#value(org.apache.commons.math3.analysis.differentiation.DerivativeStructure) accepts org.apache.commons.math3.analysis.differentiation.DerivativeStructure,official_declaration,,,,
math:API:org.apache.commons.math3.analysis.polynomials.PolynomialFunction,math:API:org.apache.commons.math3.analysis.differentiation.DerivativeStructure,returns,org.apache.commons.math3.analysis.polynomials.PolynomialFunction#value(org.apache.commons.math3.analysis.differentiation.DerivativeStructure) returns org.apache.commons.math3.analysis.differentiation.DerivativeStructure,official_declaration,,,,
math:API:org.apache.commons.math3.analysis.polynomials.PolynomialFunction,math:API:org.apache.commons.math3.analysis.differentiation.UnivariateDifferentiableFunction,subtype_of,extends/implements org.apache.commons.math3.analysis.differentiation.UnivariateDifferentiableFunction,official_declaration,,,,
math:API:org.apache.commons.math3.analysis.polynomials.PolynomialsUtils,math:API:org.apache.commons.math3.analysis.polynomials.PolynomialFunction,returns,"org.apache.commons.math3.analysis.polynomials.PolynomialsUtils#createChebyshevPolynomial(int) returns org.apache.commons.math3.analysis.polynomials.PolynomialFunction | org.apache.commons.math3.analysis.polynomials.PolynomialsUtils#createHermitePolynomial(int) returns org.apache.commons.math3.analysis.polynomials.PolynomialFunction | org.apache.commons.math3.analysis.polynomials.PolynomialsUtils#createJacobiPolynomial(int,int,int) returns org.apache.commons.math3.analysis.polynomials.PolynomialFunction",official_declaration,,,,
math:API:org.apache.commons.math3.analysis.solvers.BracketingNthOrderBrentSolver,math:API:org.apache.commons.math3.analysis.UnivariateFunction,accepts,"org.apache.commons.math3.analysis.solvers.BracketingNthOrderBrentSolver#solve(int,org.apache.commons.math3.analysis.UnivariateFunction,double,double,double,org.apache.commons.math3.analysis.solvers.AllowedSolution) accepts org.apache.commons.math3.analysis.UnivariateFunction | org.apache.commons.math3.analysis.solvers.BracketingNthOrderBrentSolver#solve(int,org.apache.commons.math3.analysis.UnivariateFunction,double,double,org.apache.commons.math3.analysis.solvers.AllowedSolution) accepts org.apache.commons.math3.analysis.UnivariateFunction",official_declaration,,,,
math:API:org.apache.commons.math3.complex.ComplexFormat,math:API:org.apache.commons.math3.complex.Complex,accepts,"org.apache.commons.math3.complex.ComplexFormat#format(org.apache.commons.math3.complex.Complex) accepts org.apache.commons.math3.complex.Complex | org.apache.commons.math3.complex.ComplexFormat#format(org.apache.commons.math3.complex.Complex,java.lang.StringBuffer,java.text.FieldPosition) accepts org.apache.commons.math3.complex.Complex",official_declaration,,,,
math:API:org.apache.commons.math3.complex.ComplexFormat,math:API:org.apache.commons.math3.complex.Complex,returns,"org.apache.commons.math3.complex.ComplexFormat#parse(java.lang.String) returns org.apache.commons.math3.complex.Complex | org.apache.commons.math3.complex.ComplexFormat#parse(java.lang.String,java.text.ParsePosition) returns org.apache.commons.math3.complex.Complex",official_declaration,,,,
math:API:org.apache.commons.math3.exception.util.ExceptionContextProvider,math:API:org.apache.commons.math3.exception.util.ExceptionContext,returns,org.apache.commons.math3.exception.util.ExceptionContextProvider#getContext() returns org.apache.commons.math3.exception.util.ExceptionContext,official_declaration,,,,
math:API:org.apache.commons.math3.filter.KalmanFilter,math:API:org.apache.commons.math3.filter.MeasurementModel,accepts,"org.apache.commons.math3.filter.KalmanFilter#<init>(org.apache.commons.math3.filter.ProcessModel,org.apache.commons.math3.filter.MeasurementModel) accepts org.apache.commons.math3.filter.MeasurementModel",official_declaration,,,,
math:API:org.apache.commons.math3.filter.KalmanFilter,math:API:org.apache.commons.math3.filter.ProcessModel,accepts,"org.apache.commons.math3.filter.KalmanFilter#<init>(org.apache.commons.math3.filter.ProcessModel,org.apache.commons.math3.filter.MeasurementModel) accepts org.apache.commons.math3.filter.ProcessModel",official_declaration,,,,
math:API:org.apache.commons.math3.filter.KalmanFilter,math:API:org.apache.commons.math3.linear.RealMatrix,returns,org.apache.commons.math3.filter.KalmanFilter#getErrorCovarianceMatrix() returns org.apache.commons.math3.linear.RealMatrix,official_declaration,,,,
math:API:org.apache.commons.math3.filter.KalmanFilter,math:API:org.apache.commons.math3.linear.RealVector,accepts,org.apache.commons.math3.filter.KalmanFilter#correct(org.apache.commons.math3.linear.RealVector) accepts org.apache.commons.math3.linear.RealVector | org.apache.commons.math3.filter.KalmanFilter#predict(org.apache.commons.math3.linear.RealVector) accepts org.apache.commons.math3.linear.RealVector,official_declaration,,,,
math:API:org.apache.commons.math3.filter.KalmanFilter,math:API:org.apache.commons.math3.linear.RealVector,returns,org.apache.commons.math3.filter.KalmanFilter#getStateEstimationVector() returns org.apache.commons.math3.linear.RealVector,official_declaration,,,,
math:API:org.apache.commons.math3.filter.MeasurementModel,math:API:org.apache.commons.math3.linear.RealMatrix,returns,org.apache.commons.math3.filter.MeasurementModel#getMeasurementMatrix() returns org.apache.commons.math3.linear.RealMatrix | org.apache.commons.math3.filter.MeasurementModel#getMeasurementNoise() returns org.apache.commons.math3.linear.RealMatrix,official_declaration,,,,
math:API:org.apache.commons.math3.filter.ProcessModel,math:API:org.apache.commons.math3.linear.RealMatrix,returns,org.apache.commons.math3.filter.ProcessModel#getControlMatrix() returns org.apache.commons.math3.linear.RealMatrix | org.apache.commons.math3.filter.ProcessModel#getInitialErrorCovariance() returns org.apache.commons.math3.linear.RealMatrix | org.apache.commons.math3.filter.ProcessModel#getProcessNoise() returns org.apache.commons.math3.linear.RealMatrix,official_declaration,,,,
math:API:org.apache.commons.math3.filter.ProcessModel,math:API:org.apache.commons.math3.linear.RealVector,returns,org.apache.commons.math3.filter.ProcessModel#getInitialStateEstimate() returns org.apache.commons.math3.linear.RealVector,official_declaration,,,,
math:API:org.apache.commons.math3.fraction.FractionFormat,math:API:org.apache.commons.math3.fraction.Fraction,accepts,"org.apache.commons.math3.fraction.FractionFormat#format(org.apache.commons.math3.fraction.Fraction,java.lang.StringBuffer,java.text.FieldPosition) accepts org.apache.commons.math3.fraction.Fraction | org.apache.commons.math3.fraction.FractionFormat#formatFraction(org.apache.commons.math3.fraction.Fraction) accepts org.apache.commons.math3.fraction.Fraction",official_declaration,,,,
math:API:org.apache.commons.math3.genetics.FixedGenerationCount,math:API:org.apache.commons.math3.genetics.StoppingCondition,subtype_of,extends/implements org.apache.commons.math3.genetics.StoppingCondition,official_declaration,,,,
math:API:org.apache.commons.math3.genetics.GeneticAlgorithm,math:API:org.apache.commons.math3.genetics.StoppingCondition,accepts,"org.apache.commons.math3.genetics.GeneticAlgorithm#evolve(org.apache.commons.math3.genetics.Population,org.apache.commons.math3.genetics.StoppingCondition) accepts org.apache.commons.math3.genetics.StoppingCondition",official_declaration,,,,
math:API:org.apache.commons.math3.geometry.euclidean.threed.PolyhedronsSet,math:API:org.apache.commons.math3.geometry.euclidean.threed.Rotation,accepts,"org.apache.commons.math3.geometry.euclidean.threed.PolyhedronsSet#rotate(org.apache.commons.math3.geometry.euclidean.threed.Vector3D,org.apache.commons.math3.geometry.euclidean.threed.Rotation) accepts org.apache.commons.math3.geometry.euclidean.threed.Rotation",official_declaration,,,,
math:API:org.apache.commons.math3.geometry.euclidean.threed.PolyhedronsSet,math:API:org.apache.commons.math3.geometry.euclidean.threed.Vector3D,accepts,"org.apache.commons.math3.geometry.euclidean.threed.PolyhedronsSet#firstIntersection(org.apache.commons.math3.geometry.euclidean.threed.Vector3D,org.apache.commons.math3.geometry.euclidean.threed.Line) accepts org.apache.commons.math3.geometry.euclidean.threed.Vector3D | org.apache.commons.math3.geometry.euclidean.threed.PolyhedronsSet#rotate(org.apache.commons.math3.geometry.euclidean.threed.Vector3D,org.apache.commons.math3.geometry.euclidean.threed.Rotation) accepts org.apache.commons.math3.geometry.euclidean.threed.Vector3D | org.apache.commons.math3.geometry.euclidean.threed.PolyhedronsSet#translate(org.apache.commons.math3.geometry.euclidean.threed.Vector3D) accepts org.apache.commons.math3.geometry.euclidean.threed.Vector3D",official_declaration,,,,
math:API:org.apache.commons.math3.geometry.euclidean.threed.Rotation,math:API:org.apache.commons.math3.geometry.euclidean.threed.Vector3D,accepts,"org.apache.commons.math3.geometry.euclidean.threed.Rotation#<init>(org.apache.commons.math3.geometry.euclidean.threed.Vector3D,double) accepts org.apache.commons.math3.geometry.euclidean.threed.Vector3D | org.apache.commons.math3.geometry.euclidean.threed.Rotation#<init>(org.apache.commons.math3.geometry.euclidean.threed.Vector3D,double,org.apache.commons.math3.geometry.euclidean.threed.RotationConvention) accepts org.apache.commons.math3.geometry.euclidean.threed.Vector3D | org.apache.commons.math3.geometry.euclidean.threed.Rotation#<init>(org.apache.commons.math3.geometry.euclidean.threed.Vector3D,org.apache.commons.math3.geometry.euclidean.threed.Vector3D) accepts org.apache.commons.math3.geometry.euclidean.threed.Vector3D",official_declaration,,,,
math:API:org.apache.commons.math3.geometry.euclidean.threed.Rotation,math:API:org.apache.commons.math3.geometry.euclidean.threed.Vector3D,returns,org.apache.commons.math3.geometry.euclidean.threed.Rotation#applyInverseTo(org.apache.commons.math3.geometry.euclidean.threed.Vector3D) returns org.apache.commons.math3.geometry.euclidean.threed.Vector3D | org.apache.commons.math3.geometry.euclidean.threed.Rotation#applyTo(org.apache.commons.math3.geometry.euclidean.threed.Vector3D) returns org.apache.commons.math3.geometry.euclidean.threed.Vector3D | org.apache.commons.math3.geometry.euclidean.threed.Rotation#getAxis() returns org.apache.commons.math3.geometry.euclidean.threed.Vector3D,official_declaration,,,,
math:API:org.apache.commons.math3.linear.Array2DRowRealMatrix,math:API:org.apache.commons.math3.linear.RealMatrix,returns,"org.apache.commons.math3.linear.Array2DRowRealMatrix#copy() returns org.apache.commons.math3.linear.RealMatrix | org.apache.commons.math3.linear.Array2DRowRealMatrix#createMatrix(int,int) returns org.apache.commons.math3.linear.RealMatrix",official_declaration,,,,
math:API:org.apache.commons.math3.linear.DecompositionSolver,math:API:org.apache.commons.math3.linear.RealMatrix,accepts,org.apache.commons.math3.linear.DecompositionSolver#solve(org.apache.commons.math3.linear.RealMatrix) accepts org.apache.commons.math3.linear.RealMatrix,official_declaration,,,,
math:API:org.apache.commons.math3.linear.DecompositionSolver,math:API:org.apache.commons.math3.linear.RealMatrix,returns,org.apache.commons.math3.linear.DecompositionSolver#getInverse() returns org.apache.commons.math3.linear.RealMatrix | org.apache.commons.math3.linear.DecompositionSolver#solve(org.apache.commons.math3.linear.RealMatrix) returns org.apache.commons.math3.linear.RealMatrix,official_declaration,,,,
math:API:org.apache.commons.math3.linear.DecompositionSolver,math:API:org.apache.commons.math3.linear.RealVector,accepts,org.apache.commons.math3.linear.DecompositionSolver#solve(org.apache.commons.math3.linear.RealVector) accepts org.apache.commons.math3.linear.RealVector,official_declaration,,,,
math:API:org.apache.commons.math3.linear.DecompositionSolver,math:API:org.apache.commons.math3.linear.RealVector,returns,org.apache.commons.math3.linear.DecompositionSolver#solve(org.apache.commons.math3.linear.RealVector) returns org.apache.commons.math3.linear.RealVector,official_declaration,,,,
math:API:org.apache.commons.math3.linear.EigenDecomposition,math:API:org.apache.commons.math3.linear.DecompositionSolver,returns,org.apache.commons.math3.linear.EigenDecomposition#getSolver() returns org.apache.commons.math3.linear.DecompositionSolver,official_declaration,,,,
math:API:org.apache.commons.math3.linear.EigenDecomposition,math:API:org.apache.commons.math3.linear.RealMatrix,accepts,"org.apache.commons.math3.linear.EigenDecomposition#<init>(org.apache.commons.math3.linear.RealMatrix) accepts org.apache.commons.math3.linear.RealMatrix | org.apache.commons.math3.linear.EigenDecomposition#<init>(org.apache.commons.math3.linear.RealMatrix,double) accepts org.apache.commons.math3.linear.RealMatrix",official_declaration,,,,
math:API:org.apache.commons.math3.linear.EigenDecomposition,math:API:org.apache.commons.math3.linear.RealMatrix,returns,org.apache.commons.math3.linear.EigenDecomposition#getD() returns org.apache.commons.math3.linear.RealMatrix | org.apache.commons.math3.linear.EigenDecomposition#getSquareRoot() returns org.apache.commons.math3.linear.RealMatrix | org.apache.commons.math3.linear.EigenDecomposition#getV() returns org.apache.commons.math3.linear.RealMatrix,official_declaration,,,,
math:API:org.apache.commons.math3.linear.EigenDecomposition,math:API:org.apache.commons.math3.linear.RealVector,returns,org.apache.commons.math3.linear.EigenDecomposition#getEigenvector(int) returns org.apache.commons.math3.linear.RealVector,official_declaration,,,,
math:API:org.apache.commons.math3.linear.RealMatrix,math:API:org.apache.commons.math3.linear.RealVector,accepts,"org.apache.commons.math3.linear.RealMatrix#operate(org.apache.commons.math3.linear.RealVector) accepts org.apache.commons.math3.linear.RealVector | org.apache.commons.math3.linear.RealMatrix#preMultiply(org.apache.commons.math3.linear.RealVector) accepts org.apache.commons.math3.linear.RealVector | org.apache.commons.math3.linear.RealMatrix#setColumnVector(int,org.apache.commons.math3.linear.RealVector) accepts org.apache.commons.math3.linear.RealVector",official_declaration,,,,
math:API:org.apache.commons.math3.linear.RealMatrix,math:API:org.apache.commons.math3.linear.RealVector,returns,org.apache.commons.math3.linear.RealMatrix#getColumnVector(int) returns org.apache.commons.math3.linear.RealVector | org.apache.commons.math3.linear.RealMatrix#getRowVector(int) returns org.apache.commons.math3.linear.RealVector | org.apache.commons.math3.linear.RealMatrix#operate(org.apache.commons.math3.linear.RealVector) returns org.apache.commons.math3.linear.RealVector,official_declaration,,,,
math:API:org.apache.commons.math3.linear.RealVector,math:API:org.apache.commons.math3.analysis.UnivariateFunction,accepts,org.apache.commons.math3.linear.RealVector#map(org.apache.commons.math3.analysis.UnivariateFunction) accepts org.apache.commons.math3.analysis.UnivariateFunction | org.apache.commons.math3.linear.RealVector#mapToSelf(org.apache.commons.math3.analysis.UnivariateFunction) accepts org.apache.commons.math3.analysis.UnivariateFunction,official_declaration,,,,
math:API:org.apache.commons.math3.linear.RealVector,math:API:org.apache.commons.math3.linear.RealMatrix,returns,org.apache.commons.math3.linear.RealVector#outerProduct(org.apache.commons.math3.linear.RealVector) returns org.apache.commons.math3.linear.RealMatrix,official_declaration,,,,
math:API:org.apache.commons.math3.linear.RealVectorFormat,math:API:org.apache.commons.math3.linear.RealVector,accepts,"org.apache.commons.math3.linear.RealVectorFormat#format(org.apache.commons.math3.linear.RealVector) accepts org.apache.commons.math3.linear.RealVector | org.apache.commons.math3.linear.RealVectorFormat#format(org.apache.commons.math3.linear.RealVector,java.lang.StringBuffer,java.text.FieldPosition) accepts org.apache.commons.math3.linear.RealVector",official_declaration,,,,
math:API:org.apache.commons.math3.linear.SingularValueDecomposition,math:API:org.apache.commons.math3.linear.DecompositionSolver,returns,org.apache.commons.math3.linear.SingularValueDecomposition#getSolver() returns org.apache.commons.math3.linear.DecompositionSolver,official_declaration,,,,
math:API:org.apache.commons.math3.linear.SingularValueDecomposition,math:API:org.apache.commons.math3.linear.RealMatrix,accepts,org.apache.commons.math3.linear.SingularValueDecomposition#<init>(org.apache.commons.math3.linear.RealMatrix) accepts org.apache.commons.math3.linear.RealMatrix,official_declaration,,,,
math:API:org.apache.commons.math3.linear.SingularValueDecomposition,math:API:org.apache.commons.math3.linear.RealMatrix,returns,org.apache.commons.math3.linear.SingularValueDecomposition#getCovariance(double) returns org.apache.commons.math3.linear.RealMatrix | org.apache.commons.math3.linear.SingularValueDecomposition#getS() returns org.apache.commons.math3.linear.RealMatrix | org.apache.commons.math3.linear.SingularValueDecomposition#getU() returns org.apache.commons.math3.linear.RealMatrix,official_declaration,,,,
math:KU:org.apache.commons.math3.analysis.interpolation.SmoothingPolynomialBicubicSplineInterpolator:MATH-0011,math:KU:org.apache.commons.math3.analysis.interpolation.TrivariateGridInterpolator:MATH-0012,same_ku,c29845788bdc44a144c86feaf8b89c1b191ac845bc1a6bf71928a15f8ef4cf24,deterministic_identity,,,,
math:KU:org.apache.commons.math3.analysis.interpolation.SmoothingPolynomialBicubicSplineInterpolator:MATH-0011,math:KU:org.apache.commons.math3.analysis.interpolation.BicubicSplineInterpolator:MATH-0097,same_ku,c29845788bdc44a144c86feaf8b89c1b191ac845bc1a6bf71928a15f8ef4cf24,deterministic_identity,,,,
math:KU:org.apache.commons.math3.analysis.interpolation.TrivariateGridInterpolator:MATH-0012,math:KU:org.apache.commons.math3.analysis.interpolation.BicubicSplineInterpolator:MATH-0097,same_ku,c29845788bdc44a144c86feaf8b89c1b191ac845bc1a6bf71928a15f8ef4cf24,deterministic_identity,,,,
math:KU:org.apache.commons.math3.analysis.differentiation.UnivariateDifferentiableFunction:MATH-0013,math:KU:org.apache.commons.math3.analysis.differentiation.DerivativeStructure:MATH-0087,same_ku,b1039dc39610efcb6b2970f3017ae027503c2c7289531df4b743d28aaefaf084,deterministic_identity,,,,
math:KU:org.apache.commons.math3.analysis.differentiation.UnivariateFunctionDifferentiator:MATH-0014,math:KU:org.apache.commons.math3.analysis.differentiation.FiniteDifferencesDifferentiator:MATH-0048,same_ku,76bfd0eae7630f3e3151a49b2f4a10e006ffcd56257baa97920e9f5a5fb5b7ee,deterministic_identity,,,,
math:KU:org.apache.commons.math3.geometry.euclidean.threed.Vector3D:MATH-0016,math:KU:org.apache.commons.math3.geometry.euclidean.threed.PolyhedronsSet:MATH-0129,same_ku,5c76df5e6242e2d91263ea8c92e20a68c8761b66c053d54dd6495c6af0cd176e,deterministic_identity,,,,
math:KU:org.apache.commons.math3.linear.EigenDecomposition:MATH-0017,math:KU:org.apache.commons.math3.linear.SingularValueDecomposition:MATH-0041,same_ku,601b4eb88ed9de095ee4123ad1f42864e94d5835e3bded1fa37622791666ab9a,deterministic_identity,,,,
math:KU:org.apache.commons.math3.analysis.solvers.BrentSolver:MATH-0024,math:KU:org.apache.commons.math3.analysis.solvers.BracketingNthOrderBrentSolver:MATH-0111,same_ku,0f3753c6af28889bf345f390d8f26e5b9c248a246f8078a986b8499aa9dd9caf,deterministic_identity,,,,
math:KU:org.apache.commons.math3.exception.util.ExceptionContext:MATH-0026,math:KU:org.apache.commons.math3.exception.util.ExceptionContextProvider:MATH-0099,same_ku,7d37f2ddce49ca019844eb1af14aae2c28d663158f2a7a3b49a397faad34dfc8,deterministic_identity,,,,
math:KU:org.apache.commons.math3.genetics.GeneticAlgorithm:MATH-0027,math:KU:org.apache.commons.math3.genetics.StoppingCondition:MATH-0101,same_ku,90f110b21878cac7f52441281146cb1ec6600a591e17e6a8e8f39cdc44cc03f9,deterministic_identity,,,,
math:KU:org.apache.commons.math3.genetics.FixedGenerationCount:MATH-0028,math:KU:org.apache.commons.math3.genetics.TournamentSelection:MATH-0051,same_ku,ab9531cd49a55d5e234390a7f494226c1ff70ee421e33d15d5885a5798de9856,deterministic_identity,,,,
math:KU:org.apache.commons.math3.genetics.FixedGenerationCount:MATH-0028,math:KU:org.apache.commons.math3.genetics.OnePointCrossover:MATH-0076,same_ku,ab9531cd49a55d5e234390a7f494226c1ff70ee421e33d15d5885a5798de9856,deterministic_identity,,,,
math:KU:org.apache.commons.math3.genetics.FixedGenerationCount:MATH-0028,math:KU:org.apache.commons.math3.genetics.GeneticAlgorithm:MATH-0102,same_ku,ab9531cd49a55d5e234390a7f494226c1ff70ee421e33d15d5885a5798de9856,deterministic_identity,,,,
math:KU:org.apache.commons.math3.genetics.FixedGenerationCount:MATH-0028,math:KU:org.apache.commons.math3.genetics.StoppingCondition:MATH-0103,same_ku,ab9531cd49a55d5e234390a7f494226c1ff70ee421e33d15d5885a5798de9856,deterministic_identity,,,,
math:KU:org.apache.commons.math3.genetics.FixedGenerationCount:MATH-0028,math:KU:org.apache.commons.math3.genetics.RandomKeyMutation:MATH-0127,same_ku,ab9531cd49a55d5e234390a7f494226c1ff70ee421e33d15d5885a5798de9856,deterministic_identity,,,,
math:KU:org.apache.commons.math3.genetics.TournamentSelection:MATH-0051,math:KU:org.apache.commons.math3.genetics.OnePointCrossover:MATH-0076,same_ku,ab9531cd49a55d5e234390a7f494226c1ff70ee421e33d15d5885a5798de9856,deterministic_identity,,,,
math:KU:org.apache.commons.math3.genetics.TournamentSelection:MATH-0051,math:KU:org.apache.commons.math3.genetics.GeneticAlgorithm:MATH-0102,same_ku,ab9531cd49a55d5e234390a7f494226c1ff70ee421e33d15d5885a5798de9856,deterministic_identity,,,,
math:KU:org.apache.commons.math3.genetics.TournamentSelection:MATH-0051,math:KU:org.apache.commons.math3.genetics.StoppingCondition:MATH-0103,same_ku,ab9531cd49a55d5e234390a7f494226c1ff70ee421e33d15d5885a5798de9856,deterministic_identity,,,,
math:KU:org.apache.commons.math3.genetics.TournamentSelection:MATH-0051,math:KU:org.apache.commons.math3.genetics.RandomKeyMutation:MATH-0127,same_ku,ab9531cd49a55d5e234390a7f494226c1ff70ee421e33d15d5885a5798de9856,deterministic_identity,,,,
math:KU:org.apache.commons.math3.genetics.OnePointCrossover:MATH-0076,math:KU:org.apache.commons.math3.genetics.GeneticAlgorithm:MATH-0102,same_ku,ab9531cd49a55d5e234390a7f494226c1ff70ee421e33d15d5885a5798de9856,deterministic_identity,,,,
math:KU:org.apache.commons.math3.genetics.OnePointCrossover:MATH-0076,math:KU:org.apache.commons.math3.genetics.StoppingCondition:MATH-0103,same_ku,ab9531cd49a55d5e234390a7f494226c1ff70ee421e33d15d5885a5798de9856,deterministic_identity,,,,
math:KU:org.apache.commons.math3.genetics.OnePointCrossover:MATH-0076,math:KU:org.apache.commons.math3.genetics.RandomKeyMutation:MATH-0127,same_ku,ab9531cd49a55d5e234390a7f494226c1ff70ee421e33d15d5885a5798de9856,deterministic_identity,,,,
math:KU:org.apache.commons.math3.genetics.GeneticAlgorithm:MATH-0102,math:KU:org.apache.commons.math3.genetics.StoppingCondition:MATH-0103,same_ku,ab9531cd49a55d5e234390a7f494226c1ff70ee421e33d15d5885a5798de9856,deterministic_identity,,,,
math:KU:org.apache.commons.math3.genetics.GeneticAlgorithm:MATH-0102,math:KU:org.apache.commons.math3.genetics.RandomKeyMutation:MATH-0127,same_ku,ab9531cd49a55d5e234390a7f494226c1ff70ee421e33d15d5885a5798de9856,deterministic_identity,,,,
math:KU:org.apache.commons.math3.genetics.StoppingCondition:MATH-0103,math:KU:org.apache.commons.math3.genetics.RandomKeyMutation:MATH-0127,same_ku,ab9531cd49a55d5e234390a7f494226c1ff70ee421e33d15d5885a5798de9856,deterministic_identity,,,,
math:KU:org.apache.commons.math3.linear.RealVector:MATH-0029,math:KU:org.apache.commons.math3.linear.RealVectorFormat:MATH-0077,same_ku,8753771721360f75f7ea0752aa76a39779c72a5af6d46bd0ea4d98a8b6f03349,deterministic_identity,,,,
math:KU:org.apache.commons.math3.linear.DecompositionSolver:MATH-0030,math:KU:org.apache.commons.math3.linear.SingularValueDecomposition:MATH-0091,same_ku,6b1a4c490b79c4e9320115823f275e51a5aef19d5d40cfea60632c924a75a16e,deterministic_identity,,,,
math:KU:org.apache.commons.math3.linear.DecompositionSolver:MATH-0030,math:KU:org.apache.commons.math3.linear.RealMatrix:MATH-0117,same_ku,6b1a4c490b79c4e9320115823f275e51a5aef19d5d40cfea60632c924a75a16e,deterministic_identity,,,,
math:KU:org.apache.commons.math3.linear.SingularValueDecomposition:MATH-0091,math:KU:org.apache.commons.math3.linear.RealMatrix:MATH-0117,same_ku,6b1a4c490b79c4e9320115823f275e51a5aef19d5d40cfea60632c924a75a16e,deterministic_identity,,,,
math:KU:org.apache.commons.math3.linear.Array2DRowRealMatrix:MATH-0031,math:KU:org.apache.commons.math3.linear.DecompositionSolver:MATH-0053,same_ku,1569548e8d67e8f3ba4e5ae819aac23d52f6012d547a43c57f1ced11c2236d3e,deterministic_identity,,,,
math:KU:org.apache.commons.math3.complex.Complex:MATH-0037,math:KU:org.apache.commons.math3.complex.ComplexFormat:MATH-0064,same_ku,9502a47a041f772c122ac5af8bbf85db05d37756bee8013317dd19e7c9a13a79,deterministic_identity,,,,
math:KU:org.apache.commons.math3.filter.KalmanFilter:MATH-0038,math:KU:org.apache.commons.math3.filter.MeasurementModel:MATH-0039,same_ku,8bbc95cecc81a0684906c7cca0774622c7e53ecac2c41c9e5925bff8a0510a1b,deterministic_identity,,,,
math:KU:org.apache.commons.math3.filter.KalmanFilter:MATH-0038,math:KU:org.apache.commons.math3.filter.ProcessModel:MATH-0100,same_ku,8bbc95cecc81a0684906c7cca0774622c7e53ecac2c41c9e5925bff8a0510a1b,deterministic_identity,,,,
math:KU:org.apache.commons.math3.filter.MeasurementModel:MATH-0039,math:KU:org.apache.commons.math3.filter.ProcessModel:MATH-0100,same_ku,8bbc95cecc81a0684906c7cca0774622c7e53ecac2c41c9e5925bff8a0510a1b,deterministic_identity,,,,
math:KU:org.apache.commons.math3.fraction.Fraction:MATH-0050,math:KU:org.apache.commons.math3.fraction.FractionFormat:MATH-0088,same_ku,0bae26442b150e2c21151bfe0b84fe403937ce706d5919b84cb54b4d1b5bc388,deterministic_identity,,,,
math:KU:org.apache.commons.math3.analysis.solvers.SecantSolver:MATH-0059,math:KU:org.apache.commons.math3.analysis.solvers.RegulaFalsiSolver:MATH-0074,same_ku,f236ec8d63620f3fdb7de40f771a9baf8b5981562ab9bb99a437e90943484026,deterministic_identity,,,,
math:KU:org.apache.commons.math3.analysis.solvers.SecantSolver:MATH-0059,math:KU:org.apache.commons.math3.analysis.solvers.PegasusSolver:MATH-0085,same_ku,f236ec8d63620f3fdb7de40f771a9baf8b5981562ab9bb99a437e90943484026,deterministic_identity,,,,
math:KU:org.apache.commons.math3.analysis.solvers.SecantSolver:MATH-0059,math:KU:org.apache.commons.math3.analysis.solvers.IllinoisSolver:MATH-0095,same_ku,f236ec8d63620f3fdb7de40f771a9baf8b5981562ab9bb99a437e90943484026,deterministic_identity,,,,
math:KU:org.apache.commons.math3.analysis.solvers.SecantSolver:MATH-0059,math:KU:org.apache.commons.math3.analysis.solvers.BisectionSolver:MATH-0096,same_ku,f236ec8d63620f3fdb7de40f771a9baf8b5981562ab9bb99a437e90943484026,deterministic_identity,,,,
math:KU:org.apache.commons.math3.analysis.solvers.RegulaFalsiSolver:MATH-0074,math:KU:org.apache.commons.math3.analysis.solvers.PegasusSolver:MATH-0085,same_ku,f236ec8d63620f3fdb7de40f771a9baf8b5981562ab9bb99a437e90943484026,deterministic_identity,,,,
math:KU:org.apache.commons.math3.analysis.solvers.RegulaFalsiSolver:MATH-0074,math:KU:org.apache.commons.math3.analysis.solvers.IllinoisSolver:MATH-0095,same_ku,f236ec8d63620f3fdb7de40f771a9baf8b5981562ab9bb99a437e90943484026,deterministic_identity,,,,
math:KU:org.apache.commons.math3.analysis.solvers.RegulaFalsiSolver:MATH-0074,math:KU:org.apache.commons.math3.analysis.solvers.BisectionSolver:MATH-0096,same_ku,f236ec8d63620f3fdb7de40f771a9baf8b5981562ab9bb99a437e90943484026,deterministic_identity,,,,
math:KU:org.apache.commons.math3.analysis.solvers.PegasusSolver:MATH-0085,math:KU:org.apache.commons.math3.analysis.solvers.IllinoisSolver:MATH-0095,same_ku,f236ec8d63620f3fdb7de40f771a9baf8b5981562ab9bb99a437e90943484026,deterministic_identity,,,,
math:KU:org.apache.commons.math3.analysis.solvers.PegasusSolver:MATH-0085,math:KU:org.apache.commons.math3.analysis.solvers.BisectionSolver:MATH-0096,same_ku,f236ec8d63620f3fdb7de40f771a9baf8b5981562ab9bb99a437e90943484026,deterministic_identity,,,,
math:KU:org.apache.commons.math3.analysis.solvers.IllinoisSolver:MATH-0095,math:KU:org.apache.commons.math3.analysis.solvers.BisectionSolver:MATH-0096,same_ku,f236ec8d63620f3fdb7de40f771a9baf8b5981562ab9bb99a437e90943484026,deterministic_identity,,,,
math:KU:org.apache.commons.math3.geometry.euclidean.oned.IntervalsSet:MATH-0065,math:KU:org.apache.commons.math3.geometry.euclidean.oned.Interval:MATH-0089,same_ku,f0c58d7f58ce44013f955ea0b16358b29b8dd1fb35dbf313fd0b2d4025278639,deterministic_identity,,,,
math:KU:org.apache.commons.math3.geometry.euclidean.oned.IntervalsSet:MATH-0065,math:KU:org.apache.commons.math3.geometry.euclidean.twod.PolygonsSet:MATH-0128,same_ku,f0c58d7f58ce44013f955ea0b16358b29b8dd1fb35dbf313fd0b2d4025278639,deterministic_identity,,,,
math:KU:org.apache.commons.math3.geometry.euclidean.oned.Interval:MATH-0089,math:KU:org.apache.commons.math3.geometry.euclidean.twod.PolygonsSet:MATH-0128,same_ku,f0c58d7f58ce44013f955ea0b16358b29b8dd1fb35dbf313fd0b2d4025278639,deterministic_identity,,,,
math:KU:org.apache.commons.math3.analysis.solvers.BracketingNthOrderBrentSolver:MATH-0073,math:KU:org.apache.commons.math3.exception.ConvergenceException:MATH-0110,same_ku,ab88eba16b7e677febd57bdbdcc3af6d06a5a3a04c0528888daca200680188f4,deterministic_identity,,,,
math:KU:org.apache.commons.math3.analysis.interpolation.HermiteInterpolator:MATH-0086,math:KU:org.apache.commons.math3.analysis.interpolation.BivariateGridInterpolator:MATH-0112,same_ku,8c0dcdb3c22ee0b52c9b3e3842e1c84469e5f09e5e71c2f416bea761a6cbd47b,deterministic_identity,,,,
math:KU:org.apache.commons.math3.complex.ComplexFormat:MATH-0093,math:KU:org.apache.commons.math3.complex.Complex:MATH-0108,same_ku,ee61604743aa1244b00063264a0f64567cd36b891e4c2d04d84574d1926b1212,deterministic_identity,,,,
math:KU:org.apache.commons.math3.analysis.UnivariateFunction:MATH-0094,math:KU:org.apache.commons.math3.analysis.solvers.BrentSolver:MATH-0124,same_ku,e13015677c6c291b06fe642e19c09de6c385e066a9c3df1d20e46841e165b313,deterministic_identity,,,,
math:KU:org.apache.commons.math3.analysis.polynomials.PolynomialFunction:MATH-0113,math:KU:org.apache.commons.math3.analysis.polynomials.PolynomialsUtils:MATH-0114,same_ku,a69b2dd8bda0cac6b99647e6661b9f5307d7ea5b2f0746bf10594dfc67befabf,deterministic_identity,,,,
math:KU:java.lang.Math#sin(double):MATH-0001,math:API:java.lang.Math#sin(double),has_explanation,The only way to obtain a `NaN` from `Math.sin` is by using `inf` o `NaN` as the parameter.,llm_quote_grounded,"Explains the specific condition under which Math.sin returns NaN, clarifying that it requires an infinite or NaN argument.",,,
math:KU:java.lang.Math#sin(double):MATH-0001,math:API:java.lang.Math#sin(double),has_guidance,"* don't use capitalized letters for variables (use `value`, not `Value`) * when you need stings as parameters (or composed to other strings) you don't need to explicitly call `toString()`, you can do `System.out.println(value)`",llm_quote_grounded,Provides advice on variable naming conventions and string conversion when using the result of Math.sin.,,,
math:KU:java.lang.Math#cbrt(double):MATH-0003,math:API:java.lang.Math#cbrt(double),has_guidance,You could use `Math.cbrt` to get the cube root: double result = Math.cbrt(-8.0);,llm_quote_grounded,"Recommends using Math.cbrt as the correct method to calculate the cube root of a negative number, avoiding the NaN issue with Math.pow.",,,
math:KU:org.apache.commons.math3.analysis.differentiation.DerivativeStructure:MATH-0004,math:API:org.apache.commons.math3.analysis.differentiation.DerivativeStructure,has_example,"DerivativeStructure aDev = new DerivativeStructure(3, 1, 0, a); DerivativeStructure bDev = new DerivativeStructure(3, 1, 1, b); DerivativeStructure cDev = new DerivativeStructure(3, 1, 2, c);",llm_quote_grounded,Demonstrates how to instantiate DerivativeStructure objects for multiple parameters to compute partial derivatives automatically.,,,
math:KU:org.apache.commons.math3.analysis.differentiation.DerivativeStructure:MATH-0004,math:API:org.apache.commons.math3.analysis.differentiation.DerivativeStructure,has_guidance,"// define the equation to be differentiated using another DerivativeStructure DerivativeStructure y = aDev.multiply(DerivativeStructure.pow(t, bDev)) .multiply(cDev.negate().multiply(t).exp());",llm_quote_grounded,Explains how to define the mathematical expression using DerivativeStructure methods to enable automatic differentiation.,,,
math:KU:org.apache.commons.math3.analysis.differentiation.DerivativeStructure:MATH-0004,math:API:org.apache.commons.math3.analysis.differentiation.DerivativeStructure,has_guidance,"return new double[] { y.getPartialDerivative(1, 0, 0), y.getPartialDerivative(0, 1, 0), y.getPartialDerivative(0, 0, 1) };",llm_quote_grounded,Shows how to retrieve the calculated partial derivatives from the resulting DerivativeStructure object.,,,
math:KU:org.apache.commons.math3.analysis.BivariateFunction:MATH-0006,math:API:org.apache.commons.math3.analysis.BivariateFunction,has_example,"public static BivariateFunction invert(final BivariateFunction function) { return new BivariateFunction() { @Override public double value(double x, double y) { return - function.value(x,y); } }; }",llm_quote_grounded,Provides code examples showing how to implement BivariateFunction to invert/mirror a function's output.,,,
math:KU:org.apache.commons.math3.complex.Complex:MATH-0007,math:API:org.apache.commons.math3.complex.Complex,has_example,"roots[0] = new Complex(-b/2.0/a, -Math.sqrt(-discriminant)/2.0/a); roots[1] = new Complex(-b/2.0/a, +Math.sqrt(-discriminant)/2.0/a);",llm_quote_grounded,"Shows usage of Complex numbers to represent roots of quadratic equations, including complex conjugate roots.",,,
math:KU:org.apache.commons.math3.analysis.differentiation.UnivariateDifferentiableFunction:MATH-0009,math:API:org.apache.commons.math3.analysis.differentiation.UnivariateDifferentiableFunction,has_explanation,There are several ways a user can create an implementation of the UnivariateDifferentiableFunction interface.,llm_quote_grounded,Explains the two methods for implementing the interface and their suitability.,,,
math:KU:org.apache.commons.math3.analysis.differentiation.UnivariateDifferentiableFunction:MATH-0009,math:API:org.apache.commons.math3.analysis.differentiation.UnivariateDifferentiableFunction,has_guidance,you should implement it in a way that yields a new `UnivariateDifferentiableFunction` for each value of the second parameter,llm_quote_grounded,Provides specific advice on how to implement the function using higher-order functions to handle parameters.,,,
math:KU:org.apache.commons.math3.analysis.differentiation.DerivativeStructure:MATH-0010,math:API:org.apache.commons.math3.analysis.differentiation.DerivativeStructure,has_explanation,"In your code you haven't really specified 2 independent variables x0, y0 but only 1. With `DerivativeStructure` x0, y0 are actually seen as functions themselves depending on an implicit vector of variables `p`.",llm_quote_grounded,Explains why the user's code failed by clarifying how independent variables are indexed in the p vector.,,,
math:KU:org.apache.commons.math3.analysis.differentiation.DerivativeStructure:MATH-0010,math:API:org.apache.commons.math3.analysis.differentiation.DerivativeStructure,has_guidance,"What you need to do is: DerivativeStructure x0 = new DerivativeStructure(2, 2, 0, 2.0); DerivativeStructure y0 = new DerivativeStructure(2, 2, 1, 4.0);",llm_quote_grounded,Provides the correct constructor syntax to define multiple independent variables.,,,
math:KU:org.apache.commons.math3.analysis.interpolation.SmoothingPolynomialBicubicSplineInterpolator:MATH-0011,math:API:org.apache.commons.math3.analysis.interpolation.SmoothingPolynomialBicubicSplineInterpolator,has_explanation,"Prior to computing an interpolating function, the SmoothingPolynomialBicubicSplineInterpolator class performs smoothing of the data by computing the polynomial that best fits each of the one-dimensional curves along each of the coordinate axes.",llm_quote_grounded,Describes the preprocessing step performed by this class before interpolation.,,,
math:KU:org.apache.commons.math3.analysis.interpolation.TrivariateGridInterpolator:MATH-0012,math:API:org.apache.commons.math3.analysis.interpolation.TrivariateGridInterpolator,has_explanation,"A TrivariateGridInterpolator is used to find a trivariate real-valued function `f` which for a given set of tuples (`xi`,`yj`,`zk`, `fijk`) yields `f(xi,yj,zk)=fijk` to the best accuracy possible.",llm_quote_grounded,Explains the purpose and output of the TrivariateGridInterpolator.,,,
math:KU:org.apache.commons.math3.analysis.interpolation.TrivariateGridInterpolator:MATH-0012,math:API:org.apache.commons.math3.analysis.interpolation.TrivariateGridInterpolator,has_constraint,"The arrays `xi`, `yj` and `zk` must be sorted in increasing order in order to define a three-dimensional grid.",llm_quote_grounded,Specifies the requirement for input array sorting.,,,
math:KU:org.apache.commons.math3.analysis.interpolation.BicubicSplineInterpolator:MATH-0097,math:API:org.apache.commons.math3.analysis.interpolation.BicubicSplineInterpolator,has_explanation,"From two-dimensional data sampled on a grid, the BicubicSplineInterpolator computes a bicubic interpolating function.",llm_quote_grounded,Describes what the BicubicSplineInterpolator computes.,,,
math:KU:org.apache.commons.math3.analysis.differentiation.UnivariateDifferentiableFunction:MATH-0013,math:API:org.apache.commons.math3.analysis.differentiation.UnivariateDifferentiableFunction,has_guidance,"The first method is more suited to small functions for which user already control all the underlying code. The second method is more suited to either large functions that would be cumbersome to write using the DerivativeStructure API, or functions for which user does not have control to the full underlying code",llm_quote_grounded,Advises on which method to choose based on function complexity and control.,,,
math:KU:org.apache.commons.math3.analysis.differentiation.DerivativeStructure:MATH-0087,math:API:org.apache.commons.math3.analysis.differentiation.DerivativeStructure,has_example,"DerivativeStructure x = new DerivativeStructure(params, order, 0, xRealValue); DerivativeStructure y = new DerivativeStructure(params, order, 1, yRealValue); DerivativeStructure f = DerivativeStructure.hypot(x, y); DerivativeStructure g = f.log();",llm_quote_grounded,Shows code usage of DerivativeStructure constructors and methods like hypot and log.,,,
math:KU:org.apache.commons.math3.analysis.differentiation.DerivativeStructure:MATH-0087,math:API:org.apache.commons.math3.analysis.differentiation.DerivativeStructure,has_explanation,"the user code only represent the function itself, the differentials will be computed automatically under the hood.",llm_quote_grounded,Explains that differentials are computed automatically when using DS methods.,,,
math:KU:org.apache.commons.math3.analysis.differentiation.UnivariateFunctionDifferentiator:MATH-0014,math:API:org.apache.commons.math3.analysis.differentiation.UnivariateFunctionDifferentiator,has_explanation,Apache Commons Math provides one implementation of the UnivariateFunctionDifferentiator interface: FiniteDifferencesDifferentiator .,llm_quote_grounded,Identifies FiniteDifferencesDifferentiator as an implementation of this interface.,,,
math:KU:org.apache.commons.math3.analysis.differentiation.FiniteDifferencesDifferentiator:MATH-0048,math:API:org.apache.commons.math3.analysis.differentiation.FiniteDifferencesDifferentiator,has_explanation,This class creates a wrapper that will call the user-provided function on a grid sample and will use finite differences to compute the derivatives.,llm_quote_grounded,"Describes how the class works (wrapper, grid sampling, finite differences).",,,
math:KU:org.apache.commons.math3.analysis.differentiation.FiniteDifferencesDifferentiator:MATH-0048,math:API:org.apache.commons.math3.analysis.differentiation.FiniteDifferencesDifferentiator,has_constraint,"However, one must be aware that tuning the parameters for finite differences is highly problem-dependent. Choosing the wrong step size or the wrong number of sampling points can lead to huge errors. Finite differences are also not well suited to compute high order derivatives.",llm_quote_grounded,Warns about the sensitivity of parameters and unsuitability for high orders.,,,
math:KU:org.apache.commons.math3.distribution.AbstractIntegerDistribution:MATH-0015,math:API:org.apache.commons.math3.distribution.AbstractIntegerDistribution,has_guidance,"To aid in implementing a distribution extension, the AbstractDistribution, AbstractContinuousDistribution, and AbstractIntegerDistribution provide implementation building blocks and offer basic distribution functionality.",llm_quote_grounded,Recommends extending this abstract class to save effort in creating custom distributions.,,,
math:KU:org.apache.commons.math3.geometry.euclidean.threed.Vector3D:MATH-0016,math:API:org.apache.commons.math3.geometry.euclidean.threed.Vector3D,has_explanation,"One important feature is that instances of this class are guaranteed to be immutable, this greatly simplifies modelling dynamical systems with changing states: once a vector has been computed, a reference to it is known to preserve its state as long as the reference itself is preserved.",llm_quote_grounded,Highlights the immutability feature and its benefit for modeling dynamical systems.,,,
math:KU:org.apache.commons.math3.geometry.euclidean.threed.Vector3D:MATH-0016,math:API:org.apache.commons.math3.geometry.euclidean.threed.Vector3D,has_guidance,"Numerous constructors are available to create vectors. In addition to the straightforward cartesian coordinates constructor, a constructor using azimuthal coordinates can build normalized vectors and linear constructors from one, two, three or four base vectors are also available.",llm_quote_grounded,Lists available constructors and constants for creating vectors.,,,
math:KU:org.apache.commons.math3.geometry.euclidean.threed.PolyhedronsSet:MATH-0129,math:API:org.apache.commons.math3.geometry.euclidean.threed.PolyhedronsSet,has_explanation,"All classical set operations are available for polyhedrons sets: union, intersection, symmetric difference (exclusive or), difference, complement, as well as region predicates (point inside/outside/on boundary, emptiness, other region contained). It is also possible to compute geometrical properties like size, barycenter or boundary size and to extract the vertices.",llm_quote_grounded,Describes the capabilities regarding set operations and geometrical properties.,,,
math:KU:org.apache.commons.math3.linear.EigenDecomposition:MATH-0017,math:API:org.apache.commons.math3.linear.EigenDecomposition,has_explanation,"The `getEigenvalue()`, `getEigenvalues()`, `getEigenVector()`, ` EigenDecomposition.getV() `, ` EigenDecomposition.getD() ` and ` EigenDecomposition.getVT() ` methods of the ` EigenDecomposition ` interface support solving eigenproblems of the form AX = lambda X where lambda is a real scalar.",llm_quote_grounded,Explains the mathematical form solved by the eigen decomposition methods.,,,
math:KU:org.apache.commons.math3.linear.SingularValueDecomposition:MATH-0041,math:API:org.apache.commons.math3.linear.SingularValueDecomposition,has_explanation,"The ` SingularValueDecomposition.getSingularValues() `, ` SingularValueDecomposition.getU() `, ` SingularValueDecomposition.getS() ` and ` SingularValueDecomposition.getV() ` methods of the ` SingularValueDecomposition ` interface allow to solve singular values problems of the form AXi = lambda Yi where lambda is a real scalar, and where the Xi and Yi vectors form orthogonal bases of their respective vector spaces (which may have different dimensions).",llm_quote_grounded,Explains the mathematical form solved by the SVD methods.,,,
math:KU:org.apache.commons.math3.fraction.Fraction:MATH-0018,math:API:org.apache.commons.math3.fraction.Fraction,has_example,final class Fraction extends Number { private int numerator; private int denominator;,llm_quote_grounded,"The KU provides a complete Java class implementation for representing fractions, serving as an example of how to implement such functionality.",,,
math:KU:org.apache.commons.math3.fraction.Fraction:MATH-0018,math:API:org.apache.commons.math3.fraction.Fraction,has_guidance,How can I achieve a common denominator with the least performance penalty? What algorithm is best for this?,llm_quote_grounded,"The KU discusses the approach to normalizing fractions and finding common denominators, guiding the user on algorithmic choices for performance.",,,
math:KU:org.apache.commons.math3.linear.RealVector:MATH-0019,math:API:org.apache.commons.math3.linear.RealVector,has_guidance,"In the name of simplicity, I'd just go with `dist * dist` until you're sure that's the bottleneck.",llm_quote_grounded,The KU advises against using intermediate objects for squared distance calculation and suggests manual computation or accepting the square root overhead.,,,
math:KU:org.apache.commons.math3.linear.RealVector:MATH-0019,math:API:org.apache.commons.math3.linear.RealVector,has_constraint,"There is no `getDistanceSquared()`, almost surely for this reason",llm_quote_grounded,"The KU states that there is no built-in method for squared Euclidean distance in RealVector, implying a constraint on available API features.",,,
math:KU:org.apache.commons.math3.analysis.UnivariateFunction:MATH-0020,math:API:org.apache.commons.math3.analysis.UnivariateFunction,has_example,"@Test public void testSinMin() { UnivariateFunction f = new Sin(); UnivariateOptimizer optimizer = new BrentOptimizer(1e-10, 1e-14);",llm_quote_grounded,The KU provides a code snippet demonstrating how to use UnivariateFunction within a BrentOptimizer context.,,,
math:KU:org.apache.commons.math3.analysis.UnivariateFunction:MATH-0020,math:API:org.apache.commons.math3.analysis.UnivariateFunction,has_guidance,"Usage is outlined in the unit tests of the `BrentOptimizer`, from which I have copied this excerpt:",llm_quote_grounded,"The KU recommends learning usage through unit tests and API documentation, specifically pointing to BrentOptimizer examples.",,,
math:KU:java.lang.Math#signum(double):MATH-0021,math:API:java.lang.Math#signum(double),has_example,if (Math.signum(f(x1)) == Math.signum(f(x3))){ x1 = x3; //redefine the interval },llm_quote_grounded,The KU shows code using Math.signum to compare signs of function values during bisection interval narrowing.,,,
math:KU:java.lang.Math#signum(double):MATH-0021,math:API:java.lang.Math#signum(double),has_guidance,"This code works for me: private final int NMAX = 100; public double solve(Function f, double a, double b, double tolerance) {",llm_quote_grounded,"The KU presents a corrected iterative solution that uses Math.signum properly, contrasting it with a flawed recursive attempt.",,,
math:KU:java.lang.Math#log(double):MATH-0022,math:API:java.lang.Math#log(double),has_constraint,`Math.log` doesn't throw an exception if you give it a negative argument. It returns `NaN`.,llm_quote_grounded,"The KU explains that Math.log does not throw exceptions for invalid inputs but returns NaN, constraining error handling strategies.",,,
math:KU:java.lang.Math#log(double):MATH-0022,math:API:java.lang.Math#log(double),has_guidance,You should check for that instead of trying to catch an exception.,llm_quote_grounded,The KU advises checking for NaN explicitly instead of relying on exception catching when using Math.log.,,,
math:KU:org.apache.commons.math3.analysis.interpolation.UnivariateInterpolator:MATH-0023,math:API:org.apache.commons.math3.analysis.interpolation.UnivariateInterpolator,has_explanation,The `interpolate` method expects arrays of pairs (here called `x` and `y`) and returns a function (`psf`) that fits these values as best as possible.,llm_quote_grounded,"The KU explains how the interpolate method works, taking arrays of pairs and returning a function to estimate missing values.",,,
math:KU:org.apache.commons.math3.analysis.interpolation.UnivariateInterpolator:MATH-0023,math:API:org.apache.commons.math3.analysis.interpolation.UnivariateInterpolator,has_example,"LinearInterpolator li = new LinearInterpolator(); PolynomialSplineFunction psf = li.interpolate(x, y);",llm_quote_grounded,The KU provides multiple code examples showing how to instantiate LinearInterpolator and call its methods.,,,
math:KU:org.apache.commons.math3.analysis.solvers.BrentSolver:MATH-0024,math:API:org.apache.commons.math3.analysis.solvers.BrentSolver,has_example,"UnivariateSolver nonBracketing = new BrentSolver(relativeAccuracy, absoluteAccuracy); double baseRoot = nonBracketing.solve(100, function, 1.0, 5.0);",llm_quote_grounded,The KU shows typical usage code for initializing and solving with BrentSolver.,,,
math:KU:org.apache.commons.math3.analysis.solvers.BracketingNthOrderBrentSolver:MATH-0111,math:API:org.apache.commons.math3.analysis.solvers.BracketingNthOrderBrentSolver,has_guidance,"This is now the recommended algorithm for most users since it has the largest order, doesn't require derivatives, has guaranteed convergence",llm_quote_grounded,The KU recommends BracketingNthOrderBrentSolver over other options due to its guaranteed convergence and flexibility.,,,
math:KU:org.apache.commons.math3.analysis.solvers.BracketingNthOrderBrentSolver:MATH-0111,math:API:org.apache.commons.math3.analysis.solvers.BracketingNthOrderBrentSolver,has_example,"UnivariateSolver solver = new BracketingNthOrderBrentSolver(relativeAccuracy, absoluteAccuracy, maxOrder); double c = solver.solve(100, function, 1.0, 5.0, AllowedSolution.LEFT_SIDE);",llm_quote_grounded,The KU provides a code snippet demonstrating the instantiation and usage of BracketingNthOrderBrentSolver.,,,
math:KU:org.apache.commons.math3.analysis.differentiation.DerivativeStructure:MATH-0025,math:API:org.apache.commons.math3.analysis.differentiation.DerivativeStructure,has_explanation,we simply set up `x` as an identity function of an implicit free parameter `p0` and `y` as an identity function of a different implicit free parameter `p1`,llm_quote_grounded,The KU explains how DerivativeStructure handles partial derivatives by setting up variables as identity functions of implicit free parameters.,,,
math:KU:org.apache.commons.math3.analysis.differentiation.DerivativeStructure:MATH-0025,math:API:org.apache.commons.math3.analysis.differentiation.DerivativeStructure,has_guidance,note that ` DerivativeStructure.getPartialDerivative ` is a variable arguments method which take as arguments the derivation order with respect to all free parameters,llm_quote_grounded,The KU guides on how to declare dimensions for combining functions using DerivativeStructure.getPartialDerivative.,,,
math:KU:org.apache.commons.math3.exception.util.ExceptionContext:MATH-0026,math:API:org.apache.commons.math3.exception.util.ExceptionContext,has_explanation,the string returned by the ExceptionContext.getLocalizedMessage method,llm_quote_grounded,Explains that the localized message string is returned by this class's method.,,,
math:KU:org.apache.commons.math3.exception.util.ExceptionContextProvider:MATH-0099,math:API:org.apache.commons.math3.exception.util.ExceptionContextProvider,has_guidance,A call to the ExceptionContextProvider.getContext method will return the ExceptionContext instance stored in the exception,llm_quote_grounded,Guides on how to access the context instance stored in exceptions via this interface.,,,
math:KU:org.apache.commons.math3.genetics.GeneticAlgorithm:MATH-0027,math:API:org.apache.commons.math3.genetics.GeneticAlgorithm,has_explanation,GeneticAlgorithm provides an execution framework for Genetic Algorithms (GA).,llm_quote_grounded,Describes the role of GeneticAlgorithm as an execution framework for GAs.,,,
math:KU:org.apache.commons.math3.genetics.GeneticAlgorithm:MATH-0027,math:API:org.apache.commons.math3.genetics.GeneticAlgorithm,has_example,"public Population evolve(Population initial, StoppingCondition condition) { Population current = initial; while (!condition.isSatisfied(current)) { current = nextGeneration(current); } return current; }",llm_quote_grounded,Provides code snippet showing the evolve method implementation.,,,
math:KU:org.apache.commons.math3.genetics.StoppingCondition:MATH-0101,math:API:org.apache.commons.math3.genetics.StoppingCondition,has_explanation,"Populations, consisting of Chromosomes are evolved by the ` GeneticAlgorithm ` until a StoppingCondition is reached.",llm_quote_grounded,Explains that evolution continues until a stopping condition is reached.,,,
math:KU:org.apache.commons.math3.genetics.FixedGenerationCount:MATH-0028,math:API:org.apache.commons.math3.genetics.FixedGenerationCount,has_example,StoppingCondition stopCond = new FixedGenerationCount(NUM_GENERATIONS);,llm_quote_grounded,Shows instantiation and usage of FixedGenerationCount as a stopping condition.,,,
math:KU:org.apache.commons.math3.genetics.FixedGenerationCount:MATH-0028,math:API:org.apache.commons.math3.genetics.FixedGenerationCount,has_explanation,"a FixedGenerationCount stopping condition is used, which means the algorithm proceeds through a fixed number of generations.",llm_quote_grounded,Explains that this condition means the algorithm proceeds through a fixed number of generations.,,,
math:KU:org.apache.commons.math3.genetics.TournamentSelection:MATH-0051,math:API:org.apache.commons.math3.genetics.TournamentSelection,has_example,new TournamentSelection(TOURNAMENT_ARITY),llm_quote_grounded,Shows instantiation of TournamentSelection in the GA constructor.,,,
math:KU:org.apache.commons.math3.genetics.TournamentSelection:MATH-0051,math:API:org.apache.commons.math3.genetics.TournamentSelection,has_explanation,"Each of the two selected chromosomes is selected based on an n-ary tournament -- this is done by drawing n random chromosomes without replacement from the population, and then selecting the fittest chromosome among them.",llm_quote_grounded,Explains the mechanism of tournament selection.,,,
math:KU:org.apache.commons.math3.genetics.OnePointCrossover:MATH-0076,math:API:org.apache.commons.math3.genetics.OnePointCrossover,has_example,new OnePointCrossover<Integer>(),llm_quote_grounded,Shows instantiation of OnePointCrossover in the GA constructor.,,,
math:KU:org.apache.commons.math3.genetics.OnePointCrossover:MATH-0076,math:API:org.apache.commons.math3.genetics.OnePointCrossover,has_explanation,"A random crossover point is selected and the first part from each parent is copied to the corresponding child, and the second parts are copied crosswise.",llm_quote_grounded,Explains how one-point crossover works.,,,
math:KU:org.apache.commons.math3.genetics.GeneticAlgorithm:MATH-0102,math:API:org.apache.commons.math3.genetics.GeneticAlgorithm,has_example,"// initialize a new genetic algorithm GeneticAlgorithm ga = new GeneticAlgorithm( new OnePointCrossover<Integer>(), 1, new RandomKeyMutation(), 0.10, new TournamentSelection(TOURNAMENT_ARITY) ); // initial population Population initial = getInitialPopulation(); // stopping condition StoppingCondition stopCond = new FixedGenerationCount(NUM_GENERATIONS); // run the algorithm Population finalPopulation = ga.evolve(initial, stopCond);",llm_quote_grounded,Shows full example of initializing and running a GeneticAlgorithm.,,,
math:KU:org.apache.commons.math3.genetics.StoppingCondition:MATH-0103,math:API:org.apache.commons.math3.genetics.StoppingCondition,has_explanation,executes until the specified StoppingCondition is reached.,llm_quote_grounded,States that the algorithm executes until the specified stopping condition is reached.,,,
math:KU:org.apache.commons.math3.genetics.RandomKeyMutation:MATH-0127,math:API:org.apache.commons.math3.genetics.RandomKeyMutation,has_example,new RandomKeyMutation(),llm_quote_grounded,Shows instantiation of RandomKeyMutation in the GA constructor.,,,
math:KU:org.apache.commons.math3.genetics.RandomKeyMutation:MATH-0127,math:API:org.apache.commons.math3.genetics.RandomKeyMutation,has_explanation,"Changes a randomly chosen element of the array representation to a random value uniformly distributed in [0,1].",llm_quote_grounded,Explains what RandomKeyMutation does.,,,
math:KU:org.apache.commons.math3.linear.RealVector:MATH-0029,math:API:org.apache.commons.math3.linear.RealVector,has_explanation,The RealVector interface represents a vector with real numbers as entries.,llm_quote_grounded,Defines RealVector as representing a vector with real numbers.,,,
math:KU:org.apache.commons.math3.linear.RealVector:MATH-0029,math:API:org.apache.commons.math3.linear.RealVector,has_guidance,"* Vector addition, subtraction * Element by element multiplication, division * Scalar addition, subtraction, multiplication, division and power * Mapping of mathematical functions (cos, sin ...) * Dot product, outer product * Distance and norm according to norms L1, L2 and Linf",llm_quote_grounded,Lists supported basic matrix operations for RealVector.,,,
math:KU:org.apache.commons.math3.linear.RealVectorFormat:MATH-0077,math:API:org.apache.commons.math3.linear.RealVectorFormat,has_explanation,The RealVectorFormat class handles input/output of vectors in a customizable textual format.,llm_quote_grounded,Explains that RealVectorFormat handles input/output in customizable textual format.,,,
math:KU:org.apache.commons.math3.linear.DecompositionSolver:MATH-0030,math:API:org.apache.commons.math3.linear.DecompositionSolver,has_example,"DecompositionSolver ds=svd.getSolver(); double[] b = {0.0, 0.20273255, 0.5815754, 0.7520387, 0.96885669, 1.09861229}; ds.solve(b)[0];",llm_quote_grounded,Shows using DecompositionSolver obtained from SVD to solve least squares problem.,,,
math:KU:org.apache.commons.math3.linear.SingularValueDecomposition:MATH-0091,math:API:org.apache.commons.math3.linear.SingularValueDecomposition,has_example,SingularValueDecomposition svd = new SingularValueDecomposition(matrix);,llm_quote_grounded,Shows creating SingularValueDecomposition object from a matrix.,,,
math:KU:org.apache.commons.math3.linear.RealMatrix:MATH-0117,math:API:org.apache.commons.math3.linear.RealMatrix,has_example,RealMatrix matrix = MatrixUtils.createRealMatrix(testSquare);,llm_quote_grounded,Shows creating a RealMatrix instance using MatrixUtils.,,,
math:KU:org.apache.commons.math3.linear.Array2DRowRealMatrix:MATH-0031,math:API:org.apache.commons.math3.linear.Array2DRowRealMatrix,has_example,"RealMatrix coefficients = new Array2DRowRealMatrix(new double[][] { { px1*px1, px1, 1 }, { px2*px2, px2, 1 }, { x*x, x, 1 } }, false);",llm_quote_grounded,Shows instantiating Array2DRowRealMatrix with coefficient data.,,,
math:KU:org.apache.commons.math3.linear.DecompositionSolver:MATH-0053,math:API:org.apache.commons.math3.linear.DecompositionSolver,has_example,"DecompositionSolver solver = new LUDecomposition(coefficients).getSolver(); RealVector constants = new ArrayRealVector(new double[] { py1, py2, y }, false); RealVector solution = solver.solve(constants);",llm_quote_grounded,Shows obtaining solver from LUDecomposition and solving for constants.,,,
math:KU:java.lang.Math#ulp(double):MATH-0032,math:API:java.lang.Math#ulp(double),has_constraint,"since I am developing for Codename ONE, `ulp(double)` is not provided.",llm_quote_grounded,Notes that Math.ulp is missing in Codename ONE environment.,,,
math:KU:java.lang.Math#ulp(double):MATH-0032,math:API:java.lang.Math#ulp(double),has_explanation,ULP returns the absolute value of the difference between the given value and the next floating point number in magnitude.,llm_quote_grounded,Clarifies that ULP returns absolute difference between value and next floating point number.,,,
math:KU:org.apache.commons.math3.analysis.UnivariateFunction:MATH-0033,math:API:org.apache.commons.math3.analysis.UnivariateFunction,has_explanation,The reason their `value` methods are not static is to fulfil the `UnivariateFunction` interface.,llm_quote_grounded,Explains that Log/Exp classes implement UnivariateFunction interface.,,,
math:KU:org.apache.commons.math3.analysis.UnivariateFunction:MATH-0033,math:API:org.apache.commons.math3.analysis.UnivariateFunction,has_guidance,"So, yes, you can safely reuse the objects.",llm_quote_grounded,Confirms safe reuse of instances due to statelessness.,,,
math:KU:org.apache.commons.math3.analysis.polynomials.PolynomialFunction:MATH-0035,math:API:org.apache.commons.math3.analysis.polynomials.PolynomialFunction,has_example,"Optional< Double > optimizeNR( PolynomialFunction f, double min, double max, double tol ) {",llm_quote_grounded,"The KU provides a code snippet demonstrating how to use PolynomialFunction methods (polynomialDerivative, value) to find optima.",,,
"math:KU:org.apache.spark.sql.DataFrameNaFunctions#fill(java.lang.String,scala.collection.Seq):MATH-0036","math:API:org.apache.spark.sql.DataFrameNaFunctions#fill(java.lang.String,scala.collection.Seq)",has_guidance,You can use `.na.fill` function (it is a function in org.apache.spark.sql.DataFrameNaFunctions).,llm_quote_grounded,The KU explicitly recommends using the fill function to replace null values and explains its usage parameters.,,,
"math:KU:org.apache.spark.sql.DataFrameNaFunctions#fill(java.lang.String,scala.collection.Seq):MATH-0036","math:API:org.apache.spark.sql.DataFrameNaFunctions#fill(java.lang.String,scala.collection.Seq)",has_example,"val df2 = df.na.fill(""a"", Seq(""Name"")) .na.fill(""a2"", Seq(""Place""))",llm_quote_grounded,The KU provides specific code examples showing how to call the fill method on a DataFrame.,,,
math:KU:org.apache.commons.math3.complex.Complex:MATH-0037,math:API:org.apache.commons.math3.complex.Complex,has_example,"Complex c = new Complex(1.1111, 2.2222); String s = format.format(c);",llm_quote_grounded,The KU shows code creating Complex instances which are then formatted/parsed.,,,
math:KU:org.apache.commons.math3.complex.ComplexFormat:MATH-0064,math:API:org.apache.commons.math3.complex.ComplexFormat,has_explanation,` Complex ` instances can be converted to and from strings using the ComplexFormat class.,llm_quote_grounded,The KU explains that ComplexFormat is used to convert Complex instances to/from strings and extends java.text.Format.,,,
math:KU:org.apache.commons.math3.complex.ComplexFormat:MATH-0064,math:API:org.apache.commons.math3.complex.ComplexFormat,has_guidance,"To customize the formatting output, one or two `java.text.NumberFormat` instances can be used to construct a ` ComplexFormat `.",llm_quote_grounded,The KU guides on how to customize formatting by using NumberFormat instances or setting the imaginary character.,,,
math:KU:org.apache.commons.math3.filter.KalmanFilter:MATH-0038,math:API:org.apache.commons.math3.filter.KalmanFilter,has_explanation,KalmanFilter provides a discrete-time filter to estimate a stochastic linear process.,llm_quote_grounded,The KU explains that KalmanFilter provides a discrete-time filter to estimate a stochastic linear process.,,,
math:KU:org.apache.commons.math3.filter.KalmanFilter:MATH-0038,math:API:org.apache.commons.math3.filter.KalmanFilter,has_guidance,"A Kalman filter is initialized with a ProcessModel and a MeasurementModel , which contain the corresponding transformation and noise covariance matrices.",llm_quote_grounded,The KU describes the initialization requirements involving ProcessModel and MeasurementModel with specific matrices.,,,
math:KU:org.apache.commons.math3.filter.KalmanFilter:MATH-0038,math:API:org.apache.commons.math3.filter.KalmanFilter,has_example,"KalmanFilter filter = new KalmanFilter(pm, mm); Iteration The following code illustrates how to perform the predict/correct cycle:",llm_quote_grounded,The KU provides code for initializing the filter and performing the predict/correct cycle.,,,
math:KU:org.apache.commons.math3.filter.MeasurementModel:MATH-0039,math:API:org.apache.commons.math3.filter.MeasurementModel,has_example,"MeasurementModel mm = new DefaultMeasurementModel(H, R);",llm_quote_grounded,The KU shows how to instantiate DefaultMeasurementModel as part of the Kalman Filter setup.,,,
math:KU:org.apache.commons.math3.filter.ProcessModel:MATH-0100,math:API:org.apache.commons.math3.filter.ProcessModel,has_example,"ProcessModel pm = new DefaultProcessModel(A, B, Q, new ArrayRealVector(new double[] { 0 }), null);",llm_quote_grounded,The KU shows how to instantiate DefaultProcessModel as part of the Kalman Filter setup.,,,
math:KU:org.apache.commons.math3.geometry.euclidean.threed.Rotation:MATH-0040,math:API:org.apache.commons.math3.geometry.euclidean.threed.Rotation,has_explanation,"Rotation represents 3D rotations. Rotation instances are also immutable objects, as Vector3D instances.",llm_quote_grounded,The KU explains that Rotation represents 3D rotations and uses quaternions internally while hiding implementation details.,,,
math:KU:org.apache.commons.math3.geometry.euclidean.threed.Rotation:MATH-0040,math:API:org.apache.commons.math3.geometry.euclidean.threed.Rotation,has_guidance,"The user can build a rotation from any of these representations, and any of these representations can be retrieved from a ` Rotation ` instance",llm_quote_grounded,The KU advises that users can build rotations from various mathematical entities and retrieve them via getters.,,,
math:KU:org.apache.commons.math3.linear.SingularValueDecomposition:MATH-0042,math:API:org.apache.commons.math3.linear.SingularValueDecomposition,has_constraint,"For Jama's singular value decomposition, the number of rows must not be less than the number of columns.",llm_quote_grounded,"The KU notes a constraint regarding matrix dimensions for SVD in the Jama library (rows must not be less than columns), which relates to the API's behavior.",,,
math:KU:org.apache.commons.math3.geometry.euclidean.threed.Vector3D:MATH-0043,math:API:org.apache.commons.math3.geometry.euclidean.threed.Vector3D,has_guidance,"Try this: Vector v1 = new Vector3D(1, 2, 3); You need a class that implements Vector.",llm_quote_grounded,The KU instructs the user to use Vector3D instead of the abstract Vector class for instantiation.,,,
math:KU:org.apache.commons.math3.geometry.euclidean.threed.Vector3D:MATH-0043,math:API:org.apache.commons.math3.geometry.euclidean.threed.Vector3D,has_example,"Vector v1 = new Vector3D(1, 2, 3);",llm_quote_grounded,The KU provides a code example of creating a Vector3D instance.,,,
math:KU:java.lang.Math#round(float):MATH-0045,math:API:java.lang.Math#round(float),has_example,if (result == Math.round(result)) return result;,llm_quote_grounded,The KU provides a code snippet using Math.round to check if a division result is a whole number.,,,
math:KU:org.apache.poi.xssf.usermodel.XSSFFormulaEvaluator:MATH-0046,math:API:org.apache.poi.xssf.usermodel.XSSFFormulaEvaluator,has_example,XSSFFormulaEvaluator formulaevaluator = (XSSFFormulaEvaluator)helper.createFormulaEvaluator();,llm_quote_grounded,The KU includes Java code demonstrating the instantiation and usage of XSSFFormulaEvaluator to evaluate Excel formulas.,,,
math:KU:org.apache.commons.math3.analysis.interpolation.TricubicSplineInterpolator:MATH-0047,math:API:org.apache.commons.math3.analysis.interpolation.TricubicSplineInterpolator,has_explanation,"From three-dimensional data sampled on a grid, the TricubicSplineInterpolator computes a tricubic interpolating function.",llm_quote_grounded,The KU explains that this class computes a tricubic interpolating function from 3D grid data.,,,
math:KU:org.apache.commons.math3.complex.Complex:MATH-0049,math:API:org.apache.commons.math3.complex.Complex,has_example,"Complex first = new Complex(1.0, 3.0); Complex second = new Complex(2.0, 5.0); Complex answer = first.log(); // natural logarithm. answer = first.cos(); // cosine answer = first.pow(second); // first raised to the power of second",llm_quote_grounded,"The KU shows how to create Complex instances and call methods like log, cos, and pow.",,,
math:KU:org.apache.commons.math3.complex.Complex:MATH-0049,math:API:org.apache.commons.math3.complex.Complex,has_guidance,"Prior to version 1.2, these functions were provided by ComplexUtils in a way similar to the real number functions found in `java.lang.Math`, but this has been deprecated.",llm_quote_grounded,The KU notes that previous utility classes are deprecated in favor of these instance methods.,,,
math:KU:org.apache.commons.math3.fraction.Fraction:MATH-0050,math:API:org.apache.commons.math3.fraction.Fraction,has_example,"Fraction f = new Fraction(2, 4); String s = format.format(f); // s contains ""1 / 2"", note the reduced fraction",llm_quote_grounded,The KU demonstrates creating Fraction objects and formatting them.,,,
math:KU:org.apache.commons.math3.fraction.FractionFormat:MATH-0088,math:API:org.apache.commons.math3.fraction.FractionFormat,has_guidance,"` FractionFormat ` is a `java.text.Format` extension and, as such, is used like other formatting objects (e.g. `java.text.SimpleDateFormat`)",llm_quote_grounded,The KU explains that FractionFormat extends java.text.Format and can be customized with NumberFormat instances.,,,
math:KU:java.lang.Float#isInfinite(float):MATH-0054,math:API:java.lang.Float#isInfinite(float),has_example,"if (Float.isInfinite(a)) { System.out.println(""I want to print Infinity as NaN""); }",llm_quote_grounded,The KU shows a conditional check using Float.isInfinite to handle infinity values.,,,
math:KU:java.lang.Float#isInfinite(float):MATH-0054,math:API:java.lang.Float#isInfinite(float),has_constraint,but I'd recommend against it as highly misleading - but I suspect that's not what you meant anyway,llm_quote_grounded,The KU advises against using this method to display Infinity as NaN due to misleading behavior.,,,
math:KU:org.apache.commons.math3.linear.RealVector:MATH-0056,math:API:org.apache.commons.math3.linear.RealVector,has_example,RealVector vector = ... RealMatrix matrix = ... RealVector result = matrix.preMultiply(vector);,llm_quote_grounded,The KU provides a code snippet demonstrating how to use the API in conjunction with RealMatrix.preMultiply.,,,
math:KU:org.apache.commons.math3.linear.RealVector:MATH-0057,math:API:org.apache.commons.math3.linear.RealVector,has_explanation,"In Apache Commons Math 3, `EigenDecomposition` accepts nonsymmetric matrices, but it returns results using the classes `RealVector` and `RealMatrix`.",llm_quote_grounded,"The KU explains that EigenDecomposition returns results using RealVector and RealMatrix classes, requiring manual combination for complex values.",,,
math:KU:org.apache.commons.math3.analysis.polynomials.PolynomialFunction:MATH-0058,math:API:org.apache.commons.math3.analysis.polynomials.PolynomialFunction,has_example,"PolynomialFunction polynomial = new PolynomialFunction(coeffs); LaguerreSolver laguerreSolver = new LaguerreSolver(); double x = laguerreSolver.solve(100, polynomial, 0, 1000000);",llm_quote_grounded,The KU shows how to instantiate PolynomialFunction with coefficients to solve for roots.,,,
math:KU:org.apache.commons.math3.analysis.solvers.SecantSolver:MATH-0059,math:API:org.apache.commons.math3.analysis.solvers.SecantSolver,has_constraint,The ` SecantSolver ` uses a straightforward secant algorithm which does not bracket the search and therefore does not guarantee convergence.,llm_quote_grounded,The KU states that SecantSolver does not bracket the search and therefore does not guarantee convergence.,,,
math:KU:org.apache.commons.math3.analysis.solvers.RegulaFalsiSolver:MATH-0074,math:API:org.apache.commons.math3.analysis.solvers.RegulaFalsiSolver,has_constraint,"but then it may be slow, as one end point of the search interval will become fixed after and only the other end point will converge to the root",llm_quote_grounded,The KU notes that RegulaFalsiSolver may be slow because one end point becomes fixed.,,,
math:KU:org.apache.commons.math3.analysis.solvers.PegasusSolver:MATH-0085,math:API:org.apache.commons.math3.analysis.solvers.PegasusSolver,has_guidance,Pegasus is often faster than Illinois. Pegasus may be the algorithm of choice for selecting a specific side of the convergence interval.,llm_quote_grounded,The KU suggests Pegasus is often faster than Illinois and good for selecting specific sides of convergence.,,,
math:KU:org.apache.commons.math3.analysis.solvers.IllinoisSolver:MATH-0095,math:API:org.apache.commons.math3.analysis.solvers.IllinoisSolver,has_explanation,The ` IllinoisSolver ` and ` PegasusSolver ` are well-known variations of regula falsi that fix the problem of stuck end points by slightly weighting one endpoint to balance the interval at next iteration.,llm_quote_grounded,The KU explains that IllinoisSolver fixes the problem of stuck endpoints by weighting them.,,,
math:KU:org.apache.commons.math3.analysis.solvers.BisectionSolver:MATH-0096,math:API:org.apache.commons.math3.analysis.solvers.BisectionSolver,has_guidance,The ` BisectionSolver ` is included for completeness and for establishing a fall back in cases of emergency.,llm_quote_grounded,The KU recommends BisectionSolver as a fallback due to its guaranteed convergence despite slowness.,,,
math:KU:org.apache.commons.math3.analysis.solvers.UnivariateSolver:MATH-0060,math:API:org.apache.commons.math3.analysis.solvers.UnivariateSolver,has_constraint,"The accuracy properties are set at solver instance creation and cannot be changed afterwards, there are only getters to retriveve their values, no setters are available.",llm_quote_grounded,The KU specifies that accuracy properties are set at creation and cannot be changed afterwards (no setters).,,,
math:KU:org.apache.commons.math3.analysis.solvers.UnivariateSolver:MATH-0060,math:API:org.apache.commons.math3.analysis.solvers.UnivariateSolver,has_explanation,Absolute accuracy | The Absolute Accuracy is (estimated) maximal difference between the computed root and the true root of the function.,llm_quote_grounded,The KU defines what Absolute Accuracy represents in the context of this interface.,,,
math:KU:org.apache.commons.math3.analysis.interpolation.UnivariateInterpolator:MATH-0061,math:API:org.apache.commons.math3.analysis.interpolation.UnivariateInterpolator,has_example,"UnivariateInterpolator interpolator = new SplineInterpolator(); UnivariateFunction function = interpolator.interpolate(x, y); double interpolationX = 0.5; double interpolatedY = function.evaluate(x);",llm_quote_grounded,The KU provides typical usage code for creating an interpolator and evaluating the function.,,,
math:KU:org.apache.commons.math3.analysis.interpolation.UnivariateInterpolator:MATH-0061,math:API:org.apache.commons.math3.analysis.interpolation.UnivariateInterpolator,has_constraint,The x values passed to the interpolator must be ordered in ascending order.,llm_quote_grounded,The KU states that x values must be ordered in ascending order.,,,
math:KU:org.apache.commons.math3.analysis.integration.UnivariateIntegrator:MATH-0062,math:API:org.apache.commons.math3.analysis.integration.UnivariateIntegrator,has_explanation,A UnivariateIntegrator provides the means to numerically integrate univariate real-valued functions.,llm_quote_grounded,The KU describes the purpose of the interface: providing means to numerically integrate univariate real-valued functions.,,,
math:KU:org.apache.commons.math3.analysis.differentiation.DerivativeStructure:MATH-0063,math:API:org.apache.commons.math3.analysis.differentiation.DerivativeStructure,has_example,"int params = 1; int order = 3; double xRealValue = 2.5; DerivativeStructure x = new DerivativeStructure(params, order, 0, xRealValue); DerivativeStructure y = f(x);",llm_quote_grounded,The KU provides a complete Java code snippet demonstrating how to instantiate and use DerivativeStructure for automatic differentiation.,,,
math:KU:org.apache.commons.math3.analysis.differentiation.DerivativeStructure:MATH-0063,math:API:org.apache.commons.math3.analysis.differentiation.DerivativeStructure,has_guidance,First we configure an input parameter `x` of type DerivativeStructure so it will drive the function to compute all derivatives up to order 3 for example.,llm_quote_grounded,The KU outlines the specific workflow steps required to compute derivatives using this class.,,,
math:KU:org.apache.commons.math3.geometry.euclidean.oned.IntervalsSet:MATH-0065,math:API:org.apache.commons.math3.geometry.euclidean.oned.IntervalsSet,has_explanation,"Interval and IntervalsSet represent one dimensional regions. All classical set operations are available for intervals sets: union, intersection, symmetric difference (exclusive or), difference, complement",llm_quote_grounded,The KU explains that IntervalsSet represents one-dimensional regions and supports various set operations and geometric properties.,,,
math:KU:org.apache.commons.math3.geometry.euclidean.oned.Interval:MATH-0089,math:API:org.apache.commons.math3.geometry.euclidean.oned.Interval,has_explanation,Interval and IntervalsSet represent one dimensional regions.,llm_quote_grounded,The KU identifies Interval as representing one-dimensional regions alongside IntervalsSet.,,,
math:KU:org.apache.commons.math3.geometry.euclidean.twod.PolygonsSet:MATH-0128,math:API:org.apache.commons.math3.geometry.euclidean.twod.PolygonsSet,has_explanation,"PolygonsSet represent two dimensional regions. All classical set operations are available for polygons sets: union, intersection, symmetric difference (exclusive or), difference, complement",llm_quote_grounded,The KU explains that PolygonsSet represents two-dimensional regions and lists its supported operations and construction methods.,,,
math:KU:org.apache.commons.math3.geometry.euclidean.threed.Rotation:MATH-0066,math:API:org.apache.commons.math3.geometry.euclidean.threed.Rotation,has_example,"Vector3 point = vec.clone().add(NetworkOrbit.getOrbitOffset(r, s * i, this.rotation)); points[i] = point.clone();",llm_quote_grounded,"The KU contains a code block showing how to generate points on a circle using rotation logic, which relates to the concept of rotating vectors in 3D space.",,,
math:KU:java.lang.ArithmeticException:MATH-0067,math:API:java.lang.ArithmeticException,has_explanation,"Dividing an `int` value by zero would result in a `ArithmeticException`, hence the expression `1 / 0` is illegal.",llm_quote_grounded,"The KU explains why integer division by zero causes a compilation error or exception, contrasting it with floating-point behavior.",,,
math:KU:java.lang.Math#ulp(double):MATH-0068,math:API:java.lang.Math#ulp(double),has_example,"@Override public double ulp(double d) { if (Double.isNaN(d)) { // If the argument is NaN, then the result is NaN. return Double.NaN; }",llm_quote_grounded,"The KU provides a custom implementation of the ulp method, serving as an example of how to compute ULP when the standard library method is unavailable.",,,
math:KU:java.lang.Math#ulp(double):MATH-0068,math:API:java.lang.Math#ulp(double),has_constraint,"I need the ulp for a given double value, but since I am developing for Codename ONE, `ulp(double)` is not provided.",llm_quote_grounded,"The KU notes that the standard Math.ulp is missing in the target environment (Codename ONE), necessitating a workaround.",,,
math:KU:java.lang.Math#sqrt(double):MATH-0069,math:API:java.lang.Math#sqrt(double),has_explanation,"As it is, you might be computing `Math.sqrt(x)` for a negative number, which would explain the NaN (Not a Number) result.",llm_quote_grounded,"The KU explains that passing a negative number to Math.sqrt results in NaN, clarifying the source of the user's error.",,,
math:KU:java.lang.Math#sqrt(double):MATH-0069,math:API:java.lang.Math#sqrt(double),has_constraint,"If the argument is NaN or less than zero, then the result is NaN",llm_quote_grounded,The KU specifies the domain constraint for Math.sqrt regarding negative inputs based on JavaDoc.,,,
math:KU:java.lang.Math#floor(double):MATH-0070,math:API:java.lang.Math#floor(double),has_explanation,System.out.println(Math.floor(Double.POSITIVE_INFINITY)); // Prints Infinity System.out.println((int)Double.POSITIVE_INFINITY); // Prints 2147483647,llm_quote_grounded,"The KU contrasts Math.floor with integer casting, explaining differences in handling negative numbers, large values, and special floating-point states like Infinity and NaN.",,,
math:KU:java.lang.Math#floor(double):MATH-0070,math:API:java.lang.Math#floor(double),has_guidance,But I would always use them nevertheless. Casting makes things way more unreadable. Rounding up/down/off is more some kind of (side-effect) of the cast.,llm_quote_grounded,The KU advises using Math.floor/ceil over casting for clarity and correctness in edge cases.,,,
math:KU:org.mariuszgromada.math.mxparser.mXparser#consolePrintTokens(java.util.ArrayList):MATH-0071,math:API:org.mariuszgromada.math.mxparser.mXparser#consolePrintTokens(java.util.ArrayList),has_example,mXparser.consolePrintTokens( e.getCopyOfInitialTokens() );,llm_quote_grounded,The KU shows how to call consolePrintTokens to inspect the tokenization of a mathematical expression.,,,
math:KU:org.apache.commons.math3.linear.RealVector:MATH-0072,math:API:org.apache.commons.math3.linear.RealVector,has_explanation,`preMultiply` does not give you `m x p` but `p x m`. This would be suitable for your question but not for your comment `// p2 = m x p`.,llm_quote_grounded,"Explains the behavior of preMultiply and clarifies that it performs p x m, not m x p.",,,
math:KU:org.apache.commons.math3.linear.RealVector:MATH-0072,math:API:org.apache.commons.math3.linear.RealVector,has_guidance,To get the result you want you have two options: 1. Use `RealMatrix#operate(RealVector)` which produces `m x p`: RealVector mxp = m.operate(p); System.out.println(mxp); 2. Transpose the matrix before pre-multiplying: RealVector pxm_t = m.transpose().preMultiply(p); System.out.println(pxm_t);,llm_quote_grounded,Provides specific steps/options to achieve the desired matrix-vector multiplication result.,,,
math:KU:org.apache.commons.math3.analysis.solvers.BracketingNthOrderBrentSolver:MATH-0073,math:API:org.apache.commons.math3.analysis.solvers.BracketingNthOrderBrentSolver,has_guidance,"In order to use the root-finding features, first a solver object must be created by calling its constructor, often providing relative and absolute accuracy. Using a solver object, roots of functions are easily found using the ` BracketingNthOrderBrentSolver.solve ` methods.",llm_quote_grounded,"Describes how to use the solver object, including constructor calls and method parameters.",,,
math:KU:org.apache.commons.math3.exception.ConvergenceException:MATH-0110,math:API:org.apache.commons.math3.exception.ConvergenceException,has_explanation,"If the maximal number of iterations count is exceeded, non-convergence is assumed and a ` ConvergenceException ` exception is thrown.",llm_quote_grounded,Explains when this exception is thrown during the solving process.,,,
math:KU:org.apache.commons.math3.complex.Complex:MATH-0075,math:API:org.apache.commons.math3.complex.Complex,has_explanation,Complex provides a complex number type that forms the basis for the complex functionality found in commons-math. Complex functions and arithmetic operations are implemented in commons-math by applying standard computational formulas and following the rules for `java.lang.Double` arithmetic in handling infinite and ` NaN ` values.,llm_quote_grounded,Explains the class's role as a complex number type and its adherence to Java Double arithmetic rules.,,,
math:KU:org.apache.commons.math3.linear.DecompositionSolver:MATH-0078,math:API:org.apache.commons.math3.linear.DecompositionSolver,has_guidance,"It is possible to solve multiple systems with the same coefficient matrix in one method call. To do this, create a matrix whose column vectors correspond to the constant vectors for the systems to be solved and use ` DecompositionSolver.solve(RealMatrix), ` which returns a matrix with column vectors representing the solutions.",llm_quote_grounded,Explains how to solve multiple systems with the same coefficient matrix using the solve method.,,,
math:KU:org.apache.commons.math3.linear.SingularValueDecomposition:MATH-0079,math:API:org.apache.commons.math3.linear.SingularValueDecomposition,has_explanation,"For an m-by-n matrix A with m >= n, the singular value decomposition is an m-by-n orthogonal matrix U, an n-by-n diagonal matrix S, and an n-by-n orthogonal matrix V so that A = USV'.",llm_quote_grounded,"Explains the mathematical definition of SVD and the dimensions of U, Sigma, and V matrices.",,,
math:KU:org.apache.commons.math3.linear.SingularValueDecomposition:MATH-0079,math:API:org.apache.commons.math3.linear.SingularValueDecomposition,has_constraint,"Be careful here, JAMA supports SVD primarily for full rank matrices, and if you read the ""readme"" you'll notice that the behavior is not necessarily correct for rank deficient (m < n) matrices.",llm_quote_grounded,Notes that JAMA (and by extension the similar Commons Math class) supports SVD primarily for full rank matrices and may behave incorrectly for rank deficient ones.,,,
math:KU:org.apache.commons.math3.fraction.BigFraction:MATH-0080,math:API:org.apache.commons.math3.fraction.BigFraction,has_explanation,When multiplying two BigFraction objects with numerators larger than will fit in an java-primitive int the result of BigFraction.ZERO is incorrectly returned..,llm_quote_grounded,Identifies a bug in version 2.0 regarding overflow in numerators causing incorrect results.,,,
math:KU:org.apache.commons.math3.fraction.BigFraction:MATH-0080,math:API:org.apache.commons.math3.fraction.BigFraction,has_guidance,Providing `double`'s in the constructors lead to round-off errors. Using exact numerators and denominators will result in the expected outcome:,llm_quote_grounded,Recommends using exact integer constructors instead of double constructors to avoid round-off errors.,,,
math:KU:java.lang.Math#getExponent(double):MATH-0082,math:API:java.lang.Math#getExponent(double),has_guidance,"Instead of getting the bits for the exponent and dealing with the exponent's sign (which is distinct from the value's sign), I use `Math.getExponent` to get its signed value. According to its documentation, > * If the argument is NaN or infinite, then the result is Double.MAX_EXPONENT + 1. > * If the argument is zero or subnormal, then the result is Double.MIN_EXPONENT -1.",llm_quote_grounded,Details the logic for handling subnormal numbers and adjusting the exponent based on the documentation.,,,
math:KU:org.apache.commons.math3.analysis.polynomials.PolynomialFunction:MATH-0083,math:API:org.apache.commons.math3.analysis.polynomials.PolynomialFunction,has_example,final PolynomialFunction[] splines = function.getPolynomials(); final PolynomialFunction firstFunction = splines[0];,llm_quote_grounded,The KU provides code snippets demonstrating how to retrieve and use PolynomialFunction objects for extrapolation.,,,
math:KU:org.apache.commons.math3.analysis.polynomials.PolynomialFunction:MATH-0083,math:API:org.apache.commons.math3.analysis.polynomials.PolynomialFunction,has_guidance,"You can get the first and last polynomial splines from the interpolator, and use those to extrapolate.",llm_quote_grounded,The KU explains the method of using the first and last polynomial splines to perform linear extrapolation outside the interpolation range.,,,
math:KU:java.lang.Math#ulp(float):MATH-0084,math:API:java.lang.Math#ulp(float),has_explanation,"One of the specifications is to implement ulp method, like Math.ulp() in Java.",llm_quote_grounded,The KU discusses the concept of ULP (Unit in the Last Place) and mentions Java's Math.ulp() as a reference implementation.,,,
math:KU:java.lang.Math#ulp(float):MATH-0084,math:API:java.lang.Math#ulp(float),has_example,float ulp(float x) { int repr; float next; if (Float.isNaN(x)) return Float.NaN;,llm_quote_grounded,"The KU provides a custom code snippet implementing a ULP calculation for floats, serving as an alternative or example of how such functionality works.",,,
math:KU:org.apache.commons.math3.analysis.interpolation.HermiteInterpolator:MATH-0086,math:API:org.apache.commons.math3.analysis.interpolation.HermiteInterpolator,has_explanation,Hermite interpolation is an interpolation method that can use derivatives in addition to function values at sample points.,llm_quote_grounded,The KU describes Hermite interpolation as a method that uses derivatives in addition to function values.,,,
math:KU:org.apache.commons.math3.analysis.interpolation.HermiteInterpolator:MATH-0086,math:API:org.apache.commons.math3.analysis.interpolation.HermiteInterpolator,has_example,"HermiteInterpolator interpolator = new HermiteInterpolator; // at x = 0, we provide both value and first derivative",llm_quote_grounded,"The KU provides a complete code example showing how to instantiate HermiteInterpolator, add sample points with and without derivatives, and evaluate the result.",,,
math:KU:org.apache.commons.math3.analysis.interpolation.BivariateGridInterpolator:MATH-0112,math:API:org.apache.commons.math3.analysis.interpolation.BivariateGridInterpolator,has_constraint,The arrays `xi` and `yj` must be sorted in increasing order in order to define a two-dimensional grid.,llm_quote_grounded,The KU specifies that the input arrays for the grid must be sorted in increasing order.,,,
math:KU:org.apache.commons.math3.analysis.interpolation.BivariateGridInterpolator:MATH-0112,math:API:org.apache.commons.math3.analysis.interpolation.BivariateGridInterpolator,has_explanation,"A BivariateGridInterpolator is used to find a bivariate real-valued function `f` which for a given set of tuples (`xi`,`yj`,`fij`) yields `f(xi,yj)=fij`",llm_quote_grounded,The KU explains that BivariateGridInterpolator finds a bivariate real-valued function fitting given tuples on a regular grid.,,,
math:KU:org.apache.commons.math3.linear.DecompositionSolver:MATH-0090,math:API:org.apache.commons.math3.linear.DecompositionSolver,has_explanation,The ` DecompositionSolver.solve() ` methods of the DecompositionSolver interface support solving linear systems of equations of the form AX=B,llm_quote_grounded,The KU explains that DecompositionSolver.solve() methods support solving linear systems AX=B in linear or least square senses.,,,
math:KU:org.apache.commons.math3.linear.DecompositionSolver:MATH-0090,math:API:org.apache.commons.math3.linear.DecompositionSolver,has_guidance,Solving the system is a two phases process: first the coefficient matrix is decomposed in some way and then a solver built from the decomposition solves the system.,llm_quote_grounded,The KU outlines the two-phase process of decomposing the matrix and then building a solver to solve the system.,,,
math:KU:org.apache.commons.math3.linear.DecompositionSolver:MATH-0090,math:API:org.apache.commons.math3.linear.DecompositionSolver,has_example,"RealMatrix coefficients = new Array2DRowRealMatrix(new double[][] { { 2, 3, -2 }, { -1, 7, 6 }, { 4, -3, -5 } }, false);",llm_quote_grounded,"The KU provides a code snippet demonstrating how to create a RealMatrix, perform LU decomposition, and solve for constants.",,,
math:KU:java.lang.Math#sqrt(double):MATH-0092,math:API:java.lang.Math#sqrt(double),has_example,solution1 = (-1*b + Math.sqrt(discriminant))/(2*a); x1 = solution1;,llm_quote_grounded,The KU contains code using Math.sqrt within the quadratic formula calculations.,,,
math:KU:java.lang.Math#sqrt(double):MATH-0092,math:API:java.lang.Math#sqrt(double),has_explanation,"so you're dividing by `2*a` = 0, which makes `solution1` and `solution2` equal to `NaN`.",llm_quote_grounded,"The KU explains that dividing by zero (due to variable masking) results in NaN, which propagates through Math.sqrt operations in this context.",,,
math:KU:org.apache.commons.math3.complex.ComplexFormat:MATH-0093,math:API:org.apache.commons.math3.complex.ComplexFormat,has_guidance,"You need to use the `ComplexFormat` as follows, calling the `format()` method on a single number of type `Complex` each time:",llm_quote_grounded,The KU advises using the format() method on individual Complex numbers rather than parsing or formatting lists directly to avoid exceptions.,,,
math:KU:org.apache.commons.math3.complex.ComplexFormat:MATH-0093,math:API:org.apache.commons.math3.complex.ComplexFormat,has_explanation,"if you instantiate it with no arguments (as I do above), it defaults to the `x + yi` format.",llm_quote_grounded,The KU notes that instantiating ComplexFormat with no arguments defaults to the 'x + yi' format.,,,
math:KU:org.apache.commons.math3.complex.ComplexFormat:MATH-0093,math:API:org.apache.commons.math3.complex.ComplexFormat,has_example,for (Complex c : list) { System.out.println(complexFormat.format(c)); },llm_quote_grounded,The KU provides code examples showing how to loop through a list of Complex numbers and print them using complexFormat.format(c).,,,
math:KU:org.apache.commons.math3.complex.Complex:MATH-0108,math:API:org.apache.commons.math3.complex.Complex,has_example,"Complex r = new Complex(6.3,9.6);",llm_quote_grounded,The KU shows instantiation of a Complex object with real and imaginary parts.,,,
math:KU:org.apache.commons.math3.complex.Complex:MATH-0108,math:API:org.apache.commons.math3.complex.Complex,has_explanation,List list = r.nthRoot(8);,llm_quote_grounded,"The KU demonstrates calculating nth roots of a Complex number, returning a list of Complex objects.",,,
math:KU:org.apache.commons.math3.analysis.UnivariateFunction:MATH-0094,math:API:org.apache.commons.math3.analysis.UnivariateFunction,has_example,UnivariateFunction f = new UnivariateFunction() { @Override public double value(double x) {,llm_quote_grounded,The KU provides an anonymous inner class implementation of UnivariateFunction defining the polynomial equation to be solved.,,,
math:KU:org.apache.commons.math3.analysis.solvers.BrentSolver:MATH-0124,math:API:org.apache.commons.math3.analysis.solvers.BrentSolver,has_guidance,if(Math.signum(f.value(intervalStart)) != Math.signum(f.value(intervalStart+intervalSize))),llm_quote_grounded,"The KU suggests scanning intervals to detect sign changes before calling the solver, implying the root must be bracketed.",,,
math:KU:java.lang.Double#doubleToLongBits(double):MATH-0104,math:API:java.lang.Double#doubleToLongBits(double),has_explanation,long bits = Double.doubleToLongBits(value);,llm_quote_grounded,"The KU explains that the API is used to inspect the bit representation of a double value to manually extract sign, exponent, and mantissa components for implementing frexp.",,,
math:KU:java.lang.Math#floor(double):MATH-0105,math:API:java.lang.Math#floor(double),has_example,return (d == Math.floor(d)) && !Double.isInfinite(d);,llm_quote_grounded,The KU provides a code snippet using Math.floor to check if a double is an integer by comparing it to its floor value.,,,
math:KU:org.apache.commons.math3.analysis.polynomials.PolynomialFunction:MATH-0106,math:API:org.apache.commons.math3.analysis.polynomials.PolynomialFunction,has_example,"PolynomialFunction polynomial = new PolynomialFunction(new double[]{ -4, 3, 1});",llm_quote_grounded,The KU shows how to instantiate a PolynomialFunction with specific coefficients to represent a polynomial equation.,,,
math:KU:org.apache.commons.math3.complex.Complex:MATH-0107,math:API:org.apache.commons.math3.complex.Complex,has_example,"final Complex[] result = solver.solveAllComplex(coeff, 0);",llm_quote_grounded,"The KU demonstrates using Apache Commons Math's LaguerreSolver which returns Complex objects as roots, implying the use of this class for complex number representation in root finding.",,,
math:KU:org.apache.commons.math3.analysis.polynomials.PolynomialFunction:MATH-0113,math:API:org.apache.commons.math3.analysis.polynomials.PolynomialFunction,has_explanation,"The PolynomialFunction class is the most general one, using traditional coefficients arrays.",llm_quote_grounded,The KU describes PolynomialFunction as the most general class for real coefficient polynomials using traditional arrays.,,,
math:KU:org.apache.commons.math3.analysis.polynomials.PolynomialsUtils:MATH-0114,math:API:org.apache.commons.math3.analysis.polynomials.PolynomialsUtils,has_explanation,"The PolynomialsUtils utility class provides static factory methods to build Chebyshev, Hermite, Jacobi, Laguerre and Legendre polynomials.",llm_quote_grounded,The KU explains that PolynomialsUtils provides static factory methods for building specific types of orthogonal polynomials like Chebyshev and Legendre.,,,
math:KU:org.apache.commons.math3.distribution.AbstractIntegerDistribution:MATH-0115,math:API:org.apache.commons.math3.distribution.AbstractIntegerDistribution,has_explanation,"Using a distribution object, PDF and CDF probabilities are easily computed using the ` AbstractIntegerDistribution.cumulativeProbability ` methods.",llm_quote_grounded,The KU explains that AbstractIntegerDistribution provides methods like cumulativeProbability to compute lower tail probabilities for discrete distributions.,,,
math:KU:java.lang.Math#log(double):MATH-0118,math:API:java.lang.Math#log(double),has_explanation,"`4/5` will evaluate to `0` due to integer division. `log(0)` is negative infinity, that could be the source of your `NaN`.",llm_quote_grounded,Explains the cause of NaN by linking integer division to log(0) resulting in negative infinity.,,,
math:KU:org.apache.commons.math3.analysis.differentiation.UnivariateDifferentiableFunction:MATH-0121,math:API:org.apache.commons.math3.analysis.differentiation.UnivariateDifferentiableFunction,has_example,UnivariateDifferentiableFunction f = new UnivariateDifferentiableFunction() { public double value(double x) { return Math.cos(x); } @Override public DerivativeStructure value(DerivativeStructure t) throws DimensionMismatchException { return t.cos(); } };,llm_quote_grounded,Provides a code example implementing the interface for use with NewtonRaphsonSolver.,,,
math:KU:org.apache.commons.math3.analysis.differentiation.DerivativeStructure:MATH-0125,math:API:org.apache.commons.math3.analysis.differentiation.DerivativeStructure,has_explanation,"the derivatives of g and f will be chained together automatically, without user intervention.",llm_quote_grounded,Explains how derivatives are chained automatically when using DerivativeStructure instances.,,,
math:KU:org.apache.commons.math3.fraction.Fraction:MATH-0126,math:API:org.apache.commons.math3.fraction.Fraction,has_guidance,The former one can be used for fractions whose numerators and denominators are small enough to fit in an int (taking care of intermediate values) while the second class should be used when there is a risk the numerator and denominator grow very large.,llm_quote_grounded,Advises on choosing between Fraction and BigFraction based on the size of numerators and denominators.,,,
math:KU:org.apache.commons.math3.fraction.Fraction:MATH-0126,math:API:org.apache.commons.math3.fraction.Fraction,has_constraint,when a fraction is created it is always reduced to lowest terms.,llm_quote_grounded,States that fractions are always reduced to lowest terms upon creation.,,,
math:KU:org.apache.commons.math3.fraction.Fraction:MATH-0126,math:API:org.apache.commons.math3.fraction.Fraction,has_example,"Fraction f = new Fraction(1, 3); // 1 / 3 Fraction g = new Fraction(0.25); // 1 / 4",llm_quote_grounded,Shows code examples for constructing Fractions from integers and doubles.,,,
math:KU:org.apache.commons.math3.geometry.euclidean.threed.Rotation:MATH-0130,math:API:org.apache.commons.math3.geometry.euclidean.threed.Rotation,has_guidance,This class does not push the user towards one specific definition and hence does not provide methods like `projectVectorIntoDestinationFrame` or `computeTransformedDirection`. It provides simpler and more generic methods: ` Rotation.applyTo(Vector3D) ` and ` Rotation.applyInverseTo(Vector3D) `.,llm_quote_grounded,Guides users to use generic applyTo methods rather than specific frame transformation methods.,,,
math:KU:java.lang.ArithmeticException:MATH-0067,math:KU:java.lang.Math#log(double):MATH-0022,contrasts_with,,llm_quote_grounded,"The left KU establishes that double arithmetic errors (like division by zero) result in special values (Infinity/NaN) rather than exceptions. The right KU reinforces this by showing that Math.log also returns NaN for invalid inputs instead of throwing an exception, contrasting with the user's expectation of catching an exception.",Error handling mechanisms in Java floating-point operations,"The result of dividing a `double` value by zero is infinity or `NaN` *, so the expression `1.0 / 0.0` is legal.",`Math.log` doesn't throw an exception if you give it a negative argument. It returns `NaN`.
math:KU:java.lang.ArithmeticException:MATH-0067,math:KU:org.apache.commons.math3.complex.Complex:MATH-0075,complements,,llm_quote_grounded,"The left KU defines the fundamental IEEE 754 behavior for doubles (returning Infinity/NaN on error). The right KU states that the Complex class explicitly follows these same rules for java.lang.Double arithmetic when handling infinite and NaN values, complementing the general rule with specific library implementation details.",Consistency of NaN/Infinity handling across standard and third-party math libraries,The result of dividing a `double` value by zero is infinity or `NaN`,following the rules for `java.lang.Double` arithmetic in handling infinite and ` NaN ` values.
math:KU:java.lang.ArithmeticException:MATH-0067,math:KU:org.apache.commons.math3.fraction.Fraction:MATH-0018,complements,,llm_quote_grounded,"The left KU explains the general Java behavior of division by zero for primitives (int vs double), while the right KU provides a specific implementation detail where a custom Fraction class explicitly throws an ArithmeticException for divide-by-zero, mirroring the primitive int behavior described on the left.",Java arithmetic operations involving division by zero,"Dividing an `int` value by zero would result in a `ArithmeticException`, hence the expression `1 / 0` is illegal.","if(denominator.equals(BigInteger.ZERO)) throw new ArithmeticException(""Divide by zero."");"
math:KU:java.lang.Double#doubleToLongBits(double):MATH-0104,math:KU:java.lang.Float#isInfinite(float):MATH-0054,task_related,,llm_quote_grounded,"Both KUs address handling special floating-point values (Infinity/NaN) during arithmetic or bit manipulation. The left KU uses `Double.isInfinite` to guard against invalid inputs in a `frexp` implementation, while the right KU discusses using `Float.isInfinite` to detect and handle infinity resulting from division by zero.",Handling non-finite floating-point results in Java,"// Test for NaN, infinity, and zero. if (Double.isNaN(value) || value + value == value || Double.isInfinite(value)) {","if you then print `a`, you will see `Infinity` rather than `NaN`. If you really want to print NaN in this case, you can test a for being infinite i.e. if (Float.isInfinite(a)) {"
math:KU:java.lang.Double#doubleToLongBits(double):MATH-0104,math:KU:java.lang.Math#floor(double):MATH-0105,complements,,llm_quote_grounded,"The left KU shows how to extract components of a double via bits, including checks for NaN/Infinity. The right KU provides a robust check for whether a double is an integer using `Math.floor` and `Double.isInfinite`, complementing the left's focus on internal representation with a practical utility for determining numeric properties.","Determining properties of double values (integer status, finiteness)","// Test for NaN, infinity, and zero. if (Double.isNaN(value) || value + value == value || Double.isInfinite(value)) {","public static boolean isInteger(double d) { // Note that Double.NaN is not equal to anything, even itself. return (d == Math.floor(d)) && !Double.isInfinite(d); }"
math:KU:java.lang.Double#doubleToLongBits(double):MATH-0104,math:KU:java.lang.Math#ulp(double):MATH-0032,task_related,,llm_quote_grounded,"Both knowledge units describe algorithms for manipulating floating-point numbers by accessing their underlying bit representations (mantissa/exponent extraction in frexp, and incrementing bits to find the next representable value in ulp).",Low-level IEEE 754 double-precision manipulation.,long bits = Double.doubleToLongBits(value);,return Math.Abs(BitConverter.Int64BitsToDouble(info.Bits + 1) - value);
math:KU:java.lang.Double#doubleToLongBits(double):MATH-0104,math:KU:java.lang.Math#ulp(double):MATH-0068,complements,,llm_quote_grounded,The right KU's implementation of `nextAfter` explicitly uses `Double.doubleToLongBits` (the API from the left KU) to perform the bit-level arithmetic required to calculate ULP when native methods are unavailable.,Implementation of ULP calculation via bit manipulation.,long bits = Double.doubleToLongBits(value);,"return copySign(Double.longBitsToDouble(Double.doubleToLongBits(absStart) + 1L), start);"
math:KU:java.lang.Double#doubleToLongBits(double):MATH-0104,math:KU:java.lang.Math#ulp(float):MATH-0084,contrasts_with,,llm_quote_grounded,"The left KU demonstrates using `doubleToLongBits` for 64-bit doubles, while the right KU discusses the analogous technique for 32-bit floats using `floatToIntBits`, highlighting the type-specific nature of these bit-access APIs.",Bit manipulation for different floating-point precisions (double vs float).,long bits = Double.doubleToLongBits(value);,repr = Float.floatToIntBits(x);
math:KU:java.lang.Math#cbrt(double):MATH-0003,math:KU:java.lang.Math#log(double):MATH-0022,contrasts_with,,llm_quote_grounded,"Math.cbrt is presented as a solution to avoid NaN for negative inputs, whereas Math.log returns NaN for negative inputs without throwing an exception, requiring explicit checks.",Handling of negative arguments in Java Math functions,You could use `Math.cbrt` to get the cube root: double result = Math.cbrt(-8.0);,`Math.log` doesn't throw an exception if you give it a negative argument. It returns `NaN`.
math:KU:java.lang.Math#cbrt(double):MATH-0003,math:KU:org.apache.commons.math3.complex.Complex:MATH-0049,complements,,llm_quote_grounded,"Math.cbrt handles real cube roots (including negatives) returning NaN for invalid real operations like pow with fractional exponents on negatives, while Complex provides transcendental functions for complex numbers, offering a path for calculations that might otherwise be undefined or require complex results.",Computing roots and powers where real domain restrictions apply,"The Java documentation for `Math.pow` states: > If the first argument is finite and less than zero [...] [and] if the second argument is finite and not an integer, then the result is NaN. You could use `Math.cbrt` to get the cube root: double result = Math.cbrt(-8.0);","These operations provide the means to compute the log, sine, tangent, and other complex values : Complex first = new Complex(1.0, 3.0); Complex second = new Complex(2.0, 5.0); Complex answer = first.log(); // natural logarithm. answer = first.cos(); // cosine answer = first.pow(second); // first raised to the power of second"
math:KU:java.lang.Math#floor(double):MATH-0070,math:KU:java.lang.Math#floor(double):MATH-0105,complements,,llm_quote_grounded,"The first KU explains the semantic differences and edge cases of Math.floor (especially vs casting), while the second KU provides a specific practical implementation using Math.floor to check if a double is an integer.",Usage of java.lang.Math#floor for floating-point manipulation and type checking.,Is there any benefit to using Math.Floor over explicit integer casting?,return (d == Math.floor(d)) && !Double.isInfinite(d);
math:KU:java.lang.Math#floor(double):MATH-0105,math:KU:java.lang.Math#round(float):MATH-0045,contrasts_with,,llm_quote_grounded,"Both KUs provide methods to check if a floating-point number is an integer (or whole number), but they use different mathematical functions (`Math.floor` vs `Math.round`) and handle the comparison slightly differently.",Checking for integer/whole number status of floating-point values in Java.,return (d == Math.floor(d)) && !Double.isInfinite(d);,if (result == Math.round(result)) return result;
math:KU:java.lang.Math#getExponent(double):MATH-0082,math:KU:java.lang.Math#ulp(double):MATH-0032,task_related,,llm_quote_grounded,"Both KUs address the manipulation and analysis of IEEE 754 double-precision floating-point numbers, specifically dealing with their internal representation (exponent/significand) and precision limits.",Java floating-point arithmetic and bit-level inspection,"In a double, first bit is the sign, the next 11 are the exponent, and the final 52 are the significand.",I need the ulp for a given double value
math:KU:java.lang.Math#getExponent(double):MATH-0082,math:KU:java.lang.Math#ulp(double):MATH-0068,task_related,,llm_quote_grounded,"Both KUs involve implementing or utilizing low-level floating-point operations in Java that require understanding the binary structure of doubles (exponents, significands, and bit patterns).",Custom implementation of Math methods for floating-point types,This approach inspects the double's bits to prevent rounding error.,"return copySign(Double.longBitsToDouble(Double.doubleToLongBits(absStart) + 1L), start);"
math:KU:java.lang.Math#getExponent(double):MATH-0082,math:KU:java.lang.Math#ulp(float):MATH-0084,task_related,,llm_quote_grounded,"Both KUs deal with extracting structural information from floating-point numbers (exponent/significand for doubles, bit pattern for floats) to perform precise mathematical operations or conversions.",Floating-point bit manipulation and precision handling,"In a double, first bit is the sign, the next 11 are the exponent, and the final 52 are the significand.",repr = Float.floatToIntBits(x);
math:KU:java.lang.Math#getExponent(double):MATH-0082,math:KU:org.apache.commons.math3.fraction.Fraction:MATH-0002,contrasts_with,,llm_quote_grounded,"The left KU provides an exact algorithmic conversion of a double to a fraction using IEEE 754 bit inspection, while the right KU proposes an approximate iterative method to find a fraction close to a decimal value.",Methods for converting decimals/doubles to fractions,converts an IEEE 754 binary64 number into a reduced ratio of two BigIntegers that mathematically represents exactly the same value.,"Basically, work on getting the fraction closer and closer to the expected answer (decVal)."
math:KU:java.lang.Math#getExponent(double):MATH-0082,math:KU:org.apache.commons.math3.fraction.Fraction:MATH-0018,complements,,llm_quote_grounded,"The left KU describes the theoretical and manual process of converting a double to an exact fraction via bit manipulation. The right KU provides a robust, production-ready class (`BigFraction`) that implements this exact conversion logic internally, serving as a practical solution to the problem described in the left KU.",Implementation of exact double-to-fraction conversion,public static BigInteger[] convertToFraction(double value) {,public BigFraction(double d) {
math:KU:java.lang.Math#log(double):MATH-0022,math:KU:java.lang.Math#log(double):MATH-0118,task_related,,llm_quote_grounded,"Both KUs address the behavior of `Math.log` when it produces NaN, specifically regarding invalid or unexpected inputs.",Handling NaN results from Math.log in Java,"If the argument is NaN or less than zero, then the result is NaN.","With this function, i get nan if x=4/5."
math:KU:java.lang.Math#log(double):MATH-0022,math:KU:java.lang.Math#sin(double):MATH-0001,task_related,,llm_quote_grounded,Both KUs discuss the conditions under which standard Java math functions (`Math.log` and `Math.sin`) return NaN instead of throwing exceptions.,NaN handling in java.lang.Math functions,`Math.log` doesn't throw an exception if you give it a negative argument. It returns `NaN`.,"The docs say: > If the argument is NaN or an infinity, then the result is NaN."
math:KU:java.lang.Math#signum(double):MATH-0021,math:KU:org.apache.commons.math3.analysis.UnivariateFunction:MATH-0094,complements,,llm_quote_grounded,"The UnivariateFunction interface provides the abstraction for the function f(x) used in the bisection algorithm, which relies on Math.signum to determine interval convergence.",Root finding algorithms where a function object is passed to a solver or iterative method.,"if (Math.signum(fa) == Math.signum(f.value(b))) throw new IllegalArgumentException(""solution not within interval!"");","UnivariateFunction f = new UnivariateFunction() { @Override public double value(double x) { return 103*Math.pow(x, 5.0)-5*Math.pow(x, 4.0)-5*Math.pow(x, 3.0)-5*Math.pow(x, 2.0)-5*x - 105; } };"
math:KU:java.lang.Math#signum(double):MATH-0021,math:KU:org.apache.commons.math3.analysis.solvers.BracketingNthOrderBrentSolver:MATH-0073,contrasts_with,,llm_quote_grounded,"The left KU implements a manual bisection loop using Math.signum for interval reduction, while the right KU describes a library-based solver (BracketingNthOrderBrentSolver) that automates root finding with configurable accuracy and iteration limits.",Implementation strategies for polynomial root finding (manual vs. library).,"while(gap > INTERVAL) { //check for precision gap = gap / 2; //halve the interval double x3 = x1 + gap; if (f(x3) == 0) { //check for symmetry return x3; } else if (Math.signum(f(x1)) == Math.signum(f(x3))){ x1 = x3; //redefine the interval } else { x2 = x3; //redefine the interval } findaroot(x1, x2); //call again }","Using a solver object, roots of functions are easily found using the ` BracketingNthOrderBrentSolver.solve ` methods."
math:KU:java.lang.Math#signum(double):MATH-0021,math:KU:org.apache.commons.math3.analysis.solvers.BrentSolver:MATH-0124,task_related,,llm_quote_grounded,"Both KUs address the task of finding polynomial roots. The left KU shows a manual bisection implementation using Math.signum, while the right KU demonstrates using BrentSolver, which also utilizes sign checks (via Math.signum in the example code) to bracket roots before solving.",Polynomial root finding in Java.,else if (Math.signum(f(x1)) == Math.signum(f(x3))){ x1 = x3; //redefine the interval },"if(Math.signum(f.value(intervalStart)) != Math.signum(f.value(intervalStart+intervalSize))) { System.out.println(""x = "" + solver.solve(1000, f, intervalStart, intervalStart+intervalSize)); }"
math:KU:java.lang.Math#sin(double):MATH-0001,math:KU:java.lang.Math#sqrt(double):MATH-0069,task_related,,llm_quote_grounded,"Both KUs address the issue of obtaining NaN results from Java Math functions due to invalid input states (NaN/Infinity for sin, negative argument for sqrt).",Debugging NaN outputs in Java mathematical computations.,The only way to obtain a `NaN` from `Math.sin` is by using `inf` o `NaN` as the parameter.,"If the argument is NaN or less than zero, then the result is NaN"
math:KU:java.lang.Math#sin(double):MATH-0001,math:KU:java.lang.Math#sqrt(double):MATH-0092,task_related,,llm_quote_grounded,"Both KUs discuss scenarios where Java Math functions return NaN, specifically linking it to invalid arguments like division by zero or negative inputs.",Understanding causes of NaN in Java math operations.,Double d = 0.0/0.0; System.out.println(Math.sin(d));,"so you're dividing by `2*a` = 0, which makes `solution1` and `solution2` equal to `NaN`."
math:KU:java.lang.Math#sqrt(double):MATH-0069,math:KU:java.lang.Math#sqrt(double):MATH-0092,task_related,,llm_quote_grounded,Both KUs address the issue of `Math.sqrt` returning NaN due to invalid input (negative numbers or division by zero caused by uninitialized variables).,Debugging NaN results from Math.sqrt in Java.,"you might be computing `Math.sqrt(x)` for a negative number, which would explain the NaN (Not a Number) result.","so you're dividing by `2*a` = 0, which makes `solution1` and `solution2` equal to `NaN`."
math:KU:java.lang.Math#sqrt(double):MATH-0092,math:KU:org.apache.commons.math3.geometry.euclidean.threed.Rotation:MATH-0008,task_related,,llm_quote_grounded,Both knowledge units involve solving geometric or algebraic problems in Java that require the use of `Math.sqrt` for distance or magnitude calculations.,Java programming tasks involving mathematical formulas (quadratic roots vs. circle coordinates).,solution1 = (-1*b + Math.sqrt(discriminant))/(2*a);,distance = Math.sqrt((point1.x-point2.x)*(point1.x-point2.x) + (point1.y-point2.y)*(point1.y-point2.y))
math:KU:java.lang.Math#ulp(double):MATH-0032,math:KU:java.lang.Math#ulp(double):MATH-0068,contrasts_with,,llm_quote_grounded,"The left KU presents a naive, incorrect approximation for ULP and discusses sign handling ambiguities, while the right KU provides a rigorous, correct implementation using bit manipulation and `nextAfter`, explicitly addressing edge cases like NaN and Infinity.",Implementation strategies for calculating Unit in the Last Place (ULP) when standard library methods are unavailable.,"As a workaround, I use this (incorrect) code until I find a working replacement: private double ulp(double y) { return y/1e15; }","Ok, since I didn't find a working replacement (both Apache Harmony and OpenJDK end up using native methods that are not available on CN1), I wrote my own version (results tested against OpenJDK-version)."
math:KU:org.apache.commons.math3.analysis.BivariateFunction:MATH-0006,math:KU:org.apache.commons.math3.analysis.interpolation.BivariateGridInterpolator:MATH-0112,task_related,,llm_quote_grounded,"Both KUs involve the BivariateFunction interface in Apache Commons Math. MATH-0006 shows how to implement/wrap it for inversion, while MATH-0112 explains that BivariateGridInterpolator produces an object implementing this interface.",Usage and implementation of the BivariateFunction interface within the analysis package.,public static BivariateFunction invert(final BivariateFunction function) {,The result is provided as an object implementing the BivariateFunction interface.
math:KU:org.apache.commons.math3.analysis.BivariateFunction:MATH-0006,math:KU:org.apache.commons.math3.analysis.interpolation.HermiteInterpolator:MATH-0086,task_related,,llm_quote_grounded,"Both KUs are related through the BivariateFunction interface. MATH-0006 demonstrates wrapping a BivariateFunction, and MATH-0086 (which shares text with MATH-0112 regarding BivariateGridInterpolator) states that interpolation results implement this interface.",Interoperability between function manipulation and interpolation outputs via the BivariateFunction interface.,As all functions are interfaces in `org.apache.commons.math3.analysis` you can wrap every function you want to invert into an anonymous object implementing that interface.,The result is provided as an object implementing the BivariateFunction interface.
math:KU:org.apache.commons.math3.analysis.UnivariateFunction:MATH-0020,math:KU:org.apache.commons.math3.analysis.UnivariateFunction:MATH-0033,task_related,,llm_quote_grounded,"Both KUs address tasks involving the `UnivariateFunction` interface in Apache Commons Math, specifically using it for numerical analysis (optimization vs. evaluation).",Usage of UnivariateFunction implementations within the Apache Commons Math library.,UnivariateFunction f = new Sin();,The reason their `value` methods are not static is to fulfil the `UnivariateFunction` interface.
math:KU:org.apache.commons.math3.analysis.UnivariateFunction:MATH-0020,math:KU:org.apache.commons.math3.analysis.UnivariateFunction:MATH-0094,task_related,,llm_quote_grounded,Both KUs demonstrate solving problems (minimization and root finding) by implementing or utilizing the `UnivariateFunction` interface with Brent's method variants.,Numerical analysis tasks using UnivariateFunction and Brent-based solvers/optimizers.,"For univariate function (local optimum) minimization, Apache Commons Math provides an implementation of the Brent method.",Here is code that does it using the implementation of Brent's Method for root finding (from Apache Commons).
math:KU:org.apache.commons.math3.analysis.UnivariateFunction:MATH-0020,math:KU:org.apache.commons.math3.analysis.differentiation.DerivativeStructure:MATH-0052,complements,,llm_quote_grounded,MATH-0052 explains how to create differentiable functions (`UnivariateDifferentiableFunction`) which can be used as inputs for optimization algorithms like those discussed in MATH-0020.,Providing function definitions for numerical optimization.,"UnivariateOptimizer optimizer = new BrentOptimizer(1e-10, 1e-14); Assert.assertEquals(3 * Math.PI / 2, optimizer.optimize(new MaxEval(200), new UnivariateObjectiveFunction(f), GoalType.MINIMIZE, new SearchInterval(4, 5)).getPoint(), 1e-8);",There are several ways a user can create an implementation of the UnivariateDifferentiableFunction interface.
math:KU:org.apache.commons.math3.analysis.UnivariateFunction:MATH-0020,math:KU:org.apache.commons.math3.analysis.solvers.BrentSolver:MATH-0124,task_related,,llm_quote_grounded,"Both KUs demonstrate the use of Brent's method in Apache Commons Math for univariate functions, specifically distinguishing between optimization (finding minimum) and root finding.",Usage of Brent-based algorithms on UnivariateFunction objects within Apache Commons Math.,"For univariate function (local optimum) minimization, Apache Commons Math provides an implementation of the Brent method.",Here is code that does it using the implementation of Brent's Method for root finding (from Apache Commons).
math:KU:org.apache.commons.math3.analysis.UnivariateFunction:MATH-0033,math:KU:org.apache.commons.math3.analysis.UnivariateFunction:MATH-0094,complements,,llm_quote_grounded,"MATH-0033 explains the design rationale behind the `UnivariateFunction` interface (statelessness, strategy pattern), which complements MATH-0094's practical example of implementing this interface to solve a polynomial equation.",Understanding the `UnivariateFunction` interface contract and its application in numerical solvers.,The reason their `value` methods are not static is to fulfil the `UnivariateFunction` interface.,"UnivariateFunction f = new UnivariateFunction() {
 @Override public double value(double x) {"
math:KU:org.apache.commons.math3.analysis.UnivariateFunction:MATH-0033,math:KU:org.apache.commons.math3.analysis.differentiation.DerivativeStructure:MATH-0063,contrasts_with,,llm_quote_grounded,"MATH-0033 describes `UnivariateFunction` as a simple, stateless interface for evaluating scalar values. MATH-0063 describes `DerivativeStructure` as a complex object that carries derivative information through calculations, contrasting the simplicity of basic function evaluation with the overhead of automatic differentiation.",Comparison of basic function evaluation mechanisms versus automatic differentiation workflows.,"The `Exp`, `Log`, etc. classes store no state.",First we configure an input parameter `x` of type DerivativeStructure so it will drive the function to compute all derivatives up to order 3 for example.
math:KU:org.apache.commons.math3.analysis.interpolation.UnivariateInterpolator:MATH-0061,math:KU:org.apache.commons.math3.analysis.UnivariateFunction:MATH-0033,complements,,llm_quote_grounded,"The UnivariateInterpolator produces a function that implements the UnivariateFunction interface, which is then used for evaluation as described in the other KU.",Interpolation workflow where the result of interpolation is treated as a univariate function.,The result is provided as an object implementing the UnivariateFunction interface.,One of the nice things about the `UnivariateFunction` interface is that you can write a function that takes such an object
math:KU:org.apache.commons.math3.analysis.solvers.BrentSolver:MATH-0124,math:KU:org.apache.commons.math3.analysis.UnivariateFunction:MATH-0033,constrains,,llm_quote_grounded,"The BrentSolver requires an implementation of the UnivariateFunction interface to perform root finding, constraining the input type to this interface.",Usage of BrentSolver for solving equations.,import org.apache.commons.math3.analysis.UnivariateFunction;,The reason their `value` methods are not static is to fulfil the `UnivariateFunction` interface.
math:KU:org.apache.commons.math3.analysis.UnivariateFunction:MATH-0094,math:KU:org.apache.commons.math3.analysis.differentiation.UnivariateDifferentiableFunction:MATH-0009,contrasts_with,,llm_quote_grounded,"MATH-0094 uses a simple UnivariateFunction for root finding with BrentSolver, while MATH-0009 discusses the complexity of implementing UnivariateDifferentiableFunction (which extends UnivariateFunction) to provide derivatives for NewtonRaphsonSolver.",Comparison of API usage patterns for different solvers in Apache Commons Math.,"UnivariateFunction f = new UnivariateFunction() { @Override public double value(double x) { return 103*Math.pow(x, 5.0)-5*Math.pow(x, 4.0)-5*Math.pow(x, 3.0)-5*Math.pow(x, 2.0)-5*x - 105; } }; double intervalStart = -10000; double intervalSize = 0.01; while (intervalStart < 10000) { intervalStart+= intervalSize; if(Math.signum(f.value(intervalStart)) != Math.signum(f.value(intervalStart+intervalSize))) { System.out.println(""x = "" + solver.solve(1000, f, intervalStart, intervalStart+intervalSize)); } }","The problem with the second program is due to UnivariateDifferentiableFunction f = new UnivariateDifferentiableFunction() { public double value(double x) { return RiemennZ(x, 4); } UnivariateFunction func = (double x) -> RiemennZ(x, 4); public DerivativeStructure value(DerivativeStructure t) throws DimensionMismatchException { //I have no idea what to write here return new DerivativeStructure(1, 1, 0, func.value(x))); } };"
math:KU:org.apache.commons.math3.analysis.UnivariateFunction:MATH-0094,math:KU:org.apache.commons.math3.analysis.polynomials.PolynomialFunction:MATH-0035,task_related,,llm_quote_grounded,"Both KUs address solving or optimizing polynomial equations using Apache Commons Math solvers (BrentSolver for roots, NewtonRaphsonSolver for optima).",Polynomial equation solving and optimization in Java.,Solving polynomial equation in Java,Finding optima of PolynomialFunction in commons.math
math:KU:org.apache.commons.math3.analysis.UnivariateFunction:MATH-0094,math:KU:org.apache.commons.math3.analysis.polynomials.PolynomialFunction:MATH-0058,task_related,,llm_quote_grounded,"Both KUs involve finding roots of polynomials to solve for unknown variables (rate in MATH-0094, x given y in MATH-0058) using Apache Commons Math solvers.",Root finding for polynomial functions derived from financial or curve-fitting models.,"solving the exponential equation, you get x = 1.0432 which means the rate is 0.0432 as expected.","You ""simply"" need to solve the polynomial ! Using the very same library."
math:KU:org.apache.commons.math3.analysis.UnivariateFunction:MATH-0094,math:KU:org.apache.commons.math3.analysis.solvers.BracketingNthOrderBrentSolver:MATH-0111,task_related,,llm_quote_grounded,Both knowledge units address the task of finding roots for univariate functions using Brent-based algorithms in Apache Commons Math.,Root-finding for polynomial or general univariate equations.,Here is code that does it using the implementation of Brent's Method for root finding (from Apache Commons).,The ` BracketingNthOrderBrentSolver ` uses an extension of the Brent-Dekker algorithm
math:KU:org.apache.commons.math3.analysis.UnivariateFunction:MATH-0094,math:KU:org.apache.commons.math3.analysis.solvers.BrentSolver:MATH-0024,complements,,llm_quote_grounded,"The right KU provides detailed usage patterns and algorithmic characteristics for the `BrentSolver` class, which is explicitly instantiated and used in the left KU to solve the equation.",Usage and behavior of the BrentSolver class within the context of solving a UnivariateFunction.,BrentSolver solver = new BrentSolver();,"UnivariateSolver nonBracketing = new BrentSolver(relativeAccuracy, absoluteAccuracy);"
math:KU:org.apache.commons.math3.analysis.differentiation.DerivativeStructure:MATH-0025,math:KU:org.apache.commons.math3.analysis.differentiation.DerivativeStructure:MATH-0004,complements,,llm_quote_grounded,"MATH-0025 provides the theoretical design explanation for handling multi-variable dependencies via implicit free parameters, which complements the practical implementation shown in MATH-0004.",Understanding how DerivativeStructure handles partial derivatives with respect to specific independent variables.,"In order to do this, we simply set up `x` as an identity function of an implicit free parameter `p0` and `y` as an identity function of a different implicit free parameter `p1`","DerivativeStructure aDev = new DerivativeStructure(3, 1, 0, a); DerivativeStructure bDev = new DerivativeStructure(3, 1, 1, b); DerivativeStructure cDev = new DerivativeStructure(3, 1, 2, c);"
math:KU:org.apache.commons.math3.analysis.differentiation.DerivativeStructure:MATH-0052,math:KU:org.apache.commons.math3.analysis.differentiation.DerivativeStructure:MATH-0004,task_related,,llm_quote_grounded,"Both KUs demonstrate using DerivativeStructure to compute derivatives automatically, though MATH-0052 focuses on univariate functions while MATH-0004 uses it for multivariate Jacobian computation in curve fitting.",Using Apache Commons Math DerivativeStructure for numerical differentiation.,"Basically, x --> x^2. DerivativeStructure x2 = x.pow(2); //Linear combination: y = 4x^2 + 2x DerivativeStructure y = new DerivativeStructure(4.0, x2, 2.0, x);","// define the equation to be differentiated using another DerivativeStructure DerivativeStructure y = aDev.multiply(DerivativeStructure.pow(t, bDev)) .multiply(cDev.negate().multiply(t).exp());"
math:KU:org.apache.commons.math3.analysis.differentiation.DerivativeStructure:MATH-0063,math:KU:org.apache.commons.math3.analysis.differentiation.DerivativeStructure:MATH-0004,complements,,llm_quote_grounded,"MATH-0063 provides the general theoretical workflow for computing derivatives using DerivativeStructure, which MATH-0004 applies specifically to calculate the Jacobian matrix for curve fitting.",General differentiation workflow vs. specific application in least-squares fitting.,The workflow of computation of a derivatives of an expression `y=f(x)` is the following one.,there's a pretty easy way to compute derivatives or partial derivatives with Apache Math (so you don't have to do your own differentiation for the Jacobian Matrix). It's the DerivativeStructure.
math:KU:org.apache.commons.math3.analysis.differentiation.DerivativeStructure:MATH-0087,math:KU:org.apache.commons.math3.analysis.differentiation.DerivativeStructure:MATH-0004,complements,,llm_quote_grounded,"MATH-0087 explains the two methods for implementing UnivariateDifferentiableFunction (direct DS usage vs differentiator), providing context for why MATH-0004 chooses the direct DerivativeStructure method for complex equations.",Implementation strategies for differentiable functions.,There are several ways a user can create an implementation of the UnivariateDifferentiableFunction interface.,"I know it's a pretty convoluted/confusing class to use, but it definitely comes in handy when you're dealing with very complicated equations that would be troublesome to get partial derivatives of by hand"
math:KU:org.apache.commons.math3.analysis.differentiation.UnivariateDifferentiableFunction:MATH-0009,math:KU:org.apache.commons.math3.analysis.differentiation.DerivativeStructure:MATH-0004,task_related,,llm_quote_grounded,"Both KUs address the task of implementing automatic differentiation for custom functions using Apache Commons Math, with MATH-0004 showing a working example for curve fitting and MATH-0009 discussing implementation difficulties for root finding.",Implementing UnivariateDifferentiableFunction/ParametricUnivariateFunction gradients.,I am having trouble implementing a more complicated form of the DerivativeStructure class provided by the Apache Commons Math Library.,Extending i80and's answer to use the DerivativeStructure class:
math:KU:org.apache.commons.math3.analysis.differentiation.UnivariateDifferentiableFunction:MATH-0121,math:KU:org.apache.commons.math3.analysis.differentiation.DerivativeStructure:MATH-0004,task_related,,llm_quote_grounded,"Both KUs demonstrate using DerivativeStructure within solver contexts (Newton-Raphson in MATH-0121, CurveFitting in MATH-0004) to handle derivatives automatically.",Usage of DerivativeStructure in numerical analysis tasks.,public DerivativeStructure value(DerivativeStructure t) throws DimensionMismatchException { return t.cos(); },"DerivativeStructure y = aDev.multiply(DerivativeStructure.pow(t, bDev)) .multiply(cDev.negate().multiply(t).exp());"
math:KU:org.apache.commons.math3.analysis.differentiation.DerivativeStructure:MATH-0010,math:KU:org.apache.commons.math3.analysis.differentiation.DerivativeStructure:MATH-0025,complements,,llm_quote_grounded,"MATH-0010 provides a concrete solution to the multivariate differentiation problem by assigning distinct indices, which is explained conceptually in MATH-0025 as setting up variables as identity functions of different implicit free parameters.",Multivariate function differentiation using DerivativeStructure with multiple independent variables.,For each independent variable you have to give a different index into the `p` vector of independent variables.,we simply set up `x` as an identity function of an implicit free parameter `p0` and `y` as an identity function of a different implicit free parameter `p1`
math:KU:org.apache.commons.math3.analysis.differentiation.DerivativeStructure:MATH-0010,math:KU:org.apache.commons.math3.analysis.differentiation.DerivativeStructure:MATH-0052,task_related,,llm_quote_grounded,"Both KUs address the task of computing derivatives using Apache Commons Math's DerivativeStructure class, specifically dealing with constructor arguments for parameters and order.",Usage of DerivativeStructure constructor for univariate or multivariate differentiation.,"DerivativeStructure x0 = new DerivativeStructure(2, 2, 0, 2.0);","DerivativeStructure x = new DerivativeStructure(params, order, 0, xRealValue);"
math:KU:org.apache.commons.math3.analysis.differentiation.DerivativeStructure:MATH-0010,math:KU:org.apache.commons.math3.analysis.differentiation.DerivativeStructure:MATH-0063,constrains,,llm_quote_grounded,"MATH-0010 highlights that omitting the parameter index defaults to 0, causing variables to be treated as dependent on the same parameter, whereas MATH-0063 establishes the standard workflow where the index (0) is explicitly used for single-parameter cases.",Constructor usage of DerivativeStructure regarding the free parameter index.,"If you omit this parameter when creating a `DerivativeStructure`, 0 is assumed so in your code x0, y0 are not independent.","DerivativeStructure x = new DerivativeStructure(params, order, 0, xRealValue);"
math:KU:org.apache.commons.math3.analysis.differentiation.DerivativeStructure:MATH-0010,math:KU:org.apache.commons.math3.analysis.differentiation.DerivativeStructure:MATH-0087,complements,,llm_quote_grounded,"MATH-0010 explains the necessity of distinct indices for independent variables in multivariate differentiation, while MATH-0087 provides a complete working example demonstrating exactly this pattern with `params=2` and indices `0` and `1`.",Correct instantiation of DerivativeStructure for multivariate functions.,"What you need to do is: DerivativeStructure x0 = new DerivativeStructure(2, 2, 0, 2.0); DerivativeStructure y0 = new DerivativeStructure(2, 2, 1, 4.0);","DerivativeStructure x = new DerivativeStructure(params, order, 0, xRealValue); DerivativeStructure y = new DerivativeStructure(params, order, 1, yRealValue);"
math:KU:org.apache.commons.math3.analysis.differentiation.DerivativeStructure:MATH-0010,math:KU:org.apache.commons.math3.analysis.differentiation.DerivativeStructure:MATH-0098,constrains,,llm_quote_grounded,"MATH-0010 describes a specific error case (omitting indices leading to dependency), which is governed by the general design principle stated in MATH-0098 that DerivativeStructure handles arbitrary numbers of free parameters via its internal structure.",General behavior of DerivativeStructure regarding free parameters.,"With `DerivativeStructure` x0, y0 are actually seen as functions themselves depending on an implicit vector of variables `p`.",This class handles some arbitrary number of free parameters and arbitrary derivation order.
math:KU:org.apache.commons.math3.analysis.differentiation.DerivativeStructure:MATH-0025,math:KU:org.apache.commons.math3.analysis.differentiation.DerivativeStructure:MATH-0052,complements,,llm_quote_grounded,"MATH-0025 explains the theoretical setup for multivariate differentiation using implicit free parameters, while MATH-0052 provides a concrete univariate code example and troubleshooting advice for creating DerivativeStructures.",Understanding how to initialize DerivativeStructure objects for differentiation tasks.,we simply set up `x` as an identity function of an implicit free parameter `p0`,"DerivativeStructure x = new DerivativeStructure(1, 3, 0, 2.5);"
math:KU:org.apache.commons.math3.analysis.differentiation.DerivativeStructure:MATH-0025,math:KU:org.apache.commons.math3.analysis.differentiation.DerivativeStructure:MATH-0063,complements,,llm_quote_grounded,"MATH-0063 describes the basic workflow for univariate differentiation (configuring input, computing function, extracting derivatives), which is extended in MATH-0025 to handle multivariate cases with multiple free parameters.",The general process of automatic differentiation using DerivativeStructure.,"In order to do this, we simply set up `x` as an identity function of an implicit free parameter `p0`",First we configure an input parameter `x` of type DerivativeStructure so it will drive the function to compute all derivatives
math:KU:org.apache.commons.math3.analysis.differentiation.DerivativeStructure:MATH-0025,math:KU:org.apache.commons.math3.analysis.differentiation.DerivativeStructure:MATH-0087,complements,,llm_quote_grounded,"MATH-0025 explains the concept of setting up independent variables via different indices into the implicit parameter vector, and MATH-0087 provides the specific code implementation demonstrating this with two parameters (index 0 and 1).",Implementing multivariate differentiation with distinct independent variables.,"both `x` and `y` must be built with the appropriate dimensions, so they will both be declared to handle two free parameters, but `x` will depend only on parameter 0 while `y` will depend on parameter 1.","DerivativeStructure x = new DerivativeStructure(params, order, 0, xRealValue); DerivativeStructure y = new DerivativeStructure(params, order, 1, yRealValue);"
math:KU:org.apache.commons.math3.analysis.differentiation.DerivativeStructure:MATH-0025,math:KU:org.apache.commons.math3.analysis.differentiation.DerivativeStructure:MATH-0098,complements,,llm_quote_grounded,"MATH-0098 introduces the core class DerivativeStructure and its capability to handle arbitrary numbers of free parameters, providing the foundational context for the specific multivariate usage pattern described in MATH-0025.",General capabilities and design of the DerivativeStructure class.,This design also allow a very interesting feature which can be explained with the following example.,This class handles some arbitrary number of free parameters and arbitrary derivation order.
math:KU:org.apache.commons.math3.analysis.differentiation.DerivativeStructure:MATH-0025,math:KU:org.apache.commons.math3.analysis.differentiation.DerivativeStructure:MATH-0125,complements,,llm_quote_grounded,"MATH-0125 explains the chaining mechanism where derivatives are computed with respect to initial free parameters rather than intermediate variables, which is the underlying principle allowing the multivariate composition described in MATH-0025.",How derivative computation propagates through composed functions.,"If we compute `g(f(x, y))` with `x` and `y` be two variables, we want to be able to compute the partial derivatives","the derivatives of g and f will be chained together automatically, without user intervention."
math:KU:org.apache.commons.math3.analysis.differentiation.DerivativeStructure:MATH-0025,math:KU:org.apache.commons.math3.analysis.differentiation.FiniteDifferencesDifferentiator:MATH-0048,contrasts_with,,llm_quote_grounded,"MATH-0025 describes automatic differentiation using DerivativeStructure (exact symbolic/algorithmic method), whereas MATH-0048 describes numerical differentiation using FiniteDifferencesDifferentiator (approximate method based on sampling grids).",Methods for computing derivatives in Apache Commons Math.,compute everything directly,will use finite differences to compute the derivatives
math:KU:org.apache.commons.math3.analysis.differentiation.DerivativeStructure:MATH-0025,math:KU:org.apache.commons.math3.analysis.differentiation.UnivariateDifferentiableFunction:MATH-0013,task_related,,llm_quote_grounded,"Both KUs address the task of implementing differentiable functions. MATH-0025 focuses on the internal mechanics of DerivativeStructure for multivariate cases, while MATH-0013 discusses interface implementations (UnivariateDifferentiableFunction) and strategies for creating them.",Implementation strategies for differentiable functions in the library.,Suppose we have a two arguments function `f` and a one argument function `g`.,There are several ways a user can create an implementation of the UnivariateDifferentiableFunction interface.
math:KU:org.apache.commons.math3.analysis.differentiation.DerivativeStructure:MATH-0052,math:KU:org.apache.commons.math3.analysis.differentiation.DerivativeStructure:MATH-0063,complements,,llm_quote_grounded,MATH-0052 provides a concrete implementation of the function `f` and usage pattern that resolves the undefined function error in the example shown in MATH-0063.,"When using DerivativeStructure to compute derivatives, specifically when defining the function body for the workflow described in MATH-0063.","Use the first idea. // Function of 1 variable, keep track of 3 derivatives with respect to that variable, // use 2.5 as the current value. Basically, the identity function. DerivativeStructure x = new DerivativeStructure(1, 3, 0, 2.5); // Basically, x --> x^2. DerivativeStructure x2 = x.pow(2); //Linear combination: y = 4x^2 + 2x DerivativeStructure y = new DerivativeStructure(4.0, x2, 2.0, x);","The following example shows that (the 0 parameter in the DerivativeStructure constructor will be explained in the next paragraph): int params = 1; int order = 3; double xRealValue = 2.5; DerivativeStructure x = new DerivativeStructure(params, order, 0, xRealValue); DerivativeStructure y = f(x);"
math:KU:org.apache.commons.math3.analysis.differentiation.DerivativeStructure:MATH-0052,math:KU:org.apache.commons.math3.analysis.differentiation.DerivativeStructure:MATH-0087,task_related,,llm_quote_grounded,"Both KUs address the task of computing derivatives using DerivativeStructure by directly implementing the function logic within the code, rather than using a differentiator interface.",Computing derivatives for functions defined directly via DerivativeStructure operations.,"The first method is to simply write it directly using the appropriate methods from DerivativeStructure to compute addition, subtraction, sine, cosine... This is often quite straigthforward and there is no need to remember the rules for differentiation: the user code only represent the function itself, the differentials will be computed automatically under the hood.","DerivativeStructure f = DerivativeStructure.hypot(x, y); DerivativeStructure g = f.log(); System.out.println(""g = "" + g.getValue(); System.out.println(""dg/dx = "" + g.getPartialDerivative(1, 0);"
math:KU:org.apache.commons.math3.analysis.differentiation.DerivativeStructure:MATH-0052,math:KU:org.apache.commons.math3.analysis.differentiation.DerivativeStructure:MATH-0098,constrains,,llm_quote_grounded,MATH-0098 defines the core capabilities and design principles of DerivativeStructure (handling arbitrary parameters/orders) which constrain how the user must implement the function in MATH-0052 (using specific constructors and methods).,Implementation of derivative calculations using the DerivativeStructure class.,"DerivativeStructure x = new DerivativeStructure(1, 3, 0, 2.5); // Basically, x --> x^2. DerivativeStructure x2 = x.pow(2); //Linear combination: y = 4x^2 + 2x DerivativeStructure y = new DerivativeStructure(4.0, x2, 2.0, x);",This class handles some arbitrary number of free parameters and arbitrary derivation order. It is used both as the input and the output type for the UnivariateDifferentiableFunction interface.
math:KU:org.apache.commons.math3.analysis.differentiation.DerivativeStructure:MATH-0052,math:KU:org.apache.commons.math3.analysis.differentiation.FiniteDifferencesDifferentiator:MATH-0048,complements,,llm_quote_grounded,"MATH-0052 describes two methods for differentiation, the second being using a UnivariateFunctionDifferentiator. MATH-0048 provides the specific implementation (FiniteDifferencesDifferentiator) of that interface mentioned in MATH-0052.",When choosing the 'second method' described in MATH-0052 for large or external functions.,The second method is to write a classical UnivariateFunction and to pass it to an existing implementation of the UnivariateFunctionDifferentiator interface,Apache Commons Math provides one implementation of the UnivariateFunctionDifferentiator interface: FiniteDifferencesDifferentiator .
math:KU:org.apache.commons.math3.analysis.differentiation.DerivativeStructure:MATH-0052,math:KU:org.apache.commons.math3.analysis.differentiation.UnivariateDifferentiableFunction:MATH-0009,task_related,,llm_quote_grounded,"Both KUs address the task of implementing `UnivariateDifferentiableFunction` using `DerivativeStructure`. MATH-0052 explains the general approach (using DS methods directly), while MATH-0009 shows a concrete code example of this implementation pattern.",Implementing automatic differentiation by writing functions directly with DerivativeStructure operations.,"The first method is to simply write it directly using the appropriate methods from DerivativeStructure to compute addition, subtraction, sine, cosine...",public DerivativeStructure value(DerivativeStructure t) throws DimensionMismatchException { return t.sin(); }
math:KU:org.apache.commons.math3.analysis.differentiation.DerivativeStructure:MATH-0052,math:KU:org.apache.commons.math3.analysis.differentiation.UnivariateDifferentiableFunction:MATH-0013,complements,,llm_quote_grounded,"MATH-0052 discusses creating implementations of `UnivariateDifferentiableFunction` using `DerivativeStructure`. MATH-0013 provides a specific multi-variable example (`hypot`, `log`) demonstrating how to use `DerivativeStructure` methods to compute derivatives, which complements the general advice in MATH-0052.",Using DerivativeStructure API methods for complex mathematical operations.,"write it directly using the appropriate methods from DerivativeStructure to compute addition, subtraction, sine, cosine...","DerivativeStructure f = DerivativeStructure.hypot(x, y); DerivativeStructure g = f.log();"
math:KU:org.apache.commons.math3.analysis.differentiation.DerivativeStructure:MATH-0052,math:KU:org.apache.commons.math3.analysis.differentiation.UnivariateFunctionDifferentiator:MATH-0014,complements,,llm_quote_grounded,"MATH-0052 mentions the 'second method' of differentiation involves passing a `UnivariateFunction` to an implementation of `UnivariateFunctionDifferentiator`. MATH-0014 details the `FiniteDifferencesDifferentiator`, which is the specific implementation referenced.",Alternative differentiation strategy when direct DerivativeStructure coding is cumbersome.,pass it to an existing implementation of the UnivariateFunctionDifferentiator interface to retrieve a differentiated version of the same function.,Apache Commons Math provides one implementation of the UnivariateFunctionDifferentiator interface: FiniteDifferencesDifferentiator .
math:KU:org.apache.commons.math3.analysis.differentiation.DerivativeStructure:MATH-0063,math:KU:org.apache.commons.math3.analysis.differentiation.UnivariateDifferentiableFunction:MATH-0013,complements,,llm_quote_grounded,"The DerivativeStructure KU describes the core mechanism of automatic differentiation, while the UnivariateDifferentiableFunction KU explains how to implement functions using this mechanism (specifically mentioning 'using the appropriate methods from DerivativeStructure').",Implementation of differentiable functions in Apache Commons Math.,First we configure an input parameter `x` of type DerivativeStructure so it will drive the function to compute all derivatives up to order 3 for example.,"The first method is to simply write it directly using the appropriate methods from DerivativeStructure to compute addition, subtraction, sine, cosine..."
math:KU:org.apache.commons.math3.analysis.differentiation.DerivativeStructure:MATH-0063,math:KU:org.apache.commons.math3.analysis.differentiation.UnivariateDifferentiableFunction:MATH-0121,task_related,,llm_quote_grounded,"Both KUs relate to computing derivatives. The left KU defines the DerivativeStructure class and its usage for derivative computation. The right KU provides a concrete code example implementing UnivariateDifferentiableFunction using DerivativeStructure to solve roots via Newton-Raphson, which requires derivatives.",Usage of DerivativeStructure within differentiable function implementations.,"DerivativeStructure x = new DerivativeStructure(params, order, 0, xRealValue); DerivativeStructure y = f(x);",public DerivativeStructure value(DerivativeStructure t) throws DimensionMismatchException { return t.cos(); }
math:KU:org.apache.commons.math3.analysis.differentiation.DerivativeStructure:MATH-0063,math:KU:org.apache.commons.math3.analysis.differentiation.UnivariateFunctionDifferentiator:MATH-0014,contrasts_with,,llm_quote_grounded,"The left KU describes Automatic Differentiation using DerivativeStructure, which computes exact derivatives. The right KU describes Finite Differences Differentiator, which approximates derivatives numerically and notes limitations like error susceptibility and unsuitability for high orders, contrasting with the AD approach.",Methods for computing derivatives in Apache Commons Math.,First we configure an input parameter `x` of type DerivativeStructure so it will drive the function to compute all derivatives up to order 3 for example.,Finite differences are also not well suited to compute high order derivatives.
math:KU:org.apache.commons.math3.analysis.differentiation.DerivativeStructure:MATH-0087,math:KU:org.apache.commons.math3.analysis.differentiation.DerivativeStructure:MATH-0098,complements,,llm_quote_grounded,"MATH-0098 defines the core class DerivativeStructure and its theoretical basis (Rall's numbers/Kalman's extension), while MATH-0087 provides concrete usage examples of creating instances and computing derivatives, illustrating the abstract definition.",General API documentation context where conceptual definition is paired with implementation example.,"DerivativeStructure x = new DerivativeStructure(params, order, 0, xRealValue);",The core class is DerivativeStructure which holds the value and the differentials of a function.
math:KU:org.apache.commons.math3.analysis.differentiation.DerivativeStructure:MATH-0087,math:KU:org.apache.commons.math3.analysis.differentiation.DerivativeStructure:MATH-0125,task_related,,llm_quote_grounded,"Both KUs describe workflows for using DerivativeStructure to compute derivatives. MATH-0087 shows multi-parameter differentiation and interface implementation strategies, while MATH-0125 explains the underlying mechanism of chaining functions in single-parameter contexts.",Usage patterns and internal mechanics of the automatic differentiation framework.,There are several ways a user can create an implementation of the UnivariateDifferentiableFunction interface.,"When we compute `y` from this setting, what we really do is chain `f` after the identity function"
math:KU:org.apache.commons.math3.analysis.differentiation.DerivativeStructure:MATH-0087,math:KU:org.apache.commons.math3.analysis.differentiation.FiniteDifferencesDifferentiator:MATH-0048,contrasts_with,,llm_quote_grounded,"The left KU describes two methods for differentiation, one using DerivativeStructure directly and another using a differentiator. The right KU details the FiniteDifferencesDifferentiator implementation of that second method, contrasting it with the direct approach.",Comparison of automatic differentiation via DerivativeStructure vs numerical differentiation via finite differences.,The second method is to write a classical UnivariateFunction and to pass it to an existing implementation of the UnivariateFunctionDifferentiator interface to retrieve a differentiated version of the same function.,Apache Commons Math provides one implementation of the UnivariateFunctionDifferentiator interface: FiniteDifferencesDifferentiator .
math:KU:org.apache.commons.math3.analysis.differentiation.DerivativeStructure:MATH-0087,math:KU:org.apache.commons.math3.analysis.differentiation.UnivariateDifferentiableFunction:MATH-0009,task_related,,llm_quote_grounded,"Both KUs discuss implementing the UnivariateDifferentiableFunction interface using DerivativeStructure. The left KU explains the general approaches, while the right KU shows a specific user struggle and solution involving this interface.",Implementation strategies for UnivariateDifferentiableFunction using DerivativeStructure.,There are several ways a user can create an implementation of the UnivariateDifferentiableFunction interface.,UnivariateDifferentiableFunction f = new UnivariateDifferentiableFunction() { public double value(double x) { return Math.sin(x); } public DerivativeStructure value(DerivativeStructure t) throws DimensionMismatchException { return t.sin(); } };
math:KU:org.apache.commons.math3.analysis.differentiation.DerivativeStructure:MATH-0087,math:KU:org.apache.commons.math3.analysis.differentiation.UnivariateDifferentiableFunction:MATH-0121,task_related,,llm_quote_grounded,"Both KUs relate to using DerivativeStructure within UnivariateDifferentiableFunction implementations for root finding (Newton-Raphson). The left KU provides the conceptual background, and the right KU provides concrete code examples.",Using DerivativeStructure in UnivariateDifferentiableFunction for numerical solvers.,"The first method is to simply write it directly using the appropriate methods from DerivativeStructure to compute addition, subtraction, sine, cosine...",public DerivativeStructure value(DerivativeStructure t) throws DimensionMismatchException { return t.cos(); }
math:KU:org.apache.commons.math3.analysis.differentiation.DerivativeStructure:MATH-0087,math:KU:org.apache.commons.math3.analysis.differentiation.UnivariateFunctionDifferentiator:MATH-0014,complements,,llm_quote_grounded,"The left KU mentions passing a UnivariateFunction to an implementation of UnivariateFunctionDifferentiator. The right KU describes the FiniteDifferencesDifferentiator, which is such an implementation, complementing the general description.",Details on the UnivariateFunctionDifferentiator interface mentioned in the context of DerivativeStructure usage alternatives.,pass it to an existing implementation of the UnivariateFunctionDifferentiator interface,Apache Commons Math provides one implementation of the UnivariateFunctionDifferentiator interface: FiniteDifferencesDifferentiator .
math:KU:org.apache.commons.math3.analysis.differentiation.DerivativeStructure:MATH-0098,math:KU:org.apache.commons.math3.analysis.differentiation.DerivativeStructure:MATH-0125,complements,,llm_quote_grounded,"MATH-0098 defines the general concept and capabilities of DerivativeStructure, while MATH-0125 explains the specific mechanism of how derivatives are chained and computed with respect to free parameters in practice.",Understanding the operational behavior of automatic differentiation using DerivativeStructure.,The core class is DerivativeStructure which holds the value and the differentials of a function.,"the derivatives of g and f will be chained together automatically, without user intervention."
math:KU:org.apache.commons.math3.analysis.differentiation.DerivativeStructure:MATH-0098,math:KU:org.apache.commons.math3.analysis.differentiation.UnivariateDifferentiableFunction:MATH-0009,task_related,,llm_quote_grounded,"MATH-0098 describes the DerivativeStructure class which is the input/output type for UnivariateDifferentiableFunction. MATH-0009 discusses the practical implementation challenges of this interface, specifically how to handle custom functions that cannot directly use DerivativeStructure operations.",Implementing UnivariateDifferentiableFunction for complex or external functions.,It is used both as the input and the output type for the UnivariateDifferentiableFunction interface.,I am having trouble implementing a more complicated form of the DerivativeStructure class provided by the Apache Commons Math Library.
math:KU:org.apache.commons.math3.analysis.differentiation.DerivativeStructure:MATH-0098,math:KU:org.apache.commons.math3.analysis.differentiation.UnivariateFunctionDifferentiator:MATH-0014,contrasts_with,,llm_quote_grounded,"MATH-0098 describes DerivativeStructure as an automatic differentiation tool that computes derivatives during evaluation. MATH-0014 describes UnivariateFunctionDifferentiator (implemented by FiniteDifferencesDifferentiator) as a tool that wraps existing functions to approximate derivatives numerically, representing a different approach to obtaining derivative information.",Comparing automatic differentiation vs. numerical differentiation interfaces.,partial derivatives are also computed alongside,FiniteDifferencesDifferentiator . This class creates a wrapper that will call the user-provided function on a grid sample and will use finite differences to compute the derivatives.
math:KU:org.apache.commons.math3.analysis.differentiation.DerivativeStructure:MATH-0125,math:KU:org.apache.commons.math3.analysis.differentiation.FiniteDifferencesDifferentiator:MATH-0048,contrasts_with,,llm_quote_grounded,"DerivativeStructure uses automatic differentiation via operator overloading, whereas FiniteDifferencesDifferentiator uses numerical finite differences.",Comparison of differentiation methods within the analysis.differentiation package.,"This design choice is a very classical one in many algorithmic differentiation frameworks, either based on operator overloading (like the one we implemented here) or based on code generation.",This class creates a wrapper that will call the user-provided function on a grid sample and will use finite differences to compute the derivatives.
math:KU:org.apache.commons.math3.analysis.differentiation.UnivariateDifferentiableFunction:MATH-0009,math:KU:org.apache.commons.math3.analysis.differentiation.UnivariateDifferentiableFunction:MATH-0013,complements,,llm_quote_grounded,"MATH-0013 provides the official documentation and two standard implementation strategies for UnivariateDifferentiableFunction, which directly addresses the user's confusion in MATH-0009 about how to implement the interface for a complex function.",Implementation of UnivariateDifferentiableFunction interface,There are several ways a user can create an implementation of the UnivariateDifferentiableFunction interface.,There are several ways a user can create an implementation of the UnivariateDifferentiableFunction interface.
math:KU:org.apache.commons.math3.analysis.differentiation.UnivariateDifferentiableFunction:MATH-0009,math:KU:org.apache.commons.math3.analysis.differentiation.UnivariateDifferentiableFunction:MATH-0121,task_related,,llm_quote_grounded,Both KUs address the implementation of UnivariateDifferentiableFunction for use with NewtonRaphsonSolver to find function roots.,"Apache Commons Math library, root finding via differentiation",NewtonRaphsonSolver test = new NewtonRaphsonSolver(1E-10); UnivariateDifferentiableFunction f = new UnivariateDifferentiableFunction() {,NewtonRaphsonSolver test = new NewtonRaphsonSolver(); UnivariateDifferentiableFunction f = new UnivariateDifferentiableFunction() {
math:KU:org.apache.commons.math3.analysis.differentiation.UnivariateDifferentiableFunction:MATH-0013,math:KU:org.apache.commons.math3.analysis.differentiation.UnivariateDifferentiableFunction:MATH-0121,complements,,llm_quote_grounded,"MATH-0013 provides the theoretical documentation on how to implement UnivariateDifferentiableFunction (directly vs differentiator), which explains the code patterns used in MATH-0121.",Implementation strategies for UnivariateDifferentiableFunction,There are several ways a user can create an implementation of the UnivariateDifferentiableFunction interface. The first method is to simply write it directly using the appropriate methods from DerivativeStructure,public DerivativeStructure value(DerivativeStructure t) throws DimensionMismatchException { return t.cos(); }
math:KU:org.apache.commons.math3.analysis.differentiation.UnivariateDifferentiableFunction:MATH-0013,math:KU:org.apache.commons.math3.analysis.differentiation.UnivariateFunctionDifferentiator:MATH-0014,task_related,,llm_quote_grounded,"MATH-0013 describes two methods for creating UnivariateDifferentiableFunction implementations, one of which involves passing a UnivariateFunction to a UnivariateFunctionDifferentiator, which is the API described in MATH-0014.",Creating differentiated functions in Apache Commons Math,The second method is to write a classical UnivariateFunction and to pass it to an existing implementation of the UnivariateFunctionDifferentiator interface to retrieve a differentiated version of the same function.,### 4.7 Differentiation - part 7 Apache Commons Math provides one implementation of the UnivariateFunctionDifferentiator interface
math:KU:org.apache.commons.math3.analysis.differentiation.UnivariateDifferentiableFunction:MATH-0013,math:KU:org.apache.commons.math3.analysis.polynomials.PolynomialFunction:MATH-0035,complements,,llm_quote_grounded,"MATH-0013 explains the interface and implementation strategies for UnivariateDifferentiableFunction, while MATH-0035 provides a concrete use case where PolynomialFunction (which implements this interface) is used with NewtonRaphsonSolver to find optima by leveraging its differentiability.",Application of differentiation capabilities in optimization tasks.,There are several ways a user can create an implementation of the UnivariateDifferentiableFunction interface.,Is there a simple way to find the optimum of a PolynomialFunction (which is also a UnivariateDifferentiableFunction) in commons.math?
math:KU:org.apache.commons.math3.analysis.differentiation.UnivariateDifferentiableFunction:MATH-0121,math:KU:org.apache.commons.math3.analysis.polynomials.PolynomialFunction:MATH-0035,task_related,,llm_quote_grounded,"Both KUs involve using the NewtonRaphsonSolver with functions that implement or relate to UnivariateDifferentiableFunction. MATH-0121 demonstrates finding roots of trigonometric functions defined as UnivariateDifferentiableFunction, while MATH-0035 demonstrates finding optima of PolynomialFunction (a UnivariateDifferentiableFunction) by solving for roots of its derivative.",Root-finding and optimization tasks utilizing Newton-Raphson method on differentiable univariate functions.,Newton's method is used to find roots for a given function.,"final double opt = solver.solve( MAX_EVAL, f.polynomialDerivative(), min, max);"
math:KU:org.apache.commons.math3.analysis.differentiation.UnivariateDifferentiableFunction:MATH-0121,math:KU:org.apache.commons.math3.analysis.solvers.BrentSolver:MATH-0124,contrasts_with,,llm_quote_grounded,"MATH-0121 uses NewtonRaphsonSolver which requires a UnivariateDifferentiableFunction (providing derivatives), whereas MATH-0124 uses BrentSolver which operates on a standard UnivariateFunction (only requiring values). This highlights the difference between derivative-based and value-only root-finding algorithms.",Comparison of root-finding solvers based on their input function requirements (differentiable vs non-differentiable).,UnivariateDifferentiableFunction f = new UnivariateDifferentiableFunction() {,UnivariateFunction f = new UnivariateFunction() {
math:KU:org.apache.commons.math3.analysis.interpolation.BicubicSplineInterpolator:MATH-0097,math:KU:org.apache.commons.math3.analysis.interpolation.BivariateGridInterpolator:MATH-0112,task_related,,llm_quote_grounded,"Both KUs describe interpolation algorithms that operate on grid-based data to construct functions, with the left KU handling trivariate/bicubic cases and the right KU handling bivariate cases.",Interpolation of real-valued functions from sampled grid data.,"From two-dimensional data sampled on a grid, the BicubicSplineInterpolator computes a bicubic interpolating function.","A BivariateGridInterpolator is used to find a bivariate real-valued function `f` which for a given set of tuples (`xi`,`yj`,`fij`) yields `f(xi,yj)=fij` to the best accuracy possible."
math:KU:org.apache.commons.math3.analysis.interpolation.BicubicSplineInterpolator:MATH-0097,math:KU:org.apache.commons.math3.analysis.interpolation.HermiteInterpolator:MATH-0086,contrasts_with,,llm_quote_grounded,"Bicubic interpolation requires data on a regular grid with sorted coordinates, whereas Hermite interpolation allows arbitrary spacing of sample points.",Data input requirements for interpolation algorithms,"The arrays `xi`, `yj` and `zk` must be sorted in increasing order in order to define a three-dimensional grid.",The sampling points can have any spacing (there are no requirements for a regular grid)
math:KU:org.apache.commons.math3.analysis.interpolation.BicubicSplineInterpolator:MATH-0097,math:KU:org.apache.commons.math3.analysis.interpolation.TricubicSplineInterpolator:MATH-0047,task_related,,llm_quote_grounded,"Both classes perform cubic spline interpolation using function values and partial derivatives on a grid, differing primarily in the dimensionality of the data (2D vs 3D).",Multidimensional interpolation tasks,"In bicubic interpolation, the interpolation function is a 3rd-degree polynomial of two variables. The coefficients are computed from the function values sampled on a grid, as well as the values of the partial derivatives of the function at those grid points.","In tricubic interpolation, the interpolation function is a 3rd-degree polynomial of three variables. The coefficients are computed from the function values sampled on a grid, as well as the values of the partial derivatives of the function at those grid points."
math:KU:org.apache.commons.math3.analysis.interpolation.BivariateGridInterpolator:MATH-0112,math:KU:org.apache.commons.math3.analysis.interpolation.SmoothingPolynomialBicubicSplineInterpolator:MATH-0011,task_related,,llm_quote_grounded,"Both KUs describe interpolation algorithms for functions defined on grids, specifically dealing with bivariate (2D) data structures.",Interpolation of grid-sampled data in two or more dimensions.,"A BivariateGridInterpolator is used to find a bivariate real-valued function `f` which for a given set of tuples (`xi`,`yj`,`fij`) yields `f(xi,yj)=fij` to the best accuracy possible.","From two-dimensional data sampled on a grid, the BicubicSplineInterpolator computes a bicubic interpolating function."
math:KU:org.apache.commons.math3.analysis.interpolation.BivariateGridInterpolator:MATH-0112,math:KU:org.apache.commons.math3.analysis.interpolation.TricubicSplineInterpolator:MATH-0047,task_related,,llm_quote_grounded,"Both KUs describe interpolation methods for multidimensional grid data, differing in dimensionality (bivariate vs tricubic/3D).",Multidimensional interpolation on regular grids.,"A BivariateGridInterpolator is used to find a bivariate real-valued function `f` which for a given set of tuples (`xi`,`yj`,`fij`) yields `f(xi,yj)=fij` to the best accuracy possible.","From three-dimensional data sampled on a grid, the TricubicSplineInterpolator computes a tricubic interpolating function."
math:KU:org.apache.commons.math3.analysis.interpolation.BivariateGridInterpolator:MATH-0112,math:KU:org.apache.commons.math3.analysis.interpolation.TrivariateGridInterpolator:MATH-0012,task_related,,llm_quote_grounded,"Both KUs define interfaces/classes for interpolating functions based on grid data, one for 2D and one for 3D.",Grid-based interpolation tasks.,"A BivariateGridInterpolator is used to find a bivariate real-valued function `f` which for a given set of tuples (`xi`,`yj`,`fij`) yields `f(xi,yj)=fij` to the best accuracy possible.","A TrivariateGridInterpolator is used to find a trivariate real-valued function `f` which for a given set of tuples (`xi`,`yj`,`zk`, `fijk`) yields `f(xi,yj,zk)=fijk` to the best accuracy possible."
math:KU:org.apache.commons.math3.analysis.interpolation.BivariateGridInterpolator:MATH-0112,math:KU:org.apache.commons.math3.analysis.interpolation.UnivariateInterpolator:MATH-0061,task_related,,llm_quote_grounded,"Both KUs describe interpolation mechanisms for finding a function that fits sample points, differing by dimensionality (univariate vs bivariate).",Function interpolation from discrete samples.,"A BivariateGridInterpolator is used to find a bivariate real-valued function `f` which for a given set of tuples (`xi`,`yj`,`fij`) yields `f(xi,yj)=fij` to the best accuracy possible.","A UnivariateInterpolator is used to find a univariate real-valued function `f` which for a given set of ordered pairs (`xi`,`yi`) yields `f(xi)=yi` to the best accuracy possible."
math:KU:org.apache.commons.math3.analysis.interpolation.HermiteInterpolator:MATH-0086,math:KU:org.apache.commons.math3.analysis.interpolation.SmoothingPolynomialBicubicSplineInterpolator:MATH-0011,contrasts_with,,llm_quote_grounded,"Hermite interpolation allows irregular spacing and optional derivatives, whereas bicubic spline interpolation requires data sampled on a regular grid.",Comparison of input data requirements for different interpolation algorithms.,The sampling points can have any spacing (there are no requirements for a regular grid),"From two-dimensional data sampled on a grid, the BicubicSplineInterpolator computes a bicubic interpolating function."
math:KU:org.apache.commons.math3.analysis.interpolation.HermiteInterpolator:MATH-0086,math:KU:org.apache.commons.math3.analysis.interpolation.TricubicSplineInterpolator:MATH-0047,contrasts_with,,llm_quote_grounded,"Hermite interpolation supports arbitrary point spacing, while tricubic spline interpolation operates on data sampled on a grid.",Comparison of structural constraints on input data.,The sampling points can have any spacing (there are no requirements for a regular grid),"From three-dimensional data sampled on a grid, the TricubicSplineInterpolator computes a tricubic interpolating function."
math:KU:org.apache.commons.math3.analysis.interpolation.HermiteInterpolator:MATH-0086,math:KU:org.apache.commons.math3.analysis.interpolation.TrivariateGridInterpolator:MATH-0012,contrasts_with,,llm_quote_grounded,"Hermite interpolation does not require a regular grid, whereas TrivariateGridInterpolator explicitly requires sorted arrays to define a three-dimensional grid.",Comparison of grid vs. non-grid interpolation methods.,The sampling points can have any spacing (there are no requirements for a regular grid),"The arrays `xi`, `yj` and `zk` must be sorted in increasing order in order to define a three-dimensional grid."
math:KU:org.apache.commons.math3.analysis.interpolation.HermiteInterpolator:MATH-0086,math:KU:org.apache.commons.math3.analysis.interpolation.UnivariateInterpolator:MATH-0061,contrasts_with,,llm_quote_grounded,"Hermite interpolation allows points with any spacing, while UnivariateInterpolator (specifically SplineInterpolator) requires x values to be ordered in ascending order.",Comparison of ordering/spacing requirements for univariate interpolation inputs.,The sampling points can have any spacing (there are no requirements for a regular grid),The x values passed to the interpolator must be ordered in ascending order.
math:KU:org.apache.commons.math3.analysis.interpolation.SmoothingPolynomialBicubicSplineInterpolator:MATH-0011,math:KU:org.apache.commons.math3.analysis.interpolation.TricubicSplineInterpolator:MATH-0047,contrasts_with,,llm_quote_grounded,"The left KU describes bicubic interpolation (2 variables) and trivariate grid concepts, while the right KU specifically defines tricubic interpolation (3 variables). They represent different dimensionalities of cubic spline interpolation.",Interpolation dimensionality and polynomial degree definitions,"In bicubic interpolation, the interpolation function is a 3rd-degree polynomial of two variables.","In tricubic interpolation, the interpolation function is a 3rd-degree polynomial of three variables."
math:KU:org.apache.commons.math3.analysis.interpolation.SmoothingPolynomialBicubicSplineInterpolator:MATH-0011,math:KU:org.apache.commons.math3.analysis.interpolation.UnivariateInterpolator:MATH-0061,contrasts_with,,llm_quote_grounded,"The left KU discusses multivariate interpolation (bicubic/trivariate) requiring grids, whereas the right KU defines univariate interpolation for single-variable functions using ordered pairs.",Dimensionality of input data and interpolation type,"From two-dimensional data sampled on a grid, the BicubicSplineInterpolator computes a bicubic interpolating function.","A UnivariateInterpolator is used to find a univariate real-valued function `f` which for a given set of ordered pairs (`xi`,`yi`) yields `f(xi)=yi` to the best accuracy possible."
math:KU:org.apache.commons.math3.analysis.interpolation.TricubicSplineInterpolator:MATH-0047,math:KU:org.apache.commons.math3.analysis.interpolation.TrivariateGridInterpolator:MATH-0012,task_related,,llm_quote_grounded,"Both APIs perform interpolation on three-dimensional data sampled on a grid, with TricubicSplineInterpolator computing the function and TrivariateGridInterpolator defining the interface for finding such functions.",Interpolation of 3D grid data,"From three-dimensional data sampled on a grid, the TricubicSplineInterpolator computes a tricubic interpolating function.","A TrivariateGridInterpolator is used to find a trivariate real-valued function `f` which for a given set of tuples (`xi`,`yj`,`zk`, `fijk`) yields `f(xi,yj,zk)=fijk` to the best accuracy possible."
math:KU:org.apache.commons.math3.analysis.interpolation.TricubicSplineInterpolator:MATH-0047,math:KU:org.apache.commons.math3.analysis.interpolation.UnivariateInterpolator:MATH-0061,contrasts_with,,llm_quote_grounded,"TricubicSplineInterpolator handles three-dimensional data, whereas UnivariateInterpolator handles one-dimensional (univariate) data.",Dimensionality of input data for interpolation,"In tricubic interpolation, the interpolation function is a 3rd-degree polynomial of three variables.",A UnivariateInterpolator is used to find a univariate real-valued function `f`
math:KU:org.apache.commons.math3.analysis.interpolation.TrivariateGridInterpolator:MATH-0012,math:KU:org.apache.commons.math3.analysis.interpolation.UnivariateInterpolator:MATH-0061,contrasts_with,,llm_quote_grounded,"TrivariateGridInterpolator finds functions of three variables from grid data, while UnivariateInterpolator finds functions of one variable from ordered pairs.",Number of independent variables in interpolation,A TrivariateGridInterpolator is used to find a trivariate real-valued function `f`,A UnivariateInterpolator is used to find a univariate real-valued function `f`
math:KU:org.apache.commons.math3.analysis.interpolation.UnivariateInterpolator:MATH-0023,math:KU:org.apache.commons.math3.analysis.interpolation.UnivariateInterpolator:MATH-0061,complements,,llm_quote_grounded,"The first KU provides a practical StackOverflow example of using LinearInterpolator, while the second KU provides the official documentation and theoretical background for UnivariateInterpolator.",Understanding how to use UnivariateInterpolator in Apache Commons Math.,"LinearInterpolator li = new LinearInterpolator(); PolynomialSplineFunction psf = li.interpolate(x, y);","A UnivariateInterpolator is used to find a univariate real-valued function `f` which for a given set of ordered pairs (`xi`,`yi`) yields `f(xi)=yi` to the best accuracy possible."
math:KU:org.apache.commons.math3.analysis.interpolation.UnivariateInterpolator:MATH-0023,math:KU:org.apache.commons.math3.linear.RealMatrix:MATH-0119,complements,,llm_quote_grounded,"The RealMatrix KU suggests using interpolation (from the UnivariateInterpolator KU) as a method for smoothing data, complementing the regression/trendline focus of the RealMatrix KU.",When applying trend lines or regression to noisy data where smoothing is required.,Interpolate function using Apache Commons Math,"You might want to do some smoothing, using interpolation as suggested in another answer."
math:KU:org.apache.commons.math3.analysis.polynomials.PolynomialFunction:MATH-0035,math:KU:org.apache.commons.math3.analysis.polynomials.PolynomialFunction:MATH-0058,task_related,,llm_quote_grounded,"Both KUs involve solving equations derived from PolynomialFunction objects. MATH-0035 finds optima by solving for roots of the derivative, while MATH-0058 finds x for a given y by solving for roots of the polynomial minus y.",Numerical root-finding on polynomials within Apache Commons Math.,"NewtonRaphsonSolver solver = new NewtonRaphsonSolver(); final double opt = solver.solve( MAX_EVAL, f.polynomialDerivative(), min, max);","PolynomialFunction polynomial = new PolynomialFunction(coeffs); LaguerreSolver laguerreSolver = new LaguerreSolver(); double x = laguerreSolver.solve(100, polynomial, 0, 1000000);"
math:KU:org.apache.commons.math3.analysis.polynomials.PolynomialFunction:MATH-0035,math:KU:org.apache.commons.math3.analysis.polynomials.PolynomialFunction:MATH-0083,contrasts_with,,llm_quote_grounded,"MATH-0035 uses PolynomialFunction for optimization (finding extrema via derivatives), whereas MATH-0083 uses it for extrapolation (evaluating splines outside their domain). These represent distinct mathematical operations on the same class.",Different applications of PolynomialFunction: optimization vs. extrapolation/evaluation.,Finding optima of PolynomialFunction in commons.math,Extrapolation in java
math:KU:org.apache.commons.math3.analysis.polynomials.PolynomialFunction:MATH-0035,math:KU:org.apache.commons.math3.analysis.polynomials.PolynomialFunction:MATH-0106,task_related,,llm_quote_grounded,"Both KUs rely on root-finding algorithms applied to PolynomialFunction instances. MATH-0035 finds roots of the derivative to locate optima, while MATH-0106 finds roots of the polynomial itself.",Root-finding tasks involving PolynomialFunction in Apache Commons Math.,"solver.solve( MAX_EVAL, f.polynomialDerivative(), min, max)","LaguerreSolver laguerreSolver = new LaguerreSolver(); double root = laguerreSolver.solve(100, polynomial, -100, 100);"
math:KU:org.apache.commons.math3.analysis.polynomials.PolynomialFunction:MATH-0035,math:KU:org.apache.commons.math3.analysis.solvers.BrentSolver:MATH-0124,contrasts_with,,llm_quote_grounded,"The left KU notes that BrentSolver is a univariate optimizer but does not take advantage of differentiability, whereas the right KU demonstrates using BrentSolver for root finding (solving equations) rather than optimization.",Comparison of solver capabilities and use cases within Apache Commons Math.,"the only explicitly univariate optimizer is Brent, which doesn't take advantage of the differentiability",Here is code that does it using the implementation of Brent's Method for root finding
math:KU:org.apache.commons.math3.analysis.polynomials.PolynomialFunction:MATH-0058,math:KU:org.apache.commons.math3.analysis.polynomials.PolynomialFunction:MATH-0106,task_related,,llm_quote_grounded,Both KUs describe the task of finding roots of a polynomial using `PolynomialFunction` and `LaguerreSolver` in Apache Commons Math.,Numerical root-finding for polynomials defined by coefficient arrays.,"find the root of the polynomial using the dedicated function: PolynomialFunction polynomial = new PolynomialFunction(coeffs); LaguerreSolver laguerreSolver = new LaguerreSolver(); double x = laguerreSolver.solve(100, polynomial, 0, 1000000);","commons math has reasonable API for polynomials // -4 + 3 x + x^2 PolynomialFunction polynomial = new PolynomialFunction(new double[]{ -4, 3, 1}); LaguerreSolver laguerreSolver = new LaguerreSolver(); double root = laguerreSolver.solve(100, polynomial, -100, 100);"
math:KU:org.apache.commons.math3.analysis.polynomials.PolynomialFunction:MATH-0058,math:KU:org.apache.commons.math3.analysis.polynomials.PolynomialFunction:MATH-0113,complements,,llm_quote_grounded,MATH-0113 provides the general definition and capabilities of the `PolynomialFunction` class (using traditional coefficients arrays) which is instantiated and used in MATH-0058 to perform specific calculations.,Understanding the underlying data structure and class purpose for the operations performed in MATH-0058.,PolynomialFunction polynomial = new PolynomialFunction(coeffs);,"The PolynomialFunction class is the most general one, using traditional coefficients arrays."
math:KU:org.apache.commons.math3.analysis.polynomials.PolynomialFunction:MATH-0058,math:KU:org.apache.commons.math3.analysis.polynomials.PolynomialsUtils:MATH-0114,contrasts_with,,llm_quote_grounded,"MATH-0058 demonstrates creating a `PolynomialFunction` from arbitrary fitted coefficients, whereas MATH-0114 describes `PolynomialsUtils` as providing factory methods for specific orthogonal polynomials (Chebyshev, Legendre, etc.) with exact fraction coefficients.",Methods for constructing polynomial objects: manual coefficient assignment vs. utility-based generation of standard forms.,PolynomialFunction polynomial = new PolynomialFunction(coeffs);,"The PolynomialsUtils utility class provides static factory methods to build Chebyshev, Hermite, Jacobi, Laguerre and Legendre polynomials."
math:KU:org.apache.commons.math3.analysis.polynomials.PolynomialFunction:MATH-0083,math:KU:org.apache.commons.math3.analysis.polynomials.PolynomialFunction:MATH-0106,task_related,,llm_quote_grounded,Both KUs involve using PolynomialFunction objects for numerical analysis tasks (extrapolation vs root finding) within Apache Commons Math.,Apache Commons Math polynomial usage,final PolynomialFunction firstFunction = splines[0];,"PolynomialFunction polynomial = new PolynomialFunction(new double[]{ -4, 3, 1});"
math:KU:org.apache.commons.math3.analysis.polynomials.PolynomialFunction:MATH-0083,math:KU:org.apache.commons.math3.analysis.polynomials.PolynomialFunction:MATH-0113,complements,,llm_quote_grounded,"MATH-0113 provides the general definition and capabilities of PolynomialFunction, which is used concretely in MATH-0083 for extrapolation logic.",API documentation vs implementation example,final PolynomialFunction[] splines = function.getPolynomials();,"The PolynomialFunction class is the most general one, using traditional coefficients arrays."
math:KU:org.apache.commons.math3.analysis.polynomials.PolynomialFunction:MATH-0083,math:KU:org.apache.commons.math3.analysis.polynomials.PolynomialsUtils:MATH-0114,complements,,llm_quote_grounded,"MATH-0114 describes PolynomialsUtils as a factory for polynomials, complementing the manual construction/usage of PolynomialFunction seen in MATH-0083.",Package overview vs specific usage,final PolynomialFunction lastFunction = splines[splines.length - 1];,"The PolynomialsUtils utility class provides static factory methods to build Chebyshev, Hermite, Jacobi, Laguerre and Legendre polynomials."
math:KU:org.apache.commons.math3.analysis.polynomials.PolynomialFunction:MATH-0083,math:KU:org.apache.commons.math3.analysis.solvers.BrentSolver:MATH-0124,task_related,,llm_quote_grounded,"Both KUs address solving mathematical problems involving functions/polynomials in Java using Apache Commons Math, though via different mechanisms (interpolation/extrapolation vs root finding).",Numerical analysis with Apache Commons Math,"You can get the first and last polynomial splines from the interpolator, and use those to extrapolate.",Here is code that does it using the implementation of Brent's Method for root finding (from Apache Commons).
math:KU:org.apache.commons.math3.analysis.polynomials.PolynomialFunction:MATH-0106,math:KU:org.apache.commons.math3.analysis.polynomials.PolynomialFunction:MATH-0113,complements,,llm_quote_grounded,"The tutorial KU describes the general capabilities of the PolynomialFunction class (real coefficients, traditional arrays), which complements the specific usage example in the StackOverflow KU where a PolynomialFunction is instantiated with such an array to find roots.",General API description vs. specific implementation example for root finding.,"PolynomialFunction polynomial = new PolynomialFunction(new double[]{ -4, 3, 1});","The PolynomialFunction class is the most general one, using traditional coefficients arrays."
math:KU:org.apache.commons.math3.analysis.polynomials.PolynomialsUtils:MATH-0114,math:KU:org.apache.commons.math3.analysis.polynomials.PolynomialFunction:MATH-0106,complements,,llm_quote_grounded,"The tutorial KU explains that PolynomialsUtils provides factory methods to build Legendre polynomials, which directly addresses the user's need in the StackOverflow KU to find solutions for a Legendre polynomial by providing the means to construct it.",Construction of specific polynomial types vs. solving them.,"The PolynomialsUtils utility class provides static factory methods to build Chebyshev, Hermite, Jacobi, Laguerre and Legendre polynomials.","I need to find (approximate, numerical) solution to Legendre polynomial."
math:KU:org.apache.commons.math3.linear.Array2DRowRealMatrix:MATH-0031,math:KU:org.apache.commons.math3.analysis.polynomials.PolynomialFunction:MATH-0106,contrasts_with,,llm_quote_grounded,"The first KU solves for polynomial *coefficients* given points (interpolation/fitting) using linear algebra, whereas the second KU finds polynomial *roots* given coefficients (evaluation/solving) using a specialized solver.",Inverse problems in polynomial mathematics: determining parameters vs. determining zeros.,"Computation of polynomial coefficients I need math library to solve simple system of 3 equations like (ax2 + bx + c = y) and get `a, b, c`, where I know 3 couples `(x,y)`.","Finding roots of polynomial in Java I need to find (approximate, numerical) solution to Legendre polynomial."
math:KU:org.apache.commons.math3.analysis.polynomials.PolynomialFunction:MATH-0113,math:KU:org.apache.commons.math3.analysis.solvers.BrentSolver:MATH-0124,task_related,,llm_quote_grounded,"Both KUs address the task of handling polynomials in Java, specifically defining polynomial structures and solving for their roots.",Polynomial definition and root finding within Apache Commons Math.,"The PolynomialFunction class is the most general one, using traditional coefficients arrays.",Solving polynomial equation in Java
math:KU:org.apache.commons.math3.analysis.polynomials.PolynomialsUtils:MATH-0114,math:KU:org.apache.commons.math3.analysis.solvers.BrentSolver:MATH-0124,task_related,,llm_quote_grounded,Both KUs relate to the workflow of constructing specific polynomials (via utility methods) and subsequently solving them (via root finders).,Polynomial construction and solving tasks in Apache Commons Math.,"The PolynomialsUtils utility class provides static factory methods to build Chebyshev, Hermite, Jacobi, Laguerre and Legendre polynomials.",Solving polynomial equation in Java
math:KU:org.apache.commons.math3.analysis.solvers.BisectionSolver:MATH-0096,math:KU:org.apache.commons.math3.exception.ConvergenceException:MATH-0110,constrains,,llm_quote_grounded,"The text describing BisectionSolver mentions its guaranteed convergence, while the ConvergenceException text explains the mechanism (maxEval) by which non-convergence is detected and signaled for solvers, providing context on how failure modes are handled relative to guaranteed ones.",Relationship between solver convergence properties and the exception handling mechanism for non-convergence.,guaranteed to converge even in very adverse circumstances,"If the maximal number of iterations count is exceeded, non-convergence is assumed and a ` ConvergenceException ` exception is thrown."
math:KU:org.apache.commons.math3.analysis.solvers.BracketingNthOrderBrentSolver:MATH-0073,math:KU:org.apache.commons.math3.analysis.solvers.BrentSolver:MATH-0124,task_related,,llm_quote_grounded,"Both KUs describe the usage of Brent's method for root finding in Apache Commons Math, with one providing API documentation and the other a code example.",Root-finding tasks using Brent's algorithm in Java.,"Using a solver object, roots of functions are easily found using the ` BracketingNthOrderBrentSolver.solve ` methods.",Here is code that does it using the implementation of Brent's Method for root finding (from Apache Commons).
math:KU:org.apache.commons.math3.analysis.solvers.BracketingNthOrderBrentSolver:MATH-0073,math:KU:org.apache.commons.math3.analysis.solvers.IllinoisSolver:MATH-0095,contrasts_with,,llm_quote_grounded,"The left KU describes bracketed solvers (like Brent) which guarantee convergence within an interval, while the right KU contrasts these with non-bracketed or slower bracketed alternatives like Secant and Regula Falsi/Illinois, highlighting trade-offs in speed and convergence guarantees.","Comparison of root-finding algorithms regarding bracketing, convergence guarantees, and speed.",Bracketed solvers also take an allowed solution enum parameter to specify which side of the final convergence interval should be selected as the root.,The ` SecantSolver ` uses a straightforward secant algorithm which does not bracket the search and therefore does not guarantee convergence. It may be faster than Brent on some well-behaved functions.
math:KU:org.apache.commons.math3.analysis.solvers.BracketingNthOrderBrentSolver:MATH-0073,math:KU:org.apache.commons.math3.analysis.solvers.PegasusSolver:MATH-0085,contrasts_with,,llm_quote_grounded,"The left KU details the general interface and parameters for bracketed solvers like Brent, while the right KU discusses specific variations (Pegasus) and their performance characteristics relative to other algorithms, contrasting the general mechanism with specific algorithmic choices.",Comparison between general bracketed solver usage and specific Pegasus solver characteristics.,Bracketed solvers also take an allowed solution enum parameter to specify which side of the final convergence interval should be selected as the root.,Pegasus may be the algorithm of choice for selecting a specific side of the convergence interval.
math:KU:org.apache.commons.math3.analysis.solvers.BracketingNthOrderBrentSolver:MATH-0073,math:KU:org.apache.commons.math3.analysis.solvers.RegulaFalsiSolver:MATH-0074,contrasts_with,,llm_quote_grounded,"The left KU describes robust bracketed solving (Brent), while the right KU contrasts this with Regula Falsi, noting its potential slowness due to stuck endpoints, highlighting different convergence behaviors among bracketed methods.",Comparison of convergence efficiency between Brent and Regula Falsi solvers.,"A suggested value is 100, which should be plenty, given that a bisection algorithm can't get any more accurate after 52 iterations because of the number of mantissa bits in a double precision floating point number.","The ` RegulaFalsiSolver ` is variation of secant preserving bracketing, but then it may be slow, as one end point of the search interval will become fixed after and only the other end point will converge to the root"
math:KU:org.apache.commons.math3.analysis.solvers.BracketingNthOrderBrentSolver:MATH-0073,math:KU:org.apache.commons.math3.analysis.solvers.SecantSolver:MATH-0059,contrasts_with,,llm_quote_grounded,"The left KU explains bracketed solvers which ensure the root stays within min/max bounds, while the right KU explicitly states that SecantSolver does not bracket the search and thus lacks convergence guarantees, contrasting safety/robustness vs speed.",Comparison of bracketing guarantees between Brent and Secant solvers.,"* `min <= c <= max` (except for the secant method, which may find a solution outside the interval)",The ` SecantSolver ` uses a straightforward secant algorithm which does not bracket the search and therefore does not guarantee convergence.
math:KU:org.apache.commons.math3.analysis.solvers.BracketingNthOrderBrentSolver:MATH-0073,math:KU:org.apache.commons.math3.analysis.solvers.UnivariateSolver:MATH-0060,complements,,llm_quote_grounded,"The left KU describes how to use a specific solver (Brent) including accuracy parameters, while the right KU defines the underlying interface properties (Absolute/Relative Accuracy) that control convergence for all such solvers, providing the theoretical basis for the practical usage described in the left.",Definition of accuracy properties used by solver implementations.,"In order to use the root-finding features, first a solver object must be created by calling its constructor, often providing relative and absolute accuracy.",The ` UnivariateSolver ` interface exposes many properties to control the convergence of a solver. The accuracy properties are set at solver instance creation and cannot be changed afterwards
math:KU:org.apache.commons.math3.analysis.solvers.BracketingNthOrderBrentSolver:MATH-0111,math:KU:org.apache.commons.math3.analysis.solvers.BrentSolver:MATH-0124,contrasts_with,,llm_quote_grounded,"The left KU describes BracketingNthOrderBrentSolver as the recommended algorithm with guaranteed convergence and bracket selection, contrasting it with BrentSolver which is described as fast but potentially converging to a random root without indication of problems if multiple roots exist.","Comparison of solver characteristics (convergence guarantees, handling of multiple roots) within Apache Commons Math analysis solvers.","This is now the recommended algorithm for most users since it has the largest order, doesn't require derivatives, has guaranteed convergence and allows result bracket selection.",It may not work for functions having multiple roots less than `intervalSize` (0.01) apart
math:KU:org.apache.commons.math3.analysis.solvers.BracketingNthOrderBrentSolver:MATH-0111,math:KU:org.apache.commons.math3.analysis.solvers.PegasusSolver:MATH-0085,complements,,llm_quote_grounded,"The BracketingNthOrderBrentSolver documentation provides a usage example where PegasusSolver is used to force bracketing on a base solution found by another solver, complementing the general description of PegasusSolver's capabilities.",Specific usage pattern for refining non-bracketed solutions.,"double c = UnivariateSolverUtils.forceSide(100, function, new PegasusSolver(relativeAccuracy, absoluteAccuracy), baseRoot, 1.0, 5.0, AllowedSolution.LEFT_SIDE);",Pegasus may be the algorithm of choice for selecting a specific side of the convergence interval.
math:KU:org.apache.commons.math3.exception.ConvergenceException:MATH-0110,math:KU:org.apache.commons.math3.analysis.solvers.BracketingNthOrderBrentSolver:MATH-0111,constrains,,llm_quote_grounded,"The ConvergenceException documentation describes the behavior when maxEval is exceeded during solving, which applies to the solve method shown in the BracketingNthOrderBrentSolver usage examples.",Error handling during root-finding iterations.,"If the maximal number of iterations count is exceeded, non-convergence is assumed and a ` ConvergenceException ` exception is thrown.","double c = solver.solve(100, function, 1.0, 5.0, AllowedSolution.LEFT_SIDE);"
math:KU:org.apache.commons.math3.analysis.solvers.BrentSolver:MATH-0024,math:KU:org.apache.commons.math3.analysis.solvers.BrentSolver:MATH-0124,task_related,,llm_quote_grounded,"Both KUs relate to using BrentSolver for root finding; MATH-0024 describes the API and characteristics, while MATH-0124 provides a concrete StackOverflow example of implementing it to solve a polynomial equation.",General API usage vs. specific implementation example.,The ` BrentSolver ` uses the Brent-Dekker algorithm which is fast and robust.,Here is code that does it using the implementation of Brent's Method for root finding (from Apache Commons).
math:KU:org.apache.commons.math3.analysis.solvers.BrentSolver:MATH-0024,math:KU:org.apache.commons.math3.analysis.solvers.PegasusSolver:MATH-0085,task_related,,llm_quote_grounded,Both KUs describe root-finding solvers and explicitly mention PegasusSolver in the context of BrentSolver usage or comparison.,Root-finding algorithms in Apache Commons Math,"double c = UnivariateSolverUtils.forceSide(100, function, new PegasusSolver(relativeAccuracy, absoluteAccuracy), baseRoot, 1.0, 5.0, AllowedSolution.LEFT_SIDE);",The ` IllinoisSolver ` and ` PegasusSolver ` are well-known variations of regula falsi that fix the problem of stuck end points by slightly weighting one endpoint to balance the interval at next iteration.
math:KU:org.apache.commons.math3.analysis.solvers.BrentSolver:MATH-0024,math:KU:org.apache.commons.math3.analysis.solvers.RegulaFalsiSolver:MATH-0074,contrasts_with,,llm_quote_grounded,"BrentSolver is described as fast and robust with guaranteed convergence (in its bracketing variant), while RegulaFalsiSolver is described as potentially slow due to fixed endpoints.",Performance and convergence characteristics of root-finding solvers,The ` BrentSolver ` uses the Brent-Dekker algorithm which is fast and robust.,"The ` RegulaFalsiSolver ` is variation of secant preserving bracketing, but then it may be slow, as one end point of the search interval will become fixed after and only the other end point will converge to the root"
math:KU:org.apache.commons.math3.analysis.solvers.BrentSolver:MATH-0024,math:KU:org.apache.commons.math3.analysis.solvers.SecantSolver:MATH-0059,contrasts_with,,llm_quote_grounded,"BrentSolver (specifically BracketingNthOrderBrentSolver) guarantees convergence, whereas SecantSolver does not bracket the search and therefore does not guarantee convergence.",Convergence guarantees of root-finding solvers,"This is now the recommended algorithm for most users since it has the largest order, doesn't require derivatives, has guaranteed convergence and allows result bracket selection.",The ` SecantSolver ` uses a straightforward secant algorithm which does not bracket the search and therefore does not guarantee convergence.
math:KU:org.apache.commons.math3.analysis.solvers.BrentSolver:MATH-0024,math:KU:org.apache.commons.math3.exception.ConvergenceException:MATH-0110,constrains,,llm_quote_grounded,The use of BrentSolver/BracketingNthOrderBrentSolver is constrained by the maximum iteration count; exceeding this limit throws a ConvergenceException.,Error handling during root-finding execution,"UnivariateSolver solver = new BracketingNthOrderBrentSolver(relativeAccuracy, absoluteAccuracy, maxOrder); double c = solver.solve(100, function, 1.0, 5.0, AllowedSolution.LEFT_SIDE);","If the maximal number of iterations count is exceeded, non-convergence is assumed and a ` ConvergenceException ` exception is thrown."
math:KU:org.apache.commons.math3.analysis.solvers.BrentSolver:MATH-0124,math:KU:org.apache.commons.math3.complex.Complex:MATH-0107,contrasts_with,,llm_quote_grounded,"BrentSolver finds single real roots within intervals, whereas the discussion around Complex/LaguerreSolver addresses finding all roots (including complex ones) of polynomials.",Scope of root-finding capabilities (single real vs all complex),It may not work for functions having multiple roots less than `intervalSize` (0.01) apart,"or using apache math: final LaguerreSolver solver = new LaguerreSolver(); final Complex[] result = solver.solveAllComplex(coeff, 0);"
math:KU:org.apache.commons.math3.analysis.solvers.IllinoisSolver:MATH-0095,math:KU:org.apache.commons.math3.analysis.solvers.UnivariateSolver:MATH-0060,constrains,,llm_quote_grounded,"The IllinoisSolver is a specific implementation of the UnivariateSolver interface, and its behavior (convergence speed, accuracy) is governed by the accuracy properties defined in the interface.",Root-finding algorithms within Apache Commons Math,The ` IllinoisSolver ` and ` PegasusSolver ` are well-known variations of regula falsi that fix the problem of stuck end points,The ` UnivariateSolver ` interface exposes many properties to control the convergence of a solver.
math:KU:org.apache.commons.math3.analysis.solvers.IllinoisSolver:MATH-0095,math:KU:org.apache.commons.math3.exception.ConvergenceException:MATH-0110,task_related,,llm_quote_grounded,"Both KUs describe aspects of the root-finding task: MATH-0095 compares solver algorithms (including Illinois), while MATH-0110 describes the general usage pattern and error handling (ConvergenceException) for these solvers.",Using Apache Commons Math solvers for finding roots,The ` IllinoisSolver ` and ` PegasusSolver ` are well-known variations of regula falsi,"In order to use the root-finding features, first a solver object must be created"
math:KU:org.apache.commons.math3.analysis.solvers.PegasusSolver:MATH-0085,math:KU:org.apache.commons.math3.analysis.solvers.UnivariateSolver:MATH-0060,complements,,llm_quote_grounded,"PegasusSolver is a specific implementation of the UnivariateSolver interface, which defines the accuracy properties used by such solvers.",Root-finding algorithms and their configuration interfaces,The ` IllinoisSolver ` and ` PegasusSolver ` are well-known variations of regula falsi,The ` UnivariateSolver ` interface exposes many properties to control the convergence of a solver.
math:KU:org.apache.commons.math3.analysis.solvers.PegasusSolver:MATH-0085,math:KU:org.apache.commons.math3.exception.ConvergenceException:MATH-0110,task_related,,llm_quote_grounded,Both KUs describe aspects of the root-finding task: PegasusSolver as an algorithm choice and ConvergenceException as a failure mode for bracketed solvers.,Root-finding operations involving bracketing and convergence checks,The ` IllinoisSolver ` and ` PegasusSolver ` are well-known variations of regula falsi that fix the problem of stuck end points,"If the maximal number of iterations count is exceeded, non-convergence is assumed and a ` ConvergenceException ` exception is thrown."
math:KU:org.apache.commons.math3.analysis.solvers.RegulaFalsiSolver:MATH-0074,math:KU:org.apache.commons.math3.analysis.solvers.UnivariateSolver:MATH-0060,complements,,llm_quote_grounded,"RegulaFalsiSolver is a specific solver implementation, while UnivariateSolver defines the general interface and accuracy controls applicable to it.",Configuration of root-finding solvers,The ` RegulaFalsiSolver ` is variation of secant preserving bracketing,The ` UnivariateSolver ` interface exposes many properties to control the convergence of a solver.
math:KU:org.apache.commons.math3.analysis.solvers.RegulaFalsiSolver:MATH-0074,math:KU:org.apache.commons.math3.exception.ConvergenceException:MATH-0110,task_related,,llm_quote_grounded,"RegulaFalsiSolver is a bracketing method discussed in the context of root-finding, where ConvergenceException is the standard error for failed convergence in such methods.",Bracketed root-finding algorithms,The ` RegulaFalsiSolver ` is variation of secant preserving bracketing,Bracketed solvers also take an allowed solution enum parameter to specify which side of the final convergence interval should be selected as the root.
math:KU:org.apache.commons.math3.analysis.solvers.SecantSolver:MATH-0059,math:KU:org.apache.commons.math3.analysis.solvers.UnivariateSolver:MATH-0060,complements,,llm_quote_grounded,"SecantSolver is a concrete solver class, and UnivariateSolver is the interface defining the accuracy parameters (like absolute/relative accuracy) that govern its termination.",Solver instantiation and accuracy configuration,The ` SecantSolver ` uses a straightforward secant algorithm which does not bracket the search,The accuracy properties are set at solver instance creation and cannot be changed afterwards
math:KU:org.apache.commons.math3.analysis.solvers.SecantSolver:MATH-0059,math:KU:org.apache.commons.math3.exception.ConvergenceException:MATH-0110,task_related,,llm_quote_grounded,"Both KUs describe aspects of the root-finding task in Apache Commons Math, specifically discussing solver behaviors and exception handling related to convergence.",Root-finding algorithms and their configuration/behavior.,The ` SecantSolver ` uses a straightforward secant algorithm which does not bracket the search and therefore does not guarantee convergence.,"If the maximal number of iterations count is exceeded, non-convergence is assumed and a ` ConvergenceException ` exception is thrown."
math:KU:org.apache.commons.math3.analysis.solvers.UnivariateSolver:MATH-0060,math:KU:org.apache.commons.math3.exception.ConvergenceException:MATH-0110,complements,,llm_quote_grounded,"MATH-0060 defines the accuracy properties (absolute, relative, function value) that determine when a solver considers itself converged. MATH-0110 describes the mechanism (maxEval) and exception thrown when convergence fails despite these settings or iteration limits. Together they define the success/failure criteria for solvers.",Configuration and error handling for univariate solvers.,The ` UnivariateSolver ` interface exposes many properties to control the convergence of a solver.,"If the maximal number of iterations count is exceeded, non-convergence is assumed and a ` ConvergenceException ` exception is thrown."
math:KU:org.apache.commons.math3.complex.Complex:MATH-0007,math:KU:org.apache.commons.math3.geometry.euclidean.threed.Rotation:MATH-0008,complements,,llm_quote_grounded,"MATH-0008 suggests using complex numbers (and thus Complex API) as a method to solve rotation problems, which complements the usage context of Complex in MATH-0007.",Using Complex numbers for geometric rotations,"Complex [] roots = QuadraticRootFinder.getRoots(a, b, c);","One elegant way to accomplish this is using complex numbers, available for example here."
math:KU:org.apache.commons.math3.complex.Complex:MATH-0075,math:KU:org.apache.commons.math3.complex.Complex:MATH-0037,complements,,llm_quote_grounded,"MATH-0075 defines the creation and basic arithmetic of Complex numbers, while MATH-0037 provides the mechanism to format these instances into strings and parse them back.",Usage of the Complex class for string representation vs. numerical definition.,"To create a complex number, simply call the constructor passing in two floating-point arguments",Complex ` instances can be converted to and from strings using the ComplexFormat class.
math:KU:org.apache.commons.math3.complex.Complex:MATH-0037,math:KU:org.apache.commons.math3.complex.Complex:MATH-0108,task_related,,llm_quote_grounded,"Both units address the task of formatting Complex numbers into x+iy string representations, with MATH-0037 providing the API documentation and MATH-0108 providing a practical example of usage.",Formatting Complex objects to strings.,"String s = format.format(c); // s contains ""1.11 + 2.22i""",I was trying to print all n roots of a complex number in x+iy format . I am using Apache Common Math .
math:KU:org.apache.commons.math3.complex.Complex:MATH-0037,math:KU:org.apache.commons.math3.complex.ComplexFormat:MATH-0093,task_related,,llm_quote_grounded,Both units describe the process of converting Complex numbers to formatted strings (x+iy) using the ComplexFormat class.,String formatting of complex numbers.,Complex ` instances can be converted to and from strings using the ComplexFormat class.,"You need to use the `ComplexFormat` as follows, calling the `format()` method on a single number of type `Complex` each time"
math:KU:org.apache.commons.math3.complex.Complex:MATH-0037,math:KU:org.apache.commons.math3.fraction.Fraction:MATH-0050,contrasts_with,,llm_quote_grounded,"Both KUs describe formatting and parsing mechanisms for different numeric types (Complex vs Fraction) using similar patterns (java.text.Format extension, NumberFormat customization), but they apply to distinct data structures with different components (real/imaginary vs numerator/denominator).",Comparison of formatting/parsing APIs for Complex numbers versus Fractions in Commons Math.,### 7.4 Complex Formatting and Parsing ` Complex ` instances can be converted to and from strings using the ComplexFormat class.,### 9.3 Fraction Formatting and Parsing ` Fraction ` instances can be converted to and from strings using the FractionFormat class.
math:KU:org.apache.commons.math3.complex.Complex:MATH-0037,math:KU:org.apache.commons.math3.fraction.FractionFormat:MATH-0088,contrasts_with,,llm_quote_grounded,"The left KU describes formatting/parsing for Complex numbers, while the right KU describes formatting/parsing for Fractions. They represent parallel functionalities for different mathematical entities within the same library.",Formatting and parsing capabilities for different number types.,### 7.4 Complex Formatting and Parsing ` Complex ` instances can be converted to and from strings using the ComplexFormat class.,### 9.3 Fraction Formatting and Parsing ` Fraction ` instances can be converted to and from strings using the FractionFormat class.
math:KU:org.apache.commons.math3.complex.Complex:MATH-0049,math:KU:org.apache.commons.math3.complex.Complex:MATH-0075,complements,,llm_quote_grounded,"MATH-0049 describes transcendental functions (log, cos, pow) which extend the basic arithmetic and creation capabilities described in MATH-0075.",Complex number operations within org.apache.commons.math3.complex.Complex,"These operations provide the means to compute the log, sine, tangent, and other complex values",The ` Complex ` class provides basic unary and binary complex number operations.
math:KU:org.apache.commons.math3.complex.Complex:MATH-0049,math:KU:org.apache.commons.math3.complex.ComplexFormat:MATH-0064,task_related,,llm_quote_grounded,"Both KUs describe different aspects of working with Complex numbers: MATH-0049 covers mathematical computation (transcendental functions), while MATH-0064 covers string representation (formatting/parsing). They are related tasks for handling Complex objects.",Usage of org.apache.commons.math3.complex.Complex instances,Complex also provides implementations of serveral transcendental functions involving complex number arguments.,` Complex ` instances can be converted to and from strings using the ComplexFormat class.
math:KU:org.apache.commons.math3.complex.Complex:MATH-0075,math:KU:org.apache.commons.math3.complex.Complex:MATH-0107,complements,,llm_quote_grounded,"The documentation defines the Complex type and basic operations, while the StackOverflow post demonstrates a specific advanced use case (finding polynomial roots) that relies on this type.",General API definition vs. specific algorithmic implementation using the API.,Complex provides a complex number type that forms the basis for the complex functionality found in commons-math.,"or using apache math: final LaguerreSolver solver = new LaguerreSolver(); final Complex[] result = solver.solveAllComplex(coeff, 0);"
math:KU:org.apache.commons.math3.complex.Complex:MATH-0075,math:KU:org.apache.commons.math3.complex.Complex:MATH-0108,complements,,llm_quote_grounded,"The documentation describes the Complex class structure, while the StackOverflow post shows how to format instances of this class into strings using ComplexFormat.",Class definition vs. string representation/formatting usage.,Complex provides a complex number type that forms the basis for the complex functionality found in commons-math.,"import org.apache.commons.math3.complex.Complex;
import org.apache.commons.math3.complex.ComplexFormat;"
math:KU:org.apache.commons.math3.complex.Complex:MATH-0075,math:KU:org.apache.commons.math3.complex.ComplexFormat:MATH-0064,complements,,llm_quote_grounded,"The Complex KU defines the data type, and the ComplexFormat KU provides the mechanism to convert those Complex instances to and from strings.",Data type definition vs. serialization/deserialization utility.,Complex provides a complex number type that forms the basis for the complex functionality found in commons-math.,` Complex ` instances can be converted to and from strings using the ComplexFormat class.
math:KU:org.apache.commons.math3.complex.Complex:MATH-0075,math:KU:org.apache.commons.math3.fraction.Fraction:MATH-0126,contrasts_with,,llm_quote_grounded,"Both KUs describe number types in commons-math that provide basic arithmetic operations (add, subtract, abs) and explicitly compare their functionality to `java.math.BigDecimal`, but they operate on different numeric domains (complex numbers vs. fractions).",Comparison of API design patterns for numeric types within the same library.,"The ` Complex ` class provides basic unary and binary complex number operations. These operations provide the means to add, subtract, multiply and divide complex numbers along with other complex number functions similar to the real number functions found in `java.math.BigDecimal`","The ` Fraction ` class provides many unary and binary fraction operations. These operations provide the means to add, subtract, multiple and, divide fractions along with other functions similar to the real number functions found in `java.math.BigDecimal`"
math:KU:org.apache.commons.math3.complex.Complex:MATH-0107,math:KU:org.apache.commons.math3.complex.Complex:MATH-0108,task_related,,llm_quote_grounded,"Both KUs address the computation and handling of complex number roots using Apache Commons Math, with one focusing on polynomial root finding and the other on formatting nth roots.",Tasks involving complex numbers in Apache Commons Math library.,"final Complex[] result = solver.solveAllComplex(coeff, 0);",I was trying to print all n roots of a complex number in x+iy format
math:KU:org.apache.commons.math3.complex.Complex:MATH-0107,math:KU:org.apache.commons.math3.complex.ComplexFormat:MATH-0093,complements,,llm_quote_grounded,"MATH-0107 computes complex roots which may be represented as Complex objects, while MATH-0093 provides the mechanism (ComplexFormat) to display these Complex objects in a readable x+iy format.",Workflow where complex numbers are computed and then formatted for output.,"final Complex[] result = solver.solveAllComplex(coeff, 0);","You need to use the `ComplexFormat` as follows, calling the `format()` method on a single number of type `Complex` each time"
math:KU:org.apache.commons.math3.complex.Complex:MATH-0107,math:KU:org.apache.commons.math3.geometry.euclidean.threed.Rotation:MATH-0008,complements,,llm_quote_grounded,"MATH-0008 suggests using complex numbers for rotation calculations, which relies on the Complex class functionality described or implied in MATH-0107 (and generally available in the library).",Geometric transformations utilizing complex arithmetic.,"or using apache math: final LaguerreSolver solver = new LaguerreSolver(); final Complex[] result = solver.solveAllComplex(coeff, 0);","One elegant way to accomplish this is using complex numbers, available for example here."
math:KU:org.apache.commons.math3.complex.Complex:MATH-0107,math:KU:org.apache.commons.math3.linear.EigenDecomposition:MATH-0017,complements,,llm_quote_grounded,"The left KU provides a code example using EigenDecomposition to find polynomial roots, while the right KU documents the specific methods and capabilities of the EigenDecomposition interface used in that example.",When implementing polynomial root finding via companion matrix eigenvalues in Apache Commons Math.,"EigenDecomposition evd = DecompositionFactory.eigGeneral(N, false); evd.decompose(c);","The `getEigenvalue()`, `getEigenvalues()`, `getEigenVector()`, ` EigenDecomposition.getV() `, ` EigenDecomposition.getD() ` and ` EigenDecomposition.getVT() ` methods of the ` EigenDecomposition ` interface support solving eigenproblems"
math:KU:org.apache.commons.math3.complex.Complex:MATH-0107,math:KU:org.apache.commons.math3.linear.RealVector:MATH-0057,constrains,,llm_quote_grounded,"The left KU uses EigenDecomposition to get complex roots, but the right KU explains that EigenDecomposition returns real vectors/matrices for complex results, requiring manual combination into complex conjugates, which constrains how one must interpret the output of the method shown in the left KU.",Interpreting results from EigenDecomposition when dealing with complex numbers in Apache Commons Math 3.,roots[i] = evd.getEigenvalue(i);,"In Apache Commons Math 3, `EigenDecomposition` accepts nonsymmetric matrices, but it returns results using the classes `RealVector` and `RealMatrix`. To get the actual complex results, you have to combine the appropriate real results into complex conjugate pairs."
math:KU:org.apache.commons.math3.complex.Complex:MATH-0108,math:KU:org.apache.commons.math3.complex.Complex:MATH-0123,task_related,,llm_quote_grounded,"Both KUs involve manipulating or formatting Complex numbers in Java, though they address different specific tasks (formatting roots vs. Excel formulas). However, there is no direct functional dependency or shared task context between them; MATH-0123 is about Apache POI, not just Complex numbers.",General usage of Apache Commons Math Complex class.,How to print List to array of x+iy format [ Using Apache Common Math - Complex ],Set excel formula to entire column relatively in Java?
math:KU:org.apache.commons.math3.complex.Complex:MATH-0108,math:KU:org.apache.commons.math3.geometry.euclidean.threed.Rotation:MATH-0008,task_related,,llm_quote_grounded,"Both KUs involve operations on complex numbers (roots vs rotation via multiplication), linking the `Complex` API usage across different mathematical tasks.",Usage of Apache Commons Math `Complex` class for numerical computations.,import org.apache.commons.math3.complex.Complex;,One elegant way to accomplish this is using complex numbers
math:KU:org.apache.commons.math3.complex.ComplexFormat:MATH-0064,math:KU:org.apache.commons.math3.fraction.Fraction:MATH-0050,contrasts_with,,llm_quote_grounded,"Both KUs describe formatting classes that extend java.text.Format within Apache Commons Math, but they apply to different data types (Complex vs Fraction) with distinct output formats.",Comparison of formatting mechanisms in Apache Commons Math,"` ComplexFormat ` is a `java.text.Format` extension and, as such, is used like other formatting objects","` FractionFormat ` is a `java.text.Format` extension and, as such, is used like other formatting objects"
math:KU:org.apache.commons.math3.distribution.AbstractIntegerDistribution:MATH-0015,math:KU:org.apache.commons.math3.distribution.AbstractIntegerDistribution:MATH-0115,complements,,llm_quote_grounded,"MATH-0015 describes the abstract class as a building block for user-defined distributions, while MATH-0115 details the specific probability computation methods (PDF/CDF) provided by that same framework.",Usage of AbstractIntegerDistribution in Commons-Math,AbstractIntegerDistribution provide implementation building blocks and offer basic distribution functionality,The distribution framework provides the means to compute probability density function (PDF) probabilities and cumulative distribution function (CDF) probabilities
math:KU:org.apache.commons.math3.filter.KalmanFilter:MATH-0038,math:KU:org.apache.commons.math3.linear.RealMatrix:MATH-0116,complements,,llm_quote_grounded,"The Kalman Filter documentation uses RealMatrix instances to define the state transition, measurement, and noise covariance matrices required for initialization.",Initialization of KalmanFilter with ProcessModel and MeasurementModel,RealMatrix A = new Array2DRowRealMatrix(new double[] { 1d });,The RealMatrix interface represents a matrix with real numbers as entries.
math:KU:org.apache.commons.math3.filter.KalmanFilter:MATH-0038,math:KU:org.apache.commons.math3.linear.RealVector:MATH-0072,complements,,llm_quote_grounded,"The Kalman Filter example demonstrates using RealVector operations (like add) in conjunction with matrix-vector multiplication (operate), which is clarified by the RealVector KU regarding correct multiplication methods.",State update simulation within the Kalman filter loop,x = A.operate(x).add(pNoise);,Use `RealMatrix#operate(RealVector)` which produces `m x p`:
math:KU:org.apache.commons.math3.filter.MeasurementModel:MATH-0039,math:KU:org.apache.commons.math3.linear.RealMatrix:MATH-0116,complements,,llm_quote_grounded,"The MeasurementModel setup in the Kalman Filter text relies on RealMatrix objects to define the measurement matrix H and noise covariance R, which are described generally in the RealMatrix KU.",Definition of measurement parameters for filtering,"MeasurementModel mm = new DefaultMeasurementModel(H, R);",The RealMatrix interface represents a matrix with real numbers as entries.
math:KU:org.apache.commons.math3.filter.MeasurementModel:MATH-0039,math:KU:org.apache.commons.math3.linear.RealVector:MATH-0072,task_related,,llm_quote_grounded,"The Kalman filter example in the left KU performs matrix-vector multiplication (H * x) to simulate measurements, which is the specific operation discussed and corrected in the right KU.",Linear algebra operations within state estimation loops,// z = H * x + m_noise RealVector z = H.operate(x).add(mNoise);,How can I multiply a given `RealVector` by a `RealMatrix`?
math:KU:org.apache.commons.math3.filter.ProcessModel:MATH-0100,math:KU:org.apache.commons.math3.linear.RealMatrix:MATH-0116,complements,,llm_quote_grounded,"The ProcessModel documentation describes using RealMatrix objects for state transition and noise covariance matrices, while the RealMatrix documentation defines the interface and basic operations for these objects.",Definition and usage of matrix types in filtering models,"A Kalman filter is initialized with a ProcessModel and a MeasurementModel , which contain the corresponding transformation and noise covariance matrices.",The RealMatrix interface represents a matrix with real numbers as entries.
math:KU:org.apache.commons.math3.filter.ProcessModel:MATH-0100,math:KU:org.apache.commons.math3.linear.RealVector:MATH-0072,task_related,,llm_quote_grounded,"Both KUs involve the core linear algebra task of multiplying a matrix by a vector. The left KU uses this in the measurement update step (z = Hx), and the right KU explains the correct method (`operate`) for this calculation.",Matrix-vector multiplication implementation details,// z = H * x + m_noise RealVector z = H.operate(x).add(mNoise);,Use `RealMatrix#operate(RealVector)` which produces `m x p`
math:KU:org.apache.commons.math3.fraction.BigFraction:MATH-0080,math:KU:org.apache.commons.math3.fraction.Fraction:MATH-0018,complements,,llm_quote_grounded,"The BigFraction KU discusses a bug in Apache Commons Math's BigFraction class, while the Fraction KU provides a custom implementation of BigFraction (using BigInteger) as an alternative or reference for handling large numerators/denominators without overflow.","When dealing with fractions where numerators exceed int range, causing bugs in standard libraries or requiring arbitrary precision.",When multiplying two BigFraction objects with numerators larger than will fit in an java-primitive int the result of BigFraction.ZERO is incorrectly returned.,"It just so happens that I wrote a BigFraction class not too long ago, for Project Euler problems. It keeps a BigInteger numerator and denominator, so it'll never overflow."
math:KU:org.apache.commons.math3.fraction.BigFraction:MATH-0080,math:KU:org.apache.commons.math3.fraction.Fraction:MATH-0126,constrains,,llm_quote_grounded,"The documentation in MATH-0126 explains the intended usage constraints for BigFraction vs Fraction (risk of large numbers), which contextualizes the bug report in MATH-0080 regarding incorrect results when numerators are large.",Choosing between Fraction and BigFraction based on magnitude of values.,When multiplying two BigFraction objects with numerators larger than will fit in an java-primitive int the result of BigFraction.ZERO is incorrectly returned.,The former one can be used for fractions whose numerators and denominators are small enough to fit in an int (taking care of intermediate values) while the second class should be used when there is a risk the numerator and denominator grow very large.
math:KU:org.apache.commons.math3.fraction.Fraction:MATH-0002,math:KU:org.apache.commons.math3.fraction.Fraction:MATH-0018,complements,,llm_quote_grounded,"MATH-0002 describes the need to convert decimals to fractions for exact trig values, while MATH-0018 provides a robust implementation of a Fraction class (including BigFraction) that handles arithmetic and normalization, which is the tool required to perform such conversions and calculations.",Implementation of fraction arithmetic and representation in Java.,"I know that in order to get the exact value for a radian measure, I would divide it by pi and convert it to a fraction.",public final class BigFraction extends Number implements Comparable {
math:KU:org.apache.commons.math3.fraction.Fraction:MATH-0002,math:KU:org.apache.commons.math3.fraction.Fraction:MATH-0034,contrasts_with,,llm_quote_grounded,"MATH-0002 suggests an iterative approximation method to find a fraction close to a decimal value, whereas MATH-0034 attempts to implement a Greatest Common Divisor (GCD) algorithm to reduce fractions to lowest terms. The former focuses on finding the fraction from a decimal, while the latter focuses on normalizing an existing fraction, highlighting different aspects of fraction manipulation.",Algorithms for fraction handling: approximation vs reduction.,"Basically, work on getting the fraction closer and closer to the expected answer (decVal).",Then I have to make the numerator and denominator to lowest form so i am use while loop to find greatest common divisor by using module.
math:KU:org.apache.commons.math3.fraction.Fraction:MATH-0002,math:KU:org.apache.commons.math3.fraction.Fraction:MATH-0109,contrasts_with,,llm_quote_grounded,"MATH-0002 discusses implementing a custom logic or using a library to handle fractions as objects for exact math, while MATH-0109 shows a user struggling with representing fractions as raw integer arrays (`int[]`) and receiving advice to use a proper `Fraction` class instead. This contrasts the recommended object-oriented approach (implied in MATH-0002's context of using libraries/classes) with the naive array-based approach criticized in MATH-0109.",Data structure choice for representing fractions.,class Fraction { public int num; public int den;,it is of course possible to see fractions as an array of int with two entries. But the real object oriented answer here: you create a class that represents fractions.
math:KU:org.apache.commons.math3.fraction.Fraction:MATH-0002,math:KU:org.apache.commons.math3.fraction.Fraction:MATH-0126,constrains,,llm_quote_grounded,"MATH-0002 proposes a manual iterative method to approximate a fraction from a double. MATH-0126 documents the official behavior of the `Fraction` constructor when given a double, stating it will be 'approximated' and reduced to lowest terms. This constrains the user's expectation in MATH-0002 by clarifying how the library itself handles the conversion, potentially offering a built-in alternative to the manual loop.",Behavior of Fraction construction from doubles.,someMethodToTurnItIntoAFraction(decimal);,"A fraction number, can be built from two integer arguments representing numerator and denominator or from a double which will be approximated:"
math:KU:org.apache.commons.math3.fraction.Fraction:MATH-0018,math:KU:org.apache.commons.math3.fraction.Fraction:MATH-0050,complements,,llm_quote_grounded,"MATH-0018 defines the core `Fraction` and `BigFraction` classes for arithmetic and representation, while MATH-0050 describes the `FractionFormat` class which complements these by providing string formatting and parsing capabilities for those same objects.",Usage of Commons Math Fraction API for both calculation and I/O.,public final class BigFraction extends Number implements Comparable,` Fraction ` instances can be converted to and from strings using the FractionFormat class.
math:KU:org.apache.commons.math3.fraction.Fraction:MATH-0018,math:KU:org.apache.commons.math3.fraction.Fraction:MATH-0126,complements,,llm_quote_grounded,"MATH-0126 provides the official documentation and usage overview for the `Fraction` and `BigFraction` classes found in Commons-Math, explaining their construction and operations. MATH-0018 provides the actual source code implementation details for these same classes.",Understanding and implementing Commons Math Fraction API.,"import java.math.*; /** * Arbitrary-precision fractions, utilizing BigIntegers for numerator and * denominator.",### 9.2 Fraction Numbers Fraction and BigFraction provide fraction number type that forms the basis for the fraction functionality found in Commons-Math.
math:KU:org.apache.commons.math3.fraction.Fraction:MATH-0034,math:KU:org.apache.commons.math3.fraction.Fraction:MATH-0109,task_related,,llm_quote_grounded,"Both KUs address the implementation of a custom Fraction class in Java, specifically focusing on methods to reduce fractions to their lowest terms using Greatest Common Divisor (GCD) logic.",Custom Java Fraction class implementation and fraction simplification/reduction algorithms.,I have to make the numerator and denominator to lowest form so i am use while loop to find greatest common divisor by using module.,return simplifyFraction(result); //simplifyFraction is just a method that simplifies the numbers using gcd
math:KU:org.apache.commons.math3.fraction.Fraction:MATH-0050,math:KU:org.apache.commons.math3.fraction.Fraction:MATH-0122,task_related,,llm_quote_grounded,"Both KUs involve the concept of reducing fractions to lowest terms. MATH-0050 shows that FractionFormat outputs reduced fractions, while MATH-0122 implements a custom Reduce method using GCD for fraction arithmetic.",Fraction reduction logic,"s contains ""1 / 2"", note the reduced fraction","public void Reduce() { var gcd = GCDHelper.GCD(Numerator, Denominator); Numerator /= gcd; Denominator /= gcd; }"
math:KU:org.apache.commons.math3.fraction.Fraction:MATH-0050,math:KU:org.apache.commons.math3.fraction.Fraction:MATH-0126,complements,,llm_quote_grounded,"MATH-0126 defines the core Fraction class behavior (automatic reduction), which is relied upon by MATH-0050's FractionFormat to produce correctly formatted, reduced string representations.",Fraction object state and string representation,"Fraction f = new Fraction(2, 4); String s = format.format(f); // s contains ""1 / 2"", note the reduced fraction","Of special note with fraction construction, when a fraction is created it is always reduced to lowest terms."
math:KU:org.apache.commons.math3.fraction.Fraction:MATH-0109,math:KU:org.apache.commons.math3.fraction.Fraction:MATH-0122,task_related,,llm_quote_grounded,"Both KUs address the implementation and usage of a Fraction class in Java, specifically focusing on handling numerator/denominator pairs and simplification/reduction logic.",Java programming context involving custom or library-based fraction arithmetic.,you create a class that represents fractions. Like: public class Fraction { private final int numinator; private final int denominator;,"class Fraction { public long Numerator; public long Denominator; public Fraction(long numerator, long denominator) { this.Numerator = numerator; this.Denominator = denominator; }"
math:KU:org.apache.commons.math3.fraction.Fraction:MATH-0109,math:KU:org.apache.commons.math3.fraction.Fraction:MATH-0126,complements,,llm_quote_grounded,"The left KU describes a user's attempt to implement fraction logic manually (including simplification), while the right KU documents the official Apache Commons Math `Fraction` class which provides these exact features (construction, reduction, operations) as part of the library API.",Comparison between manual implementation advice and official library documentation for the same concept.,return simplifyFraction(result); //simplifyFraction is just a method that simplifies the numbers using gcd,"Of special note with fraction construction, when a fraction is created it is always reduced to lowest terms."
math:KU:org.apache.commons.math3.fraction.Fraction:MATH-0109,math:KU:org.apache.commons.math3.fraction.FractionFormat:MATH-0088,task_related,,llm_quote_grounded,"Both KUs deal with the formatting/output representation of fractions. The left KU discusses the problem of printing a fraction correctly (avoiding array output), while the right KU provides the specific `FractionFormat` class designed to handle string conversion of `Fraction` objects.",String representation and output formatting of fraction data types.,"I want my output to be displayed as just ""1/1"". I can handle the rest of the logic to just output the numerator if the denominator is 1, I just can't format it correctly.",` Fraction ` instances can be converted to and from strings using the FractionFormat class.
math:KU:org.apache.commons.math3.fraction.Fraction:MATH-0122,math:KU:org.apache.commons.math3.fraction.Fraction:MATH-0126,constrains,,llm_quote_grounded,"The left KU demonstrates a manual implementation of fraction reduction using GCD to keep numbers small during hypergeometric calculation. The right KU states that the official `Fraction` class automatically reduces fractions to lowest terms upon creation, implying that using the library class would constrain/simplify the manual reduction logic shown in the left KU.",Implementation strategy for fraction arithmetic and normalization.,"public void Reduce() { var gcd = GCDHelper.GCD(Numerator, Denominator); Numerator /= gcd; Denominator /= gcd; }","Of special note with fraction construction, when a fraction is created it is always reduced to lowest terms."
math:KU:org.apache.commons.math3.fraction.Fraction:MATH-0126,math:KU:org.apache.commons.math3.fraction.FractionFormat:MATH-0088,complements,,llm_quote_grounded,"FractionFormat provides the string conversion capabilities (formatting and parsing) for Fraction instances, which are defined in the Fraction KU.",When converting between Fraction objects and their string representations.,Fraction and BigFraction provide fraction number type that forms the basis for the fraction functionality found in Commons-Math.,` Fraction ` instances can be converted to and from strings using the FractionFormat class.
math:KU:org.apache.commons.math3.genetics.FixedGenerationCount:MATH-0028,math:KU:org.apache.commons.math3.genetics.GeneticAlgorithm:MATH-0027,complements,,llm_quote_grounded,FixedGenerationCount provides a concrete implementation of the StoppingCondition interface required by GeneticAlgorithm to terminate its evolution loop.,"When configuring a GeneticAlgorithm instance, specifically for setting the stopping criteria.",StoppingCondition stopCond = new FixedGenerationCount(NUM_GENERATIONS);,"Populations, consisting of Chromosomes are evolved by the ` GeneticAlgorithm ` until a StoppingCondition is reached."
math:KU:org.apache.commons.math3.genetics.FixedGenerationCount:MATH-0028,math:KU:org.apache.commons.math3.genetics.StoppingCondition:MATH-0101,complements,,llm_quote_grounded,"FixedGenerationCount is an implementation of the StoppingCondition interface, providing the specific logic (fixed number of generations) that satisfies the general contract defined in the framework description.",Defining how the genetic algorithm determines when to stop evolving.,StoppingCondition stopCond = new FixedGenerationCount(NUM_GENERATIONS);,"Populations, consisting of Chromosomes are evolved by the ` GeneticAlgorithm ` until a StoppingCondition is reached."
math:KU:org.apache.commons.math3.genetics.GeneticAlgorithm:MATH-0027,math:KU:org.apache.commons.math3.genetics.GeneticAlgorithm:MATH-0102,task_related,,llm_quote_grounded,"MATH-0027 describes the internal execution framework and algorithm steps of GeneticAlgorithm, while MATH-0102 demonstrates its practical usage via constructor initialization and method invocation. Together they provide both theoretical mechanism and practical application.",Understanding and using the GeneticAlgorithm class.,The GA itself is implemented by the ` GeneticAlgorithm.evolve ` method of the ` GeneticAlgorithm ` class,// initialize a new genetic algorithm GeneticAlgorithm ga = new GeneticAlgorithm(
math:KU:org.apache.commons.math3.genetics.GeneticAlgorithm:MATH-0027,math:KU:org.apache.commons.math3.genetics.OnePointCrossover:MATH-0076,complements,,llm_quote_grounded,GeneticAlgorithm requires a CrossoverPolicy to function; OnePointCrossover is a specific implementation of this policy used within the GeneticAlgorithm's nextGeneration step.,Configuring the crossover strategy for a GeneticAlgorithm instance.,apply configured ` CrossoverPolicy ` to parents,"new GeneticAlgorithm( new OnePointCrossover<Integer>(), 1,"
math:KU:org.apache.commons.math3.genetics.GeneticAlgorithm:MATH-0027,math:KU:org.apache.commons.math3.genetics.RandomKeyMutation:MATH-0127,complements,,llm_quote_grounded,GeneticAlgorithm uses a MutationPolicy during evolution; RandomKeyMutation is a concrete implementation of this policy passed to the GeneticAlgorithm constructor.,Configuring the mutation strategy for a GeneticAlgorithm instance.,apply configured ` MutationPolicy ` to each of the offspring,"new RandomKeyMutation(), 0.10,"
math:KU:org.apache.commons.math3.genetics.GeneticAlgorithm:MATH-0027,math:KU:org.apache.commons.math3.genetics.StoppingCondition:MATH-0103,complements,,llm_quote_grounded,GeneticAlgorithm evolves populations until a StoppingCondition is met. The text in MATH-0103 shows the instantiation of a specific StoppingCondition (FixedGenerationCount) which is then passed to the evolve method described in MATH-0027.,Termination criteria for the GeneticAlgorithm execution loop.,while (!condition.isSatisfied(current)) {,StoppingCondition stopCond = new FixedGenerationCount(NUM_GENERATIONS);
math:KU:org.apache.commons.math3.genetics.GeneticAlgorithm:MATH-0027,math:KU:org.apache.commons.math3.genetics.TournamentSelection:MATH-0051,complements,,llm_quote_grounded,GeneticAlgorithm relies on a SelectionPolicy to choose parents for reproduction. TournamentSelection is a concrete implementation of this policy used in the example configuration.,Parent selection phase within the GeneticAlgorithm's nextGeneration method.,Apply configured ` SelectionPolicy ` to select a pair of parents from `current`,new TournamentSelection(TOURNAMENT_ARITY)
math:KU:org.apache.commons.math3.genetics.GeneticAlgorithm:MATH-0102,math:KU:org.apache.commons.math3.genetics.StoppingCondition:MATH-0101,complements,,llm_quote_grounded,"MATH-0102 shows the usage of a StoppingCondition (FixedGenerationCount) with GeneticAlgorithm, while MATH-0101 defines the role of StoppingCondition in the GeneticAlgorithm framework as the termination criterion.",Linking the practical example of stopping conditions to their conceptual definition in the framework.,StoppingCondition stopCond = new FixedGenerationCount(NUM_GENERATIONS);,"Populations, consisting of Chromosomes are evolved by the ` GeneticAlgorithm ` until a StoppingCondition is reached."
math:KU:org.apache.commons.math3.genetics.OnePointCrossover:MATH-0076,math:KU:org.apache.commons.math3.genetics.StoppingCondition:MATH-0101,task_related,,llm_quote_grounded,"Both KUs describe components of the Genetic Algorithm execution framework, specifically how crossover policies and stopping conditions are used within the `GeneticAlgorithm` class.",Genetic Algorithm implementation and configuration in Apache Commons Math.,The arguments to the ` GeneticAlgorithm ` constructor above are:,GeneticAlgorithm provides an execution framework for Genetic Algorithms (GA).
math:KU:org.apache.commons.math3.genetics.RandomKeyMutation:MATH-0127,math:KU:org.apache.commons.math3.genetics.StoppingCondition:MATH-0101,task_related,,llm_quote_grounded,"Both KUs relate to the configuration and execution of the Genetic Algorithm, detailing mutation policies and stopping conditions respectively.",Genetic Algorithm implementation and configuration in Apache Commons Math.,The arguments to the ` GeneticAlgorithm ` constructor above are:,"Evolution is determined by SelectionPolicy , MutationPolicy and Fitness ."
math:KU:org.apache.commons.math3.genetics.StoppingCondition:MATH-0101,math:KU:org.apache.commons.math3.genetics.StoppingCondition:MATH-0103,complements,,llm_quote_grounded,"MATH-0101 describes the general framework and interface of StoppingCondition, while MATH-0103 provides a concrete implementation example using FixedGenerationCount.",Understanding the usage and implementation of StoppingCondition in GA.,"Populations, consisting of Chromosomes are evolved by the ` GeneticAlgorithm ` until a StoppingCondition is reached.",// stopping condition StoppingCondition stopCond = new FixedGenerationCount(NUM_GENERATIONS);
math:KU:org.apache.commons.math3.genetics.StoppingCondition:MATH-0101,math:KU:org.apache.commons.math3.genetics.TournamentSelection:MATH-0051,task_related,,llm_quote_grounded,Both KUs describe essential components of the Genetic Algorithm evolution process: stopping criteria and selection strategies.,Genetic Algorithm implementation and configuration in Apache Commons Math.,"Evolution is determined by SelectionPolicy , MutationPolicy and Fitness .",selectionPolicy | TournamentSelection | Each of the two selected chromosomes is selected based on an n-ary tournament
math:KU:org.apache.commons.math3.geometry.euclidean.oned.Interval:MATH-0089,math:KU:org.apache.commons.math3.geometry.euclidean.threed.PolyhedronsSet:MATH-0129,contrasts_with,,llm_quote_grounded,"Interval represents one-dimensional regions, whereas PolyhedronsSet represents three-dimensional regions, highlighting the dimensionality difference in Euclidean space geometry classes.",Comparison of geometric region representations across dimensions.,Interval and IntervalsSet represent one dimensional regions.,PolyhedronsSet represent three dimensional regions.
math:KU:org.apache.commons.math3.geometry.euclidean.oned.IntervalsSet:MATH-0065,math:KU:org.apache.commons.math3.geometry.euclidean.threed.PolyhedronsSet:MATH-0129,contrasts_with,,llm_quote_grounded,"The left KU describes 1D and 2D regions (IntervalsSet, PolygonsSet), while the right KU describes 3D regions (PolyhedronsSet). They represent different dimensionalities of Euclidean space geometry.",Dimensionality of geometric regions in Apache Commons Math,Interval and IntervalsSet represent one dimensional regions.,PolyhedronsSet represent three dimensional regions.
math:KU:org.apache.commons.math3.geometry.euclidean.threed.PolyhedronsSet:MATH-0129,math:KU:org.apache.commons.math3.geometry.euclidean.threed.Rotation:MATH-0040,task_related,,llm_quote_grounded,"Both KUs describe components of the 3D Euclidean geometry package. The left KU introduces Vector3D as a fundamental type for 3D space, and the right KU describes Rotation which operates on these vectors (specifically mentioning 'Rotation.applyTo(Vector3D)' in other parts, but here linking via the shared domain of 3D vector operations).",Apache Commons Math 3D Geometry API usage,Vector3D provides a simple vector type.,Rotation represents 3D rotations.
math:KU:org.apache.commons.math3.geometry.euclidean.threed.PolyhedronsSet:MATH-0129,math:KU:org.apache.commons.math3.geometry.euclidean.threed.Rotation:MATH-0130,task_related,,llm_quote_grounded,"The left KU defines Vector3D, and the right KU explicitly mentions applying rotations to Vector3D instances ('Rotation.applyTo(Vector3D)'). This establishes a direct functional relationship where Rotation transforms the data type defined in the left KU.",Interaction between Rotation and Vector3D classes,Vector3D provides a simple vector type.,It provides simpler and more generic methods: ` Rotation.applyTo(Vector3D) `
math:KU:org.apache.commons.math3.geometry.euclidean.threed.Vector3D:MATH-0043,math:KU:org.apache.commons.math3.geometry.euclidean.threed.PolyhedronsSet:MATH-0129,complements,,llm_quote_grounded,"The left KU (Stack Overflow answer) explains how to instantiate Vector3D, addressing a user's confusion about the abstract Vector class. The right KU (Documentation) describes the features and immutability of Vector3D. Together they provide both the 'how-to' (instantiation) and the 'what/why' (design characteristics) for using Vector3D.",Usage and implementation details of Vector3D,"Try this: Vector v1 = new Vector3D(1, 2, 3);",Vector3D provides a simple vector type. One important feature is that instances of this class are guaranteed to be immutable
math:KU:org.apache.commons.math3.geometry.euclidean.threed.PolyhedronsSet:MATH-0129,math:KU:org.apache.commons.math3.geometry.euclidean.twod.PolygonsSet:MATH-0128,contrasts_with,,llm_quote_grounded,"The left KU describes 3D regions (PolyhedronsSet), while the right KU describes 2D regions (PolygonsSet). They are analogous structures in different dimensions.",Dimensionality of geometric region sets,PolyhedronsSet represent three dimensional regions.,PolygonsSet represent two dimensional regions.
math:KU:org.apache.commons.math3.linear.EigenDecomposition:MATH-0017,math:KU:org.apache.commons.math3.geometry.euclidean.threed.Rotation:MATH-0005,constrains,,llm_quote_grounded,"The EigenDecomposition/SVD API documentation defines the specific methods available for performing Singular Value Decomposition, which constrains how the mathematical procedure described in the SO post (decomposing M=UDV) must be implemented programmatically.","When applying the SVD method suggested in the SO post to find rotation angles, one must use the specific getters provided by the SingularValueDecomposition interface.","The ` SingularValueDecomposition.getSingularValues() `, ` SingularValueDecomposition.getU() `, ` SingularValueDecomposition.getS() ` and ` SingularValueDecomposition.getV() ` methods",Here you decompose the matrix as `M=UDV`
math:KU:org.apache.commons.math3.geometry.euclidean.threed.Rotation:MATH-0005,math:KU:org.apache.commons.math3.linear.SingularValueDecomposition:MATH-0041,complements,,llm_quote_grounded,"The left KU describes using Singular Value Decomposition (SVD) to extract rotation angles from a transform matrix, while the right KU details the specific API methods available in `SingularValueDecomposition` to perform this decomposition and retrieve the necessary matrices.",When implementing the SVD-based angle extraction described in MATH-0005 using Apache Commons Math APIs.,"The easiest way to do this would be a Singular value decomposition: Here you decompose the matrix as `M=UDV`, where `M` is your original matrix xx xy yx yy U and V are orthogonal rotation matrices","The ` SingularValueDecomposition.getSingularValues() `, ` SingularValueDecomposition.getU() `, ` SingularValueDecomposition.getS() ` and ` SingularValueDecomposition.getV() ` methods of the ` SingularValueDecomposition ` interface allow to solve singular values problems"
math:KU:org.apache.commons.math3.geometry.euclidean.threed.Rotation:MATH-0040,math:KU:org.apache.commons.math3.geometry.euclidean.threed.Rotation:MATH-0044,contrasts_with,,llm_quote_grounded,"MATH-0040 describes the high-level abstraction and internal quaternion representation of the Rotation class, while MATH-0044 demonstrates a manual implementation of rotation using trigonometric functions (sin/cos) on vector components.",Comparison between library abstraction/internal mechanics and manual mathematical implementation.,"This class presents a higher level abstraction, more user-oriented and hiding implementation details. Well, for the curious, we use quaternions for the internal representation.",newPos.x = (float) (newPos.x * Math.cos(angle) - newPos.z * Math.sin(angle)); newPos.z = (float) (newPos.x * Math.sin(angle) + newPos.z * Math.cos(angle));
math:KU:org.apache.commons.math3.geometry.euclidean.threed.Rotation:MATH-0040,math:KU:org.apache.commons.math3.geometry.euclidean.threed.Rotation:MATH-0066,task_related,,llm_quote_grounded,"Both units address the task of performing rotations in 3D space. MATH-0040 defines the `Rotation` class capabilities, while MATH-0066 discusses a specific problem of rotating points on a circle in 3D space, referencing quaternion-based solutions.",General 3D rotation tasks and implementations.,Rotation represents 3D rotations.,Right down to it i need to rotate a circle on 3 axis in a 3D space.
math:KU:org.apache.commons.math3.geometry.euclidean.threed.Rotation:MATH-0040,math:KU:org.apache.commons.math3.geometry.euclidean.threed.Vector3D:MATH-0016,complements,,llm_quote_grounded,"MATH-0040 describes the `Rotation` class which operates on 3D vectors, noting they are immutable like `Vector3D`. MATH-0016 provides the detailed definition and properties of the `Vector3D` class that `Rotation` acts upon.",Relationship between Rotation and Vector3D classes in Apache Commons Math.,"Rotation instances are also immutable objects, as Vector3D instances.",Vector3D provides a simple vector type. One important feature is that instances of this class are guaranteed to be immutable
math:KU:org.apache.commons.math3.geometry.euclidean.threed.Rotation:MATH-0040,math:KU:org.apache.commons.math3.linear.RealVector:MATH-0029,task_related,,llm_quote_grounded,"Both KUs describe vector operations including dot product, which is fundamental to both 3D geometry and linear algebra contexts.",Shared mathematical operation (dot product) across different API domains (geometry vs linear).,The generic vectorial space operations are available including dot product,"Dot product, outer product"
math:KU:org.apache.commons.math3.geometry.euclidean.threed.Rotation:MATH-0040,math:KU:org.apache.commons.math3.linear.RealVectorFormat:MATH-0077,complements,,llm_quote_grounded,"Rotation KU mentions Vector3DFormat for text representation, while RealVectorFormat KU describes the general mechanism for handling input/output of vectors in customizable textual formats, providing a parallel concept for formatting.",Textual formatting/parsing of vector-like objects.,Vector3DFormat is a specialized format for formatting output or parsing input with text representation of 3D vectors.,The RealVectorFormat class handles input/output of vectors in a customizable textual format.
math:KU:org.apache.commons.math3.geometry.euclidean.threed.Rotation:MATH-0044,math:KU:org.apache.commons.math3.geometry.euclidean.threed.Rotation:MATH-0130,constrains,,llm_quote_grounded,"MATH-0044 shows manual calculation of rotation, while MATH-0130 defines the abstract API methods (`applyTo`) that should be used instead, constraining how rotations are applied programmatically via the library's interface rather than raw math.",API usage pattern for applying rotations.,I use this function to rotate a point around an other with an angle (In degrees),It provides simpler and more generic methods: ` Rotation.applyTo(Vector3D) `
math:KU:org.apache.commons.math3.geometry.euclidean.threed.Rotation:MATH-0044,math:KU:org.apache.commons.math3.linear.RealVector:MATH-0019,contrasts_with,,llm_quote_grounded,"MATH-0044 uses custom vector classes (SimpleVector) and manual trigonometry for rotation, while MATH-0019 discusses Apache Commons Math's RealVector and its lack of specific squared distance methods, contrasting custom implementations with library limitations/features.",Vector manipulation approaches (custom vs library-specific).,"public SimpleVector rotateAround(SimpleVector center, SimpleVector point, float angle)","There is no `getDistanceSquared()`, almost surely for this reason; I'd say that's what the API wants you to do."
math:KU:org.apache.commons.math3.geometry.euclidean.threed.Rotation:MATH-0066,math:KU:org.apache.commons.math3.geometry.euclidean.threed.Rotation:MATH-0130,task_related,,llm_quote_grounded,"MATH-0066 describes a user task involving 3-axis rotation and finding points on a circle, which is the practical application of the Rotation class methods described in MATH-0130.",General 3D rotation tasks using Apache Commons Math,i need to rotate a circle on 3 axis in a 3D space,"Since a rotation is basically a vectorial operator, several rotations can be composed together"
math:KU:org.apache.commons.math3.geometry.euclidean.threed.Rotation:MATH-0081,math:KU:org.apache.commons.math3.geometry.euclidean.threed.Rotation:MATH-0130,contrasts_with,,llm_quote_grounded,"MATH-0081 deals with 2D canvas rotation logic (Android) and manual angle calculation, whereas MATH-0130 describes the abstract mathematical properties and composition of 3D rotations in the library.",Comparison between 2D UI implementation details and 3D mathematical API definitions,"canvas.rotate(minute, x, y);",Rotation.applyTo(Vector3D)
math:KU:org.apache.commons.math3.geometry.euclidean.threed.Rotation:MATH-0130,math:KU:org.apache.commons.math3.geometry.euclidean.threed.Vector3D:MATH-0016,complements,,llm_quote_grounded,"The Rotation class methods explicitly operate on Vector3D objects, so the definition of Vector3D complements the usage of Rotation.",Apache Commons Math 3D geometry package,Rotation.applyTo(Vector3D),Vector3D provides a simple vector type.
math:KU:org.apache.commons.math3.geometry.euclidean.threed.Rotation:MATH-0130,math:KU:org.apache.commons.math3.geometry.euclidean.threed.Vector3D:MATH-0043,complements,,llm_quote_grounded,"MATH-0130 uses Vector3D as an argument for rotation operations; MATH-0043 explains how to instantiate Vector3D, which is necessary to use the methods in MATH-0130.",Usage of Vector3D within Rotation API,Rotation.applyTo(Vector3D),"Try this: Vector v1 = new Vector3D(1, 2, 3);"
math:KU:org.apache.commons.math3.geometry.euclidean.threed.Vector3D:MATH-0016,math:KU:org.apache.commons.math3.geometry.euclidean.threed.Vector3D:MATH-0043,complements,,llm_quote_grounded,"MATH-0016 describes the features and constructors of Vector3D, while MATH-0043 provides a concrete example of instantiating it when the abstract interface fails.",Usage of Vector3D class in Apache Commons Math,Numerous constructors are available to create vectors.,"Try this: Vector v1 = new Vector3D(1, 2, 3);"
math:KU:org.apache.commons.math3.geometry.euclidean.threed.Vector3D:MATH-0016,math:KU:org.apache.commons.math3.geometry.euclidean.twod.PolygonsSet:MATH-0128,task_related,,llm_quote_grounded,"Both KUs describe Euclidean space regions (PolyhedronsSet for 3D, PolygonsSet for 2D) and their set operations within the same library section.",Euclidean geometry region representation and operations,PolyhedronsSet represent three dimensional regions. All classical set operations are available for polyhedrons sets,PolygonsSet represent two dimensional regions. All classical set operations are available for polygons sets
math:KU:org.apache.commons.math3.geometry.euclidean.threed.Vector3D:MATH-0043,math:KU:org.apache.commons.math3.linear.RealVector:MATH-0019,complements,,llm_quote_grounded,"MATH-0043 advises using RealVector for larger dimensions, which complements MATH-0019's discussion on handling high-dimensional vectors and distance calculations in RealVector.",Choosing appropriate vector classes based on dimensionality and needs,"If you need a larger vector, then use `RealVector` and its subclass, `ArrayRealVector`.",I'm doing a nearest neighbor search with high dimension vectors
math:KU:org.apache.commons.math3.geometry.euclidean.threed.Vector3D:MATH-0043,math:KU:org.apache.commons.math3.linear.RealVector:MATH-0055,complements,,llm_quote_grounded,"MATH-0043 recommends RealVector for large dimensions, and MATH-0055 addresses a common operation (matrix-vector multiplication) on that recommended class.",Using RealVector for general linear algebra tasks,"If you need a larger vector, then use `RealVector` and its subclass, `ArrayRealVector`.",How do I accomplish matrix-vector postmultiplication using the comons-math3 library?
math:KU:org.apache.commons.math3.linear.Array2DRowRealMatrix:MATH-0031,math:KU:org.apache.commons.math3.linear.DecompositionSolver:MATH-0030,task_related,,llm_quote_grounded,"Both KUs demonstrate solving linear systems using Apache Commons Math, one for exact polynomial coefficients and the other for least-squares approximation.",Solving linear equations or approximations in Java using Commons Math.,"DecompositionSolver solver = new LUDecomposition(coefficients).getSolver(); RealVector constants = new ArrayRealVector(new double[] { py1, py2, y }, false); RealVector solution = solver.solve(constants);","DecompositionSolver ds=svd.getSolver(); double[] b = {0.0, 0.20273255, 0.5815754, 0.7520387, 0.96885669, 1.09861229}; ds.solve(b)[0];"
math:KU:org.apache.commons.math3.linear.Array2DRowRealMatrix:MATH-0031,math:KU:org.apache.commons.math3.linear.RealMatrix:MATH-0117,task_related,,llm_quote_grounded,"Both KUs involve creating RealMatrix instances to solve linear problems, though they use different decomposition strategies (LU vs SVD) for different types of solutions (exact vs least squares).",Solving linear algebra problems using matrix representations in Commons Math.,"RealMatrix coefficients = new Array2DRowRealMatrix(new double[][] { { px1*px1, px1, 1 }, { px2*px2, px2, 1 }, { x*x, x, 1 } }, false); DecompositionSolver solver = new LUDecomposition(coefficients).getSolver();",RealMatrix matrix = MatrixUtils.createRealMatrix(testSquare); SingularValueDecomposition svd = new SingularValueDecomposition(matrix); DecompositionSolver ds=svd.getSolver();
math:KU:org.apache.commons.math3.linear.Array2DRowRealMatrix:MATH-0031,math:KU:org.apache.commons.math3.linear.SingularValueDecomposition:MATH-0091,contrasts_with,,llm_quote_grounded,"The left KU uses LU decomposition for an exact square system, while the right KU uses Singular Value Decomposition (SVD) for a least-squares problem, highlighting different decomposition strategies for different matrix properties.",Choosing between LU and SVD decompositions based on whether the system is square/exact or overdetermined/least-squares.,DecompositionSolver solver = new LUDecomposition(coefficients).getSolver();,SingularValueDecomposition svd = new SingularValueDecomposition(matrix); DecompositionSolver ds=svd.getSolver();
math:KU:org.apache.commons.math3.linear.DecompositionSolver:MATH-0030,math:KU:org.apache.commons.math3.linear.DecompositionSolver:MATH-0053,task_related,,llm_quote_grounded,"Both KUs illustrate the usage of DecompositionSolver to solve linear systems, one via SVD for least squares and the other via LU for exact solutions.",Applying DecompositionSolver.solve() in various linear algebra contexts.,"DecompositionSolver ds=svd.getSolver(); double[] b = {0.0, 0.20273255, 0.5815754, 0.7520387, 0.96885669, 1.09861229}; ds.solve(b)[0];","DecompositionSolver solver = new LUDecomposition(coefficients).getSolver(); RealVector constants = new ArrayRealVector(new double[] { py1, py2, y }, false); RealVector solution = solver.solve(constants);"
math:KU:org.apache.commons.math3.linear.DecompositionSolver:MATH-0030,math:KU:org.apache.commons.math3.linear.DecompositionSolver:MATH-0090,complements,,llm_quote_grounded,"MATH-0030 provides a specific code example using DecompositionSolver for least squares, while MATH-0090 explains the general mechanism and capabilities of the interface that supports such operations.",Understanding how to use DecompositionSolver for linear systems and least squares problems.,"DecompositionSolver ds=svd.getSolver(); double[] b = {0.0, 0.20273255, 0.5815754, 0.7520387, 0.96885669, 1.09861229}; ds.solve(b)[0];","The ` DecompositionSolver.solve() ` methods of the DecompositionSolver interface support solving linear systems of equations of the form AX=B, either in linear sense or in least square sense."
math:KU:org.apache.commons.math3.linear.DecompositionSolver:MATH-0053,math:KU:org.apache.commons.math3.linear.DecompositionSolver:MATH-0090,complements,,llm_quote_grounded,"MATH-0053 provides a concrete implementation example of solving a linear system, which illustrates the general process described in MATH-0090 where a decomposition is created and then used by the solver.",Applying the two-phase process (decomposition then solve) described in documentation.,"DecompositionSolver solver = new LUDecomposition(coefficients).getSolver(); RealVector constants = new ArrayRealVector(new double[] { py1, py2, y }, false); RealVector solution = solver.solve(constants);",Solving the system is a two phases process: first the coefficient matrix is decomposed in some way and then a solver built from the decomposition solves the system.
math:KU:org.apache.commons.math3.linear.DecompositionSolver:MATH-0078,math:KU:org.apache.commons.math3.linear.RealMatrix:MATH-0116,constrains,,llm_quote_grounded,"MATH-0078 specifies that to solve multiple systems, the constants must be arranged as columns in a RealMatrix, relying on the RealMatrix structure defined in MATH-0116.",Data structure requirements for batch solving with DecompositionSolver.,"create a matrix whose column vectors correspond to the constant vectors for the systems to be solved and use ` DecompositionSolver.solve(RealMatrix), `",The RealMatrix interface represents a matrix with real numbers as entries.
math:KU:org.apache.commons.math3.linear.DecompositionSolver:MATH-0078,math:KU:org.apache.commons.math3.linear.SingularValueDecomposition:MATH-0041,contrasts_with,,llm_quote_grounded,"The left KU describes using decomposition solvers for solving linear systems (AX=B), while the right KU explicitly states that decomposition algorithms can be used for themselves (eigenvalues/singular values) and not only for linear system solving.",Usage context of decomposition algorithms in Apache Commons Math.,It is possible to solve multiple systems with the same coefficient matrix in one method call.,Decomposition algorithms may be used for themselves and not only for linear system solving.
math:KU:org.apache.commons.math3.linear.DecompositionSolver:MATH-0078,math:KU:org.apache.commons.math3.linear.SingularValueDecomposition:MATH-0091,complements,,llm_quote_grounded,"The left KU describes the general capability of `DecompositionSolver` to solve systems, while the right KU provides a concrete code example using `SingularValueDecomposition` to obtain a solver and perform a least-squares solution, illustrating the API usage described on the left.",Implementation of linear/least-squares solving via SVD.,"use ` DecompositionSolver.solve(RealMatrix), ` which returns a matrix with column vectors representing the solutions.","DecompositionSolver ds=svd.getSolver(); double[] b = {0.0, 0.20273255, 0.5815754, 0.7520387, 0.96885669, 1.09861229}; ds.solve(b)[0];"
math:KU:org.apache.commons.math3.linear.DecompositionSolver:MATH-0090,math:KU:org.apache.commons.math3.linear.EigenDecomposition:MATH-0017,contrasts_with,,llm_quote_grounded,"The left KU focuses on using decompositions to solve linear systems (AX=B), whereas the right KU contrasts this by stating decompositions are also used for eigenvalue/singular value problems themselves, not just for solving systems.",Primary use case of decomposition interfaces.,support solving linear systems of equations of the form AX=B,Decomposition algorithms may be used for themselves and not only for linear system solving.
math:KU:org.apache.commons.math3.linear.RealMatrix:MATH-0116,math:KU:org.apache.commons.math3.linear.DecompositionSolver:MATH-0090,constrains,,llm_quote_grounded,"The left KU defines `RealMatrix` as the data structure for matrices, including an example of computing an inverse via LU decomposition. The right KU specifies that `DecompositionSolver` uses a `RealMatrix` instance to represent the coefficient matrix, constraining the input type for the solver operations described.",Input requirements for DecompositionSolver.,The RealMatrix interface represents a matrix with real numbers as entries.,A ` RealMatrix ` instance is used to represent the coefficient matrix of the system.
math:KU:org.apache.commons.math3.linear.DecompositionSolver:MATH-0090,math:KU:org.apache.commons.math3.linear.RealMatrix:MATH-0117,complements,,llm_quote_grounded,"The left KU explains the theoretical process of solving linear systems using `DecompositionSolver` and `RealMatrix`. The right KU provides a practical StackOverflow example showing how to create a `RealMatrix`, get a `DecompositionSolver` from an SVD, and call `solve()`, complementing the documentation with implementation details.",Practical application of the documented API.,first the coefficient matrix is decomposed in some way and then a solver built from the decomposition solves the system.,RealMatrix matrix = MatrixUtils.createRealMatrix(testSquare); SingularValueDecomposition svd = new SingularValueDecomposition(matrix); DecompositionSolver ds=svd.getSolver();
math:KU:org.apache.commons.math3.linear.DecompositionSolver:MATH-0090,math:KU:org.apache.commons.math3.linear.SingularValueDecomposition:MATH-0091,complements,,llm_quote_grounded,"The right KU provides a concrete code example using SingularValueDecomposition to obtain a DecompositionSolver, illustrating the two-phase process described in the left KU.",When solving linear systems (specifically least squares) where the coefficient matrix is decomposed via SVD.,Solving the system is a two phases process: first the coefficient matrix is decomposed in some way and then a solver built from the decomposition solves the system.,"SingularValueDecomposition svd = new SingularValueDecomposition(matrix); DecompositionSolver ds=svd.getSolver(); double[] b = {0.0, 0.20273255, 0.5815754, 0.7520387, 0.96885669, 1.09861229}; ds.solve(b)[0];"
math:KU:org.apache.commons.math3.linear.EigenDecomposition:MATH-0017,math:KU:org.apache.commons.math3.linear.RealVector:MATH-0057,constrains,,llm_quote_grounded,"The right KU clarifies that for non-symmetric matrices, the RealVector results returned by EigenDecomposition are not direct eigenvectors but components of complex conjugate pairs, constraining how the output must be interpreted.",When using EigenDecomposition on non-symmetric matrices with complex eigenvalues.,"The `getEigenvalue()`, `getEigenvalues()`, `getEigenVector()`, ` EigenDecomposition.getV() `, ` EigenDecomposition.getD() ` and ` EigenDecomposition.getVT() ` methods of the ` EigenDecomposition ` interface support solving eigenproblems of the form AX = lambda X where lambda is a real scalar.","In Apache Commons Math 3, `EigenDecomposition` accepts nonsymmetric matrices, but it returns results using the classes `RealVector` and `RealMatrix`. To get the actual complex results, you have to combine the appropriate real results into complex conjugate pairs."
math:KU:org.apache.commons.math3.linear.EigenDecomposition:MATH-0017,math:KU:org.apache.commons.math3.linear.SingularValueDecomposition:MATH-0091,task_related,,llm_quote_grounded,"Both KUs describe decomposition interfaces used to solve linear algebra problems; the left defines the theoretical capability of SVD to solve singular value problems, while the right demonstrates using SVD to solve a least-squares linear system.",Linear algebra operations involving matrix decomposition and solving systems or finding singular values.,"The ` SingularValueDecomposition.getSingularValues() `, ` SingularValueDecomposition.getU() `, ` SingularValueDecomposition.getS() ` and ` SingularValueDecomposition.getV() ` methods of the ` SingularValueDecomposition ` interface allow to solve singular values problems of the form AXi = lambda Yi","SingularValueDecomposition svd = new SingularValueDecomposition(matrix); DecompositionSolver ds=svd.getSolver(); double[] b = {0.0, 0.20273255, 0.5815754, 0.7520387, 0.96885669, 1.09861229}; ds.solve(b)[0];"
math:KU:org.apache.commons.math3.linear.RealMatrix:MATH-0116,math:KU:org.apache.commons.math3.linear.RealMatrix:MATH-0117,complements,,llm_quote_grounded,"The left KU describes the RealMatrix interface and its basic operations, while the right KU provides a specific usage example creating a RealMatrix instance to perform a least-squares calculation.",Using RealMatrix objects for numerical computations.,The RealMatrix interface represents a matrix with real numbers as entries.,RealMatrix matrix = MatrixUtils.createRealMatrix(testSquare);
math:KU:org.apache.commons.math3.linear.RealMatrix:MATH-0116,math:KU:org.apache.commons.math3.linear.RealMatrix:MATH-0119,complements,,llm_quote_grounded,"The left KU defines the RealMatrix interface, and the right KU shows an application where RealMatrix is used internally within a regression model to hold prediction coefficients.",Regression analysis implementations using Apache Commons Math.,The RealMatrix interface represents a matrix with real numbers as entries.,RealMatrix coef = null; // will hold prediction coefs once we get values
math:KU:org.apache.commons.math3.linear.RealMatrix:MATH-0116,math:KU:org.apache.commons.math3.linear.RealVector:MATH-0055,complements,,llm_quote_grounded,"The RealMatrix documentation lists 'Operation on a vector' as a supported feature, and the RealVector KU provides the specific method (`operate`) to perform matrix-vector multiplication.",When performing matrix-vector multiplication in Apache Commons Math 3.,* Operation on a vector,The method you are looking for is actually called `operate(v)`
math:KU:org.apache.commons.math3.linear.RealMatrix:MATH-0116,math:KU:org.apache.commons.math3.linear.RealVector:MATH-0056,complements,,llm_quote_grounded,"The RealMatrix documentation mentions support for operations on vectors, and the RealVector KU specifies that `preMultiply` is the method used to multiply a matrix by a vector (v*M).",When multiplying a RealVector by a RealMatrix.,* Operation on a vector,`preMultiply` seems to be the method you're looking for.
math:KU:org.apache.commons.math3.linear.RealMatrix:MATH-0119,math:KU:org.apache.commons.math3.linear.RealVector:MATH-0055,complements,,llm_quote_grounded,"MATH-0119 uses `preMultiply` on a RealMatrix to apply coefficients to a vector, while MATH-0055 clarifies that `operate` is the correct method for matrix-vector multiplication (M*v), complementing the usage by providing the standard API for this operation.",When performing matrix-vector multiplication in Apache Commons Math.,double yhat = coef.preMultiply(xVector(x))[0];,The method you are looking for is actually called `operate(v)`:
math:KU:org.apache.commons.math3.linear.RealMatrix:MATH-0119,math:KU:org.apache.commons.math3.linear.RealVector:MATH-0056,task_related,,llm_quote_grounded,"Both KUs involve multiplying a RealMatrix by a RealVector. MATH-0119 demonstrates using `preMultiply` for prediction, and MATH-0056 identifies `preMultiply` as the method for vector-matrix multiplication.",Matrix-vector multiplication operations in Apache Commons Math.,double yhat = coef.preMultiply(xVector(x))[0];,`preMultiply` seems to be the method you're looking for.
math:KU:org.apache.commons.math3.linear.RealMatrix:MATH-0119,math:KU:org.apache.commons.math3.linear.RealVector:MATH-0072,contrasts_with,,llm_quote_grounded,"MATH-0119 uses `preMultiply` which computes v*M (row vector times matrix), whereas MATH-0072 explains that `preMultiply` does not compute M*v and recommends `operate` for that direction. This highlights the directional difference in matrix-vector multiplication APIs.",Choosing between `preMultiply` and `operate` for matrix-vector products.,double yhat = coef.preMultiply(xVector(x))[0];,`preMultiply` does not give you `m x p` but `p x m`.
math:KU:org.apache.commons.math3.linear.RealVector:MATH-0019,math:KU:org.apache.commons.math3.linear.RealVector:MATH-0029,constrains,,llm_quote_grounded,"MATH-0029 lists supported operations including 'Distance', implying a standard distance function exists. MATH-0019 clarifies that a specific 'squared euclidean distance' function (`getDistanceSquared`) is NOT available, constraining the user to calculate it manually or use the regular distance.",Availability of squared distance methods in RealVector.,"There is no `getDistanceSquared()`, almost surely for this reason;","* Distance and norm according to norms L1, L2 and Linf"
math:KU:org.apache.commons.math3.linear.RealVector:MATH-0029,math:KU:org.apache.commons.math3.linear.RealVector:MATH-0056,constrains,,llm_quote_grounded,"The documentation for RealVector defines its capabilities as vector-centric operations (dot product, norms), excluding direct matrix multiplication methods, which aligns with the user's observation that they must use `preMultiply` on the Matrix object instead.",Method ownership for vector-matrix multiplication,"The following basic matrix operations are supported: * Vector addition, subtraction * Element by element multiplication, division * Scalar addition, subtraction, multiplication, division and power * Mapping of mathematical functions (cos, sin ...) * Dot product, outer product * Distance and norm according to norms L1, L2 and Linf",How can I multiply RealVector by matrix (v*M) in apache-commons-math library? I found only multiply Matrix by Matrix and Matrix by RealVector. `preMultiply` seems to be the method you're looking for.
math:KU:org.apache.commons.math3.linear.RealVector:MATH-0029,math:KU:org.apache.commons.math3.linear.RealVector:MATH-0057,complements,,llm_quote_grounded,"The documentation states that RealVector represents vectors with real numbers, which explains why EigenDecomposition returns RealVectors for complex eigenvalues/vectors (splitting them into real and imaginary parts) rather than a single complex type.",Representation of complex linear algebra results using real-valued containers,The RealVector interface represents a vector with real numbers as entries.,"In Apache Commons Math 3, `EigenDecomposition` accepts nonsymmetric matrices, but it returns results using the classes `RealVector` and `RealMatrix`. To get the actual complex results, you have to combine the appropriate real results into complex conjugate pairs."
math:KU:org.apache.commons.math3.linear.RealVector:MATH-0055,math:KU:org.apache.commons.math3.linear.RealVector:MATH-0056,contrasts_with,,llm_quote_grounded,"MATH-0055 addresses postmultiplication (Matrix * Vector) using `operate`, while MATH-0056 addresses premultiplication (Vector * Matrix, effectively Matrix * Vector in column-major context or just the other order) using `preMultiply`. They contrast the two different multiplication orders/methods available for RealMatrix and RealVector.",Matrix-vector multiplication operations in Apache Commons Math 3,How do I postmultiply a RealMatrix by a RealVector,Multiply vector by matrix How can I multiply RealVector by matrix (v*M)
math:KU:org.apache.commons.math3.linear.RealVector:MATH-0055,math:KU:org.apache.commons.math3.linear.RealVector:MATH-0072,complements,,llm_quote_grounded,"MATH-0055 identifies `operate(v)` as the method for multiplying a matrix by a vector. MATH-0072 confirms this usage (`m.operate(p)`) to achieve `m x p` when `preMultiply` yields the wrong result, providing a concrete example that complements the general advice in MATH-0055.",Correcting matrix-vector multiplication direction,The method you are looking for is actually called `operate(v)`,Use `RealMatrix#operate(RealVector)` which produces `m x p`: RealVector mxp = m.operate(p);
math:KU:org.apache.commons.math3.linear.RealVector:MATH-0056,math:KU:org.apache.commons.math3.linear.RealVector:MATH-0072,constrains,,llm_quote_grounded,"MATH-0056 suggests `preMultiply` for 'vector by matrix' (v*M). MATH-0072 clarifies/constrains this by explaining that `preMultiply` actually computes `p x m` (which corresponds to v*M if v is a row vector conceptually, but in library terms it's matrix acting on vector from left? No, preMultiply(m, v) usually means m*v. Wait. Let's look at the text. MATH-0056 says `matrix.preMultiply(vector)`. MATH-0072 says `preMultiply` does not give `m x p` but `p x m`. This contradicts or refines the understanding of what `preMultiply` does relative to the user's intent in MATH-0056. Actually, MATH-0072 corrects the misconception that `preMultiply` is always the right tool for 'vector times matrix' if one wants standard linear algebra notation. It constrains the applicability of the solution in MATH-0056.",Interpretation of `preMultiply` semantics,`preMultiply` seems to be the method you're looking for.,`preMultiply` does not give you `m x p` but `p x m`.
math:KU:org.apache.commons.math3.linear.SingularValueDecomposition:MATH-0041,math:KU:org.apache.commons.math3.linear.SingularValueDecomposition:MATH-0091,complements,,llm_quote_grounded,"MATH-0041 describes the general capabilities and methods of the SingularValueDecomposition interface, including solving linear systems. MATH-0091 provides a specific code example using these capabilities to solve a least squares problem, complementing the abstract description with a concrete use case.",Usage of SingularValueDecomposition for linear system solving,Decomposition algorithms may be used for themselves and not only for linear system solving.,"SingularValueDecomposition svd = new SingularValueDecomposition(matrix); DecompositionSolver ds=svd.getSolver(); double[] b = {0.0, 0.20273255, 0.5815754, 0.7520387, 0.96885669, 1.09861229}; ds.solve(b)[0];"
math:KU:org.apache.commons.math3.linear.SingularValueDecomposition:MATH-0042,math:KU:org.apache.commons.math3.linear.SingularValueDecomposition:MATH-0079,task_related,,llm_quote_grounded,"Both KUs address the same specific error (ArrayIndexOutOfBoundsException) in Jama's SingularValueDecomposition when handling non-square matrices where rows < columns, providing complementary diagnostic and fix information.",Jama library SVD implementation issues with rank-deficient or wide matrices.,"Exception in thread ""main"" java.lang.ArrayIndexOutOfBoundsException: 4 at Jama.SingularValueDecomposition.getS",what causes your ArrayIndexOutOfBounds exception is line 486 in `SingularValueDecomposition`
