pair_id,dataset,ku_source,raw_api,canonical_api,canonical_owner,resolution_status,graph_eligible,reference,reference_origin,reference_locator,official_reference_available,ku,identified_relevance,relevant_groundtruth,resolution_candidates,resolution_reason,symbol_artifact,knowledge_entity_id,knowledge_entity_kind,corpus_eligible,previous_reference,previous_reference_origin,previous_reference_locator,reference_alignment_status,reference_review_reason
JODATIME-0001,jodatime,SO,DateTime,org.joda.time.DateTime,org.joda.time.DateTime,resolved,1,"DateTime is the standard implementation of an unmodifiable datetime class. DateTime is the most widely used implementation of ReadableInstant . As with all instants, it represents an exact point on the time-line, but limited to the precision of milliseconds. A DateTime calculates its fields with respect to a time zone . Internally, the class holds two pieces of data. Firstly, it holds the datetime as milliseconds from the Java epoch of 1970-01-01T00:00:00Z. Secondly, it holds a Chronology which determines how the millisecond instant value is converted into the date time fields. The default Chronology is ISOChronology which is the agreed international standard and compatible with the modern Gregorian calendar. Each individual field can be queried in two ways: getHourOfDay() hourOfDay().get() The second technique also provides access to other useful methods on the field: numeric value text value short text value maximum/minimum values add/subtract set rounding DateTime is thread-safe and immutable, provided that the Chronology is as well. All standard Chronology classes supplied are thread-safe and immutable.",official_javadoc,joda-time:joda-time:2.4-javadoc.jar#org.joda.time.DateTime,1,"How to get the current date and time of your timezone in Java? 

I have my app hosted in a London Server. I am in Madrid, Spain. So the timezone is -2 hours. 

How can I obtain the current date / time with my time zone.
    
    
    Date curr_date = new Date(System.currentTimeMillis());
    

e.g. 
    
    
    Date curr_date = new Date(System.currentTimeMillis(""MAD_TIMEZONE""));
    

### With Joda-Time
    
    
    DateTimeZone zone = DateTimeZone.forID(""Europe/Madrid"");
    DateTime dt = new DateTime(zone);
    int day = dt.getDayOfMonth();
    int year = dt.getYear();
    int month = dt.getMonthOfYear();
    int hours = dt.getHourOfDay();
    int minutes = dt.getMinuteOfHour();
    

`Date` is always UTC-based... or time-zone neutral, depending on how you want to view it. A `Date` only represents a point in time; it is independent of time zone, just a number of milliseconds since the Unix epoch. There's no notion of a ""local instance of `Date`."" Use `Date` in conjunction with `Calendar` and/or `TimeZone.getDefault()` to use a ""local"" time zone. Use `TimeZone.getTimeZone(""Europe/Madrid"")` to get the Madrid time zone.

... or use Joda Time, which tends to make the whole thing clearer, IMO. In Joda Time you'd use a `DateTime` value, which is an instant in time in a particular calendar system and time zone.

In Java 8 you'd use `java.time.ZonedDateTime`, which is the Java 8 equivalent of Joda Time's `DateTime`.",1,1,org.joda.time.DateTime,unique authoritative class,joda-time:joda-time:2.4,org.joda.time.DateTime,resolved_api,1,,,,,
JODATIME-0002,jodatime,SO,Instant,org.joda.time.Instant,org.joda.time.Instant,resolved,1,"Instant is the standard implementation of a fully immutable instant in time. Instant is an implementation of ReadableInstant . As with all instants, it represents an exact point on the time-line, but limited to the precision of milliseconds. An Instant should be used to represent a point in time irrespective of any other factor, such as chronology or time zone. Internally, the class holds one piece of data, the instant as milliseconds from the Java epoch of 1970-01-01T00:00:00Z. For example, an Instant can be used to compare two DateTime objects irrespective of chronology or time zone. boolean sameInstant = dt1.toInstant().equals(dt2.toInstant()); Note that the following code will also perform the same check: boolean sameInstant = dt1.isEqual(dt2); Instant is thread-safe and immutable.",official_javadoc,joda-time:joda-time:2.4-javadoc.jar#org.joda.time.Instant,1,"How to get the current date and time of your timezone in Java? 

I have my app hosted in a London Server. I am in Madrid, Spain. So the timezone is -2 hours. 

How can I obtain the current date / time with my time zone.
    
    
    Date curr_date = new Date(System.currentTimeMillis());
    

e.g. 
    
    
    Date curr_date = new Date(System.currentTimeMillis(""MAD_TIMEZONE""));
    

### With Joda-Time
    
    
    DateTimeZone zone = DateTimeZone.forID(""Europe/Madrid"");
    DateTime dt = new DateTime(zone);
    int day = dt.getDayOfMonth();
    int year = dt.getYear();
    int month = dt.getMonthOfYear();
    int hours = dt.getHourOfDay();
    int minutes = dt.getMinuteOfHour();
    

`Date` is always UTC-based... or time-zone neutral, depending on how you want to view it. A `Date` only represents a point in time; it is independent of time zone, just a number of milliseconds since the Unix epoch. There's no notion of a ""local instance of `Date`."" Use `Date` in conjunction with `Calendar` and/or `TimeZone.getDefault()` to use a ""local"" time zone. Use `TimeZone.getTimeZone(""Europe/Madrid"")` to get the Madrid time zone.

... or use Joda Time, which tends to make the whole thing clearer, IMO. In Joda Time you'd use a `DateTime` value, which is an instant in time in a particular calendar system and time zone.

In Java 8 you'd use `java.time.ZonedDateTime`, which is the Java 8 equivalent of Joda Time's `DateTime`.",1,1,org.joda.time.Instant,unique authoritative class,joda-time:joda-time:2.4,org.joda.time.Instant,resolved_api,1,,,,,
JODATIME-0003,jodatime,SO,ReadableInstant,org.joda.time.ReadableInstant,org.joda.time.ReadableInstant,resolved,1,"Defines an instant in the datetime continuum. This interface expresses the datetime as milliseconds from 1970-01-01T00:00:00Z. The implementation of this interface may be mutable or immutable. This interface only gives access to retrieve data, never to change it. Methods in your application should be defined using ReadableInstant as a parameter if the method only wants to read the instant without needing to know the specific datetime fields. The compareTo method is no longer defined in this class in version 2.0. Instead, the definition is simply inherited from the Comparable interface. This approach is necessary to preserve binary compatibility. The definition of the comparison is ascending order by millisecond instant. Implementors are recommended to extend AbstractInstant instead of this interface.",official_javadoc,joda-time:joda-time:2.4-javadoc.jar#org.joda.time.ReadableInstant,1,"Joda Time LocalTime of 24:00 end-of-day 

We're creating a scheduling application and we need to represent someone's available schedule during the day, regardless of what time zone they are in. Taking a cue from Joda Time's Interval, which represents an interval in absolute time between two instances (start inclusive, end exclusive), we created a LocalInterval. The LocalInterval is made up of two LocalTimes (start inclusive, end exclusive), and we even made a handy class for persisting this in Hibernate.

For example, if someone is available from 1:00pm to 5:00pm, we would create:
    
    
    new LocalInterval(new LocalTime(13, 0), new LocalTime(17, 0));
    

So far so good---until someone wants to be available from 11:00pm until midnight on some day. Since the end of an interval is exclusive, this should be easily represented as such:
    
    
    new LocalInterval(new LocalTime(23, 0), new LocalTime(24, 0));
    

Ack! No go. This throws an exception, because LocalTime cannot hold any hour greater than 23.

This seems like a design flaw to me---Joda didn't consider that someone may want a LocalTime that represents a non-inclusive endpoint.

This is really frustrating, as it blows a hole in what was otherwise a very elegant model that we created.

What are my options---other than forking Joda and taking out the check for hour 24? (No, I don't like the option of using a dummy value---say 23:59:59---to represent 24:00.)

Update: To those who keep saying that there is no such thing as 24:00, here's a quote from ISO 8601-2004 4.2.3 Notes 2,3: ""The end of one calendar day [24:00] coincides with [00:00] at the start of the next calendar day ..."" and ""Representations where [hh] has the value [24] are only preferred to represent the end of a time interval ....""

The solution we finally went with was to use 00:00 as a stand-in for 24:00, with logic throughout the class and the rest of the application to interpret this local value. This is a true kludge, but it's the least intrusive and most elegant thing I could come up with.

First, the LocalTimeInterval class keeps an internal flag of whether the interval endpoint is end-of-day midnight (24:00). This flag will only be true if the end time is 00:00 (equal to LocalTime.MIDNIGHT).
    
    
    /**
    * @return Whether the end of the day is {@link LocalTime#MIDNIGHT} and this should be considered midnight of the
    * following day.
    */
    public boolean isEndOfDay()
    {
    return isEndOfDay;
    }
    

By default the constructor considers 00:00 to be beginning-of-day, but there is an alternate constructor for manually creating an interval that goes all day:
    
    
    public LocalTimeInterval(final LocalTime start, final LocalTime end, final boolean considerMidnightEndOfDay)
    {
    ...
    this.isEndOfDay = considerMidnightEndOfDay && LocalTime.MIDNIGHT.equals(end);
    }
    

There is a reason why this constructor doesn't just have a start time and an ""is end-of-day"" flag: when used with a UI with a drop-down list of times, we don't know if the user will choose 00:00 (which is rendered as 24:00), but we know that as the drop-down list is for the end of the range, in our use case it means 24:00. (Although LocalTimeInterval allows empty intervals, we don't allow them in our application.)

Overlap checking requires special logic to take care of 24:00:
    
    
    public boolean overlaps(final LocalTimeInterval localInterval)
    {
    if (localInterval.isEndOfDay())
    {
    if (isEndOfDay())
    {
    return true;
    }
    return getEnd().isAfter(localInterval.getStart());
    }
    if (isEndOfDay())
    {
    return localInterval.getEnd().isAfter(getStart());
    }
    return localInterval.getEnd().isAfter(getStart()) && localInterval.getStart().isBefore(getEnd());
    }
    

Similarly, converting to an absolute Interval requires adding another day to the result if isEndOfDay() returns true. It is important that application code never constructs an Interval manually from a LocalTimeInterval's start and end values, as the end time may indicate end-of-day:
    
    
    public Interval toInterval(final ReadableInstant baseInstant)
    {
    final DateTime start = getStart().toDateTime(baseInstant);
    DateTime end = getEnd().toDateTime(baseInstant);
    if (isEndOfDay())
    {
    end = end.plusDays(1);
    }
    return new Interval(start, end);
    }
    

When persisting LocalTimeInterval in the database, we were able to make the kludge totally transparent, as Hibernate and SQL have no 24:00 restriction (and indeed have no concept of LocalTime anyway). If isEndOfDay() returns true, our PersistentLocalTimeIntervalAsTime implementation stores and retrieves a true time value of 24:00:
    
    
     ...
    final Time startTime = (Time) Hibernate.TIME.nullSafeGet(resultSet, names[0]);
    final Time endTime = (Time) Hibernate.TIME.nullSafeGet(resultSet, names[1]);
    ...
    final LocalTime start = new LocalTime(startTime, DateTimeZone.UTC);
    if (endTime.equals(TIME_2400))
    {
    return new LocalTimeInterval(start, LocalTime.MIDNIGHT, true);
    }
    return new LocalTimeInterval(start, new LocalTime(endTime, DateTimeZone.UTC));
    

and
    
    
     final Time startTime = asTime(localTimeInterval.getStart());
    final Time endTime = localTimeInterval.isEndOfDay() ? TIME_2400 : asTime(localTimeInterval.getEnd());
    Hibernate.TIME.nullSafeSet(statement, startTime, index);
    Hibernate.TIME.nullSafeSet(statement, endTime, index + 1);
    

It's sad that we had to write a workaround in the first place; this is the best I could do.",1,1,org.joda.time.ReadableInstant,unique authoritative class,joda-time:joda-time:2.4,org.joda.time.ReadableInstant,resolved_api,1,,,,,
JODATIME-0004,jodatime,SO,DateTime,org.joda.time.DateTime,org.joda.time.DateTime,resolved,1,"DateTime is the standard implementation of an unmodifiable datetime class. DateTime is the most widely used implementation of ReadableInstant . As with all instants, it represents an exact point on the time-line, but limited to the precision of milliseconds. A DateTime calculates its fields with respect to a time zone . Internally, the class holds two pieces of data. Firstly, it holds the datetime as milliseconds from the Java epoch of 1970-01-01T00:00:00Z. Secondly, it holds a Chronology which determines how the millisecond instant value is converted into the date time fields. The default Chronology is ISOChronology which is the agreed international standard and compatible with the modern Gregorian calendar. Each individual field can be queried in two ways: getHourOfDay() hourOfDay().get() The second technique also provides access to other useful methods on the field: numeric value text value short text value maximum/minimum values add/subtract set rounding DateTime is thread-safe and immutable, provided that the Chronology is as well. All standard Chronology classes supplied are thread-safe and immutable.",official_javadoc,joda-time:joda-time:2.4-javadoc.jar#org.joda.time.DateTime,1,"How do you get the date/time range for ""today"" using the Joda date/time library in Java? 

Assuming this is how you get the current time in Joda time:
    
    
    DateTime now = new DateTime();
    

How do you calculate values for the variables `dateTimeAtStartOfToday` and `dateTimeAtEndOfToday`?

What I'm trying to do is generate some SQL to do a lookup of all transactions that have occurred between the `startOfToday` and `endOfToday`.

I would use:
    
    
    LocalDate today = now.toLocalDate();
    LocalDate tomorrow = today.plusDays(1);
    DateTime startOfToday = today.toDateTimeAtStartOfDay(now.getZone());
    DateTime startOfTomorrow = tomorrow.toDateTimeAtStartOfDay(now.getZone());
    

Then check if `startOfToday <= time < startOfTomorrow` for any particular time.

Of course, it partly depends on exactly what's stored in the database - and what time zone you're interested in.",1,1,org.joda.time.DateTime,unique authoritative class,joda-time:joda-time:2.4,org.joda.time.DateTime,resolved_api,1,,,,,
JODATIME-0005,jodatime,SO,DateTime,org.joda.time.DateTime,org.joda.time.DateTime,resolved,1,"DateTime is the standard implementation of an unmodifiable datetime class. DateTime is the most widely used implementation of ReadableInstant . As with all instants, it represents an exact point on the time-line, but limited to the precision of milliseconds. A DateTime calculates its fields with respect to a time zone . Internally, the class holds two pieces of data. Firstly, it holds the datetime as milliseconds from the Java epoch of 1970-01-01T00:00:00Z. Secondly, it holds a Chronology which determines how the millisecond instant value is converted into the date time fields. The default Chronology is ISOChronology which is the agreed international standard and compatible with the modern Gregorian calendar. Each individual field can be queried in two ways: getHourOfDay() hourOfDay().get() The second technique also provides access to other useful methods on the field: numeric value text value short text value maximum/minimum values add/subtract set rounding DateTime is thread-safe and immutable, provided that the Chronology is as well. All standard Chronology classes supplied are thread-safe and immutable.",official_javadoc,joda-time:joda-time:2.4-javadoc.jar#org.joda.time.DateTime,1,"How to calculate difference ONLY in months using Java's Joda API 

I am writing a program that is supposed to just calculate the months between 2 given dates and return the value to the program. For instance, if I have to calculate the number of months between 1 April and 30 June (which is a quarter, 3 months), and I use the following code: 
    
    
     DateTime start = new DateTime().withDate(2011, 4, 1);
    DateTime end = new DateTime().withDate(2011, 6, 30);
    Months mt = Months.monthsBetween(start, end);
    int monthDiff = mt.getMonths();
    

Using this, I am still getting ""2"" as the number of months, whereas it is actually ""3"" months. This is an example of what I want. I am only calculating the number of months (i.e. from 1st of the start month t the last date of the end month) and I dont need additional analysis like days, weeks, hours, etc. How do I achieve this?

Any help would be appreciated. 
    
    
    DateTime start = new DateTime().withDate(2011, 4, 1);
    DateTime end = new DateTime().withDate(2011, 6, 30);
    Period p = new Period(start, end, PeriodType.months().withDaysRemoved());
    int months = p.getMonths() + 1;
    

You need the `withDaysRemoved()` part to ensure that adding one to the number of months works. Otherwise two dates such as `2011-04-15` and `2011-06-14` would still result in the answer being `2`",1,1,org.joda.time.DateTime,unique authoritative class,joda-time:joda-time:2.4,org.joda.time.DateTime,resolved_api,1,,,,,
JODATIME-0006,jodatime,SO,ReadableInstant,org.joda.time.ReadableInstant,org.joda.time.ReadableInstant,resolved,1,"Defines an instant in the datetime continuum. This interface expresses the datetime as milliseconds from 1970-01-01T00:00:00Z. The implementation of this interface may be mutable or immutable. This interface only gives access to retrieve data, never to change it. Methods in your application should be defined using ReadableInstant as a parameter if the method only wants to read the instant without needing to know the specific datetime fields. The compareTo method is no longer defined in this class in version 2.0. Instead, the definition is simply inherited from the Comparable interface. This approach is necessary to preserve binary compatibility. The definition of the comparison is ascending order by millisecond instant. Implementors are recommended to extend AbstractInstant instead of this interface.",official_javadoc,joda-time:joda-time:2.4-javadoc.jar#org.joda.time.ReadableInstant,1,"How to subtract two joda datetimes? 

I know this isn't ""the way it's supposed to work"", but still: If you have two DateTime objects, what's a good way to subtract them? Convert them to Date objects?
    
    
    DateTime start = new DateTime();
    System.out.println(start + "" - doing some stuff"");
    // do stuff
    DateTime end = new DateTime();
    Period diff = // end - start ???
    System.out.println(end + "" - doing some stuff took diff seconds"");
    

Period has a constructor that takes two `ReadableInstant` instances:
    
    
    Period diff = new Period(start, end);
    

(`ReadableInstant` is an interface implemented by `DateTime`, as well as other classes.)",1,1,org.joda.time.ReadableInstant,unique authoritative class,joda-time:joda-time:2.4,org.joda.time.ReadableInstant,resolved_api,1,,,,,
JODATIME-0007,jodatime,SO,DateTime,org.joda.time.DateTime,org.joda.time.DateTime,resolved,1,"DateTime is the standard implementation of an unmodifiable datetime class. DateTime is the most widely used implementation of ReadableInstant . As with all instants, it represents an exact point on the time-line, but limited to the precision of milliseconds. A DateTime calculates its fields with respect to a time zone . Internally, the class holds two pieces of data. Firstly, it holds the datetime as milliseconds from the Java epoch of 1970-01-01T00:00:00Z. Secondly, it holds a Chronology which determines how the millisecond instant value is converted into the date time fields. The default Chronology is ISOChronology which is the agreed international standard and compatible with the modern Gregorian calendar. Each individual field can be queried in two ways: getHourOfDay() hourOfDay().get() The second technique also provides access to other useful methods on the field: numeric value text value short text value maximum/minimum values add/subtract set rounding DateTime is thread-safe and immutable, provided that the Chronology is as well. All standard Chronology classes supplied are thread-safe and immutable.",official_javadoc,joda-time:joda-time:2.4-javadoc.jar#org.joda.time.DateTime,1,"In joda time how to convert time zone without changing time 

I am getting UTC timestamp from database which is I am setting into a JodaTime `DateTime` instance
    
    
    DateTime dt = new DateTime(timestamp.getTime());
    

It stores the time perfectly say `10:00 AM` but with local time zone. E.g, I am in IST time zone which is +5:30 from UTC

I have tried lots of things for changing the timezone but with every thing it changes the time from `10:00 AM` to something else by using +5:30 difference

Is there any way by which I can change TimeZone without affecting current time

EDIT: If my current time is:
    
    
    2013-09-25 11:27:34 AM UTC
    

Following is the result when I use this `new DateTime(timestamp.getTime());`
    
    
    2013-09-25 11:27:34 AM Asia/Kolkata
    

And following is the result when I use this `new DateTime(timestamp.getTime(), DateTimeZone.UTC)`;
    
    
    2013-09-25 05:57:34 AM UTC
    

You can use class LocalDateTime
    
    
    LocalDateTime dt = new LocalDateTime(t.getTime()); 
    

and convert `LocalDateTime` to `DateTime`
    
    
    DateTime dt = new LocalDateTime(timestamp.getTime()).toDateTime(DateTimeZone.UTC); 
    

Joda `DateTime` treats any time in millis like ""millis since 1970y in current time zone"". So, when you create `DateTime` instance, it is created with current time zone.",1,1,org.joda.time.DateTime,unique authoritative class,joda-time:joda-time:2.4,org.joda.time.DateTime,resolved_api,1,,,,,
JODATIME-0008,jodatime,SO,year(),org.joda.time.LocalDate#year(),org.joda.time.LocalDate,resolved,1,year public LocalDate.Property year () Get the year property which provides access to advanced functionality. Returns: the year property,official_javadoc,joda-time:joda-time:2.4-javadoc.jar#org.joda.time.LocalDate#year(),1,"Joda Time minusweeks() and plusweeks() over year break 2014/2015 breakdown? 

I may be missing something here, but I can't seem to find an explanation in Joda Time's documentation or really anywhere. It seems like Joda Time breaks down when calculating weeks when adding and subtracting weeks when you go from one year to the next.

Can anyone explain why this happens and how to properly do this?

I get the following output from my code below:
    
    
    2015-01-08 - This is the current week
    2015-01-01 - Removed one week
    2014-12-25 - Removed one week
    2014-12-17 - Removed one week //for some reason, program backed 8 days here
    2014-12-10 - Removed one week
    2014-12-17 - Added one week
    2014-12-24 - Added one week
    2014-12-31 - Added one week
    2014-01-08 - Added one week //for some reason, program forwarded 8 days here, but it did not forward to 2015.
    

Original Code
    
    
    import org.joda.time.*;
    public class WonkyWeeks {
    int year;
    int week;
    public void backUpOneWeek() {
    LocalDate today = new LocalDate()
    .withDayOfWeek(4)
    .withWeekOfWeekyear(week)
    .withYear(year);
    LocalDate lastWeek = today.minusWeeks(1);
    week = lastWeek.getWeekOfWeekyear();
    year = lastWeek.getYear();
    System.out.println(lastWeek+"" - Removed one week"");
    }
    public void forwardOneWeek() {
    LocalDate today = new LocalDate()
    .withDayOfWeek(4)
    .withWeekOfWeekyear(week)
    .withYear(year);
    LocalDate nextWeek = today.plusWeeks(1);
    week = nextWeek.getWeekOfWeekyear();
    year = nextWeek.getYear();
    System.out.println(nextWeek+"" - Added one week"");
    }
    public void thisWeek() {
    LocalDate thisWeek = new LocalDate()
    .withDayOfWeek(4)
    .withWeekOfWeekyear(week)
    .withYear(year);
    System.out.println(thisWeek+"" - This is the current week"");
    }
    public static void main(String[] args) {
    WonkyWeeks wonky = new WonkyWeeks();
    wonky.week = 2;
    wonky.year = 2015;
    wonky.thisWeek();
    wonky.backUpOneWeek();
    wonky.backUpOneWeek();
    wonky.backUpOneWeek();
    wonky.backUpOneWeek();
    wonky.forwardOneWeek();
    wonky.forwardOneWeek();
    wonky.forwardOneWeek();
    wonky.forwardOneWeek();
    }
    }
    

After further testing, it gets even more confusing. I tried just adding and removing days instead of weeks and for some reason it seems to skip dates.

Output:
    
    
    2015-01-08 - This is the current week
    2015-01-07 - removed one day
    2015-01-06 - removed one day
    2015-01-05 - removed one day
    2015-01-04 - removed one day
    2015-01-03 - removed one day
    2015-01-02 - removed one day
    2015-01-01 - Removed one full week
    2014-12-31 - removed one day
    2014-12-30 - removed one day
    2014-12-29 - removed one day
    2014-12-28 - removed one day
    2014-12-27 - removed one day
    2014-12-26 - removed one day
    2014-12-25 - Removed one full week
    2014-12-23 - removed one day // For some reason, it skipped 2014-12-24?
    2014-12-22 - removed one day
    2014-12-21 - removed one day
    2014-12-20 - removed one day
    2014-12-19 - removed one day
    2014-12-18 - removed one day
    2014-12-17 - Removed one full week
    2014-12-16 - removed one day
    2014-12-15 - removed one day
    2014-12-14 - removed one day
    2014-12-13 - removed one day
    2014-12-12 - removed one day
    2014-12-11 - removed one day
    2014-12-10 - Removed one full week
    2014-12-11 - added one day
    2014-12-12 - added one day
    2014-12-13 - added one day
    2014-12-14 - added one day
    2014-12-15 - added one day
    2014-12-16 - added one day
    2014-12-17 - Added one week
    2014-12-18 - added one day
    2014-12-19 - added one day
    2014-12-20 - added one day
    2014-12-21 - added one day
    2014-12-22 - added one day
    2014-12-23 - added one day
    2014-12-24 - Added one week
    2014-12-25 - added one day
    2014-12-26 - added one day
    2014-12-27 - added one day
    2014-12-28 - added one day
    2014-12-29 - added one day
    2014-12-30 - added one day
    2014-12-31 - Added one week
    2014-01-02 - added one day //Skipped 2014-01-01 and did not forward to 2015
    2014-01-03 - added one day
    2014-01-04 - added one day
    2014-01-05 - added one day
    2014-01-06 - added one day
    2014-01-07 - added one day
    2014-01-08 - Added one week
    

Further testing code
    
    
    import org.joda.time.*;
    public class WonkyWeeks {
    int year;
    int week;
    public void backUpOneWeek() {
    LocalDate today = new LocalDate()
    .withDayOfWeek(4)
    .withWeekOfWeekyear(week)
    .withYear(year);
    LocalDate adayago = today.minusDays(1);
    System.out.println(adayago+"" - removed one day"");
    LocalDate twodaysago = adayago.minusDays(1);
    System.out.println(twodaysago+"" - removed one day"");
    LocalDate threedaysago = twodaysago.minusDays(1);
    System.out.println(threedaysago+"" - removed one day"");
    LocalDate fourdaysago = threedaysago.minusDays(1);
    System.out.println(fourdaysago+"" - removed one day"");
    LocalDate fivedaysago = fourdaysago.minusDays(1);
    System.out.println(fivedaysago+"" - removed one day"");
    LocalDate sixdaysago = fivedaysago.minusDays(1);
    System.out.println(sixdaysago+"" - removed one day"");
    LocalDate lastWeek = sixdaysago.minusDays(1);
    week = lastWeek.getWeekOfWeekyear();
    year = lastWeek.getYear();
    System.out.println(lastWeek+"" - Removed one full week"");
    }
    public void forwardOneWeek() {
    LocalDate today = new LocalDate()
    .withDayOfWeek(4)
    .withWeekOfWeekyear(week)
    .withYear(year);
    LocalDate tomorrow = today.plusDays(1);
    System.out.println(tomorrow+"" - added one day"");
    LocalDate dayAfterTomorrow = tomorrow.plusDays(1);
    System.out.println(dayAfterTomorrow+"" - added one day"");
    LocalDate threeDaysFromNow = dayAfterTomorrow.plusDays(1);
    System.out.println(threeDaysFromNow+"" - added one day"");
    LocalDate fourDaysFromNow = threeDaysFromNow.plusDays(1);
    System.out.println(fourDaysFromNow+"" - added one day"");
    LocalDate fiveDaysFromNow = fourDaysFromNow.plusDays(1);
    System.out.println(fiveDaysFromNow+"" - added one day"");
    LocalDate sixDaysFromNow = fiveDaysFromNow.plusDays(1);
    System.out.println(sixDaysFromNow+"" - added one day"");
    LocalDate nextWeek = sixDaysFromNow.plusDays(1);
    week = nextWeek.getWeekOfWeekyear();
    year = nextWeek.getYear();
    System.out.println(nextWeek+"" - Added one week"");
    }
    public void thisWeek() {
    LocalDate thisWeek = new LocalDate()
    .withDayOfWeek(4)
    .withWeekOfWeekyear(week)
    .withYear(year);
    System.out.println(thisWeek+"" - This is the current week"");
    }
    public static void main(String[] args) {
    WonkyWeeks wonky = new WonkyWeeks();
    wonky.week = 2;
    wonky.year = 2015;
    wonky.thisWeek();
    wonky.backUpOneWeek();
    wonky.backUpOneWeek();
    wonky.backUpOneWeek();
    wonky.backUpOneWeek();
    wonky.forwardOneWeek();
    wonky.forwardOneWeek();
    wonky.forwardOneWeek();
    wonky.forwardOneWeek();
    }
    }
    

I don't see any problem with your logic. After trying different scenarios and debugging some code, I believe it's due to the behaviour of `dayOfWeek` for different years.

This may not provide the complete answer to your problem but might give you a hint.

You are passing `4th` day of the week always irrespective of the year. But it represent different day depend upon year. For example, if you pass `day as 4, week 1 and year 2013` and then call `getDayOfWeek()`, you will get the value as `2` (Tuesday).

Similarly for 2014 the `getDayOfWeek()` will return `3` (Wednesday) and for 2015 it will be `4` (Thursday).

So for year 2015, Day Of Week 4 represent `Thursday` where as for 2014 it represents `Wednesday`.

Let's look at your use case now: 

  * 2015-01-08 - This is the current week (week 2nd, day 4th - Thursday).
  * 2015-01-01 - Removed one week - (week 1st, day 4th - Thursday).
  * 2014-12-25 - Removed one week - (week 4th, day 4th - Thursday).
  * 2014-12-17 - Removed one week - (Correction made here - week 3rd, day 4th - Wedneday).



I'm not sure why the correction is not made on `2014-12-25`.",1,0,org.joda.time.Chronology#year() | org.joda.time.DateMidnight#year() | org.joda.time.DateTime#year() | org.joda.time.DateTimeFieldType#year() | org.joda.time.LocalDate#year() | org.joda.time.LocalDateTime#year() | org.joda.time.MutableDateTime#year() | org.joda.time.YearMonth#year() | org.joda.time.YearMonthDay#year() | org.joda.time.chrono.AssembledChronology#year() | org.joda.time.chrono.BaseChronology#year() | org.joda.time.format.ISODateTimeFormat#year(),KU uniquely mentions the owner,joda-time:joda-time:2.4,org.joda.time.LocalDate#year(),resolved_api,1,,,,,
JODATIME-0009,jodatime,TU,Instant,org.joda.time.Instant,org.joda.time.Instant,resolved,1,"Instant is the standard implementation of a fully immutable instant in time. Instant is an implementation of ReadableInstant . As with all instants, it represents an exact point on the time-line, but limited to the precision of milliseconds. An Instant should be used to represent a point in time irrespective of any other factor, such as chronology or time zone. Internally, the class holds one piece of data, the instant as milliseconds from the Java epoch of 1970-01-01T00:00:00Z. For example, an Instant can be used to compare two DateTime objects irrespective of chronology or time zone. boolean sameInstant = dt1.toInstant().equals(dt2.toInstant()); Note that the following code will also perform the same check: boolean sameInstant = dt1.isEqual(dt2); Instant is thread-safe and immutable.",official_javadoc,joda-time:joda-time:2.4-javadoc.jar#org.joda.time.Instant,1,"## Instants

The most frequently used concept in Joda-Time is that of the `Instant`. An Instant is defined as a moment in the datetime continuum specified as a number of milliseconds from 1970-01-01T00:00Z. This definition of milliseconds is consistent with that of the JDK in `Date` or `Calendar`. Interoperating between the two APIs is thus simple. 

Within Joda-Time an instant is represented by the `ReadableInstant` interface. The main implementation of this interface, and the class that the average API user needs to be most familiar with, is `DateTime`. DateTime is immutable - and once created the values do not change. Thus, this class can safely be passed around and used in multiple threads without synchronization. 

The millisecond instant can be converted to any date time field using a Chronology. To assist with this, methods are provided on `DateTime` that act as getters for the most common date and time fields. 

We discuss the chronology concept a litte further on in this overview. 

A companion mutable class to `DateTime` is `MutableDateTime`. Objects of this class can be modified and are not thread-safe. 

Other implementations of `ReadableInstant` include `Instant` and `DateMidnight`.",1,1,org.joda.time.Instant,unique authoritative class,joda-time:joda-time:2.4,org.joda.time.Instant,resolved_api,1,,,,,
JODATIME-0010,jodatime,TU,Duration,org.joda.time.Duration,org.joda.time.Duration,resolved,1,"An immutable duration specifying a length of time in milliseconds. A duration is defined by a fixed number of milliseconds. There is no concept of fields, such as days or seconds, as these fields can vary in length. A duration may be converted to a Period to obtain field values. This conversion will typically cause a loss of precision. Duration is thread-safe and immutable.",official_javadoc,joda-time:joda-time:2.4-javadoc.jar#org.joda.time.Duration,1,"## Durations

A `Duration` in Joda-Time represents a duration of time measured in milliseconds. The duration is often obtained from an interval. 

`Durations` are a very simple concept, and the implementation is also simple. They have no chronology or time zone, and consist solely of the millisecond duration. 

`Durations` can be added to an instant, or to either end of an interval to change those objects. In datetime maths you could say: 
    
    
          instant  +  duration  =  instant
    

Currently, there is only one implementation of the `ReadableDuration` interface: `Duration`.",1,1,org.joda.time.Duration,unique authoritative class,joda-time:joda-time:2.4,org.joda.time.Duration,resolved_api,1,,,,,
JODATIME-0011,jodatime,TU,DateTimeZone.getAvailableIDs(),org.joda.time.DateTimeZone#getAvailableIDs(),org.joda.time.DateTimeZone,resolved,1,getAvailableIDs public static Set < String > getAvailableIDs () Gets all the available IDs supported. Returns: an unmodifiable Set of String IDs,official_javadoc,joda-time:joda-time:2.4-javadoc.jar#org.joda.time.DateTimeZone#getAvailableIDs(),1,"## Changing TimeZone

`DateTime` comes with support for a couple of common timezone calculations. For instance, if you want to get the local time in London at this very moment, you would do the following 
    
    
        // get current moment in default time zone
        DateTime dt = new DateTime(),
        // translate to London local time
        DateTime dtLondon = dt.withZone(DateTimeZone.forID("",Europe/London"",)),
    

where `DateTimeZone.forID("",Europe/London"",)` returns the timezone value for London. The resulting value `dtLondon` has the same absolute millisecond time, but a different set of field values. 

There is also support for the reverse operation, i.e. to get the datetime (absolute millisecond) corresponding to the moment when London has the same local time as exists in the default time zone now. This is done as follows 
    
    
        // get current moment in default time zone
        DateTime dt = new DateTime(),
        // find the moment when London will have / had the same time
        dtLondonSameTime = dt.withZoneRetainFields(DateTimeZone.forID("",Europe/London"",)),
    

A set of all TimeZone ID strings (such as "",Europe/London"",) may be obtained by calling `DateTimeZone.getAvailableIDs()`. A full list of available time zones is provided here.",1,1,org.joda.time.DateTimeZone#getAvailableIDs(),owner is explicit in the raw API,joda-time:joda-time:2.4,org.joda.time.DateTimeZone#getAvailableIDs(),resolved_api,1,,,,,
JODATIME-0012,jodatime,SO,year(),,,insufficient_occurrence_evidence,0,,pending_occurrence_verification,,0,"Why dec 31 2010 returns 1 as week of year? 

For instance:
    
    
    Calendar c = Calendar.getInstance();
    DateFormat sdf = new SimpleDateFormat(""dd/MM/yyyy"");
    c.setTime( sdf.parse(""31/12/2010""));
    out.println( c.get( Calendar.WEEK_OF_YEAR ) ); 
    

Prints 1

Same happens with Joda time. 

:) 

The definition of Week of Year is `Locale` dependent.

How it is defined in US is discused in the other posts. For example in Germany (DIN 1355-1 / ISO 8601): the first Week* of Year is the first week with 4 or more days in the new year.

*first day of week is Monday and last day of week is Sunday

And Java\\\\\\\xe2\\\\\\\x80\\\\\\\x99s `Calendar` pays attention to the locale. For example:
    
    
    public static void main(String[] args) throws ParseException {
    DateFormat sdf = new SimpleDateFormat(""dd/MM/yyyy"");
    Date lastDec2010 = sdf.parse(""31/12/2010"");
    Calendar calUs = Calendar.getInstance(Locale.US); 
    calUs.setTime(lastDec2010);
    Calendar calDe = Calendar.getInstance(Locale.GERMAN); 
    calDe.setTime(lastDec2010);
    System.out.println( ""us: "" + calUs.get( Calendar.WEEK_OF_YEAR ) ); 
    System.out.println( ""de: "" + calDe.get( Calendar.WEEK_OF_YEAR ) );
    }
    

prints:
    
    
    us: 1
    de: 52
    

ADDED For the US (and I can think of that it is the same for Mexico) the 1. Week of Year is the week where the 1. January belongs to. -- So if 1. Januar is a Saturday, then the Friday before (31. Dec) belongs the same week, and in this case this day belongs to the 1. Week of Year 2011.",1,1,org.joda.time.Chronology#year() | org.joda.time.DateMidnight#year() | org.joda.time.DateTime#year() | org.joda.time.DateTimeFieldType#year() | org.joda.time.LocalDate#year() | org.joda.time.LocalDateTime#year() | org.joda.time.MutableDateTime#year() | org.joda.time.YearMonth#year() | org.joda.time.YearMonthDay#year() | org.joda.time.chrono.AssembledChronology#year() | org.joda.time.chrono.BaseChronology#year() | org.joda.time.format.ISODateTimeFormat#year(),KU contains no year() invocation or method-specific receiver. The DateTime RE URL was attached by raw name and cannot disambiguate this occurrence among DateTime/LocalDate/DateMidnight/etc. candidates.,joda-time:joda-time:2.4,knowledge-occurrence:JODATIME-0012,unresolved_occurrence,1,Returns the year property of a Joda-Time DateTime and exposes property operations for querying or changing that year field.,official,https://www.joda.org/joda-time/apidocs/org/joda/time/DateTime.html,unverified_identity,Short-name reference does not uniquely identify this occurrence. Original description retained only for review; Qwen generation blocked by HTTP 401 invalid_api_key.
JODATIME-0013,jodatime,SO,DateTimeFormat,org.joda.time.format.DateTimeFormat,org.joda.time.format.DateTimeFormat,resolved,1,"Factory that creates instances of DateTimeFormatter from patterns and styles. Datetime formatting is performed by the DateTimeFormatter class. Three classes provide factory methods to create formatters, and this is one. The others are ISODateTimeFormat and DateTimeFormatterBuilder . This class provides two types of factory: Pattern provides a DateTimeFormatter based on a pattern string that is mostly compatible with the JDK date patterns. Style provides a DateTimeFormatter based on a two character style, representing short, medium, long and full. For example, to use a patterm: DateTime dt = new DateTime(); DateTimeFormatter fmt = DateTimeFormat.forPattern(""MMMM, yyyy""); String str = fmt.print(dt); The pattern syntax is mostly compatible with java.text.SimpleDateFormat - time zone names cannot be parsed and a few more symbols are supported. All ASCII letters are reserved as pattern letters, which are defined as follows: Symbol Meaning Presentation Examples ------ ------- ------------ ------- G era text AD C century of era (>=0) number 20 Y year of era (>=0) year 1996 x weekyear year 1996 w week of weekyear number 27 e day of week number 2 E day of week text Tuesday; Tue y year year 1996 D day of year number 189 M month of year month July; Jul; 07 d day of month number 10 a halfday of day text PM K hour of halfday (0~11) number 0 h clockhour of halfday (1~12) number 12 H hour of day (0~23) number 0 k clockhour of day (1~24) number 24 m minute of hour number 30 s second of minute number 55 S fraction of second millis 978 z time zone text Pacific Standard Time; PST Z time zone offset/id zone -0800; -08:00; America/Los_Angeles ' escape for text delimiter '' single quote literal ' The count of pattern letters determine the format. Text : If the number of pattern letters is 4 or more, the full form is used; otherwise a short or abbreviated form is used if available. Number : The minimum number of digits. Shorter numbers are zero-padded to this amount. When parsing, any number of digits are accepted. Year : Numeric presentation for year and weekyear fields are handled specially. For example, if the count of 'y' is 2, the year will be displayed as the zero-based year of the century, which is two digits. Month : 3 or over, use text, otherwise use number. Millis : The exact number of fractional digits. If more millisecond digits are available then specified the number will be truncated, if there are fewer than specified then the number will be zero-padded to the right. When parsing, only the exact number of digits are accepted. Zone : 'Z' outputs offset without a colon, 'ZZ' outputs the offset with a colon, 'ZZZ' or more outputs the zone id. Zone names : Time zone names ('z') cannot be parsed. Any characters in the pattern that are not in the ranges of ['a'..'z'] and ['A'..'Z'] will be treated as quoted text. For instance, characters like ':', '.', ' ', '#' and '?' will appear in the resulting time text even they are not embraced within single quotes. DateTimeFormat is thread-safe and immutable, and the formatters it returns are as well.",official_javadoc,joda-time:joda-time:2.4-javadoc.jar#org.joda.time.format.DateTimeFormat,1,"Converting a date string to a DateTime object using Joda Time library 

I have a date as a string in the following format `""04/02/2011 20:27:05""`. I am using Joda-Time library and would like to convert it to `DateTime` object. I did:
    
    
    DateTime dt = new DateTime(""04/02/2011 20:27:05"")
    

But I'm getting the following error :
    
    
    Invalid format: ""04/02/2011 14:42:17"" is malformed at ""/02/2011 14:42:17""
    

How to convert the above date to a `DateTime` object?

Use `DateTimeFormat`:
    
    
    DateTimeFormatter formatter = DateTimeFormat.forPattern(""dd/MM/yyyy HH:mm:ss"");
    DateTime dt = formatter.parseDateTime(string);",1,1,org.joda.time.format.DateTimeFormat,unique authoritative class,joda-time:joda-time:2.4,org.joda.time.format.DateTimeFormat,resolved_api,1,,,,,
JODATIME-0014,jodatime,SO,DateTime,org.joda.time.DateTime,org.joda.time.DateTime,resolved,1,"DateTime is the standard implementation of an unmodifiable datetime class. DateTime is the most widely used implementation of ReadableInstant . As with all instants, it represents an exact point on the time-line, but limited to the precision of milliseconds. A DateTime calculates its fields with respect to a time zone . Internally, the class holds two pieces of data. Firstly, it holds the datetime as milliseconds from the Java epoch of 1970-01-01T00:00:00Z. Secondly, it holds a Chronology which determines how the millisecond instant value is converted into the date time fields. The default Chronology is ISOChronology which is the agreed international standard and compatible with the modern Gregorian calendar. Each individual field can be queried in two ways: getHourOfDay() hourOfDay().get() The second technique also provides access to other useful methods on the field: numeric value text value short text value maximum/minimum values add/subtract set rounding DateTime is thread-safe and immutable, provided that the Chronology is as well. All standard Chronology classes supplied are thread-safe and immutable.",official_javadoc,joda-time:joda-time:2.4-javadoc.jar#org.joda.time.DateTime,1,"Dozer mapping JodaTime property not working as expected 

I am using Dozer to map between a Document class to DocumentManagementBean class, both of my own making. Both have a property, with getters and setters, of Joda DateTime type, called dateAdded.

When Document object `d` has property `dateAdded`=x, calling `mapper.map(d, DocumentManagementBean.class)` all fields get auto-mapped correctly (since I have full control over code base I am able to get away with no dozer-config and rely simply on matching property names), EXCEPT the `dateAdded` field, where the new DocumentManagementBean `dmb` ends up with the current DateTime in its `dateAdded` property, instead of x from the `d` object.

I am expecting Dozer to try to call 

`dmb.setDateAdded(d.getDateAdded());`

and just bring the value of dateAdded from source to target, but it seems to be creating new DateTime for dmb object an then leaving it alone.

Can anyone shed some light on this for me please?

The basic problem is that Dozer creates a new blank instance of DateTime, via new DateTime(), and thats how you end up with the current date/time instead of the original one. There might be multiple solutions, I usually went with a customconverter, globally defined:
    
    
     
    org.joda.time.DateTime
    org.joda.time.DateTime
    
    

and
    
    
    public class DateTimeCustomConverter extends DozerConverter {
    public DateTimeCustomConverter() {
    super(DateTime.class, DateTime.class);
    }
    @Override
    public DateTime convertTo(final DateTime source, final DateTime destination) {
    if (source == null) {
    return null;
    }
    return new DateTime(source);
    }
    @Override
    public DateTime convertFrom(final DateTime source, final DateTime destination) {
    if (source == null) {
    return null;
    }
    return new DateTime(source);
    }
    }
    

It may overdo it, though :)",1,1,org.joda.time.DateTime,unique authoritative class,joda-time:joda-time:2.4,org.joda.time.DateTime,resolved_api,1,,,,,
JODATIME-0015,jodatime,SO,ReadableInstant,org.joda.time.ReadableInstant,org.joda.time.ReadableInstant,resolved,1,"Defines an instant in the datetime continuum. This interface expresses the datetime as milliseconds from 1970-01-01T00:00:00Z. The implementation of this interface may be mutable or immutable. This interface only gives access to retrieve data, never to change it. Methods in your application should be defined using ReadableInstant as a parameter if the method only wants to read the instant without needing to know the specific datetime fields. The compareTo method is no longer defined in this class in version 2.0. Instead, the definition is simply inherited from the Comparable interface. This approach is necessary to preserve binary compatibility. The definition of the comparison is ascending order by millisecond instant. Implementors are recommended to extend AbstractInstant instead of this interface.",official_javadoc,joda-time:joda-time:2.4-javadoc.jar#org.joda.time.ReadableInstant,1,"Why are Joda objects immutable? 

I have read that with a Java version less than 7, Joda Time objects are more reliable than Java's built-ins. One cited reason is that Joda objects are immutable. Why is this beneficial? If I want to change the year, hour, and timezone of a Joda DateTime object, I need to make three copies!

> If I want to change the year, hour, and timezone of a Joda DateTime object, I need to make three copies!

Yes, indeed. Or you could create one new object, using all the fields you like from the old object, of course.

This is a thoroughly good thing - because it means when you want to rely on an object not changing, it won't. Consider this pseudo-code:
    
    
    private static final Instant EARLIEST_ALLOWED_ARTICLE = ...;
    private Instant creationTimestamp;
    public Article(Instant creationTimestamp, ...) {
    if (creationTimestamp.isBefore(EARLIEST_ALLOWED_ARTICLE)) {
    throw new IllegalArgumetnException(...);
    }
    this.creationTimestamp = creationTimestamp;
    ...
    }
    

That's fine, because `Instant` is immutable. If it were mutable, the validation in the constructor would be worthless - unless you created a defensive copy at that point.

In my experience, you want to pass around references and know that the values won't change more than you want to actually make changes to existing objects, so immutability leads to fewer bugs (with mutable objects you can forget to take a copy, and any validation is then useless) and fewer copies being made.

Basically, it allows you to reason about your code locally without making copies of everything you either accept and store, or return to other code. When only your code can change the state of your object, it's much simpler to work out what will happen over time.

Joda Time actually fails somewhat because it has both mutable and immutable types - if you just program to the interface (e.g. `ReadableInstant`) then you don't get those guarantees. That's why in Noda Time I made all the types genuinely immutable.

Out of interest, would you want `String` to be mutable? If not, try to think about whether there are real differences between the two scenarios.",1,1,org.joda.time.ReadableInstant,unique authoritative class,joda-time:joda-time:2.4,org.joda.time.ReadableInstant,resolved_api,1,,,,,
JODATIME-0016,jodatime,SO,DateTimeFormat,org.joda.time.format.DateTimeFormat,org.joda.time.format.DateTimeFormat,resolved,1,"Factory that creates instances of DateTimeFormatter from patterns and styles. Datetime formatting is performed by the DateTimeFormatter class. Three classes provide factory methods to create formatters, and this is one. The others are ISODateTimeFormat and DateTimeFormatterBuilder . This class provides two types of factory: Pattern provides a DateTimeFormatter based on a pattern string that is mostly compatible with the JDK date patterns. Style provides a DateTimeFormatter based on a two character style, representing short, medium, long and full. For example, to use a patterm: DateTime dt = new DateTime(); DateTimeFormatter fmt = DateTimeFormat.forPattern(""MMMM, yyyy""); String str = fmt.print(dt); The pattern syntax is mostly compatible with java.text.SimpleDateFormat - time zone names cannot be parsed and a few more symbols are supported. All ASCII letters are reserved as pattern letters, which are defined as follows: Symbol Meaning Presentation Examples ------ ------- ------------ ------- G era text AD C century of era (>=0) number 20 Y year of era (>=0) year 1996 x weekyear year 1996 w week of weekyear number 27 e day of week number 2 E day of week text Tuesday; Tue y year year 1996 D day of year number 189 M month of year month July; Jul; 07 d day of month number 10 a halfday of day text PM K hour of halfday (0~11) number 0 h clockhour of halfday (1~12) number 12 H hour of day (0~23) number 0 k clockhour of day (1~24) number 24 m minute of hour number 30 s second of minute number 55 S fraction of second millis 978 z time zone text Pacific Standard Time; PST Z time zone offset/id zone -0800; -08:00; America/Los_Angeles ' escape for text delimiter '' single quote literal ' The count of pattern letters determine the format. Text : If the number of pattern letters is 4 or more, the full form is used; otherwise a short or abbreviated form is used if available. Number : The minimum number of digits. Shorter numbers are zero-padded to this amount. When parsing, any number of digits are accepted. Year : Numeric presentation for year and weekyear fields are handled specially. For example, if the count of 'y' is 2, the year will be displayed as the zero-based year of the century, which is two digits. Month : 3 or over, use text, otherwise use number. Millis : The exact number of fractional digits. If more millisecond digits are available then specified the number will be truncated, if there are fewer than specified then the number will be zero-padded to the right. When parsing, only the exact number of digits are accepted. Zone : 'Z' outputs offset without a colon, 'ZZ' outputs the offset with a colon, 'ZZZ' or more outputs the zone id. Zone names : Time zone names ('z') cannot be parsed. Any characters in the pattern that are not in the ranges of ['a'..'z'] and ['A'..'Z'] will be treated as quoted text. For instance, characters like ':', '.', ' ', '#' and '?' will appear in the resulting time text even they are not embraced within single quotes. DateTimeFormat is thread-safe and immutable, and the formatters it returns are as well.",official_javadoc,joda-time:joda-time:2.4-javadoc.jar#org.joda.time.format.DateTimeFormat,1,"How to format Joda-Time DateTime to only mm/dd/yyyy? 

I have a string ""`11/15/2013 08:00:00`"", I want to format it to ""`11/15/2013`"", what is the correct `DateTimeFormatter` pattern?

I've tried many and googled and still unable to find the correct pattern.

edit: I am looking for Joda-Time `DateTimeFormatter`, not Java's SimpleDateFormat..

Create a `DateTimeFormatter` using `DateTimeFormat.forPattern(String)`

Using Joda time you would do it like this:
    
    
    String dateTime = ""11/15/2013 08:00:00"";
    // Format for input
    DateTimeFormatter dtf = DateTimeFormat.forPattern(""MM/dd/yyyy HH:mm:ss"");
    // Parsing the date
    DateTime jodatime = dtf.parseDateTime(dateTime);
    // Format for output
    DateTimeFormatter dtfOut = DateTimeFormat.forPattern(""MM/dd/yyyy"");
    // Printing the date
    System.out.println(dtfOut.print(jodatime));
    

Also, if you wanted to use standard Java, you would do it like this:
    
    
    // Format for input
    SimpleDateFormat dateParser = new SimpleDateFormat(""MM/dd/yyyy HH:mm:ss"");
    // Parsing the date
    Date date = dateParser.parse(dateTime);
    // Format for output
    SimpleDateFormat dateFormatter = new SimpleDateFormat(""MM/dd/yyyy"");
    // Printing the date
    System.out.println(dateFormatter.format(date));",1,1,org.joda.time.format.DateTimeFormat,unique authoritative class,joda-time:joda-time:2.4,org.joda.time.format.DateTimeFormat,resolved_api,1,,,,,
JODATIME-0017,jodatime,SO,DateTime,org.joda.time.DateTime,org.joda.time.DateTime,resolved,1,"DateTime is the standard implementation of an unmodifiable datetime class. DateTime is the most widely used implementation of ReadableInstant . As with all instants, it represents an exact point on the time-line, but limited to the precision of milliseconds. A DateTime calculates its fields with respect to a time zone . Internally, the class holds two pieces of data. Firstly, it holds the datetime as milliseconds from the Java epoch of 1970-01-01T00:00:00Z. Secondly, it holds a Chronology which determines how the millisecond instant value is converted into the date time fields. The default Chronology is ISOChronology which is the agreed international standard and compatible with the modern Gregorian calendar. Each individual field can be queried in two ways: getHourOfDay() hourOfDay().get() The second technique also provides access to other useful methods on the field: numeric value text value short text value maximum/minimum values add/subtract set rounding DateTime is thread-safe and immutable, provided that the Chronology is as well. All standard Chronology classes supplied are thread-safe and immutable.",official_javadoc,joda-time:joda-time:2.4-javadoc.jar#org.joda.time.DateTime,1,"JodaTime - how to get current time in UTC 

I want to get the current time in UTC. What I do so far is following (just for testing purposes):
    
    
     DateTime dt = new DateTime();
    DateTimeZone tz = DateTimeZone.getDefault();
    LocalDateTime nowLocal = new LocalDateTime();
    DateTime nowUTC = nowLocal.toDateTime(DateTimeZone.UTC);
    Date d1 = nowLocal.toDate();
    Date d2 = nowUTC.toDate();
    L.d(""tz: "" + tz.toString());
    L.d(""local: "" + d1.toString());
    L.d(""utc: "" + d2.toString());
    

  * `d1` is my local time, that's fine
  * `d2` is my local time + 1, but should be local time - 1...



My local time zone is UTC+1 (according to the debug output and the list here: http://joda-time.sourceforge.net/timezones.html)...

How do I correctly convert from one time zone to another (inlcusive the millisecond representation)?

EDIT

I need the date/milliseconds... It's NOT about displaying the time correctly....

EDIT 2

Now, with the help of a comment and an answer, I tried following:
    
    
     DateTimeZone tz = DateTimeZone.getDefault();
    DateTime nowLocal = new DateTime();
    LocalDateTime nowUTC = nowLocal.withZone(DateTimeZone.UTC).toLocalDateTime();
    DateTime nowUTC2 = nowLocal.withZone(DateTimeZone.UTC);
    Date dLocal = nowLocal.toDate();
    Date dUTC = nowUTC.toDate();
    Date dUTC2 = nowUTC2.toDate();
    L.d(Temp.class, ""------------------------"");
    L.d(Temp.class, ""tz : "" + tz.toString());
    L.d(Temp.class, ""local : "" + nowLocal + "" | "" + dLocal.toString());
    L.d(Temp.class, ""utc : "" + nowUTC + "" | "" + dUTC.toString()); // <= WORKING SOLUTION
    L.d(Temp.class, ""utc2 : "" + nowUTC2 + "" | "" + dUTC2.toString());
    

OUTPUT
    
    
    tz : Europe/Belgrade
    local : 2015-01-02T15:31:38.241+01:00 | Fri Jan 02 15:31:38 MEZ 2015
    utc : 2015-01-02T14:31:38.241 | Fri Jan 02 14:31:38 MEZ 2015
    utc2 : 2015-01-02T14:31:38.241Z | Fri Jan 02 15:31:38 MEZ 2015
    

What I wanted was, that the local date displays 15 o'clock and utc date displays 14 o'clock... For now, this seems to work...

\----- EDIT3 - Final solution -----

Hopefully, this is a good solution... I think, i respects all tipps i got...
    
    
     DateTimeZone tz = DateTimeZone.getDefault();
    DateTime nowUTC = new DateTime(DateTimeZone.UTC);
    DateTime nowLocal = nowUTC.withZone(tz);
    // This will generate DIFFERENT Dates!!! As I want it!
    Date dLocal = nowLocal.toLocalDateTime().toDate();
    Date dUTC = nowUTC.toLocalDateTime().toDate();
    L.d(""tz : "" + tz.toString());
    L.d(""local : "" + nowLocal + "" | "" + dLocal.toString());
    L.d(""utc : "" + nowUTC + "" | "" + dUTC.toString());
    

Output:
    
    
    tz : Europe/Belgrade
    local : 2015-01-03T21:15:35.170+01:00 | Sat Jan 03 21:15:35 MEZ 2015
    utc : 2015-01-03T20:15:35.170Z | Sat Jan 03 20:15:35 MEZ 2015
    

You're making it far more complicated than you need to:
    
    
    DateTime dt = new DateTime(DateTimeZone.UTC);
    

No conversion required at all. If you find you actually need to convert, you can use `withZone`. I'd suggest you avoid going via `LocalDateTime`, however, as that way you can lose information due to time zone transitions (two different instants can have the same local time in the same time zone, because clocks go back and repeat local time.

Having said all of this, for the sake of testability I personally like using a `Clock` interface which allows me to get the current time (e.g. as an `Instant`). You can then use dependency injection to inject a real system clock when running in production, and a fake clock with a preset time for tests. Java 8's `java.time` package has this idea built into it, btw.",1,1,org.joda.time.DateTime,unique authoritative class,joda-time:joda-time:2.4,org.joda.time.DateTime,resolved_api,1,,,,,
JODATIME-0018,jodatime,TU,Chronology,org.joda.time.Chronology,org.joda.time.Chronology,resolved,1,"Chronology provides access to the individual date time fields for a chronological calendar system. Various chronologies are supported by subclasses including ISO and GregorianJulian. To construct a Chronology you should use the factory methods on the chronology subclass in the chrono package. For example, to obtain the current time in the coptic calendar system: DateTime dt = new DateTime(CopticChronology.getInstance()); The provided chronology implementations are: ISO - Based on the ISO8601 standard and suitable for use after about 1600 GJ - Historically accurate calendar with Julian followed by Gregorian Gregorian - The Gregorian calendar system used for all time (proleptic) Julian - The Julian calendar system used for all time (proleptic) Buddhist - The Buddhist calendar system which is an offset in years from GJ Coptic - The Coptic calendar system which defines 30 day months Ethiopic - The Ethiopic calendar system which defines 30 day months Hopefully future releases will contain more chronologies. This class defines a number of fields with names from the ISO8601 standard. It does not 'strongly' define these fields however, thus implementations are free to interpret the field names as they wish. For example, a week could be defined as 10 days and a month as 40 days in a special WeirdChronology implementation. Clearly the GJ and ISO implementations provided use the field names as you would expect.",official_javadoc,joda-time:joda-time:2.4-javadoc.jar#org.joda.time.Chronology,1,"## Instants

The most frequently used concept in Joda-Time is that of the instant. An Instant is defined as a moment in the datetime continuum specified as a number of milliseconds from 1970-01-01T00:00Z. This definition of milliseconds is consistent with that of the JDK in `Date` or `Calendar`. Interoperating between the two APIs is thus simple. 

Within Joda-Time an instant is represented by the `ReadableInstant` interface. The main implementation of this interface, and the class that the average API user needs to be most familiar with, is `DateTime`. DateTime is immutable - and once created the values do not change. Thus, this class can safely be passed around and used in multiple threads without synchronization. 

The millisecond instant can be converted to any date time field using a `Chronology`. To assist with this, methods are provided on `DateTime` that act as getters for the most common date and time fields. 

We discuss the chronology concept a litte further on in this overview. 

A companion mutable class to `DateTime` is `MutableDateTime`. Objects of this class can be modified and are not thread-safe. 

Other implementations of `ReadableInstant` include `Instant` and `DateMidnight`.",1,1,org.joda.time.Chronology,unique authoritative class,joda-time:joda-time:2.4,org.joda.time.Chronology,resolved_api,1,,,,,
JODATIME-0019,jodatime,TU,addToCopy,org.joda.time.DateTime.Property#addToCopy(int),org.joda.time.DateTime.Property,resolved,1,"addToCopy public DateTime addToCopy (int value) Adds to this field in a copy of this DateTime. The DateTime attached to this property is unchanged by this call. This operation is faster than converting a DateTime to a MutableDateTime and back again when setting one field. When setting multiple fields, it is generally quicker to make the conversion to MutableDateTime. Parameters: value - the value to add to the field in the copy Returns: a copy of the DateTime with the field value changed Throws: IllegalArgumentException - if the value isn't valid",official_javadoc,joda-time:joda-time:2.4-javadoc.jar#org.joda.time.DateTime.Property#addToCopy(int),1,"### Modifying fields

One way to do this is to use methods on properties. To return to our prior example, if we wish to modify the `dt` object by changing its day-of-week field to Monday we can do so by using the `setCopy` method of the property: 
    
    
        DateTime result = dt.dayOfWeek().setCopy(DateTimeConstants.MONDAY),
    

Note: If the `DateTime` object is already set to Monday then the same object will be returned. 

To add to a date you could use the `addToCopy` method. 
    
    
        DateTime result = dt.dayOfWeek().addToCopy(3),",1,1,org.joda.time.DateMidnight.Property#addToCopy(int) | org.joda.time.DateTime.Property#addToCopy(int) | org.joda.time.LocalDate.Property#addToCopy(int) | org.joda.time.LocalDateTime.Property#addToCopy(int) | org.joda.time.MonthDay.Property#addToCopy(int) | org.joda.time.Partial.Property#addToCopy(int) | org.joda.time.TimeOfDay.Property#addToCopy(int) | org.joda.time.YearMonth.Property#addToCopy(int) | org.joda.time.YearMonthDay.Property#addToCopy(int),KU uniquely identifies the method return type,joda-time:joda-time:2.4,org.joda.time.DateTime.Property#addToCopy(int),resolved_api,1,,,,,
JODATIME-0020,jodatime,TU,withLocale,org.joda.time.format.DateTimeFormatter#withLocale(java.util.Locale),org.joda.time.format.DateTimeFormatter,resolved,1,"withLocale public DateTimeFormatter withLocale ( Locale locale) Returns a new formatter with a different locale that will be used for printing and parsing. A DateTimeFormatter is immutable, so a new instance is returned, and the original is unaltered and still usable. Parameters: locale - the locale to use; if null, formatter uses default locale at invocation time Returns: the new formatter",official_javadoc,joda-time:joda-time:2.4-javadoc.jar#org.joda.time.format.DateTimeFormatter#withLocale(java.util.Locale),1,"### Custom Formatters

If you need a custom formatter which can be described in terms of a format pattern, you can use the factory method provided by the `DateTimeFormat` class. Thus to get a formatter for a 4 digit year, 2 digit month and 2 digit day of month, i.e. a format of `yyyyMMdd` you would do 
    
    
        DateTimeFormatter fmt = DateTimeFormat.forPattern("",yyyyMMdd"",),
    

The pattern string is compatible with JDK date patterns. 

You may need to print or parse in a particular `Locale`. This is achieved by calling the `withLocale` method on a formatter, which returns another formatter based on the original. 
    
    
        DateTimeFormatter fmt = DateTimeFormat.forPattern("",yyyyMMdd"",),
        DateTimeFormatter frenchFmt = fmt.withLocale(Locale.FRENCH),
        DateTimeFormatter germanFmt = fmt.withLocale(Locale.GERMAN),
    

Formatters are immutable, so the original is not altered by the `withLocale` method.",1,1,org.joda.time.format.DateTimeFormatter#withLocale(java.util.Locale) | org.joda.time.format.PeriodFormatter#withLocale(java.util.Locale),typed receiver in KU selects the owner,joda-time:joda-time:2.4,org.joda.time.format.DateTimeFormatter#withLocale(java.util.Locale),resolved_api,1,,,,,
JODATIME-0021,jodatime,SO,DateTime,org.joda.time.DateTime,org.joda.time.DateTime,resolved,1,"DateTime is the standard implementation of an unmodifiable datetime class. DateTime is the most widely used implementation of ReadableInstant . As with all instants, it represents an exact point on the time-line, but limited to the precision of milliseconds. A DateTime calculates its fields with respect to a time zone . Internally, the class holds two pieces of data. Firstly, it holds the datetime as milliseconds from the Java epoch of 1970-01-01T00:00:00Z. Secondly, it holds a Chronology which determines how the millisecond instant value is converted into the date time fields. The default Chronology is ISOChronology which is the agreed international standard and compatible with the modern Gregorian calendar. Each individual field can be queried in two ways: getHourOfDay() hourOfDay().get() The second technique also provides access to other useful methods on the field: numeric value text value short text value maximum/minimum values add/subtract set rounding DateTime is thread-safe and immutable, provided that the Chronology is as well. All standard Chronology classes supplied are thread-safe and immutable.",official_javadoc,joda-time:joda-time:2.4-javadoc.jar#org.joda.time.DateTime,1,"Number of days between two dates in Joda-Time 

How do I find the difference in Days between two Joda-Time `DateTime` instances? With \\\\\\\xe2\\\\\\\x80\\\\\\\x98difference in days\\\\\\\xe2\\\\\\\x80\\\\\\\x99 I mean if start is on Monday and end is on Tuesday I expect a return value of 1 regardless of the hour/minute/seconds of the start and end dates.

`Days.daysBetween(start, end).getDays()` gives me 0 if start is in the evening and end in the morning.

I'm also having the same issue with other date fields so I was hoping there would be a generic way to 'ignore' the fields of lesser significance. 

In other words, the months between Feb and 4 March would also be 1, as would the hours between 14:45 and 15:12 be. However the hour difference between 14:01 and 14:55 would be 0.

Annoyingly, the withTimeAtStartOfDay answer is wrong, but only occasionally. You want:
    
    
    Days.daysBetween(start.toLocalDate(), end.toLocalDate()).getDays()
    

It turns out that ""midnight/start of day"" sometimes means 1am (daylight savings happen this way in some places), which Days.daysBetween doesn't handle properly.
    
    
    // 5am on the 20th to 1pm on the 21st, October 2013, Brazil
    DateTimeZone BRAZIL = DateTimeZone.forID(""America/Sao_Paulo"");
    DateTime start = new DateTime(2013, 10, 20, 5, 0, 0, BRAZIL);
    DateTime end = new DateTime(2013, 10, 21, 13, 0, 0, BRAZIL);
    System.out.println(daysBetween(start.withTimeAtStartOfDay(),
    end.withTimeAtStartOfDay()).getDays());
    // prints 0
    System.out.println(daysBetween(start.toLocalDate(),
    end.toLocalDate()).getDays());
    // prints 1
    

Going via a `LocalDate` sidesteps the whole issue.",1,1,org.joda.time.DateTime,unique authoritative class,joda-time:joda-time:2.4,org.joda.time.DateTime,resolved_api,1,,,,,
JODATIME-0022,jodatime,SO,Interval,org.joda.time.Interval,org.joda.time.Interval,resolved,1,"Interval is the standard implementation of an immutable time interval. A time interval represents a period of time between two instants. Intervals are inclusive of the start instant and exclusive of the end. The end instant is always greater than or equal to the start instant. Intervals have a fixed millisecond duration. This is the difference between the start and end instants. The duration is represented separately by ReadableDuration . As a result, intervals are not comparable. To compare the length of two intervals, you should compare their durations. An interval can also be converted to a ReadablePeriod . This represents the difference between the start and end points in terms of fields such as years and days. Interval is thread-safe and immutable.",official_javadoc,joda-time:joda-time:2.4-javadoc.jar#org.joda.time.Interval,1,"Joda Time LocalTime of 24:00 end-of-day 

We're creating a scheduling application and we need to represent someone's available schedule during the day, regardless of what time zone they are in. Taking a cue from Joda Time's Interval, which represents an interval in absolute time between two instances (start inclusive, end exclusive), we created a LocalInterval. The LocalInterval is made up of two LocalTimes (start inclusive, end exclusive), and we even made a handy class for persisting this in Hibernate.

For example, if someone is available from 1:00pm to 5:00pm, we would create:
    
    
    new LocalInterval(new LocalTime(13, 0), new LocalTime(17, 0));
    

So far so good---until someone wants to be available from 11:00pm until midnight on some day. Since the end of an interval is exclusive, this should be easily represented as such:
    
    
    new LocalInterval(new LocalTime(23, 0), new LocalTime(24, 0));
    

Ack! No go. This throws an exception, because LocalTime cannot hold any hour greater than 23.

This seems like a design flaw to me---Joda didn't consider that someone may want a LocalTime that represents a non-inclusive endpoint.

This is really frustrating, as it blows a hole in what was otherwise a very elegant model that we created.

What are my options---other than forking Joda and taking out the check for hour 24? (No, I don't like the option of using a dummy value---say 23:59:59---to represent 24:00.)

Update: To those who keep saying that there is no such thing as 24:00, here's a quote from ISO 8601-2004 4.2.3 Notes 2,3: ""The end of one calendar day [24:00] coincides with [00:00] at the start of the next calendar day ..."" and ""Representations where [hh] has the value [24] are only preferred to represent the end of a time interval ....""

The solution we finally went with was to use 00:00 as a stand-in for 24:00, with logic throughout the class and the rest of the application to interpret this local value. This is a true kludge, but it's the least intrusive and most elegant thing I could come up with.

First, the LocalTimeInterval class keeps an internal flag of whether the interval endpoint is end-of-day midnight (24:00). This flag will only be true if the end time is 00:00 (equal to LocalTime.MIDNIGHT).
    
    
    /**
    * @return Whether the end of the day is {@link LocalTime#MIDNIGHT} and this should be considered midnight of the
    * following day.
    */
    public boolean isEndOfDay()
    {
    return isEndOfDay;
    }
    

By default the constructor considers 00:00 to be beginning-of-day, but there is an alternate constructor for manually creating an interval that goes all day:
    
    
    public LocalTimeInterval(final LocalTime start, final LocalTime end, final boolean considerMidnightEndOfDay)
    {
    ...
    this.isEndOfDay = considerMidnightEndOfDay && LocalTime.MIDNIGHT.equals(end);
    }
    

There is a reason why this constructor doesn't just have a start time and an ""is end-of-day"" flag: when used with a UI with a drop-down list of times, we don't know if the user will choose 00:00 (which is rendered as 24:00), but we know that as the drop-down list is for the end of the range, in our use case it means 24:00. (Although LocalTimeInterval allows empty intervals, we don't allow them in our application.)

Overlap checking requires special logic to take care of 24:00:
    
    
    public boolean overlaps(final LocalTimeInterval localInterval)
    {
    if (localInterval.isEndOfDay())
    {
    if (isEndOfDay())
    {
    return true;
    }
    return getEnd().isAfter(localInterval.getStart());
    }
    if (isEndOfDay())
    {
    return localInterval.getEnd().isAfter(getStart());
    }
    return localInterval.getEnd().isAfter(getStart()) && localInterval.getStart().isBefore(getEnd());
    }
    

Similarly, converting to an absolute Interval requires adding another day to the result if isEndOfDay() returns true. It is important that application code never constructs an Interval manually from a LocalTimeInterval's start and end values, as the end time may indicate end-of-day:
    
    
    public Interval toInterval(final ReadableInstant baseInstant)
    {
    final DateTime start = getStart().toDateTime(baseInstant);
    DateTime end = getEnd().toDateTime(baseInstant);
    if (isEndOfDay())
    {
    end = end.plusDays(1);
    }
    return new Interval(start, end);
    }
    

When persisting LocalTimeInterval in the database, we were able to make the kludge totally transparent, as Hibernate and SQL have no 24:00 restriction (and indeed have no concept of LocalTime anyway). If isEndOfDay() returns true, our PersistentLocalTimeIntervalAsTime implementation stores and retrieves a true time value of 24:00:
    
    
     ...
    final Time startTime = (Time) Hibernate.TIME.nullSafeGet(resultSet, names[0]);
    final Time endTime = (Time) Hibernate.TIME.nullSafeGet(resultSet, names[1]);
    ...
    final LocalTime start = new LocalTime(startTime, DateTimeZone.UTC);
    if (endTime.equals(TIME_2400))
    {
    return new LocalTimeInterval(start, LocalTime.MIDNIGHT, true);
    }
    return new LocalTimeInterval(start, new LocalTime(endTime, DateTimeZone.UTC));
    

and
    
    
     final Time startTime = asTime(localTimeInterval.getStart());
    final Time endTime = localTimeInterval.isEndOfDay() ? TIME_2400 : asTime(localTimeInterval.getEnd());
    Hibernate.TIME.nullSafeSet(statement, startTime, index);
    Hibernate.TIME.nullSafeSet(statement, endTime, index + 1);
    

It's sad that we had to write a workaround in the first place; this is the best I could do.",1,1,org.joda.time.Interval,unique authoritative class,joda-time:joda-time:2.4,org.joda.time.Interval,resolved_api,1,,,,,
JODATIME-0023,jodatime,SO,DateTime,org.joda.time.DateTime,org.joda.time.DateTime,resolved,1,"DateTime is the standard implementation of an unmodifiable datetime class. DateTime is the most widely used implementation of ReadableInstant . As with all instants, it represents an exact point on the time-line, but limited to the precision of milliseconds. A DateTime calculates its fields with respect to a time zone . Internally, the class holds two pieces of data. Firstly, it holds the datetime as milliseconds from the Java epoch of 1970-01-01T00:00:00Z. Secondly, it holds a Chronology which determines how the millisecond instant value is converted into the date time fields. The default Chronology is ISOChronology which is the agreed international standard and compatible with the modern Gregorian calendar. Each individual field can be queried in two ways: getHourOfDay() hourOfDay().get() The second technique also provides access to other useful methods on the field: numeric value text value short text value maximum/minimum values add/subtract set rounding DateTime is thread-safe and immutable, provided that the Chronology is as well. All standard Chronology classes supplied are thread-safe and immutable.",official_javadoc,joda-time:joda-time:2.4-javadoc.jar#org.joda.time.DateTime,1,"Converting a date string to a DateTime object using Joda Time library 

I have a date as a string in the following format `""04/02/2011 20:27:05""`. I am using Joda-Time library and would like to convert it to `DateTime` object. I did:
    
    
    DateTime dt = new DateTime(""04/02/2011 20:27:05"")
    

But I'm getting the following error :
    
    
    Invalid format: ""04/02/2011 14:42:17"" is malformed at ""/02/2011 14:42:17""
    

How to convert the above date to a `DateTime` object?

Use `DateTimeFormat`:
    
    
    DateTimeFormatter formatter = DateTimeFormat.forPattern(""dd/MM/yyyy HH:mm:ss"");
    DateTime dt = formatter.parseDateTime(string);",1,1,org.joda.time.DateTime,unique authoritative class,joda-time:joda-time:2.4,org.joda.time.DateTime,resolved_api,1,,,,,
JODATIME-0024,jodatime,SO,DateTime,org.joda.time.DateTime,org.joda.time.DateTime,resolved,1,"DateTime is the standard implementation of an unmodifiable datetime class. DateTime is the most widely used implementation of ReadableInstant . As with all instants, it represents an exact point on the time-line, but limited to the precision of milliseconds. A DateTime calculates its fields with respect to a time zone . Internally, the class holds two pieces of data. Firstly, it holds the datetime as milliseconds from the Java epoch of 1970-01-01T00:00:00Z. Secondly, it holds a Chronology which determines how the millisecond instant value is converted into the date time fields. The default Chronology is ISOChronology which is the agreed international standard and compatible with the modern Gregorian calendar. Each individual field can be queried in two ways: getHourOfDay() hourOfDay().get() The second technique also provides access to other useful methods on the field: numeric value text value short text value maximum/minimum values add/subtract set rounding DateTime is thread-safe and immutable, provided that the Chronology is as well. All standard Chronology classes supplied are thread-safe and immutable.",official_javadoc,joda-time:joda-time:2.4-javadoc.jar#org.joda.time.DateTime,1,"Get the number of weeks between two Dates. 

Im working in a project and I got two types in Date. I want to calculate the number of weeks between these two dates. The dates can be in diffrent years. Is there any good solution for this? 

I have tried to implemenent this with Joda-time which was suggested in other topics.. 

Im not familar with this library, but I tried to do something like this:
    
    
    public static int getNumberOfWeeks(Date f, Date l){
    Calendar c1 = Calendar.getInstance();
    Calendar c2 = Calendar.getInstance();
    c1.setTime(f);
    c2.setTime(l);
    DateTime start = new DateTime(c1.YEAR, c1.MONTH, c1.DAY_OF_MONTH, 0, 0, 0, 0);
    DateTime end = new DateTime(c2.YEAR, c2.MONTH, c2.DAY_OF_MONTH, 0, 0, 0, 0);
    Interval interval = new Interval(start, end);
    Period p = interval.toPeriod();
    return p.getWeeks();
    }
    

But this is completely wrong... any suggestions ? 

It is pretty easy with joda time:
    
    
    DateTime dateTime1 = new DateTime(date1);
    DateTime dateTime2 = new DateTime(date2);
    int weeks = Weeks.weeksBetween(dateTime1, dateTime2).getWeeks();",1,1,org.joda.time.DateTime,unique authoritative class,joda-time:joda-time:2.4,org.joda.time.DateTime,resolved_api,1,,,,,
JODATIME-0025,jodatime,SO,DateTime,org.joda.time.DateTime,org.joda.time.DateTime,resolved,1,"DateTime is the standard implementation of an unmodifiable datetime class. DateTime is the most widely used implementation of ReadableInstant . As with all instants, it represents an exact point on the time-line, but limited to the precision of milliseconds. A DateTime calculates its fields with respect to a time zone . Internally, the class holds two pieces of data. Firstly, it holds the datetime as milliseconds from the Java epoch of 1970-01-01T00:00:00Z. Secondly, it holds a Chronology which determines how the millisecond instant value is converted into the date time fields. The default Chronology is ISOChronology which is the agreed international standard and compatible with the modern Gregorian calendar. Each individual field can be queried in two ways: getHourOfDay() hourOfDay().get() The second technique also provides access to other useful methods on the field: numeric value text value short text value maximum/minimum values add/subtract set rounding DateTime is thread-safe and immutable, provided that the Chronology is as well. All standard Chronology classes supplied are thread-safe and immutable.",official_javadoc,joda-time:joda-time:2.4-javadoc.jar#org.joda.time.DateTime,1,"Joda Time - Calculation of seconds between two dates throws an exception. 

I am using following code to calculate difference in seconds between two dates:
    
    
    long secondsBetween = (Seconds.secondsBetween(new LocalDate(""1901-01-01""), new LocalDate()).getSeconds());
    

However I am getting the following exception: 
    
    
    08-08 18:21:27.345: E/AndroidRuntime(6972): java.lang.RuntimeException: Unable to start activity ComponentInfo{com.testbdr/com.testbdr.MainActivity}: java.lang.ArithmeticException: Value cannot fit in an int: 3584908800
    08-08 18:21:27.345: E/AndroidRuntime(6972): at android.app.ActivityThread.performLaunchActivity(ActivityThread.java:2189)
    08-08 18:21:27.345: E/AndroidRuntime(6972): at android.app.ActivityThread.handleLaunchActivity(ActivityThread.java:2216)
    08-08 18:21:27.345: E/AndroidRuntime(6972): at android.app.ActivityThread.access$600(ActivityThread.java:149)
    08-08 18:21:27.345: E/AndroidRuntime(6972): at android.app.ActivityThread$H.handleMessage(ActivityThread.java:1305)
    08-08 18:21:27.345: E/AndroidRuntime(6972): at android.os.Handler.dispatchMessage(Handler.java:99)
    08-08 18:21:27.345: E/AndroidRuntime(6972): at android.os.Looper.loop(Looper.java:153)
    08-08 18:21:27.345: E/AndroidRuntime(6972): at android.app.ActivityThread.main(ActivityThread.java:5000)
    08-08 18:21:27.345: E/AndroidRuntime(6972): at java.lang.reflect.Method.invokeNative(Native Method)
    08-08 18:21:27.345: E/AndroidRuntime(6972): at java.lang.reflect.Method.invoke(Method.java:511)
    08-08 18:21:27.345: E/AndroidRuntime(6972): at com.android.internal.os.ZygoteInit$MethodAndArgsCaller.run(ZygoteInit.java:821)
    08-08 18:21:27.345: E/AndroidRuntime(6972): at com.android.internal.os.ZygoteInit.main(ZygoteInit.java:584)
    08-08 18:21:27.345: E/AndroidRuntime(6972): at dalvik.system.NativeStart.main(Native Method)
    08-08 18:21:27.345: E/AndroidRuntime(6972): Caused by: java.lang.ArithmeticException: Value cannot fit in an int: 3584908800
    08-08 18:21:27.345: E/AndroidRuntime(6972): at org.joda.time.field.FieldUtils.safeToInt(FieldUtils.java:206)
    08-08 18:21:27.345: E/AndroidRuntime(6972): at org.joda.time.field.BaseDurationField.getDifference(BaseDurationField.java:141)
    08-08 18:21:27.345: E/AndroidRuntime(6972): at org.joda.time.chrono.BaseChronology.get(BaseChronology.java:260)
    08-08 18:21:27.345: E/AndroidRuntime(6972): at org.joda.time.base.BaseSingleFieldPeriod.between(BaseSingleFieldPeriod.java:105)
    08-08 18:21:27.345: E/AndroidRuntime(6972): at org.joda.time.Seconds.secondsBetween(Seconds.java:124)
    08-08 18:21:27.345: E/AndroidRuntime(6972): at com.testbdr.MainActivity.onCreate(MainActivity.java:27)
    08-08 18:21:27.345: E/AndroidRuntime(6972): at android.app.Activity.performCreate(Activity.java:5020)
    08-08 18:21:27.345: E/AndroidRuntime(6972): at android.app.Instrumentation.callActivityOnCreate(Instrumentation.java:1080)
    08-08 18:21:27.345: E/AndroidRuntime(6972): at android.app.ActivityThread.performLaunchActivity(ActivityThread.java:2153)
    08-08 18:21:27.345: E/AndroidRuntime(6972): ... 11 more
    

# `int`

As the other answers correctly state, the problem is that you and Joda-Time are using an `int` to handle seconds. A 32-bit int can hold only about 68 years worth of seconds.

If you insist on using seconds to track centuries of time, you must use a 64-bit `long` rather than an 32-bit `int`.

By the way, the use in Unix of a 32-bit int to track time by seconds presents a real-world problem knows an the Year 2038 problem.

# Seconds Not Used For Long Spans Of Time

As other suggest, using seconds to track such long spans of time is unusual. You may want to rethink that premise, if possible. 

One alternative: the ISO 8601 standard offers a Durations format of `PnYnMnDTnHnMnS` for number of years, months, days, and so on. Joda-Time knows hows to parse and generate such strings (Period and Duration classes). While Joda-Time can only handle `int` numbers for seconds, it can handle larger number of seconds when presented as strings in this ISO 8601 format, as seen in code example below (`PT3584908800S`).

# Milliseconds

Joda-Time internally tracks a count-from-epoch using milliseconds. Joda-Time offers methods to access those milliseconds as `long` values. 

I normally advise againt working in milliseconds for date-time work. But in your case it makes sense, converting to seconds as needed. 

# Start of Day

To calculate milliseconds, we'll need to use DateTime rather than LocalDate.

Make a habit of calling the method `withTimeAtStartOfDay` to get the first moment of the day. This time is usually `00:00:00` but not always because of Daylight Saving Time or other anomalies.

# Time Zone

Time zone is crucial even for `LocalDate`. The date (and first moment of day) is determined by the time zone. A new day dawns earlier in Paris than it does in Montr\\\\\\\xc3\\\\\\\xa9al. 

If you omit the time zone, the JVM's current default time zone will be used. Generally better to be explicit and specify the desired time zone. I suspect for your purposes, using UTC make sense.

# Duration

Joda-Time offers the Duration class to represent a span of time untied to the timeline (the history of the Universe).

# Example Code

Example code using Joda-Time 2.4.
    
    
    DateTime history = new DateTime( ""1901-01-01"", DateTimeZone.UTC ).withTimeAtStartOfDay(); // Technically, the call to withTimeAtStartOfDay is not necessary here as Joda-Time defaults to that for parsing a date-only string. But the call is a good habit and makes clear out intention.
    DateTime today = new DateTime( DateTimeZone.UTC ).withTimeAtStartOfDay();
    Duration duration = new Duration( history, today );
    long millis = duration.getMillis(); // Use a long, not an int.
    long seconds = ( millis / 1000L ); // Use a long, not an int. Maybe use BigDecimal or BigInteger if you want rounding.
    

Dump to console.
    
    
    System.out.println( ""history: "" + history );
    System.out.println( ""today: "" + today );
    System.out.println( ""duration: "" + duration );
    System.out.println( ""millis: "" + millis );
    System.out.println( ""seconds: "" + seconds );
    

When run.
    
    
    history: 1901-01-01T00:00:00.000Z
    today: 2014-08-08T00:00:00.000Z
    duration: PT3584908800S
    millis: 3584908800000
    seconds: 3584908800
    

When going the other direction, either:

  * Pass a `long` number of seconds to the static method `Duration.standardSeconds`.
  * Pass an ISO 8601 string to the constructor of Duration.",1,1,org.joda.time.DateTime,unique authoritative class,joda-time:joda-time:2.4,org.joda.time.DateTime,resolved_api,1,,,,,
JODATIME-0026,jodatime,SO,Instant,org.joda.time.Instant,org.joda.time.Instant,resolved,1,"Instant is the standard implementation of a fully immutable instant in time. Instant is an implementation of ReadableInstant . As with all instants, it represents an exact point on the time-line, but limited to the precision of milliseconds. An Instant should be used to represent a point in time irrespective of any other factor, such as chronology or time zone. Internally, the class holds one piece of data, the instant as milliseconds from the Java epoch of 1970-01-01T00:00:00Z. For example, an Instant can be used to compare two DateTime objects irrespective of chronology or time zone. boolean sameInstant = dt1.toInstant().equals(dt2.toInstant()); Note that the following code will also perform the same check: boolean sameInstant = dt1.isEqual(dt2); Instant is thread-safe and immutable.",official_javadoc,joda-time:joda-time:2.4-javadoc.jar#org.joda.time.Instant,1,"How do you divide a time period into equal intervals and find the current one? 

I need to schedule a periodic job for lots of users. This job will run at a fixed rate, the interval. I want to distribute the execution of the job for each user uniformly over that interval. For example, if the interval is 4 days, I'd use a consistent hashing function with an identifier for each user to schedule the job at the same time, eg. every 4 days, on the 3rd day.

The interval is relative to an origin instant that is the same for all users. Given such an origin instant, like `Instant#EPOCH` or some other constant value, how do I find the start date of the current interval?

I can do
    
    
    Instant now = Instant.now();
    Instant origin = Instant.EPOCH;
    Duration interval = Duration.ofDays(4);
    Duration duration = Duration.between(origin, now);
    long sinceOrigin = duration.toMillis();
    long millisPerInterval = interval.toMillis();
    long intervalsSince = sinceOrigin / millisPerInterval;
    Instant startNext = origin.plus(interval.multipliedBy(intervalsSince));
    int cursor = distributionStrategy.distribute(hashCode, millisPerInterval);
    

I can then use the `cursor` to schedule the job at an `Instant` relative to the start of the current interval.

There's a lot of math here and I'm not sure the transformation to milliseconds everywhere will uphold actual dates. Is there a more precise way of dividing the time between two instants and finding the one (the subdivision) we are in currently?

If you only want to reduce the math here, you can use remainder instead of a division and multiplication.
    
    
    long millisSinceIntervalStart = sinceOrigin % millisPerInterval;
    Instant startNext = now.minusMillis(millisSinceIntervalStart);
    

Here you don't have to calculate the number of intervals passed since origin. Just get the time passed since intervalStart and subtract it from current time.

Also, your `startNext` seems to indicate the start of current interval, not the next interval. Correct?",1,1,org.joda.time.Instant,unique authoritative class,joda-time:joda-time:2.4,org.joda.time.Instant,resolved_api,1,,,,,
JODATIME-0027,jodatime,TU,DateTime.Property,org.joda.time.DateTime.Property,org.joda.time.DateTime.Property,resolved,1,"DateTime.Property binds a DateTime to a DateTimeField allowing powerful datetime functionality to be easily accessed. The simplest use of this class is as an alternative get method, here used to get the year '1972' (as an int) and the month 'December' (as a String). DateTime dt = new DateTime(1972, 12, 3, 0, 0, 0, 0); int year = dt.year().get(); String monthStr = dt.month().getAsText(); Methods are also provided that allow date modification. These return new instances of DateTime - they do not modify the original. The example below yields two independent immutable date objects 20 years apart. DateTime dt = new DateTime(1972, 12, 3, 0, 0, 0, 0); DateTime dt20 = dt.year().addToCopy(20); Serious modification of dates (ie. more than just changing one or two fields) should use the MutableDateTime class. DateTime.Propery itself is thread-safe and immutable, as well as the DateTime being operated on.",official_javadoc,joda-time:joda-time:2.4-javadoc.jar#org.joda.time.DateTime.Property,1,"### Properties

There is much more power available, however, through the use of what is termed a property. Each calendar field is associated with such a property. Thus, 'day-of-year', whose value is directly returned by the method `getDayOfYear()`, is also associated with the property returned by the `dayOfYear()` method. The property class associated with `DateTime` is `DateTime.Property`. 

Knowing the methods on the property is the secret to making the most of the API. We have more to say on the usage of properties later in this document.",1,1,org.joda.time.DateTime.Property,unique authoritative class,joda-time:joda-time:2.4,org.joda.time.DateTime.Property,resolved_api,1,,,,,
JODATIME-0028,jodatime,TU,ReadableDuration,org.joda.time.ReadableDuration,org.joda.time.ReadableDuration,resolved,1,"Defines an exact duration of time in milliseconds. The implementation of this interface may be mutable or immutable. This interface only gives access to retrieve data, never to change it. Methods that are passed a duration as a parameter will treat null as a zero length duration. The compareTo method is no longer defined in this class in version 2.0. Instead, the definition is simply inherited from the Comparable interface. This approach is necessary to preserve binary compatibility. The definition of the comparison is ascending order by millisecond duration. Implementors are recommended to extend AbstractInstant instead of this interface.",official_javadoc,joda-time:joda-time:2.4-javadoc.jar#org.joda.time.ReadableDuration,1,"## Durations

A duration in Joda-Time represents a duration of time measured in milliseconds. The duration is often obtained from an interval. 

Durations are a very simple concept, and the implementation is also simple. They have no chronology or time zone, and consist solely of the millisecond duration. 

Durations can be added to an instant, or to either end of an interval to change those objects. In datetime maths you could say: 
    
    
          instant  +  duration  =  instant
    

Currently, there is only one implementation of the `ReadableDuration` interface: `Duration`.",1,0,org.joda.time.ReadableDuration,unique authoritative class,joda-time:joda-time:2.4,org.joda.time.ReadableDuration,resolved_api,1,,,,,
JODATIME-0029,jodatime,TU,Chronology,org.joda.time.Chronology,org.joda.time.Chronology,resolved,1,"Chronology provides access to the individual date time fields for a chronological calendar system. Various chronologies are supported by subclasses including ISO and GregorianJulian. To construct a Chronology you should use the factory methods on the chronology subclass in the chrono package. For example, to obtain the current time in the coptic calendar system: DateTime dt = new DateTime(CopticChronology.getInstance()); The provided chronology implementations are: ISO - Based on the ISO8601 standard and suitable for use after about 1600 GJ - Historically accurate calendar with Julian followed by Gregorian Gregorian - The Gregorian calendar system used for all time (proleptic) Julian - The Julian calendar system used for all time (proleptic) Buddhist - The Buddhist calendar system which is an offset in years from GJ Coptic - The Coptic calendar system which defines 30 day months Ethiopic - The Ethiopic calendar system which defines 30 day months Hopefully future releases will contain more chronologies. This class defines a number of fields with names from the ISO8601 standard. It does not 'strongly' define these fields however, thus implementations are free to interpret the field names as they wish. For example, a week could be defined as 10 days and a month as 40 days in a special WeirdChronology implementation. Clearly the GJ and ISO implementations provided use the field names as you would expect.",official_javadoc,joda-time:joda-time:2.4-javadoc.jar#org.joda.time.Chronology,1,"## Chronology

The Joda-Time design is based around the `Chronology`. It is a calculation engine that supports the complex rules for a calendar system. It encapsulates the field objects, which are used on demand to split the absolute time instant into recognisable calendar fields like 'day-of-week'. It is effectively a pluggable calendar system. 

The actual calculations of the chronology are split between the `Chronology` class itself and the field classes - `DateTimeField` and `DurationField`. Together, the subclasses of these three classes form the bulk of the code in the library. Most users will never need to use or refer directly to the subclasses. Instead, they will simply obtain the chronology and use it as a singleton, as follows: 
    
    
    Chronology coptic = CopticChronology.getInstance(),
    

Internally, all the chronology, field, etc. classes are maintained as singletons. Thus there is an initial setup cost when using Joda-Time, but after that only the main API instance classes (`DateTime`, `Interval`, `Period`, etc.) have creation and garbage collector costs. 

Although the `Chronology` is key to the design, it is not key to using the API !! 

For most applications, the `Chronology` can be ignored as it will default to the ISOChronology. This is suitable for most uses. You would change it if you need accurate dates before October 15, 1582, or whenever the Julian calendar ceased in the territory you're interested in). You'd also change it if you need a specific calendar like the Coptic calendar illustrated earlier.",1,1,org.joda.time.Chronology,unique authoritative class,joda-time:joda-time:2.4,org.joda.time.Chronology,resolved_api,1,,,,,
JODATIME-0030,jodatime,TU,Chronology,org.joda.time.Chronology,org.joda.time.Chronology,resolved,1,"Chronology provides access to the individual date time fields for a chronological calendar system. Various chronologies are supported by subclasses including ISO and GregorianJulian. To construct a Chronology you should use the factory methods on the chronology subclass in the chrono package. For example, to obtain the current time in the coptic calendar system: DateTime dt = new DateTime(CopticChronology.getInstance()); The provided chronology implementations are: ISO - Based on the ISO8601 standard and suitable for use after about 1600 GJ - Historically accurate calendar with Julian followed by Gregorian Gregorian - The Gregorian calendar system used for all time (proleptic) Julian - The Julian calendar system used for all time (proleptic) Buddhist - The Buddhist calendar system which is an offset in years from GJ Coptic - The Coptic calendar system which defines 30 day months Ethiopic - The Ethiopic calendar system which defines 30 day months Hopefully future releases will contain more chronologies. This class defines a number of fields with names from the ISO8601 standard. It does not 'strongly' define these fields however, thus implementations are free to interpret the field names as they wish. For example, a week could be defined as 10 days and a month as 40 days in a special WeirdChronology implementation. Clearly the GJ and ISO implementations provided use the field names as you would expect.",official_javadoc,joda-time:joda-time:2.4-javadoc.jar#org.joda.time.Chronology,1,"## Changing `Chronology`

The `DateTime` class also has one method for changing calendars. This allows you to change the calendar for a given moment in time. Thus if you want to get the datetime for the current time, but in the Buddhist Calendar, you would do 
    
    
        // get current moment in default time zone
        DateTime dt = new DateTime(),
        dt.getYear(),  // returns 2004
        // change to Buddhist chronology
        DateTime dtBuddhist = dt.withChronology(BuddhistChronology.getInstance()),
        dtBuddhist.getYear(),  // returns 2547
    

where `BuddhistChronology.getInstance()` is a factory method for obtaining a Buddhist chronology.",1,0,org.joda.time.Chronology,unique authoritative class,joda-time:joda-time:2.4,org.joda.time.Chronology,resolved_api,1,,,,,
JODATIME-0031,jodatime,TU,DateTimeUtils,org.joda.time.DateTimeUtils,org.joda.time.DateTimeUtils,resolved,1,DateTimeUtils provide public utility methods for the date-time library. DateTimeUtils uses shared static variables which are declared as volatile for thread-safety. These can be changed during the lifetime of the application however doing so is generally a bad idea.,official_javadoc,joda-time:joda-time:2.4-javadoc.jar#org.joda.time.DateTimeUtils,1,"### Change the Current Time

Joda-Time allows you to change the current time. All methods that get the current time are indirected via `DateTimeUtils`. This allows the current time to be changed, which can be very useful for testing. 
    
    
        // always return the same time when querying current time
        DateTimeUtils.setCurrentMillisFixed(millis),
        // offset the real time
        DateTimeUtils.setCurrentMillisOffset(millis),
    

Note that changing the current time this way does not affect the system clock.",1,1,org.joda.time.DateTimeUtils,unique authoritative class,joda-time:joda-time:2.4,org.joda.time.DateTimeUtils,resolved_api,1,,,,,
JODATIME-0032,jodatime,SO,PeriodType,org.joda.time.PeriodType,org.joda.time.PeriodType,resolved,1,"Controls a period implementation by specifying which duration fields are to be used. The following implementations are provided: Standard - years, months, weeks, days, hours, minutes, seconds, millis YearMonthDayTime - years, months, days, hours, minutes, seconds, millis YearMonthDay - years, months, days YearWeekDayTime - years, weeks, days, hours, minutes, seconds, millis YearWeekDay - years, weeks, days YearDayTime - years, days, hours, minutes, seconds, millis YearDay - years, days, hours DayTime - days, hours, minutes, seconds, millis Time - hours, minutes, seconds, millis plus one for each single type PeriodType is thread-safe and immutable, and all subclasses must be as well.",official_javadoc,joda-time:joda-time:2.4-javadoc.jar#org.joda.time.PeriodType,1,"How to calculate difference ONLY in months using Java's Joda API 

I am writing a program that is supposed to just calculate the months between 2 given dates and return the value to the program. For instance, if I have to calculate the number of months between 1 April and 30 June (which is a quarter, 3 months), and I use the following code: 
    
    
     DateTime start = new DateTime().withDate(2011, 4, 1);
    DateTime end = new DateTime().withDate(2011, 6, 30);
    Months mt = Months.monthsBetween(start, end);
    int monthDiff = mt.getMonths();
    

Using this, I am still getting ""2"" as the number of months, whereas it is actually ""3"" months. This is an example of what I want. I am only calculating the number of months (i.e. from 1st of the start month t the last date of the end month) and I dont need additional analysis like days, weeks, hours, etc. How do I achieve this?

Any help would be appreciated. 
    
    
    DateTime start = new DateTime().withDate(2011, 4, 1);
    DateTime end = new DateTime().withDate(2011, 6, 30);
    Period p = new Period(start, end, PeriodType.months().withDaysRemoved());
    int months = p.getMonths() + 1;
    

You need the `withDaysRemoved()` part to ensure that adding one to the number of months works. Otherwise two dates such as `2011-04-15` and `2011-06-14` would still result in the answer being `2`",1,1,org.joda.time.PeriodType,unique authoritative class,joda-time:joda-time:2.4,org.joda.time.PeriodType,resolved_api,1,,,,,
JODATIME-0033,jodatime,SO,addToCopy,org.joda.time.LocalDate.Property#addToCopy(int),org.joda.time.LocalDate.Property,resolved,1,addToCopy public LocalDate addToCopy (int value) Adds to this field in a copy of this LocalDate. The LocalDate attached to this property is unchanged by this call. Parameters: value - the value to add to the field in the copy Returns: a copy of the LocalDate with the field value changed Throws: IllegalArgumentException - if the value isn't valid,official_javadoc,joda-time:joda-time:2.4-javadoc.jar#org.joda.time.LocalDate.Property#addToCopy(int),1,"Joda-Time: Get first/second/last sunday of month 

In plain Java, I have this code to get the last Sunday of the month.
    
    
    Calendar getNthOfMonth(int n, int day_of_week, int month, int year) {
    Calendar compareDate = Date(1, month, year);
    compareDate.set(DAY_OF_WEEK, day_of_week);
    compareDate.set(DAY_OF_WEEK_IN_MONTH, n);
    return compareDate;
    }
    // Usage
    Calendar lastSundayOfNovember = getNthOfMonth(-1, SUNDAY, NOVEMBER, 2012)
    

What is a clean and elegant way to achieve the same result using `Joda-Time`?
    
    
    public class Time {
    public static void main(String[] args) {
    System.out.println(getNthOfMonth(DateTimeConstants.SUNDAY, DateTimeConstants.SEP, 2012));
    }
    public static LocalDate getNthOfMonth(int day_of_week, int month, int year) {
    LocalDate date = new LocalDate(year, month, 1).dayOfMonth() 
    .withMaximumValue()
    .dayOfWeek()
    .setCopy(day_of_week);
    if(date.getMonthOfYear() != month) {
    return date.dayOfWeek().addToCopy(-7);
    }
    return date;
    }
    }",1,1,org.joda.time.DateMidnight.Property#addToCopy(int) | org.joda.time.DateTime.Property#addToCopy(int) | org.joda.time.LocalDate.Property#addToCopy(int) | org.joda.time.LocalDateTime.Property#addToCopy(int) | org.joda.time.MonthDay.Property#addToCopy(int) | org.joda.time.Partial.Property#addToCopy(int) | org.joda.time.TimeOfDay.Property#addToCopy(int) | org.joda.time.YearMonth.Property#addToCopy(int) | org.joda.time.YearMonthDay.Property#addToCopy(int),KU uniquely identifies the method return type,joda-time:joda-time:2.4,org.joda.time.LocalDate.Property#addToCopy(int),resolved_api,1,,,,,
JODATIME-0034,jodatime,SO,Interval,org.joda.time.Interval,org.joda.time.Interval,resolved,1,"Interval is the standard implementation of an immutable time interval. A time interval represents a period of time between two instants. Intervals are inclusive of the start instant and exclusive of the end. The end instant is always greater than or equal to the start instant. Intervals have a fixed millisecond duration. This is the difference between the start and end instants. The duration is represented separately by ReadableDuration . As a result, intervals are not comparable. To compare the length of two intervals, you should compare their durations. An interval can also be converted to a ReadablePeriod . This represents the difference between the start and end points in terms of fields such as years and days. Interval is thread-safe and immutable.",official_javadoc,joda-time:joda-time:2.4-javadoc.jar#org.joda.time.Interval,1,"How to slice a period of time into several slices in Joda Time? 

I want to make a personal schedule manager using Java and Joda Time. The user has a certain period in a day (eg. 10am-4pm) , for each day in a month. He should be able to extract a period from his day and ""add"" a list of chores (ie strings) to this period. Then he will be shown the remaining portion of his day. He can extract more periods from this until he has no time periods left. He can add an extracted period back to the schedule for the day and remove all chores for that period, that is free time. 

The size of a time slice that can be extracted is decided by the user. number of time slices = total time available in a day/size of time-slice set by user = num of time slices of desired size + remainder time

He can divide his day into chunks of 1hr, 30 mins, 15 mins, 20mins, 40mins etc.

ADDED: The user needs to have his whole schedule saved so that he can come back and check what he was doing in the past. The hours each day can be variable - 10am-4pm, 9am-1pm etc

I am new to Joda Time and I don't know if this is possible in Joda Time and if possible, is it easy or cumbersome. I only need some guidance. I am not asking for the whole code to be typed for me.

Thanks in advance. 

Method split start and end in given interval.
    
    
    private List splitDateTime(long start, long end, int intervalNo) {
    long interval = (end - start) / intervalNo;
    List list = new ArrayList();
    for (long i = start + interval; i < end; i += interval) {
    list.add(new Interval(start, i));
    start=start + interval;
    }
    list.add(new Interval(start, end));
    return list;
    }",1,0,org.joda.time.Interval,unique authoritative class,joda-time:joda-time:2.4,org.joda.time.Interval,resolved_api,1,,,,,
JODATIME-0035,jodatime,SO,year(),,,insufficient_occurrence_evidence,0,,pending_occurrence_verification,,0,"Recommended use for Joda-Time's DateMidnight 

The javdoc for `LocalDate#toDateMidnight` reads as follows:

> As from v1.5, you are recommended to avoid DateMidnight and use toDateTimeAtStartOfDay() instead because of the exception detailed below.
> 
> This method will throw an exception if the default time zone switches to Daylight Savings Time at midnight and this LocalDate represents that switchover date. The problem is that there is no such time as midnight on the required date, and as such an exception is thrown.

The fact that midnight does not exist in certain time zones seems like reason enough to avoid using `DateMidnight` entirely (assuming your code is not using a fixed time zone that is known not to have this DST situation and will never need to use different time zones in the future).

However, `DateMidnight` is not deprecated and there is no similar recommendation or warning in the javadoc for the `DateMidnight` class itself. Furthermore, the `DateMidnight` constructor happily accepts an instant and time zone such that midnight does not exist on the given day, rather than throwing an `IllegalArgumentException` like `LocalDate#toDateMidnight`. The resulting `DateMidnight` behaves like a `DateTime` with time at start of day.

When midnight does not exist on a given day, why does `LocalDate#toDateMidnight` throw an exception while the `DateMidnight` constructor does not? What is the recommended use case for `DateMidnight` if any?

There is no good reason to use `DateMidnight`. `LocalDate` is the better option. Thats because midnight does not occur once a year in certain time-zones, completely messing up the usability of the class, and creating bugs in applications.

The constructor was fixed to avoid the worst problem, however seeing a `DateMidnight` object with the internal millisecond value pointing at 01:00 isn't exactly great.",1,1,org.joda.time.Chronology#year() | org.joda.time.DateMidnight#year() | org.joda.time.DateTime#year() | org.joda.time.DateTimeFieldType#year() | org.joda.time.LocalDate#year() | org.joda.time.LocalDateTime#year() | org.joda.time.MutableDateTime#year() | org.joda.time.YearMonth#year() | org.joda.time.YearMonthDay#year() | org.joda.time.chrono.AssembledChronology#year() | org.joda.time.chrono.BaseChronology#year() | org.joda.time.format.ISODateTimeFormat#year(),KU contains no year() invocation or method-specific receiver. The DateTime RE URL was attached by raw name and cannot disambiguate this occurrence among DateTime/LocalDate/DateMidnight/etc. candidates.,joda-time:joda-time:2.4,knowledge-occurrence:JODATIME-0035,unresolved_occurrence,1,Returns the year property of a Joda-Time DateTime and exposes property operations for querying or changing that year field.,official,https://www.joda.org/joda-time/apidocs/org/joda/time/DateTime.html,unverified_identity,Short-name reference does not uniquely identify this occurrence. Original description retained only for review; Qwen generation blocked by HTTP 401 invalid_api_key.
JODATIME-0036,jodatime,SO,DateTimeFormat,org.joda.time.format.DateTimeFormat,org.joda.time.format.DateTimeFormat,resolved,1,"Factory that creates instances of DateTimeFormatter from patterns and styles. Datetime formatting is performed by the DateTimeFormatter class. Three classes provide factory methods to create formatters, and this is one. The others are ISODateTimeFormat and DateTimeFormatterBuilder . This class provides two types of factory: Pattern provides a DateTimeFormatter based on a pattern string that is mostly compatible with the JDK date patterns. Style provides a DateTimeFormatter based on a two character style, representing short, medium, long and full. For example, to use a patterm: DateTime dt = new DateTime(); DateTimeFormatter fmt = DateTimeFormat.forPattern(""MMMM, yyyy""); String str = fmt.print(dt); The pattern syntax is mostly compatible with java.text.SimpleDateFormat - time zone names cannot be parsed and a few more symbols are supported. All ASCII letters are reserved as pattern letters, which are defined as follows: Symbol Meaning Presentation Examples ------ ------- ------------ ------- G era text AD C century of era (>=0) number 20 Y year of era (>=0) year 1996 x weekyear year 1996 w week of weekyear number 27 e day of week number 2 E day of week text Tuesday; Tue y year year 1996 D day of year number 189 M month of year month July; Jul; 07 d day of month number 10 a halfday of day text PM K hour of halfday (0~11) number 0 h clockhour of halfday (1~12) number 12 H hour of day (0~23) number 0 k clockhour of day (1~24) number 24 m minute of hour number 30 s second of minute number 55 S fraction of second millis 978 z time zone text Pacific Standard Time; PST Z time zone offset/id zone -0800; -08:00; America/Los_Angeles ' escape for text delimiter '' single quote literal ' The count of pattern letters determine the format. Text : If the number of pattern letters is 4 or more, the full form is used; otherwise a short or abbreviated form is used if available. Number : The minimum number of digits. Shorter numbers are zero-padded to this amount. When parsing, any number of digits are accepted. Year : Numeric presentation for year and weekyear fields are handled specially. For example, if the count of 'y' is 2, the year will be displayed as the zero-based year of the century, which is two digits. Month : 3 or over, use text, otherwise use number. Millis : The exact number of fractional digits. If more millisecond digits are available then specified the number will be truncated, if there are fewer than specified then the number will be zero-padded to the right. When parsing, only the exact number of digits are accepted. Zone : 'Z' outputs offset without a colon, 'ZZ' outputs the offset with a colon, 'ZZZ' or more outputs the zone id. Zone names : Time zone names ('z') cannot be parsed. Any characters in the pattern that are not in the ranges of ['a'..'z'] and ['A'..'Z'] will be treated as quoted text. For instance, characters like ':', '.', ' ', '#' and '?' will appear in the resulting time text even they are not embraced within single quotes. DateTimeFormat is thread-safe and immutable, and the formatters it returns are as well.",official_javadoc,joda-time:joda-time:2.4-javadoc.jar#org.joda.time.format.DateTimeFormat,1,"Get Date in Java given Week number, week day and year 

Given Week of the year, the week day and the year, how can we get the Date in Java?

With Jodatime, I tried the following:
    
    
    DateTime dt = new DateTime();
    dt.withYear(year);
    dt.withWeekOfWeekyear(weekOfYear);
    dt.withDayOfWeek(weekDay);
    DateTimeFormatter dateTimeFormatter = DateTimeFormat.forPattern(""yyMMdd"");
    System.out.println(dateTimeFormatter.print(dt));
    

But it gets the current Date!

JodaTime returns a changed copy, so do:
    
    
    DateTime dt = new DateTime()
    .withYear(year)
    .withWeekOfWeekyear(weekOfYear)
    .withDayOfWeek(weekDay);
    DateTimeFormatter dateTimeFormatter = DateTimeFormat.forPattern(""yyMMdd"");
    System.out.println(dateTimeFormatter.print(dt));
    

And this should work as expected.",1,1,org.joda.time.format.DateTimeFormat,unique authoritative class,joda-time:joda-time:2.4,org.joda.time.format.DateTimeFormat,resolved_api,1,,,,,
JODATIME-0037,jodatime,SO,year(),,,insufficient_occurrence_evidence,0,,pending_occurrence_verification,,0,"How to extract the data basis on it is Monday or Thursday in YYYYMMDD format? 

I am trying to get the date of Monday or Thurday in this format `YYYYMMDD`

For Monday it should give me this - `20130224` (as an example)

For Thursday it should give me this - `20130227` (as an example)

  * Now, if I am running my program after `Thursday` or on `Thursday`, it should print date for `Thursday` in this format `YYYYMMDD` which can be `20130227` (coming thursday in this week).
  * And If I am running my program after `Monday` or on `Monday`, then it should print date for Monday in the same format YYYYMMMDD which can be `20130224` (yesterday Monday date as an example)



How would I do this in Java?

Below is what I have tried - 
    
    
    Calendar cal = Calendar.getInstance();
    SimpleDateFormat formatter = new SimpleDateFormat(""EEE"");
    String text = formatter.format(cal.getTime());
    System.out.println(text);
    // but how do I check if it is Tuesday but less than Thursday
    if(text.equalsIgnoreCase(""Tue"")) {
    // get previous Monday date in YYYYMMDD
    } 
    // and how do I check if it is thursday or greater than Thursday?
    else if(text.equalsIgnoreCase(""Thur"")) {
    // get previous Thursday date in YYYYMMDD
    }
    

Update:-

In a particular week, if I am running my program on Thursday or after Thursday then it should return me date for Thursday in the same week in YYYYMMDD format, but if I am running my program on Monday or after Monday, then it should return me date for Monday in the same week in YYYYMMDD format.

For example, In this week, if I am running my program on Thursday or after Thursday, then it should return date for Thursday. But if I am running my program on Monday or Tuesday or Wednesday in this same week, then it should return me date for Monday.

Code:-

Below is my code -
    
    
    public static void main(String[] args) {
    try {
    Calendar cal = Calendar.getInstance();
    SimpleDateFormat toDateFormat = new SimpleDateFormat(""yyyyMMdd"");
    int dow = cal.get(Calendar.DAY_OF_WEEK);
    switch (dow) {
    case Calendar.THURSDAY:
    case Calendar.FRIDAY:
    case Calendar.SATURDAY:
    case Calendar.SUNDAY:
    while (cal.get(Calendar.DAY_OF_WEEK) != Calendar.THURSDAY) {
    cal.add(Calendar.DATE, -1);
    }
    break;
    case Calendar.MONDAY:
    case Calendar.TUESDAY:
    case Calendar.WEDNESDAY:
    while (cal.get(Calendar.DAY_OF_WEEK) != Calendar.MONDAY) {
    cal.add(Calendar.DATE, -1);
    }
    break;
    }
    System.out.println(date);
    System.out.println(cal.getTime());
    System.out.println(toDateFormat.format(cal.getTime()));
    } catch (ParseException exp) {
    exp.printStackTrace();
    }
    }
    

Start by parsing the text value to a `Date` value...
    
    
    String dateText = ""20130224"";
    SimpleDateFormat toDateFormat = new SimpleDateFormat(""yyyyMMdd"");
    Date date = toDateFormat.parse(dateText);
    

This gives you the starting point. Next you need to use a `Calendar` which will allow you move backwards and forwards, automatically rolling the date internally for you (so if you roll over week, month or year boundaries)

For example...
    
    
    try {
    String dateText = ""20130227"";
    SimpleDateFormat toDateFormat = new SimpleDateFormat(""yyyyMMdd"");
    Date date = toDateFormat.parse(dateText);
    Calendar cal = Calendar.getInstance();
    cal.setTime(date);
    int dow = cal.get(Calendar.DAY_OF_WEEK);
    switch (dow) {
    case Calendar.THURSDAY:
    case Calendar.FRIDAY:
    case Calendar.SATURDAY:
    case Calendar.SUNDAY:
    while (cal.get(Calendar.DAY_OF_WEEK) != Calendar.THURSDAY) {
    cal.add(Calendar.DATE, -1);
    }
    break;
    case Calendar.MONDAY:
    case Calendar.TUESDAY:
    case Calendar.WEDNESDAY:
    while (cal.get(Calendar.DAY_OF_WEEK) != Calendar.MONDAY) {
    cal.add(Calendar.DATE, -1);
    }
    break;
    }
    System.out.println(date);
    System.out.println(cal.getTime());
    } catch (ParseException exp) {
    exp.printStackTrace();
    }
    

So, based on this example, it would output...
    
    
    Wed Feb 27 00:00:00 EST 2013
    Mon Feb 25 00:00:00 EST 2013
    

For `20130224` (which is a Sunday) it will give
    
    
    Sun Feb 24 00:00:00 EST 2013
    Thu Feb 21 00:00:00 EST 2013
    

I should also add, there's probably a much easier way to do this with JodaTime, but this is what I was able to wipe up quickly. Yes, I know the `case` statement is little winded, but `SUNDAY` is equal to `0`, which is a little annoying ;)",1,1,org.joda.time.Chronology#year() | org.joda.time.DateMidnight#year() | org.joda.time.DateTime#year() | org.joda.time.DateTimeFieldType#year() | org.joda.time.LocalDate#year() | org.joda.time.LocalDateTime#year() | org.joda.time.MutableDateTime#year() | org.joda.time.YearMonth#year() | org.joda.time.YearMonthDay#year() | org.joda.time.chrono.AssembledChronology#year() | org.joda.time.chrono.BaseChronology#year() | org.joda.time.format.ISODateTimeFormat#year(),KU contains no year() invocation or method-specific receiver. The DateTime RE URL was attached by raw name and cannot disambiguate this occurrence among DateTime/LocalDate/DateMidnight/etc. candidates.,joda-time:joda-time:2.4,knowledge-occurrence:JODATIME-0037,unresolved_occurrence,1,Returns the year property of a Joda-Time DateTime and exposes property operations for querying or changing that year field.,official,https://www.joda.org/joda-time/apidocs/org/joda/time/DateTime.html,unverified_identity,Short-name reference does not uniquely identify this occurrence. Original description retained only for review; Qwen generation blocked by HTTP 401 invalid_api_key.
JODATIME-0038,jodatime,SO,Period,org.joda.time.Period,org.joda.time.Period,resolved,1,"An immutable time period specifying a set of duration field values. A time period is divided into a number of fields, such as hours and seconds. Which fields are supported is defined by the PeriodType class. The default is the standard period type, which supports years, months, weeks, days, hours, minutes, seconds and millis. When this time period is added to an instant, the effect is of adding each field in turn. As a result, this takes into account daylight savings time. Adding a time period of 1 day to the day before daylight savings starts will only add 23 hours rather than 24 to ensure that the time remains the same. If this is not the behaviour you want, then see Duration . The definition of a period also affects the equals method. A period of 1 day is not equal to a period of 24 hours, nor 1 hour equal to 60 minutes. This is because periods represent an abstracted definition of a time period (eg. a day may not actually be 24 hours, it might be 23 or 25 at daylight savings boundary). To compare the actual duration of two periods, convert both to durations using toDuration, an operation that emphasises that the result may differ according to the date you choose. Period is thread-safe and immutable, provided that the PeriodType is as well. All standard PeriodType classes supplied are thread-safe and immutable.",official_javadoc,joda-time:joda-time:2.4-javadoc.jar#org.joda.time.Period,1,"Joda Time - Calculation of seconds between two dates throws an exception. 

I am using following code to calculate difference in seconds between two dates:
    
    
    long secondsBetween = (Seconds.secondsBetween(new LocalDate(""1901-01-01""), new LocalDate()).getSeconds());
    

However I am getting the following exception: 
    
    
    08-08 18:21:27.345: E/AndroidRuntime(6972): java.lang.RuntimeException: Unable to start activity ComponentInfo{com.testbdr/com.testbdr.MainActivity}: java.lang.ArithmeticException: Value cannot fit in an int: 3584908800
    08-08 18:21:27.345: E/AndroidRuntime(6972): at android.app.ActivityThread.performLaunchActivity(ActivityThread.java:2189)
    08-08 18:21:27.345: E/AndroidRuntime(6972): at android.app.ActivityThread.handleLaunchActivity(ActivityThread.java:2216)
    08-08 18:21:27.345: E/AndroidRuntime(6972): at android.app.ActivityThread.access$600(ActivityThread.java:149)
    08-08 18:21:27.345: E/AndroidRuntime(6972): at android.app.ActivityThread$H.handleMessage(ActivityThread.java:1305)
    08-08 18:21:27.345: E/AndroidRuntime(6972): at android.os.Handler.dispatchMessage(Handler.java:99)
    08-08 18:21:27.345: E/AndroidRuntime(6972): at android.os.Looper.loop(Looper.java:153)
    08-08 18:21:27.345: E/AndroidRuntime(6972): at android.app.ActivityThread.main(ActivityThread.java:5000)
    08-08 18:21:27.345: E/AndroidRuntime(6972): at java.lang.reflect.Method.invokeNative(Native Method)
    08-08 18:21:27.345: E/AndroidRuntime(6972): at java.lang.reflect.Method.invoke(Method.java:511)
    08-08 18:21:27.345: E/AndroidRuntime(6972): at com.android.internal.os.ZygoteInit$MethodAndArgsCaller.run(ZygoteInit.java:821)
    08-08 18:21:27.345: E/AndroidRuntime(6972): at com.android.internal.os.ZygoteInit.main(ZygoteInit.java:584)
    08-08 18:21:27.345: E/AndroidRuntime(6972): at dalvik.system.NativeStart.main(Native Method)
    08-08 18:21:27.345: E/AndroidRuntime(6972): Caused by: java.lang.ArithmeticException: Value cannot fit in an int: 3584908800
    08-08 18:21:27.345: E/AndroidRuntime(6972): at org.joda.time.field.FieldUtils.safeToInt(FieldUtils.java:206)
    08-08 18:21:27.345: E/AndroidRuntime(6972): at org.joda.time.field.BaseDurationField.getDifference(BaseDurationField.java:141)
    08-08 18:21:27.345: E/AndroidRuntime(6972): at org.joda.time.chrono.BaseChronology.get(BaseChronology.java:260)
    08-08 18:21:27.345: E/AndroidRuntime(6972): at org.joda.time.base.BaseSingleFieldPeriod.between(BaseSingleFieldPeriod.java:105)
    08-08 18:21:27.345: E/AndroidRuntime(6972): at org.joda.time.Seconds.secondsBetween(Seconds.java:124)
    08-08 18:21:27.345: E/AndroidRuntime(6972): at com.testbdr.MainActivity.onCreate(MainActivity.java:27)
    08-08 18:21:27.345: E/AndroidRuntime(6972): at android.app.Activity.performCreate(Activity.java:5020)
    08-08 18:21:27.345: E/AndroidRuntime(6972): at android.app.Instrumentation.callActivityOnCreate(Instrumentation.java:1080)
    08-08 18:21:27.345: E/AndroidRuntime(6972): at android.app.ActivityThread.performLaunchActivity(ActivityThread.java:2153)
    08-08 18:21:27.345: E/AndroidRuntime(6972): ... 11 more
    

# `int`

As the other answers correctly state, the problem is that you and Joda-Time are using an `int` to handle seconds. A 32-bit int can hold only about 68 years worth of seconds.

If you insist on using seconds to track centuries of time, you must use a 64-bit `long` rather than an 32-bit `int`.

By the way, the use in Unix of a 32-bit int to track time by seconds presents a real-world problem knows an the Year 2038 problem.

# Seconds Not Used For Long Spans Of Time

As other suggest, using seconds to track such long spans of time is unusual. You may want to rethink that premise, if possible. 

One alternative: the ISO 8601 standard offers a Durations format of `PnYnMnDTnHnMnS` for number of years, months, days, and so on. Joda-Time knows hows to parse and generate such strings (Period and Duration classes). While Joda-Time can only handle `int` numbers for seconds, it can handle larger number of seconds when presented as strings in this ISO 8601 format, as seen in code example below (`PT3584908800S`).

# Milliseconds

Joda-Time internally tracks a count-from-epoch using milliseconds. Joda-Time offers methods to access those milliseconds as `long` values. 

I normally advise againt working in milliseconds for date-time work. But in your case it makes sense, converting to seconds as needed. 

# Start of Day

To calculate milliseconds, we'll need to use DateTime rather than LocalDate.

Make a habit of calling the method `withTimeAtStartOfDay` to get the first moment of the day. This time is usually `00:00:00` but not always because of Daylight Saving Time or other anomalies.

# Time Zone

Time zone is crucial even for `LocalDate`. The date (and first moment of day) is determined by the time zone. A new day dawns earlier in Paris than it does in Montr\\\\\\\xc3\\\\\\\xa9al. 

If you omit the time zone, the JVM's current default time zone will be used. Generally better to be explicit and specify the desired time zone. I suspect for your purposes, using UTC make sense.

# Duration

Joda-Time offers the Duration class to represent a span of time untied to the timeline (the history of the Universe).

# Example Code

Example code using Joda-Time 2.4.
    
    
    DateTime history = new DateTime( ""1901-01-01"", DateTimeZone.UTC ).withTimeAtStartOfDay(); // Technically, the call to withTimeAtStartOfDay is not necessary here as Joda-Time defaults to that for parsing a date-only string. But the call is a good habit and makes clear out intention.
    DateTime today = new DateTime( DateTimeZone.UTC ).withTimeAtStartOfDay();
    Duration duration = new Duration( history, today );
    long millis = duration.getMillis(); // Use a long, not an int.
    long seconds = ( millis / 1000L ); // Use a long, not an int. Maybe use BigDecimal or BigInteger if you want rounding.
    

Dump to console.
    
    
    System.out.println( ""history: "" + history );
    System.out.println( ""today: "" + today );
    System.out.println( ""duration: "" + duration );
    System.out.println( ""millis: "" + millis );
    System.out.println( ""seconds: "" + seconds );
    

When run.
    
    
    history: 1901-01-01T00:00:00.000Z
    today: 2014-08-08T00:00:00.000Z
    duration: PT3584908800S
    millis: 3584908800000
    seconds: 3584908800
    

When going the other direction, either:

  * Pass a `long` number of seconds to the static method `Duration.standardSeconds`.
  * Pass an ISO 8601 string to the constructor of Duration.",1,1,org.joda.time.Period,unique authoritative class,joda-time:joda-time:2.4,org.joda.time.Period,resolved_api,1,,,,,
JODATIME-0039,jodatime,TU,setCopy,org.joda.time.DateTime.Property#setCopy(int),org.joda.time.DateTime.Property,resolved,1,"setCopy public DateTime setCopy (int value) Sets this field in a copy of the DateTime. The DateTime attached to this property is unchanged by this call. This operation is faster than converting a DateTime to a MutableDateTime and back again when setting one field. When setting multiple fields, it is generally quicker to make the conversion to MutableDateTime. Parameters: value - the value to set the field in the copy to Returns: a copy of the DateTime with the field value changed Throws: IllegalArgumentException - if the value isn't valid",official_javadoc,joda-time:joda-time:2.4-javadoc.jar#org.joda.time.DateTime.Property#setCopy(int),1,"### Modifying fields

One way to do this is to use methods on properties. To return to our prior example, if we wish to modify the `dt` object by changing its day-of-week field to Monday we can do so by using the `setCopy` method of the property: 
    
    
        DateTime result = dt.dayOfWeek().setCopy(DateTimeConstants.MONDAY),
    

Note: If the `DateTime` object is already set to Monday then the same object will be returned. 

To add to a date you could use the `addToCopy` method. 
    
    
        DateTime result = dt.dayOfWeek().addToCopy(3),",1,1,org.joda.time.DateMidnight.Property#setCopy(int) | org.joda.time.DateTime.Property#setCopy(int) | org.joda.time.LocalDate.Property#setCopy(int) | org.joda.time.LocalDateTime.Property#setCopy(int) | org.joda.time.LocalTime.Property#setCopy(int) | org.joda.time.MonthDay.Property#setCopy(int) | org.joda.time.Partial.Property#setCopy(int) | org.joda.time.TimeOfDay.Property#setCopy(int) | org.joda.time.YearMonth.Property#setCopy(int) | org.joda.time.YearMonthDay.Property#setCopy(int),KU uniquely identifies the method return type,joda-time:joda-time:2.4,org.joda.time.DateTime.Property#setCopy(int),resolved_api,1,,,,,
JODATIME-0040,jodatime,TU,DateTime,org.joda.time.DateTime,org.joda.time.DateTime,resolved,1,"DateTime is the standard implementation of an unmodifiable datetime class. DateTime is the most widely used implementation of ReadableInstant . As with all instants, it represents an exact point on the time-line, but limited to the precision of milliseconds. A DateTime calculates its fields with respect to a time zone . Internally, the class holds two pieces of data. Firstly, it holds the datetime as milliseconds from the Java epoch of 1970-01-01T00:00:00Z. Secondly, it holds a Chronology which determines how the millisecond instant value is converted into the date time fields. The default Chronology is ISOChronology which is the agreed international standard and compatible with the modern Gregorian calendar. Each individual field can be queried in two ways: getHourOfDay() hourOfDay().get() The second technique also provides access to other useful methods on the field: numeric value text value short text value maximum/minimum values add/subtract set rounding DateTime is thread-safe and immutable, provided that the Chronology is as well. All standard Chronology classes supplied are thread-safe and immutable.",official_javadoc,joda-time:joda-time:2.4-javadoc.jar#org.joda.time.DateTime,1,"### DateTime methods

Another means of accomplishing similar calculations is to use methods on the `DateTime` object itself. Thus we could add 3 days to `dt` directly as follows: 
    
    
        DateTime result = dt.plusDays(3),",1,0,org.joda.time.DateTime,unique authoritative class,joda-time:joda-time:2.4,org.joda.time.DateTime,resolved_api,1,,,,,
JODATIME-0041,jodatime,TU,DateTime,org.joda.time.DateTime,org.joda.time.DateTime,resolved,1,"DateTime is the standard implementation of an unmodifiable datetime class. DateTime is the most widely used implementation of ReadableInstant . As with all instants, it represents an exact point on the time-line, but limited to the precision of milliseconds. A DateTime calculates its fields with respect to a time zone . Internally, the class holds two pieces of data. Firstly, it holds the datetime as milliseconds from the Java epoch of 1970-01-01T00:00:00Z. Secondly, it holds a Chronology which determines how the millisecond instant value is converted into the date time fields. The default Chronology is ISOChronology which is the agreed international standard and compatible with the modern Gregorian calendar. Each individual field can be queried in two ways: getHourOfDay() hourOfDay().get() The second technique also provides access to other useful methods on the field: numeric value text value short text value maximum/minimum values add/subtract set rounding DateTime is thread-safe and immutable, provided that the Chronology is as well. All standard Chronology classes supplied are thread-safe and immutable.",official_javadoc,joda-time:joda-time:2.4-javadoc.jar#org.joda.time.DateTime,1,"## Changing TimeZone

`DateTime` comes with support for a couple of common timezone calculations. For instance, if you want to get the local time in London at this very moment, you would do the following 
    
    
        // get current moment in default time zone
        DateTime dt = new DateTime(),
        // translate to London local time
        DateTime dtLondon = dt.withZone(DateTimeZone.forID("",Europe/London"",)),
    

where `DateTimeZone.forID("",Europe/London"",)` returns the timezone value for London. The resulting value `dtLondon` has the same absolute millisecond time, but a different set of field values. 

There is also support for the reverse operation, i.e. to get the datetime (absolute millisecond) corresponding to the moment when London has the same local time as exists in the default time zone now. This is done as follows 
    
    
        // get current moment in default time zone
        DateTime dt = new DateTime(),
        // find the moment when London will have / had the same time
        dtLondonSameTime = dt.withZoneRetainFields(DateTimeZone.forID("",Europe/London"",)),
    

A set of all TimeZone ID strings (such as "",Europe/London"",) may be obtained by calling `DateTimeZone.getAvailableIDs()`. A full list of available time zones is provided here.",1,1,org.joda.time.DateTime,unique authoritative class,joda-time:joda-time:2.4,org.joda.time.DateTime,resolved_api,1,,,,,
JODATIME-0042,jodatime,TU,DateTimeFormat,org.joda.time.format.DateTimeFormat,org.joda.time.format.DateTimeFormat,resolved,1,"Factory that creates instances of DateTimeFormatter from patterns and styles. Datetime formatting is performed by the DateTimeFormatter class. Three classes provide factory methods to create formatters, and this is one. The others are ISODateTimeFormat and DateTimeFormatterBuilder . This class provides two types of factory: Pattern provides a DateTimeFormatter based on a pattern string that is mostly compatible with the JDK date patterns. Style provides a DateTimeFormatter based on a two character style, representing short, medium, long and full. For example, to use a patterm: DateTime dt = new DateTime(); DateTimeFormatter fmt = DateTimeFormat.forPattern(""MMMM, yyyy""); String str = fmt.print(dt); The pattern syntax is mostly compatible with java.text.SimpleDateFormat - time zone names cannot be parsed and a few more symbols are supported. All ASCII letters are reserved as pattern letters, which are defined as follows: Symbol Meaning Presentation Examples ------ ------- ------------ ------- G era text AD C century of era (>=0) number 20 Y year of era (>=0) year 1996 x weekyear year 1996 w week of weekyear number 27 e day of week number 2 E day of week text Tuesday; Tue y year year 1996 D day of year number 189 M month of year month July; Jul; 07 d day of month number 10 a halfday of day text PM K hour of halfday (0~11) number 0 h clockhour of halfday (1~12) number 12 H hour of day (0~23) number 0 k clockhour of day (1~24) number 24 m minute of hour number 30 s second of minute number 55 S fraction of second millis 978 z time zone text Pacific Standard Time; PST Z time zone offset/id zone -0800; -08:00; America/Los_Angeles ' escape for text delimiter '' single quote literal ' The count of pattern letters determine the format. Text : If the number of pattern letters is 4 or more, the full form is used; otherwise a short or abbreviated form is used if available. Number : The minimum number of digits. Shorter numbers are zero-padded to this amount. When parsing, any number of digits are accepted. Year : Numeric presentation for year and weekyear fields are handled specially. For example, if the count of 'y' is 2, the year will be displayed as the zero-based year of the century, which is two digits. Month : 3 or over, use text, otherwise use number. Millis : The exact number of fractional digits. If more millisecond digits are available then specified the number will be truncated, if there are fewer than specified then the number will be zero-padded to the right. When parsing, only the exact number of digits are accepted. Zone : 'Z' outputs offset without a colon, 'ZZ' outputs the offset with a colon, 'ZZZ' or more outputs the zone id. Zone names : Time zone names ('z') cannot be parsed. Any characters in the pattern that are not in the ranges of ['a'..'z'] and ['A'..'Z'] will be treated as quoted text. For instance, characters like ':', '.', ' ', '#' and '?' will appear in the resulting time text even they are not embraced within single quotes. DateTimeFormat is thread-safe and immutable, and the formatters it returns are as well.",official_javadoc,joda-time:joda-time:2.4-javadoc.jar#org.joda.time.format.DateTimeFormat,1,"### Custom Formatters

If you need a custom formatter which can be described in terms of a format pattern, you can use the factory method provided by the `DateTimeFormat` class. Thus to get a formatter for a 4 digit year, 2 digit month and 2 digit day of month, i.e. a format of `yyyyMMdd` you would do 
    
    
        DateTimeFormatter fmt = DateTimeFormat.forPattern("",yyyyMMdd"",),
    

The pattern string is compatible with JDK date patterns. 

You may need to print or parse in a particular `Locale`. This is achieved by calling the `withLocale` method on a formatter, which returns another formatter based on the original. 
    
    
        DateTimeFormatter fmt = DateTimeFormat.forPattern("",yyyyMMdd"",),
        DateTimeFormatter frenchFmt = fmt.withLocale(Locale.FRENCH),
        DateTimeFormatter germanFmt = fmt.withLocale(Locale.GERMAN),
    

Formatters are immutable, so the original is not altered by the `withLocale` method.",1,1,org.joda.time.format.DateTimeFormat,unique authoritative class,joda-time:joda-time:2.4,org.joda.time.format.DateTimeFormat,resolved_api,1,,,,,
JODATIME-0043,jodatime,SO,DateTime,org.joda.time.DateTime,org.joda.time.DateTime,resolved,1,"DateTime is the standard implementation of an unmodifiable datetime class. DateTime is the most widely used implementation of ReadableInstant . As with all instants, it represents an exact point on the time-line, but limited to the precision of milliseconds. A DateTime calculates its fields with respect to a time zone . Internally, the class holds two pieces of data. Firstly, it holds the datetime as milliseconds from the Java epoch of 1970-01-01T00:00:00Z. Secondly, it holds a Chronology which determines how the millisecond instant value is converted into the date time fields. The default Chronology is ISOChronology which is the agreed international standard and compatible with the modern Gregorian calendar. Each individual field can be queried in two ways: getHourOfDay() hourOfDay().get() The second technique also provides access to other useful methods on the field: numeric value text value short text value maximum/minimum values add/subtract set rounding DateTime is thread-safe and immutable, provided that the Chronology is as well. All standard Chronology classes supplied are thread-safe and immutable.",official_javadoc,joda-time:joda-time:2.4-javadoc.jar#org.joda.time.DateTime,1,"Parse Date String to Some Java Object 

I am working in a project that reads files and processes data. There I got to work with dates for example:

  1. 2012-01-10 23:13:26
  2. January 13, 2012



I found the package Joda, kinda interesting package but don't know if it is the easiest around.

I was able to parse the first example to a DateTime object (Joda) reg-ex and String manipulation. (Ex: by replacing the space by '-' and passing it to constructor.
    
    
    new DateTime(""2012-01-10 23:13:26"".replace(' ', '-'))
    

I guess it worked, but the problem is with the second format. How can I use such an input to extract a an object, preferably a Joda object. I sure can write a function to change the format to what Joda supports, but was wondering if there would be some other way (even some native Java library) to do it.

If there are any thing better than Joda out there, please let me know it as well.

Thank you.

Using Joda-Time, take a look at DateTimeFormat; it allows parsing both kind of date strings that you mention (and almost any other arbitrary formats). If your needs are even more complex, try DateTimeFormatterBuilder.

To parse #1:
    
    
    DateTimeFormatter f = DateTimeFormat.forPattern(""yyyy-MM-dd HH:mm:ss"");
    DateTime dateTime = f.parseDateTime(""2012-01-10 23:13:26"");
    

Edit: actually LocalDateTime is a more appropriate type for a datetime without a time zone:
    
    
    LocalDateTime dateTime = f.parseLocalDateTime(""2012-01-10 23:13:26"");
    

And for #2:
    
    
    DateTimeFormatter f = DateTimeFormat.forPattern(""MMMM dd, yyyy"");
    LocalDate localDate = f.parseLocalDate(""January 13, 2012"");
    

And yes, Joda-Time is definitely the way to go, as far as Java date & time handling is concerned. :) 

As mostly everyone will agree, Joda is an exceptionally user-friendly library. For example, I had never done this kind of parsing with Joda before, but it took me just a few minutes to figure it out from the API and write it. 

## Update (2015)

If you're on Java 8, in most cases you should simply use `java.time` instead of Joda-Time. It contains pretty much all the good stuff\\\\\\\xe2\\\\\\\x80\\\\\\\x94or their equivalents\\\\\\\xe2\\\\\\\x80\\\\\\\x94from Joda. For those already familiar with Joda APIs, Stephen Colebourne's Joda-Time to java.time migration guide comes in handy.

Here are java.time versions of above examples.

To parse #1:
    
    
    DateTimeFormatter f = DateTimeFormatter.ofPattern(""yyyy-MM-dd HH:mm:ss"");
    LocalDateTime dateTime = LocalDateTime.from(f.parse(""2012-01-10 23:13:26""));
    

You cannot parse this into ZonedDateTime or OffsetDateTime (which are counterparts of Joda's DateTime, used in my original answer), but that kinda makes sense because there's no time zone information in the parsed string.

To parse #2:
    
    
    DateTimeFormatter f = DateTimeFormatter.ofPattern(""MMMM dd, yyyy"");
    LocalDate localDate = LocalDate.from(f.parse(""January 13, 2012""));
    

Here LocalDate is the most appropriate type to parse into (just like with Joda-Time).",1,1,org.joda.time.DateTime,unique authoritative class,joda-time:joda-time:2.4,org.joda.time.DateTime,resolved_api,1,,,,,
JODATIME-0044,jodatime,SO,Duration,org.joda.time.Duration,org.joda.time.Duration,resolved,1,"An immutable duration specifying a length of time in milliseconds. A duration is defined by a fixed number of milliseconds. There is no concept of fields, such as days or seconds, as these fields can vary in length. A duration may be converted to a Period to obtain field values. This conversion will typically cause a loss of precision. Duration is thread-safe and immutable.",official_javadoc,joda-time:joda-time:2.4-javadoc.jar#org.joda.time.Duration,1,"How to round DateTime of Joda library to the nearest X minutes? 

How to round `DateTime` of `Joda` library to the nearest `X` minutes ?  
For example:
    
    
    X = 10 minutes
    Jun 27, 11:32 -> Jun 27, 11:30
    Jun 27, 11:33 -> Jun 27, 11:30
    Jun 27, 11:34 -> Jun 27, 11:30
    Jun 27, 11:35 -> Jun 27, 11:40
    Jun 27, 11:36 -> Jun 27, 11:40
    Jun 27, 11:37 -> Jun 27, 11:40
    

The accepted answer doesn't correctly handle datetimes that have seconds or milliseconds set. For completeness, here's a version that does handle that correctly:
    
    
    private DateTime roundDate(final DateTime dateTime, final int minutes) {
    if (minutes < 1 || 60 % minutes != 0) {
    throw new IllegalArgumentException(""minutes must be a factor of 60"");
    }
    final DateTime hour = dateTime.hourOfDay().roundFloorCopy();
    final long millisSinceHour = new Duration(hour, dateTime).getMillis();
    final int roundedMinutes = ((int)Math.round(
    millisSinceHour / 60000.0 / minutes)) * minutes;
    return hour.plusMinutes(roundedMinutes);
    }",1,1,org.joda.time.Duration,unique authoritative class,joda-time:joda-time:2.4,org.joda.time.Duration,resolved_api,1,,,,,
JODATIME-0045,jodatime,SO,DateTimeConstants,org.joda.time.DateTimeConstants,org.joda.time.DateTimeConstants,resolved,1,"DateTimeConstants is a non-instantiable class of constants used in the date time system. These are the ISO8601 constants, but should be used by all chronologies. DateTimeConstants is thread-safe and immutable.",official_javadoc,joda-time:joda-time:2.4-javadoc.jar#org.joda.time.DateTimeConstants,1,"Joda-Time: Get first/second/last sunday of month 

In plain Java, I have this code to get the last Sunday of the month.
    
    
    Calendar getNthOfMonth(int n, int day_of_week, int month, int year) {
    Calendar compareDate = Date(1, month, year);
    compareDate.set(DAY_OF_WEEK, day_of_week);
    compareDate.set(DAY_OF_WEEK_IN_MONTH, n);
    return compareDate;
    }
    // Usage
    Calendar lastSundayOfNovember = getNthOfMonth(-1, SUNDAY, NOVEMBER, 2012)
    

What is a clean and elegant way to achieve the same result using `Joda-Time`?
    
    
    public class Time {
    public static void main(String[] args) {
    System.out.println(getNthOfMonth(DateTimeConstants.SUNDAY, DateTimeConstants.SEP, 2012));
    }
    public static LocalDate getNthOfMonth(int day_of_week, int month, int year) {
    LocalDate date = new LocalDate(year, month, 1).dayOfMonth() 
    .withMaximumValue()
    .dayOfWeek()
    .setCopy(day_of_week);
    if(date.getMonthOfYear() != month) {
    return date.dayOfWeek().addToCopy(-7);
    }
    return date;
    }
    }",1,1,org.joda.time.DateTimeConstants,unique authoritative class,joda-time:joda-time:2.4,org.joda.time.DateTimeConstants,resolved_api,1,,,,,
JODATIME-0046,jodatime,SO,setCopy,org.joda.time.LocalDate.Property#setCopy(int),org.joda.time.LocalDate.Property,resolved,1,setCopy public LocalDate setCopy (int value) Sets this field in a copy of the LocalDate. The LocalDate attached to this property is unchanged by this call. Parameters: value - the value to set the field in the copy to Returns: a copy of the LocalDate with the field value changed Throws: IllegalArgumentException - if the value isn't valid,official_javadoc,joda-time:joda-time:2.4-javadoc.jar#org.joda.time.LocalDate.Property#setCopy(int),1,"Joda-Time: Get first/second/last sunday of month 

In plain Java, I have this code to get the last Sunday of the month.
    
    
    Calendar getNthOfMonth(int n, int day_of_week, int month, int year) {
    Calendar compareDate = Date(1, month, year);
    compareDate.set(DAY_OF_WEEK, day_of_week);
    compareDate.set(DAY_OF_WEEK_IN_MONTH, n);
    return compareDate;
    }
    // Usage
    Calendar lastSundayOfNovember = getNthOfMonth(-1, SUNDAY, NOVEMBER, 2012)
    

What is a clean and elegant way to achieve the same result using `Joda-Time`?
    
    
    public class Time {
    public static void main(String[] args) {
    System.out.println(getNthOfMonth(DateTimeConstants.SUNDAY, DateTimeConstants.SEP, 2012));
    }
    public static LocalDate getNthOfMonth(int day_of_week, int month, int year) {
    LocalDate date = new LocalDate(year, month, 1).dayOfMonth() 
    .withMaximumValue()
    .dayOfWeek()
    .setCopy(day_of_week);
    if(date.getMonthOfYear() != month) {
    return date.dayOfWeek().addToCopy(-7);
    }
    return date;
    }
    }",1,1,org.joda.time.DateMidnight.Property#setCopy(int) | org.joda.time.DateTime.Property#setCopy(int) | org.joda.time.LocalDate.Property#setCopy(int) | org.joda.time.LocalDateTime.Property#setCopy(int) | org.joda.time.LocalTime.Property#setCopy(int) | org.joda.time.MonthDay.Property#setCopy(int) | org.joda.time.Partial.Property#setCopy(int) | org.joda.time.TimeOfDay.Property#setCopy(int) | org.joda.time.YearMonth.Property#setCopy(int) | org.joda.time.YearMonthDay.Property#setCopy(int),KU uniquely identifies the method return type,joda-time:joda-time:2.4,org.joda.time.LocalDate.Property#setCopy(int),resolved_api,1,,,,,
JODATIME-0047,jodatime,SO,DateTime,org.joda.time.DateTime,org.joda.time.DateTime,resolved,1,"DateTime is the standard implementation of an unmodifiable datetime class. DateTime is the most widely used implementation of ReadableInstant . As with all instants, it represents an exact point on the time-line, but limited to the precision of milliseconds. A DateTime calculates its fields with respect to a time zone . Internally, the class holds two pieces of data. Firstly, it holds the datetime as milliseconds from the Java epoch of 1970-01-01T00:00:00Z. Secondly, it holds a Chronology which determines how the millisecond instant value is converted into the date time fields. The default Chronology is ISOChronology which is the agreed international standard and compatible with the modern Gregorian calendar. Each individual field can be queried in two ways: getHourOfDay() hourOfDay().get() The second technique also provides access to other useful methods on the field: numeric value text value short text value maximum/minimum values add/subtract set rounding DateTime is thread-safe and immutable, provided that the Chronology is as well. All standard Chronology classes supplied are thread-safe and immutable.",official_javadoc,joda-time:joda-time:2.4-javadoc.jar#org.joda.time.DateTime,1,"Is there a standard implementation for a GSON Joda Time serialiser? 

I'm using GSON to serialise some object graphs to JSON. These objects graphs use Joda Time entities (`DateTime`, `LocalTime` etc).

The top Google hit for ""gson joda"" is this page:

  * https://sites.google.com/site/gson/gson-type-adapters-for-common-classes



It provides source for a type adapter for `org.joda.time.DateTime`. This link is also what is referenced in the GSON User Guide.

I expected to find a pre-rolled library that included joda-time serialisers that I could reference as a Maven dependency - but I can't find one. 

Is there one? Or am I forced to replicate that snippet in my own project?

I've decided to roll my own open source one - you can find it here:

> https://github.com/gkopff/gson-jodatime-serialisers

Here's the Maven details (check central for the latest version):
    
    
    com.fatboyindustrial.gson-jodatime-serialisers
    gson-jodatime-serialisers
    1.0.0
    
    

And here's a quick example of how you drive it:
    
    
    Gson gson = Converters.registerDateTime(new GsonBuilder()).create();
    SomeContainerObject original = new SomeContainerObject(new DateTime());
    String json = gson.toJson(original);
    SomeContainerObject reconstituted = gson.fromJson(json, SomeContainerObject.class);",1,1,org.joda.time.DateTime,unique authoritative class,joda-time:joda-time:2.4,org.joda.time.DateTime,resolved_api,1,,,,,
JODATIME-0048,jodatime,SO,getDayOfYear(),org.joda.time.base.AbstractDateTime#getDayOfYear(),org.joda.time.base.AbstractDateTime,resolved,1,"Returns the day-of-year value for a date/time object, allowing dates to be compared within the same year. It can be used, for example, to determine whether a date falls on the final day of the year.",qwen3.8-max,model:qwen3.8-max,0,"What is a smarter way to check if a Joda-Time DateTime object does not represent the last day of the year? 

I am using Joda-Time and I would like to check if a specific date is not the last day of a year (in other words the date should not be 31/12/XXXX). It should work for any year.

To implement this check I have done something like this:
    
    
    DateTime dataSecondoMovimento = new DateTime(mappaQuote.get(2).getDatariferimentoprezzo());
    if(!(dataSecondoMovimento.getMonthOfYear() == 12 && dataSecondoMovimento.getDayOfMonth() == 31)) {
    System.out.println(""It is not the end of year !!!"");
    }
    

So basically I am checking if the month is not December and if the day is not 31 (both have to be true for it not to be the last day of year). I think that this should work fine.

My question: does Joda-Time provide a neater way of doing this? Does there exist a method of checking if a specific date is the last day of the year?

Currently Joda Time don't have direct implementation of getLastDayOfYear(), we have to use logical way to handle the last day of year, one way you tried or you can use alternate way as below 
    
    
     public int getDayOfYear() { //This is library method
    return getChronology().dayOfYear().get(getMillis());
    }
    if(!getDayOfYear() <=365 ||!getDayOfYear() <=366) { //Considering leap year
    System.out.println(""It is not the end of year !!!"");
    }",1,1,org.joda.time.base.AbstractDateTime#getDayOfYear(),"KU declares a DateTime and quotes the getDayOfYear implementation; binary hierarchy is DateTime -> BaseDateTime -> AbstractDateTime, where the public method is declared.",joda-time:joda-time:2.4,org.joda.time.base.AbstractDateTime#getDayOfYear(),resolved_api,1,,,,,
JODATIME-0049,jodatime,TU,DateTime,org.joda.time.DateTime,org.joda.time.DateTime,resolved,1,"DateTime is the standard implementation of an unmodifiable datetime class. DateTime is the most widely used implementation of ReadableInstant . As with all instants, it represents an exact point on the time-line, but limited to the precision of milliseconds. A DateTime calculates its fields with respect to a time zone . Internally, the class holds two pieces of data. Firstly, it holds the datetime as milliseconds from the Java epoch of 1970-01-01T00:00:00Z. Secondly, it holds a Chronology which determines how the millisecond instant value is converted into the date time fields. The default Chronology is ISOChronology which is the agreed international standard and compatible with the modern Gregorian calendar. Each individual field can be queried in two ways: getHourOfDay() hourOfDay().get() The second technique also provides access to other useful methods on the field: numeric value text value short text value maximum/minimum values add/subtract set rounding DateTime is thread-safe and immutable, provided that the Chronology is as well. All standard Chronology classes supplied are thread-safe and immutable.",official_javadoc,joda-time:joda-time:2.4-javadoc.jar#org.joda.time.DateTime,1,"### Time fields

Another set of properties access fields representing intra-day durations for time calculations. Thus to compute the hours, minutes and seconds of the instant represented by a `DateTime`, we would write 
    
    
        int hour = dt.getHourOfDay(),
        int min = dt.getMinuteOfHour(),
        int sec = dt.getSecondOfMinute(),
    

Again each of these has a corresponding property method for more complex manipulation. The complete list of time fields can be found in the field reference.",1,1,org.joda.time.DateTime,unique authoritative class,joda-time:joda-time:2.4,org.joda.time.DateTime,resolved_api,1,,,,,
JODATIME-0050,jodatime,TU,toFormatter,org.joda.time.format.DateTimeFormatterBuilder#toFormatter(),org.joda.time.format.DateTimeFormatterBuilder,resolved,1,toFormatter public DateTimeFormatter toFormatter () Constructs a DateTimeFormatter using all the appended elements. This is the main method used by applications at the end of the build process to create a usable formatter. Subsequent changes to this builder do not affect the returned formatter. The returned formatter may not support both printing and parsing. The methods DateTimeFormatter.isPrinter() and DateTimeFormatter.isParser() will help you determine the state of the formatter. Throws: UnsupportedOperationException - if neither printing nor parsing is supported,official_javadoc,joda-time:joda-time:2.4-javadoc.jar#org.joda.time.format.DateTimeFormatterBuilder#toFormatter(),1,"### Freaky Formatters

Finally, if you have a format that is not easily represented by a pattern string, Joda Time architecture exposes a builder class that can be used to build a custom formatter which is programatically defined. Thus if you wanted a formatter to print and parse dates of the form "",22-Jan-65"",, you could do the following: 
    
    
        DateTimeFormatter fmt = new DateTimeFormatterBuilder()
                .appendDayOfMonth(2)
                .appendLiteral('-')
                .appendMonthOfYearShortText()
                .appendLiteral('-')
                .appendTwoDigitYear(1956)  // pivot = 1956
                .toFormatter(),
    

Each append method appends a new field to be parsed/printed to the calling builder and returns a new builder. The final `toFormatter` method creates the actual formatter that will be used to print/parse. 

What is particularly interesting about this format is the two digit year. Since the interpretation of a two digit year is ambiguous, the `appendTwoDigitYear` takes an extra parameter that defines the 100 year range of the two digits, by specifying the mid point of the range. In this example the range will be (1956 - 50) = 1906, to (1956 + 49) = 2005. Thus 04 will be 2004 but 07 will be 1907. This kind of conversion is not possible with ordinary format strings, highlighting the power of the Joda time formatting architecture.",1,1,org.joda.time.format.DateTimeFormatterBuilder#toFormatter() | org.joda.time.format.PeriodFormatterBuilder#toFormatter(),KU uniquely mentions the owner,joda-time:joda-time:2.4,org.joda.time.format.DateTimeFormatterBuilder#toFormatter(),resolved_api,1,,,,,
JODATIME-0051,jodatime,TU,appendTwoDigitYear,org.joda.time.format.DateTimeFormatterBuilder#appendTwoDigitYear(int),org.joda.time.format.DateTimeFormatterBuilder,resolved,1,"appendTwoDigitYear public DateTimeFormatterBuilder appendTwoDigitYear (int pivot) Instructs the printer to emit a numeric year field which always prints and parses two digits. A pivot year is used during parsing to determine the range of supported years as (pivot - 50) .. (pivot + 49) . pivot supported range 00 is 20 is 40 is 60 is 80 is --------------------------------------------------------------- 1950 1900..1999 1900 1920 1940 1960 1980 1975 1925..2024 2000 2020 1940 1960 1980 2000 1950..2049 2000 2020 2040 1960 1980 2025 1975..2074 2000 2020 2040 2060 1980 2050 2000..2099 2000 2020 2040 2060 2080 Parameters: pivot - pivot year to use when parsing Returns: this DateTimeFormatterBuilder, for chaining",official_javadoc,joda-time:joda-time:2.4-javadoc.jar#org.joda.time.format.DateTimeFormatterBuilder#appendTwoDigitYear(int),1,"### Freaky Formatters

Finally, if you have a format that is not easily represented by a pattern string, Joda Time architecture exposes a builder class that can be used to build a custom formatter which is programatically defined. Thus if you wanted a formatter to print and parse dates of the form "",22-Jan-65"",, you could do the following: 
    
    
        DateTimeFormatter fmt = new DateTimeFormatterBuilder()
                .appendDayOfMonth(2)
                .appendLiteral('-')
                .appendMonthOfYearShortText()
                .appendLiteral('-')
                .appendTwoDigitYear(1956)  // pivot = 1956
                .toFormatter(),
    

Each append method appends a new field to be parsed/printed to the calling builder and returns a new builder. The final `toFormatter` method creates the actual formatter that will be used to print/parse. 

What is particularly interesting about this format is the two digit year. Since the interpretation of a two digit year is ambiguous, the `appendTwoDigitYear` takes an extra parameter that defines the 100 year range of the two digits, by specifying the mid point of the range. In this example the range will be (1956 - 50) = 1906, to (1956 + 49) = 2005. Thus 04 will be 2004 but 07 will be 1907. This kind of conversion is not possible with ordinary format strings, highlighting the power of the Joda time formatting architecture.",1,1,org.joda.time.format.DateTimeFormatterBuilder#appendTwoDigitYear(int),KU uniquely mentions the owner,joda-time:joda-time:2.4,org.joda.time.format.DateTimeFormatterBuilder#appendTwoDigitYear(int),resolved_api,1,,,,,
JODATIME-0052,jodatime,SO,DateTime,org.joda.time.DateTime,org.joda.time.DateTime,resolved,1,"DateTime is the standard implementation of an unmodifiable datetime class. DateTime is the most widely used implementation of ReadableInstant . As with all instants, it represents an exact point on the time-line, but limited to the precision of milliseconds. A DateTime calculates its fields with respect to a time zone . Internally, the class holds two pieces of data. Firstly, it holds the datetime as milliseconds from the Java epoch of 1970-01-01T00:00:00Z. Secondly, it holds a Chronology which determines how the millisecond instant value is converted into the date time fields. The default Chronology is ISOChronology which is the agreed international standard and compatible with the modern Gregorian calendar. Each individual field can be queried in two ways: getHourOfDay() hourOfDay().get() The second technique also provides access to other useful methods on the field: numeric value text value short text value maximum/minimum values add/subtract set rounding DateTime is thread-safe and immutable, provided that the Chronology is as well. All standard Chronology classes supplied are thread-safe and immutable.",official_javadoc,joda-time:joda-time:2.4-javadoc.jar#org.joda.time.DateTime,1,"Difference in days between two dates in Java? 

I need to find the number of days between two dates: one is from a report and one is the current date. My snippet:
    
    
     int age=calculateDifference(agingDate, today);
    

Here `calculateDifference` is a private method, `agingDate` and `today` are `Date` objects, just for your clarification. I've followed two articles from a Java forum, Thread 1 / Thread 2. 

It works fine in a standalone program although when I include this into my logic to read from the report I get an unusual difference in values. 

Why is it happening and how can I fix it?

EDIT :

I'm getting a greater number of days compared to the actual amount of Days.
    
    
    public static int calculateDifference(Date a, Date b)
    {
    int tempDifference = 0;
    int difference = 0;
    Calendar earlier = Calendar.getInstance();
    Calendar later = Calendar.getInstance();
    if (a.compareTo(b) < 0)
    {
    earlier.setTime(a);
    later.setTime(b);
    }
    else
    {
    earlier.setTime(b);
    later.setTime(a);
    }
    while (earlier.get(Calendar.YEAR) != later.get(Calendar.YEAR))
    {
    tempDifference = 365 * (later.get(Calendar.YEAR) - earlier.get(Calendar.YEAR));
    difference += tempDifference;
    earlier.add(Calendar.DAY_OF_YEAR, tempDifference);
    }
    if (earlier.get(Calendar.DAY_OF_YEAR) != later.get(Calendar.DAY_OF_YEAR))
    {
    tempDifference = later.get(Calendar.DAY_OF_YEAR) - earlier.get(Calendar.DAY_OF_YEAR);
    difference += tempDifference;
    earlier.add(Calendar.DAY_OF_YEAR, tempDifference);
    }
    return difference;
    }
    

Note :

Unfortunately, none of the answers helped me solve the problem. I've accomplished this problem with the help of Joda-time library.

I would suggest you use the excellent Joda Time library instead of the flawed java.util.Date and friends. You could simply write
    
    
    import java.util.Date;
    import org.joda.time.DateTime;
    import org.joda.time.Days;
    Date past = new Date(110, 5, 20); // June 20th, 2010
    Date today = new Date(110, 6, 24); // July 24th 
    int days = Days.daysBetween(new DateTime(past), new DateTime(today)).getDays(); // => 34",1,1,org.joda.time.DateTime,unique authoritative class,joda-time:joda-time:2.4,org.joda.time.DateTime,resolved_api,1,,,,,
JODATIME-0053,jodatime,SO,Interval,org.joda.time.Interval,org.joda.time.Interval,resolved,1,"Interval is the standard implementation of an immutable time interval. A time interval represents a period of time between two instants. Intervals are inclusive of the start instant and exclusive of the end. The end instant is always greater than or equal to the start instant. Intervals have a fixed millisecond duration. This is the difference between the start and end instants. The duration is represented separately by ReadableDuration . As a result, intervals are not comparable. To compare the length of two intervals, you should compare their durations. An interval can also be converted to a ReadablePeriod . This represents the difference between the start and end points in terms of fields such as years and days. Interval is thread-safe and immutable.",official_javadoc,joda-time:joda-time:2.4-javadoc.jar#org.joda.time.Interval,1,"LocalDate interval in Joda-time 

Joda-time has an Interval class, which is a range between DateTimes. What can be used for a range of LocalDates?

I want an object that represents, for example ""from 1/1/2011 to 10/1/2011"", without the time (or timezones) ever coming into the picture.

As far as I see, joda-time doesn't have anything built in for that. If there doesn't exist anything for it, and we'd create it, what should it look like? Most importantly, which interfaces from joda-time could it implement to best integrate into the other types, staying consistent with the joda-time design? Would it make sense for it to implement `ReadableInterval`, where `getStart` and `getEnd` return `DateMidnight`?

The Interval class represents an interval of time from one millisecond instant to another instant (complete with timezone). DateMidnight is such an instant. So your proposed implementation of an interval for DateMidnights is allready there.
    
    
    Interval i = new Interval(
    new DateMidnight(2010, 3, 2), new DateMidnight(2010, 3, 5));
    i.contains(new DateTime(2010, 3, 1, 23, 59, 59, 999)); // == false
    i.contains(new DateTime(2010, 3, 2, 0, 0, 0, 0)); // == true
    i.contains(new DateTime(2010, 3, 4, 23, 59, 59, 999)); // == true
    i.contains(new DateTime(2010, 3, 5, 0, 0, 0, 0)); // == false
    

However the concept of your searched interval for LocalDates aka a Partial (without timezones) is not yet existent. If you're going to implement it for yourself, don't implement any interval interfaces at all. It would interfere with your wishes, because it is, as stated before, based on instants.",1,1,org.joda.time.Interval,unique authoritative class,joda-time:joda-time:2.4,org.joda.time.Interval,resolved_api,1,,,,,
JODATIME-0054,jodatime,SO,DateTime,org.joda.time.DateTime,org.joda.time.DateTime,resolved,1,"DateTime is the standard implementation of an unmodifiable datetime class. DateTime is the most widely used implementation of ReadableInstant . As with all instants, it represents an exact point on the time-line, but limited to the precision of milliseconds. A DateTime calculates its fields with respect to a time zone . Internally, the class holds two pieces of data. Firstly, it holds the datetime as milliseconds from the Java epoch of 1970-01-01T00:00:00Z. Secondly, it holds a Chronology which determines how the millisecond instant value is converted into the date time fields. The default Chronology is ISOChronology which is the agreed international standard and compatible with the modern Gregorian calendar. Each individual field can be queried in two ways: getHourOfDay() hourOfDay().get() The second technique also provides access to other useful methods on the field: numeric value text value short text value maximum/minimum values add/subtract set rounding DateTime is thread-safe and immutable, provided that the Chronology is as well. All standard Chronology classes supplied are thread-safe and immutable.",official_javadoc,joda-time:joda-time:2.4-javadoc.jar#org.joda.time.DateTime,1,"First day of next month with java Joda-Time 

How would you rewrite the method below, which returns the first day of next month, with the `org.joda.time` package in Joda-Time?
    
    
    public static Date firstDayOfNextMonth() {
    Calendar nowCal = Calendar.getInstance();
    int month = nowCal.get(Calendar.MONTH) + 1;
    int year = nowCal.get(Calendar.YEAR);
    Calendar cal = Calendar.getInstance();
    cal.clear();
    cal.set(Calendar.YEAR, year);
    cal.set(Calendar.MONTH, month);
    cal.set(Calendar.DAY_OF_MONTH, 1);
    Date dueDate = new Date(cal.getTimeInMillis());
    return dueDate;
    }
    
    
    
     LocalDate today = new LocalDate();
    LocalDate d1 = today.plusMonths(1).withDayOfMonth(1);
    

A little easier and cleaner, isn't it? :-)

Update: If you want to return a date:
    
    
    return new Date(d1.toDateTimeAtStartOfDay().getMillis());
    

but I strongly advise you to avoid mixing pure DATE types (i.e. a day in the calendar, without time information) with DATETIME types, specially with a ""physical"" datetime type as is the hideous `java.util.Date` . It's somewhat like converting from-to integer and floating types, you must be careful.",1,1,org.joda.time.DateTime,unique authoritative class,joda-time:joda-time:2.4,org.joda.time.DateTime,resolved_api,1,,,,,
JODATIME-0055,jodatime,SO,year(),org.joda.time.LocalDate#year(),org.joda.time.LocalDate,resolved,1,year public LocalDate.Property year () Get the year property which provides access to advanced functionality. Returns: the year property,official_javadoc,joda-time:joda-time:2.4-javadoc.jar#org.joda.time.LocalDate#year(),1,"Joda-Time: Get first/second/last sunday of month 

In plain Java, I have this code to get the last Sunday of the month.
    
    
    Calendar getNthOfMonth(int n, int day_of_week, int month, int year) {
    Calendar compareDate = Date(1, month, year);
    compareDate.set(DAY_OF_WEEK, day_of_week);
    compareDate.set(DAY_OF_WEEK_IN_MONTH, n);
    return compareDate;
    }
    // Usage
    Calendar lastSundayOfNovember = getNthOfMonth(-1, SUNDAY, NOVEMBER, 2012)
    

What is a clean and elegant way to achieve the same result using `Joda-Time`?
    
    
    public class Time {
    public static void main(String[] args) {
    System.out.println(getNthOfMonth(DateTimeConstants.SUNDAY, DateTimeConstants.SEP, 2012));
    }
    public static LocalDate getNthOfMonth(int day_of_week, int month, int year) {
    LocalDate date = new LocalDate(year, month, 1).dayOfMonth() 
    .withMaximumValue()
    .dayOfWeek()
    .setCopy(day_of_week);
    if(date.getMonthOfYear() != month) {
    return date.dayOfWeek().addToCopy(-7);
    }
    return date;
    }
    }",1,1,org.joda.time.Chronology#year() | org.joda.time.DateMidnight#year() | org.joda.time.DateTime#year() | org.joda.time.DateTimeFieldType#year() | org.joda.time.LocalDate#year() | org.joda.time.LocalDateTime#year() | org.joda.time.MutableDateTime#year() | org.joda.time.YearMonth#year() | org.joda.time.YearMonthDay#year() | org.joda.time.chrono.AssembledChronology#year() | org.joda.time.chrono.BaseChronology#year() | org.joda.time.format.ISODateTimeFormat#year(),KU uniquely mentions the owner,joda-time:joda-time:2.4,org.joda.time.LocalDate#year(),resolved_api,1,,,,,
JODATIME-0056,jodatime,SO,Instant,org.joda.time.Instant,org.joda.time.Instant,resolved,1,"Instant is the standard implementation of a fully immutable instant in time. Instant is an implementation of ReadableInstant . As with all instants, it represents an exact point on the time-line, but limited to the precision of milliseconds. An Instant should be used to represent a point in time irrespective of any other factor, such as chronology or time zone. Internally, the class holds one piece of data, the instant as milliseconds from the Java epoch of 1970-01-01T00:00:00Z. For example, an Instant can be used to compare two DateTime objects irrespective of chronology or time zone. boolean sameInstant = dt1.toInstant().equals(dt2.toInstant()); Note that the following code will also perform the same check: boolean sameInstant = dt1.isEqual(dt2); Instant is thread-safe and immutable.",official_javadoc,joda-time:joda-time:2.4-javadoc.jar#org.joda.time.Instant,1,"Why are Joda objects immutable? 

I have read that with a Java version less than 7, Joda Time objects are more reliable than Java's built-ins. One cited reason is that Joda objects are immutable. Why is this beneficial? If I want to change the year, hour, and timezone of a Joda DateTime object, I need to make three copies!

> If I want to change the year, hour, and timezone of a Joda DateTime object, I need to make three copies!

Yes, indeed. Or you could create one new object, using all the fields you like from the old object, of course.

This is a thoroughly good thing - because it means when you want to rely on an object not changing, it won't. Consider this pseudo-code:
    
    
    private static final Instant EARLIEST_ALLOWED_ARTICLE = ...;
    private Instant creationTimestamp;
    public Article(Instant creationTimestamp, ...) {
    if (creationTimestamp.isBefore(EARLIEST_ALLOWED_ARTICLE)) {
    throw new IllegalArgumetnException(...);
    }
    this.creationTimestamp = creationTimestamp;
    ...
    }
    

That's fine, because `Instant` is immutable. If it were mutable, the validation in the constructor would be worthless - unless you created a defensive copy at that point.

In my experience, you want to pass around references and know that the values won't change more than you want to actually make changes to existing objects, so immutability leads to fewer bugs (with mutable objects you can forget to take a copy, and any validation is then useless) and fewer copies being made.

Basically, it allows you to reason about your code locally without making copies of everything you either accept and store, or return to other code. When only your code can change the state of your object, it's much simpler to work out what will happen over time.

Joda Time actually fails somewhat because it has both mutable and immutable types - if you just program to the interface (e.g. `ReadableInstant`) then you don't get those guarantees. That's why in Noda Time I made all the types genuinely immutable.

Out of interest, would you want `String` to be mutable? If not, try to think about whether there are real differences between the two scenarios.",1,1,org.joda.time.Instant,unique authoritative class,joda-time:joda-time:2.4,org.joda.time.Instant,resolved_api,1,,,,,
JODATIME-0057,jodatime,SO,year(),org.joda.time.DateTime#year(),org.joda.time.DateTime,resolved,1,year public DateTime.Property year () Get the year property which provides access to advanced functionality. Returns: the year property,official_javadoc,joda-time:joda-time:2.4-javadoc.jar#org.joda.time.DateTime#year(),1,"Get Date in Java given Week number, week day and year 

Given Week of the year, the week day and the year, how can we get the Date in Java?

With Jodatime, I tried the following:
    
    
    DateTime dt = new DateTime();
    dt.withYear(year);
    dt.withWeekOfWeekyear(weekOfYear);
    dt.withDayOfWeek(weekDay);
    DateTimeFormatter dateTimeFormatter = DateTimeFormat.forPattern(""yyMMdd"");
    System.out.println(dateTimeFormatter.print(dt));
    

But it gets the current Date!

JodaTime returns a changed copy, so do:
    
    
    DateTime dt = new DateTime()
    .withYear(year)
    .withWeekOfWeekyear(weekOfYear)
    .withDayOfWeek(weekDay);
    DateTimeFormatter dateTimeFormatter = DateTimeFormat.forPattern(""yyMMdd"");
    System.out.println(dateTimeFormatter.print(dt));
    

And this should work as expected.",1,1,org.joda.time.Chronology#year() | org.joda.time.DateMidnight#year() | org.joda.time.DateTime#year() | org.joda.time.DateTimeFieldType#year() | org.joda.time.LocalDate#year() | org.joda.time.LocalDateTime#year() | org.joda.time.MutableDateTime#year() | org.joda.time.YearMonth#year() | org.joda.time.YearMonthDay#year() | org.joda.time.chrono.AssembledChronology#year() | org.joda.time.chrono.BaseChronology#year() | org.joda.time.format.ISODateTimeFormat#year(),KU uniquely mentions the owner,joda-time:joda-time:2.4,org.joda.time.DateTime#year(),resolved_api,1,,,,,
JODATIME-0058,jodatime,TU,Interval,org.joda.time.Interval,org.joda.time.Interval,resolved,1,"Interval is the standard implementation of an immutable time interval. A time interval represents a period of time between two instants. Intervals are inclusive of the start instant and exclusive of the end. The end instant is always greater than or equal to the start instant. Intervals have a fixed millisecond duration. This is the difference between the start and end instants. The duration is represented separately by ReadableDuration . As a result, intervals are not comparable. To compare the length of two intervals, you should compare their durations. An interval can also be converted to a ReadablePeriod . This represents the difference between the start and end points in terms of fields such as years and days. Interval is thread-safe and immutable.",official_javadoc,joda-time:joda-time:2.4-javadoc.jar#org.joda.time.Interval,1,"## Intervals

An `Interval` in Joda-Time represents an interval of time from one instant to another instant. Both instants are fully specified instants in the datetime continuum, complete with time zone. 

`Intervals` are implemented as half-open, which is to say that the start instant is inclusive but the end instant is exclusive. The end is always greater than or equal to the start. Both end-points are restricted to having the same chronology and the same time zone. 

Two implementations are provided, `Interval` and `MutableInterval`, both are specializations of `ReadableInterval`.",1,1,org.joda.time.Interval,unique authoritative class,joda-time:joda-time:2.4,org.joda.time.Interval,resolved_api,1,,,,,
JODATIME-0059,jodatime,TU,Period,org.joda.time.Period,org.joda.time.Period,resolved,1,"An immutable time period specifying a set of duration field values. A time period is divided into a number of fields, such as hours and seconds. Which fields are supported is defined by the PeriodType class. The default is the standard period type, which supports years, months, weeks, days, hours, minutes, seconds and millis. When this time period is added to an instant, the effect is of adding each field in turn. As a result, this takes into account daylight savings time. Adding a time period of 1 day to the day before daylight savings starts will only add 23 hours rather than 24 to ensure that the time remains the same. If this is not the behaviour you want, then see Duration . The definition of a period also affects the equals method. A period of 1 day is not equal to a period of 24 hours, nor 1 hour equal to 60 minutes. This is because periods represent an abstracted definition of a time period (eg. a day may not actually be 24 hours, it might be 23 or 25 at daylight savings boundary). To compare the actual duration of two periods, convert both to durations using toDuration, an operation that emphasises that the result may differ according to the date you choose. Period is thread-safe and immutable, provided that the PeriodType is as well. All standard PeriodType classes supplied are thread-safe and immutable.",official_javadoc,joda-time:joda-time:2.4-javadoc.jar#org.joda.time.Period,1,"## Periods

A `Period` in Joda-Time represents a period of time defined in terms of fields, for example, 3 years 5 months 2 days and 7 hours. This differs from a duration in that it is inexact in terms of milliseconds. A period can only be resolved to an exact number of milliseconds by specifying the instant (including chronology and time zone) it is relative to. 

For example, consider a period of 1 month. If you add this period to the 1st February (ISO) then you will get the 1st March. If you add the same period to the 1st March you will get the 1st April. But the duration added (in milliseconds) in these two cases is very different. 

As a second example, consider adding 1 day at the daylight savings boundary. If you use a period to do the addition then either 23 or 25 hours will be added as appropriate. If you had created a duration equal to 24 hours, then you would end up with the wrong result. 

`Periods` are implemented as a set of `int` fields. The standard set of fields in a period are years, months, weeks, days, hours, minutes, seconds and millis. The `PeriodType` class allows this set of fields to be restricted, for example to elimate weeks. This is significant when converting a duration or interval to a period, as the calculation needs to know which period fields it should populate. 

Methods exist on periods to obtain each field value. `Periods` are not associated with either a chronology or a time zone. 

`Periods` can be added to an instant, or to either end of an interval to change those objects. In datetime maths you could say: 
    
    
          instant  +  period  =  instant
    

There are two implementations of the `ReadablePeriod` interface, `Period` and `MutablePeriod`.",1,1,org.joda.time.Period,unique authoritative class,joda-time:joda-time:2.4,org.joda.time.Period,resolved_api,1,,,,,
JODATIME-0060,jodatime,TU,DateTime,org.joda.time.DateTime,org.joda.time.DateTime,resolved,1,"DateTime is the standard implementation of an unmodifiable datetime class. DateTime is the most widely used implementation of ReadableInstant . As with all instants, it represents an exact point on the time-line, but limited to the precision of milliseconds. A DateTime calculates its fields with respect to a time zone . Internally, the class holds two pieces of data. Firstly, it holds the datetime as milliseconds from the Java epoch of 1970-01-01T00:00:00Z. Secondly, it holds a Chronology which determines how the millisecond instant value is converted into the date time fields. The default Chronology is ISOChronology which is the agreed international standard and compatible with the modern Gregorian calendar. Each individual field can be queried in two ways: getHourOfDay() hourOfDay().get() The second technique also provides access to other useful methods on the field: numeric value text value short text value maximum/minimum values add/subtract set rounding DateTime is thread-safe and immutable, provided that the Chronology is as well. All standard Chronology classes supplied are thread-safe and immutable.",official_javadoc,joda-time:joda-time:2.4-javadoc.jar#org.joda.time.DateTime,1,"### Modifying fields

One way to do this is to use methods on properties. To return to our prior example, if we wish to modify the `dt` object by changing its day-of-week field to Monday we can do so by using the `setCopy` method of the property: 
    
    
        DateTime result = dt.dayOfWeek().setCopy(DateTimeConstants.MONDAY),
    

Note: If the `DateTime` object is already set to Monday then the same object will be returned. 

To add to a date you could use the `addToCopy` method. 
    
    
        DateTime result = dt.dayOfWeek().addToCopy(3),",1,1,org.joda.time.DateTime,unique authoritative class,joda-time:joda-time:2.4,org.joda.time.DateTime,resolved_api,1,,,,,
JODATIME-0061,jodatime,SO,DateTimeConstants,org.joda.time.DateTimeConstants,org.joda.time.DateTimeConstants,resolved,1,"DateTimeConstants is a non-instantiable class of constants used in the date time system. These are the ISO8601 constants, but should be used by all chronologies. DateTimeConstants is thread-safe and immutable.",official_javadoc,joda-time:joda-time:2.4-javadoc.jar#org.joda.time.DateTimeConstants,1,"Get first day of a particular week in Joda-Time? java 

In Joda-Time, is there a way to get the date of the first day of the week(monday).

for instance i want to find out what date was this weeks monday based on todays current date 21/01/11

Cheers in advance.

edit: i also wish to find the date for the end of the week i.e sunday's date. cheers

Try LocalDate.withDayOfWeek:
    
    
    LocalDate now = new LocalDate();
    System.out.println(now.withDayOfWeek(DateTimeConstants.MONDAY)); //prints 2011-01-17
    System.out.println(now.withDayOfWeek(DateTimeConstants.SUNDAY)); //prints 2011-01-23",1,1,org.joda.time.DateTimeConstants,unique authoritative class,joda-time:joda-time:2.4,org.joda.time.DateTimeConstants,resolved_api,1,,,,,
JODATIME-0062,jodatime,SO,DateTime,org.joda.time.DateTime,org.joda.time.DateTime,resolved,1,"DateTime is the standard implementation of an unmodifiable datetime class. DateTime is the most widely used implementation of ReadableInstant . As with all instants, it represents an exact point on the time-line, but limited to the precision of milliseconds. A DateTime calculates its fields with respect to a time zone . Internally, the class holds two pieces of data. Firstly, it holds the datetime as milliseconds from the Java epoch of 1970-01-01T00:00:00Z. Secondly, it holds a Chronology which determines how the millisecond instant value is converted into the date time fields. The default Chronology is ISOChronology which is the agreed international standard and compatible with the modern Gregorian calendar. Each individual field can be queried in two ways: getHourOfDay() hourOfDay().get() The second technique also provides access to other useful methods on the field: numeric value text value short text value maximum/minimum values add/subtract set rounding DateTime is thread-safe and immutable, provided that the Chronology is as well. All standard Chronology classes supplied are thread-safe and immutable.",official_javadoc,joda-time:joda-time:2.4-javadoc.jar#org.joda.time.DateTime,1,"Xstream's jodatime Local Date display 

I'm using xstrem to serialise a jodatime local date into xml. However when output the generated xml the LocalDate is not in an easily readable format. See below:
    
    
    1316563200000
    
    

Any ideas how I can get xstream to display the date in a format that won't drive me up the wall?

Here's what I have used successfully. I believe I used the info at the link mentioned in the first post. 
    
    
    import java.lang.reflect.Constructor;
    import org.joda.time.DateTime;
    import com.thoughtworks.xstream.converters.Converter;
    import com.thoughtworks.xstream.converters.MarshallingContext;
    import com.thoughtworks.xstream.converters.UnmarshallingContext;
    import com.thoughtworks.xstream.io.HierarchicalStreamReader;
    import com.thoughtworks.xstream.io.HierarchicalStreamWriter;
    public final class JodaTimeConverter implements Converter {
    @Override
    @SuppressWarnings(""unchecked"")
    public boolean canConvert(final Class type) {
    return (type != null) && DateTime.class.getPackage().equals(type.getPackage());
    }
    @Override
    public void marshal(final Object source, final HierarchicalStreamWriter writer,
    final MarshallingContext context) {
    writer.setValue(source.toString());
    }
    @Override
    @SuppressWarnings(""unchecked"")
    public Object unmarshal(final HierarchicalStreamReader reader,
    final UnmarshallingContext context) {
    try {
    final Class requiredType = context.getRequiredType();
    final Constructor constructor = requiredType.getConstructor(Object.class);
    return constructor.newInstance(reader.getValue());
    } catch (final Exception e) {
    throw new RuntimeException(String.format(
    ""Exception while deserializing a Joda Time object: %s"", context.getRequiredType().getSimpleName()), e);
    }
    }
    }
    

You can register it like: 
    
    
    XStream xstream = new XStream(new StaxDriver());
    xstream.registerConverter(new JodaTimeConverter());",1,1,org.joda.time.DateTime,unique authoritative class,joda-time:joda-time:2.4,org.joda.time.DateTime,resolved_api,1,,,,,
JODATIME-0063,jodatime,SO,DateTimeFormat,org.joda.time.format.DateTimeFormat,org.joda.time.format.DateTimeFormat,resolved,1,"Factory that creates instances of DateTimeFormatter from patterns and styles. Datetime formatting is performed by the DateTimeFormatter class. Three classes provide factory methods to create formatters, and this is one. The others are ISODateTimeFormat and DateTimeFormatterBuilder . This class provides two types of factory: Pattern provides a DateTimeFormatter based on a pattern string that is mostly compatible with the JDK date patterns. Style provides a DateTimeFormatter based on a two character style, representing short, medium, long and full. For example, to use a patterm: DateTime dt = new DateTime(); DateTimeFormatter fmt = DateTimeFormat.forPattern(""MMMM, yyyy""); String str = fmt.print(dt); The pattern syntax is mostly compatible with java.text.SimpleDateFormat - time zone names cannot be parsed and a few more symbols are supported. All ASCII letters are reserved as pattern letters, which are defined as follows: Symbol Meaning Presentation Examples ------ ------- ------------ ------- G era text AD C century of era (>=0) number 20 Y year of era (>=0) year 1996 x weekyear year 1996 w week of weekyear number 27 e day of week number 2 E day of week text Tuesday; Tue y year year 1996 D day of year number 189 M month of year month July; Jul; 07 d day of month number 10 a halfday of day text PM K hour of halfday (0~11) number 0 h clockhour of halfday (1~12) number 12 H hour of day (0~23) number 0 k clockhour of day (1~24) number 24 m minute of hour number 30 s second of minute number 55 S fraction of second millis 978 z time zone text Pacific Standard Time; PST Z time zone offset/id zone -0800; -08:00; America/Los_Angeles ' escape for text delimiter '' single quote literal ' The count of pattern letters determine the format. Text : If the number of pattern letters is 4 or more, the full form is used; otherwise a short or abbreviated form is used if available. Number : The minimum number of digits. Shorter numbers are zero-padded to this amount. When parsing, any number of digits are accepted. Year : Numeric presentation for year and weekyear fields are handled specially. For example, if the count of 'y' is 2, the year will be displayed as the zero-based year of the century, which is two digits. Month : 3 or over, use text, otherwise use number. Millis : The exact number of fractional digits. If more millisecond digits are available then specified the number will be truncated, if there are fewer than specified then the number will be zero-padded to the right. When parsing, only the exact number of digits are accepted. Zone : 'Z' outputs offset without a colon, 'ZZ' outputs the offset with a colon, 'ZZZ' or more outputs the zone id. Zone names : Time zone names ('z') cannot be parsed. Any characters in the pattern that are not in the ranges of ['a'..'z'] and ['A'..'Z'] will be treated as quoted text. For instance, characters like ':', '.', ' ', '#' and '?' will appear in the resulting time text even they are not embraced within single quotes. DateTimeFormat is thread-safe and immutable, and the formatters it returns are as well.",official_javadoc,joda-time:joda-time:2.4-javadoc.jar#org.joda.time.format.DateTimeFormat,1,"Generating Random Date time in java (joda time) 

Is it possible to generate a random datetime using Jodatime such that the datetime has the format yyyy-MM-dd HH:MM:SS and it should be able to generate two random datetimes where Date2 minus Date1 will be greater than 2 minutes but less than 60minutes. Please suggest some method.

This follows quite strictly what you asked for (except for the corrected format).
    
    
    Random random = new Random();
    DateTime startTime = new DateTime(random.nextLong()).withMillisOfSecond(0);
    Minutes minimumPeriod = Minutes.TWO;
    int minimumPeriodInSeconds = minimumPeriod.toStandardSeconds().getSeconds();
    int maximumPeriodInSeconds = Hours.ONE.toStandardSeconds().getSeconds();
    Seconds randomPeriod = Seconds.seconds(random.nextInt(maximumPeriodInSeconds - minimumPeriodInSeconds));
    DateTime endTime = startTime.plus(minimumPeriod).plus(randomPeriod);
    DateTimeFormatter dateTimeFormatter = DateTimeFormat.forPattern(""yyyy-MM-dd HH:mm:ss"");
    System.out.println(dateTimeFormatter.print(startTime));
    System.out.println(dateTimeFormatter.print(endTime));
    

If you run this, you'll note that you'll get outrageous values for years, but that's simply the consequence of generating a random DateTime over the entire possible range of DateTime (or Date for that matter). But the same technique of limiting the end time to a certain range can be applied to the start time if you want.",1,1,org.joda.time.format.DateTimeFormat,unique authoritative class,joda-time:joda-time:2.4,org.joda.time.format.DateTimeFormat,resolved_api,1,,,,,
JODATIME-0064,jodatime,SO,DateTime,org.joda.time.DateTime,org.joda.time.DateTime,resolved,1,"DateTime is the standard implementation of an unmodifiable datetime class. DateTime is the most widely used implementation of ReadableInstant . As with all instants, it represents an exact point on the time-line, but limited to the precision of milliseconds. A DateTime calculates its fields with respect to a time zone . Internally, the class holds two pieces of data. Firstly, it holds the datetime as milliseconds from the Java epoch of 1970-01-01T00:00:00Z. Secondly, it holds a Chronology which determines how the millisecond instant value is converted into the date time fields. The default Chronology is ISOChronology which is the agreed international standard and compatible with the modern Gregorian calendar. Each individual field can be queried in two ways: getHourOfDay() hourOfDay().get() The second technique also provides access to other useful methods on the field: numeric value text value short text value maximum/minimum values add/subtract set rounding DateTime is thread-safe and immutable, provided that the Chronology is as well. All standard Chronology classes supplied are thread-safe and immutable.",official_javadoc,joda-time:joda-time:2.4-javadoc.jar#org.joda.time.DateTime,1,"Get Date in Java given Week number, week day and year 

Given Week of the year, the week day and the year, how can we get the Date in Java?

With Jodatime, I tried the following:
    
    
    DateTime dt = new DateTime();
    dt.withYear(year);
    dt.withWeekOfWeekyear(weekOfYear);
    dt.withDayOfWeek(weekDay);
    DateTimeFormatter dateTimeFormatter = DateTimeFormat.forPattern(""yyMMdd"");
    System.out.println(dateTimeFormatter.print(dt));
    

But it gets the current Date!

JodaTime returns a changed copy, so do:
    
    
    DateTime dt = new DateTime()
    .withYear(year)
    .withWeekOfWeekyear(weekOfYear)
    .withDayOfWeek(weekDay);
    DateTimeFormatter dateTimeFormatter = DateTimeFormat.forPattern(""yyMMdd"");
    System.out.println(dateTimeFormatter.print(dt));
    

And this should work as expected.",1,1,org.joda.time.DateTime,unique authoritative class,joda-time:joda-time:2.4,org.joda.time.DateTime,resolved_api,1,,,,,
JODATIME-0065,jodatime,SO,Instant,org.joda.time.Instant,org.joda.time.Instant,resolved,1,"Instant is the standard implementation of a fully immutable instant in time. Instant is an implementation of ReadableInstant . As with all instants, it represents an exact point on the time-line, but limited to the precision of milliseconds. An Instant should be used to represent a point in time irrespective of any other factor, such as chronology or time zone. Internally, the class holds one piece of data, the instant as milliseconds from the Java epoch of 1970-01-01T00:00:00Z. For example, an Instant can be used to compare two DateTime objects irrespective of chronology or time zone. boolean sameInstant = dt1.toInstant().equals(dt2.toInstant()); Note that the following code will also perform the same check: boolean sameInstant = dt1.isEqual(dt2); Instant is thread-safe and immutable.",official_javadoc,joda-time:joda-time:2.4-javadoc.jar#org.joda.time.Instant,1,"JodaTime - how to get current time in UTC 

I want to get the current time in UTC. What I do so far is following (just for testing purposes):
    
    
     DateTime dt = new DateTime();
    DateTimeZone tz = DateTimeZone.getDefault();
    LocalDateTime nowLocal = new LocalDateTime();
    DateTime nowUTC = nowLocal.toDateTime(DateTimeZone.UTC);
    Date d1 = nowLocal.toDate();
    Date d2 = nowUTC.toDate();
    L.d(""tz: "" + tz.toString());
    L.d(""local: "" + d1.toString());
    L.d(""utc: "" + d2.toString());
    

  * `d1` is my local time, that's fine
  * `d2` is my local time + 1, but should be local time - 1...



My local time zone is UTC+1 (according to the debug output and the list here: http://joda-time.sourceforge.net/timezones.html)...

How do I correctly convert from one time zone to another (inlcusive the millisecond representation)?

EDIT

I need the date/milliseconds... It's NOT about displaying the time correctly....

EDIT 2

Now, with the help of a comment and an answer, I tried following:
    
    
     DateTimeZone tz = DateTimeZone.getDefault();
    DateTime nowLocal = new DateTime();
    LocalDateTime nowUTC = nowLocal.withZone(DateTimeZone.UTC).toLocalDateTime();
    DateTime nowUTC2 = nowLocal.withZone(DateTimeZone.UTC);
    Date dLocal = nowLocal.toDate();
    Date dUTC = nowUTC.toDate();
    Date dUTC2 = nowUTC2.toDate();
    L.d(Temp.class, ""------------------------"");
    L.d(Temp.class, ""tz : "" + tz.toString());
    L.d(Temp.class, ""local : "" + nowLocal + "" | "" + dLocal.toString());
    L.d(Temp.class, ""utc : "" + nowUTC + "" | "" + dUTC.toString()); // <= WORKING SOLUTION
    L.d(Temp.class, ""utc2 : "" + nowUTC2 + "" | "" + dUTC2.toString());
    

OUTPUT
    
    
    tz : Europe/Belgrade
    local : 2015-01-02T15:31:38.241+01:00 | Fri Jan 02 15:31:38 MEZ 2015
    utc : 2015-01-02T14:31:38.241 | Fri Jan 02 14:31:38 MEZ 2015
    utc2 : 2015-01-02T14:31:38.241Z | Fri Jan 02 15:31:38 MEZ 2015
    

What I wanted was, that the local date displays 15 o'clock and utc date displays 14 o'clock... For now, this seems to work...

\----- EDIT3 - Final solution -----

Hopefully, this is a good solution... I think, i respects all tipps i got...
    
    
     DateTimeZone tz = DateTimeZone.getDefault();
    DateTime nowUTC = new DateTime(DateTimeZone.UTC);
    DateTime nowLocal = nowUTC.withZone(tz);
    // This will generate DIFFERENT Dates!!! As I want it!
    Date dLocal = nowLocal.toLocalDateTime().toDate();
    Date dUTC = nowUTC.toLocalDateTime().toDate();
    L.d(""tz : "" + tz.toString());
    L.d(""local : "" + nowLocal + "" | "" + dLocal.toString());
    L.d(""utc : "" + nowUTC + "" | "" + dUTC.toString());
    

Output:
    
    
    tz : Europe/Belgrade
    local : 2015-01-03T21:15:35.170+01:00 | Sat Jan 03 21:15:35 MEZ 2015
    utc : 2015-01-03T20:15:35.170Z | Sat Jan 03 20:15:35 MEZ 2015
    

You're making it far more complicated than you need to:
    
    
    DateTime dt = new DateTime(DateTimeZone.UTC);
    

No conversion required at all. If you find you actually need to convert, you can use `withZone`. I'd suggest you avoid going via `LocalDateTime`, however, as that way you can lose information due to time zone transitions (two different instants can have the same local time in the same time zone, because clocks go back and repeat local time.

Having said all of this, for the sake of testability I personally like using a `Clock` interface which allows me to get the current time (e.g. as an `Instant`). You can then use dependency injection to inject a real system clock when running in production, and a fake clock with a preset time for tests. Java 8's `java.time` package has this idea built into it, btw.",1,1,org.joda.time.Instant,unique authoritative class,joda-time:joda-time:2.4,org.joda.time.Instant,resolved_api,1,,,,,
JODATIME-0066,jodatime,SO,year(),org.joda.time.DateTime#year(),org.joda.time.DateTime,resolved,1,year public DateTime.Property year () Get the year property which provides access to advanced functionality. Returns: the year property,official_javadoc,joda-time:joda-time:2.4-javadoc.jar#org.joda.time.DateTime#year(),1,"What is a smarter way to check if a Joda-Time DateTime object does not represent the last day of the year? 

I am using Joda-Time and I would like to check if a specific date is not the last day of a year (in other words the date should not be 31/12/XXXX). It should work for any year.

To implement this check I have done something like this:
    
    
    DateTime dataSecondoMovimento = new DateTime(mappaQuote.get(2).getDatariferimentoprezzo());
    if(!(dataSecondoMovimento.getMonthOfYear() == 12 && dataSecondoMovimento.getDayOfMonth() == 31)) {
    System.out.println(""It is not the end of year !!!"");
    }
    

So basically I am checking if the month is not December and if the day is not 31 (both have to be true for it not to be the last day of year). I think that this should work fine.

My question: does Joda-Time provide a neater way of doing this? Does there exist a method of checking if a specific date is the last day of the year?

Currently Joda Time don't have direct implementation of getLastDayOfYear(), we have to use logical way to handle the last day of year, one way you tried or you can use alternate way as below 
    
    
     public int getDayOfYear() { //This is library method
    return getChronology().dayOfYear().get(getMillis());
    }
    if(!getDayOfYear() <=365 ||!getDayOfYear() <=366) { //Considering leap year
    System.out.println(""It is not the end of year !!!"");
    }",1,1,org.joda.time.Chronology#year() | org.joda.time.DateMidnight#year() | org.joda.time.DateTime#year() | org.joda.time.DateTimeFieldType#year() | org.joda.time.LocalDate#year() | org.joda.time.LocalDateTime#year() | org.joda.time.MutableDateTime#year() | org.joda.time.YearMonth#year() | org.joda.time.YearMonthDay#year() | org.joda.time.chrono.AssembledChronology#year() | org.joda.time.chrono.BaseChronology#year() | org.joda.time.format.ISODateTimeFormat#year(),KU uniquely mentions the owner,joda-time:joda-time:2.4,org.joda.time.DateTime#year(),resolved_api,1,,,,,
JODATIME-0067,jodatime,TU,MutableDateTime,org.joda.time.MutableDateTime,org.joda.time.MutableDateTime,resolved,1,"MutableDateTime is the standard implementation of a modifiable datetime class. It holds the datetime as milliseconds from the Java epoch of 1970-01-01T00:00:00Z. This class uses a Chronology internally. The Chronology determines how the millisecond instant value is converted into the date time fields. The default Chronology is ISOChronology which is the agreed international standard and compatible with the modern Gregorian calendar. Each individual field can be accessed in two ways: getHourOfDay() hourOfDay().get() The second technique also provides access to other useful methods on the field: get numeric value set numeric value add to numeric value add to numeric value wrapping with the field get text value get short text value set text value field maximum value field minimum value MutableDateTime is mutable and not thread-safe, unless concurrent threads are not invoking mutator methods.",official_javadoc,joda-time:joda-time:2.4-javadoc.jar#org.joda.time.MutableDateTime,1,"## Instants

The most frequently used concept in Joda-Time is that of the instant. An Instant is defined as a moment in the datetime continuum specified as a number of milliseconds from 1970-01-01T00:00Z. This definition of milliseconds is consistent with that of the JDK in `Date` or `Calendar`. Interoperating between the two APIs is thus simple. 

Within Joda-Time an instant is represented by the `ReadableInstant` interface. The main implementation of this interface, and the class that the average API user needs to be most familiar with, is `DateTime`. DateTime is immutable - and once created the values do not change. Thus, this class can safely be passed around and used in multiple threads without synchronization. 

The millisecond instant can be converted to any date time field using a Chronology. To assist with this, methods are provided on `DateTime` that act as getters for the most common date and time fields. 

We discuss the chronology concept a litte further on in this overview. 

A companion mutable class to `DateTime` is `MutableDateTime`. Objects of this class can be modified and are not thread-safe. 

Other implementations of `ReadableInstant` include `Instant` and `DateMidnight`.",1,1,org.joda.time.MutableDateTime,unique authoritative class,joda-time:joda-time:2.4,org.joda.time.MutableDateTime,resolved_api,1,,,,,
JODATIME-0068,jodatime,TU,DateTime,org.joda.time.DateTime,org.joda.time.DateTime,resolved,1,"DateTime is the standard implementation of an unmodifiable datetime class. DateTime is the most widely used implementation of ReadableInstant . As with all instants, it represents an exact point on the time-line, but limited to the precision of milliseconds. A DateTime calculates its fields with respect to a time zone . Internally, the class holds two pieces of data. Firstly, it holds the datetime as milliseconds from the Java epoch of 1970-01-01T00:00:00Z. Secondly, it holds a Chronology which determines how the millisecond instant value is converted into the date time fields. The default Chronology is ISOChronology which is the agreed international standard and compatible with the modern Gregorian calendar. Each individual field can be queried in two ways: getHourOfDay() hourOfDay().get() The second technique also provides access to other useful methods on the field: numeric value text value short text value maximum/minimum values add/subtract set rounding DateTime is thread-safe and immutable, provided that the Chronology is as well. All standard Chronology classes supplied are thread-safe and immutable.",official_javadoc,joda-time:joda-time:2.4-javadoc.jar#org.joda.time.DateTime,1,"### Construction

A datetime object is created by using a `DateTime` constructor. The default constructor is used as follows 
    
    
        DateTime dt = new DateTime(),
    

and creates a datetime object representing the current date and time in milliseconds as determined by the system clock. It is constructed using the ISO calendar in the default time zone. 

To create a datetime object representing a specific date and time, you may use an initialization string: 
    
    
        DateTime dt = new DateTime("",2004-12-13T21:39:45.618-08:00"",),
    

The initialization string must be in a format that is compatible with the ISO8601 standard. 

`DateTime` also provides other constructors to create a specific date and time using a variety of standard fields. This also permits the use of any calendar and timezone.",1,1,org.joda.time.DateTime,unique authoritative class,joda-time:joda-time:2.4,org.joda.time.DateTime,resolved_api,1,,,,,
JODATIME-0069,jodatime,TU,DateTime,org.joda.time.DateTime,org.joda.time.DateTime,resolved,1,"DateTime is the standard implementation of an unmodifiable datetime class. DateTime is the most widely used implementation of ReadableInstant . As with all instants, it represents an exact point on the time-line, but limited to the precision of milliseconds. A DateTime calculates its fields with respect to a time zone . Internally, the class holds two pieces of data. Firstly, it holds the datetime as milliseconds from the Java epoch of 1970-01-01T00:00:00Z. Secondly, it holds a Chronology which determines how the millisecond instant value is converted into the date time fields. The default Chronology is ISOChronology which is the agreed international standard and compatible with the modern Gregorian calendar. Each individual field can be queried in two ways: getHourOfDay() hourOfDay().get() The second technique also provides access to other useful methods on the field: numeric value text value short text value maximum/minimum values add/subtract set rounding DateTime is thread-safe and immutable, provided that the Chronology is as well. All standard Chronology classes supplied are thread-safe and immutable.",official_javadoc,joda-time:joda-time:2.4-javadoc.jar#org.joda.time.DateTime,1,"## Changing `Chronology`

The `DateTime` class also has one method for changing calendars. This allows you to change the calendar for a given moment in time. Thus if you want to get the datetime for the current time, but in the Buddhist Calendar, you would do 
    
    
        // get current moment in default time zone
        DateTime dt = new DateTime(),
        dt.getYear(),  // returns 2004
        // change to Buddhist chronology
        DateTime dtBuddhist = dt.withChronology(BuddhistChronology.getInstance()),
        dtBuddhist.getYear(),  // returns 2547
    

where `BuddhistChronology.getInstance()` is a factory method for obtaining a Buddhist chronology.",1,1,org.joda.time.DateTime,unique authoritative class,joda-time:joda-time:2.4,org.joda.time.DateTime,resolved_api,1,,,,,
JODATIME-0070,jodatime,SO,DateMidnight,org.joda.time.DateMidnight,org.joda.time.DateMidnight,resolved,1,"DateMidnight defines a date where the time component is fixed at midnight. The class uses a time zone, thus midnight is local unless a UTC time zone is used. It is important to emphasise that this class represents the time of midnight on any given day. Note that midnight is defined as 00:00, which is at the very start of a day. This class does not represent a day, but the millisecond instant at midnight. If you need a class that represents the whole day, then an Interval or a LocalDate may be more suitable. This class uses a Chronology internally. The Chronology determines how the millisecond instant value is converted into the date time fields. The default Chronology is ISOChronology which is the agreed international standard and compatable with the modern Gregorian calendar. Each individual field can be queried in two ways: getDayOfMonth() dayOfMonth().get() The second technique also provides access to other useful methods on the field: numeric value text value short text value maximum/minimum values add/subtract set rounding DateMidnight is thread-safe and immutable, provided that the Chronology is as well. All standard Chronology classes supplied are thread-safe and immutable.",official_javadoc,joda-time:joda-time:2.4-javadoc.jar#org.joda.time.DateMidnight,1,"In Joda-Time, set DateTime to start of month 

My API allows library client to pass Date:
    
    
    method(java.util.Date date)
    

Working with Joda-Time, from this date I would like to extract the month and iterate over all days this month contains.

Now, the passed date is usually new Date() \- meaning current instant. My problem actually is setting the new DateMidnight(jdkDate) instance to be at the start of the month.

Could someone please demonstrates this use case with Joda-Time?

Midnight at the start of the first day of the current month is given by:
    
    
    // first midnight in this month
    DateMidnight first = new DateMidnight().withDayOfMonth(1);
    // last midnight in this month
    DateMidnight last = first.plusMonths(1).minusDays(1);
    

If starting from a java.util.Date, a different DateMidnight constructor is used: 
    
    
    // first midnight in java.util.Date's month
    DateMidnight first = new DateMidnight( date ).withDayOfMonth(1);
    

Joda Time java doc - http://joda-time.sourceforge.net/api-release/index.html",1,1,org.joda.time.DateMidnight,unique authoritative class,joda-time:joda-time:2.4,org.joda.time.DateMidnight,resolved_api,1,,,,,
JODATIME-0071,jodatime,SO,Period,org.joda.time.Period,org.joda.time.Period,resolved,1,"An immutable time period specifying a set of duration field values. A time period is divided into a number of fields, such as hours and seconds. Which fields are supported is defined by the PeriodType class. The default is the standard period type, which supports years, months, weeks, days, hours, minutes, seconds and millis. When this time period is added to an instant, the effect is of adding each field in turn. As a result, this takes into account daylight savings time. Adding a time period of 1 day to the day before daylight savings starts will only add 23 hours rather than 24 to ensure that the time remains the same. If this is not the behaviour you want, then see Duration . The definition of a period also affects the equals method. A period of 1 day is not equal to a period of 24 hours, nor 1 hour equal to 60 minutes. This is because periods represent an abstracted definition of a time period (eg. a day may not actually be 24 hours, it might be 23 or 25 at daylight savings boundary). To compare the actual duration of two periods, convert both to durations using toDuration, an operation that emphasises that the result may differ according to the date you choose. Period is thread-safe and immutable, provided that the PeriodType is as well. All standard PeriodType classes supplied are thread-safe and immutable.",official_javadoc,joda-time:joda-time:2.4-javadoc.jar#org.joda.time.Period,1,"How to calculate difference ONLY in months using Java's Joda API 

I am writing a program that is supposed to just calculate the months between 2 given dates and return the value to the program. For instance, if I have to calculate the number of months between 1 April and 30 June (which is a quarter, 3 months), and I use the following code: 
    
    
     DateTime start = new DateTime().withDate(2011, 4, 1);
    DateTime end = new DateTime().withDate(2011, 6, 30);
    Months mt = Months.monthsBetween(start, end);
    int monthDiff = mt.getMonths();
    

Using this, I am still getting ""2"" as the number of months, whereas it is actually ""3"" months. This is an example of what I want. I am only calculating the number of months (i.e. from 1st of the start month t the last date of the end month) and I dont need additional analysis like days, weeks, hours, etc. How do I achieve this?

Any help would be appreciated. 
    
    
    DateTime start = new DateTime().withDate(2011, 4, 1);
    DateTime end = new DateTime().withDate(2011, 6, 30);
    Period p = new Period(start, end, PeriodType.months().withDaysRemoved());
    int months = p.getMonths() + 1;
    

You need the `withDaysRemoved()` part to ensure that adding one to the number of months works. Otherwise two dates such as `2011-04-15` and `2011-06-14` would still result in the answer being `2`",1,1,org.joda.time.Period,unique authoritative class,joda-time:joda-time:2.4,org.joda.time.Period,resolved_api,1,,,,,
JODATIME-0072,jodatime,SO,DateTimeConstants,org.joda.time.DateTimeConstants,org.joda.time.DateTimeConstants,resolved,1,"DateTimeConstants is a non-instantiable class of constants used in the date time system. These are the ISO8601 constants, but should be used by all chronologies. DateTimeConstants is thread-safe and immutable.",official_javadoc,joda-time:joda-time:2.4-javadoc.jar#org.joda.time.DateTimeConstants,1,"Joda time - all mondays between two dates 

I am using Joda time api in a Spring 3.0 project for the very first time. Now I have a start and end date and I want to get the date for all mondays between these two dates. How can I do this ? 

I have no idea where to start, can someone please advise. I looked at theis post Joda Time: How to get dates of weekdays on some date interval? and it offered some sort of guidance but its still somewhat vague due to little experience with joda. 
    
    
    LocalDate startDate = new LocalDate(2011, 11, 8);
    LocalDate endDate = new LocalDate(2012, 5, 1);
    LocalDate thisMonday = startDate.withDayOfWeek(DateTimeConstants.MONDAY);
    if (startDate.isAfter(thisMonday)) {
    startDate = thisMonday.plusWeeks(1); // start on next monday
    } else {
    startDate = thisMonday; // start on this monday
    }
    while (startDate.isBefore(endDate)) {
    System.out.println(startDate);
    startDate = startDate.plusWeeks(1);
    }",1,1,org.joda.time.DateTimeConstants,unique authoritative class,joda-time:joda-time:2.4,org.joda.time.DateTimeConstants,resolved_api,1,,,,,
JODATIME-0073,jodatime,SO,DateTime,org.joda.time.DateTime,org.joda.time.DateTime,resolved,1,"DateTime is the standard implementation of an unmodifiable datetime class. DateTime is the most widely used implementation of ReadableInstant . As with all instants, it represents an exact point on the time-line, but limited to the precision of milliseconds. A DateTime calculates its fields with respect to a time zone . Internally, the class holds two pieces of data. Firstly, it holds the datetime as milliseconds from the Java epoch of 1970-01-01T00:00:00Z. Secondly, it holds a Chronology which determines how the millisecond instant value is converted into the date time fields. The default Chronology is ISOChronology which is the agreed international standard and compatible with the modern Gregorian calendar. Each individual field can be queried in two ways: getHourOfDay() hourOfDay().get() The second technique also provides access to other useful methods on the field: numeric value text value short text value maximum/minimum values add/subtract set rounding DateTime is thread-safe and immutable, provided that the Chronology is as well. All standard Chronology classes supplied are thread-safe and immutable.",official_javadoc,joda-time:joda-time:2.4-javadoc.jar#org.joda.time.DateTime,1,"How to convert from java.util.date to JodaTime and get same date 

I follow this question: Convert from java.util.date to JodaTime

I have date: Sun Jan 01 00:00:00 CET 1854 now I want to convert it to joda datetime:

> DateTime dateTime = new DateTime(date);

and now when I print this date I got: 1853-12-31T23:57:44.000+00:57:44

what is wrong and why my date changed ? How I can get the same date ?

UPDATE:

I get date using calendar:
    
    
    Calendar cal1 = Calendar.getInstance();
    cal1.set(1854, 0, 1, 0, 0, 0);
    cal1.getTime()
    

UPDATE2:

propably there is problem with milseconds:
    
    
     Calendar cal1 = Calendar.getInstance();
    cal1.set(1854, 0, 1, 0, 0, 0);
    DateTime start = new DateTime(1854, 1, 1, 0, 0, 0);
    System.out.println(start.getMillis());
    System.out.println(cal1.getTime().getTime());
    

because this code return:
    
    
    -3660598664000
    -3660598799438
    

but I dont know why

UPDATE3:

ok I solve it. Is isnt nice but it works what is important 
    
    
     Calendar calendar = Calendar.getInstance();
    calendar.setTime(datum);
    DateTime current = new DateTime(calendar.get(Calendar.YEAR), calendar.get(Calendar.MONTH) + 1,
    calendar.get(Calendar.DAY_OF_MONTH), 0, 0, 0);",1,1,org.joda.time.DateTime,unique authoritative class,joda-time:joda-time:2.4,org.joda.time.DateTime,resolved_api,1,,,,,
JODATIME-0074,jodatime,SO,Period,org.joda.time.Period,org.joda.time.Period,resolved,1,"An immutable time period specifying a set of duration field values. A time period is divided into a number of fields, such as hours and seconds. Which fields are supported is defined by the PeriodType class. The default is the standard period type, which supports years, months, weeks, days, hours, minutes, seconds and millis. When this time period is added to an instant, the effect is of adding each field in turn. As a result, this takes into account daylight savings time. Adding a time period of 1 day to the day before daylight savings starts will only add 23 hours rather than 24 to ensure that the time remains the same. If this is not the behaviour you want, then see Duration . The definition of a period also affects the equals method. A period of 1 day is not equal to a period of 24 hours, nor 1 hour equal to 60 minutes. This is because periods represent an abstracted definition of a time period (eg. a day may not actually be 24 hours, it might be 23 or 25 at daylight savings boundary). To compare the actual duration of two periods, convert both to durations using toDuration, an operation that emphasises that the result may differ according to the date you choose. Period is thread-safe and immutable, provided that the PeriodType is as well. All standard PeriodType classes supplied are thread-safe and immutable.",official_javadoc,joda-time:joda-time:2.4-javadoc.jar#org.joda.time.Period,1,"How to subtract two joda datetimes? 

I know this isn't ""the way it's supposed to work"", but still: If you have two DateTime objects, what's a good way to subtract them? Convert them to Date objects?
    
    
    DateTime start = new DateTime();
    System.out.println(start + "" - doing some stuff"");
    // do stuff
    DateTime end = new DateTime();
    Period diff = // end - start ???
    System.out.println(end + "" - doing some stuff took diff seconds"");
    

Period has a constructor that takes two `ReadableInstant` instances:
    
    
    Period diff = new Period(start, end);
    

(`ReadableInstant` is an interface implemented by `DateTime`, as well as other classes.)",1,1,org.joda.time.Period,unique authoritative class,joda-time:joda-time:2.4,org.joda.time.Period,resolved_api,1,,,,,
JODATIME-0075,jodatime,SO,DateTime,org.joda.time.DateTime,org.joda.time.DateTime,resolved,1,"DateTime is the standard implementation of an unmodifiable datetime class. DateTime is the most widely used implementation of ReadableInstant . As with all instants, it represents an exact point on the time-line, but limited to the precision of milliseconds. A DateTime calculates its fields with respect to a time zone . Internally, the class holds two pieces of data. Firstly, it holds the datetime as milliseconds from the Java epoch of 1970-01-01T00:00:00Z. Secondly, it holds a Chronology which determines how the millisecond instant value is converted into the date time fields. The default Chronology is ISOChronology which is the agreed international standard and compatible with the modern Gregorian calendar. Each individual field can be queried in two ways: getHourOfDay() hourOfDay().get() The second technique also provides access to other useful methods on the field: numeric value text value short text value maximum/minimum values add/subtract set rounding DateTime is thread-safe and immutable, provided that the Chronology is as well. All standard Chronology classes supplied are thread-safe and immutable.",official_javadoc,joda-time:joda-time:2.4-javadoc.jar#org.joda.time.DateTime,1,"Adding one month to date fails using Joda-Time DateTime in Java 

I tried to add full months from a given start date by using java `DateTime` and method `plusMonths()`.

When my start time is at the beginning of a month, everything works like expected:
    
    
    DateTime startOfMonth = new DateTime(2013, 1, 1, 00, 00, 00);
    System.out.println(startOfMonth.toString());
    for (int i = 0; i < 12; i++) {
    startOfMonth = startOfMonth.plusMonths(1);
    System.out.println(startOfMonth.toString());
    }
    

The output is the first day of every month like expected and everything is great!
    
    
    2013-01-01T00:00:00.000+01:00
    2013-02-01T00:00:00.000+01:00
    2013-03-01T00:00:00.000+01:00
    2013-04-01T00:00:00.000+02:00
    2013-05-01T00:00:00.000+02:00
    2013-06-01T00:00:00.000+02:00
    2013-07-01T00:00:00.000+02:00
    2013-08-01T00:00:00.000+02:00
    2013-09-01T00:00:00.000+02:00
    2013-10-01T00:00:00.000+02:00
    2013-11-01T00:00:00.000+01:00
    2013-12-01T00:00:00.000+01:00
    2014-01-01T00:00:00.000+01:00
    

But when I change my example to the end of a month it doesn't return what I want!
    
    
    System.out.println("""");
    DateTime endOfMonth = new DateTime(2012, 12, 31, 23, 59, 59);
    System.out.println(endOfMonth.toString());
    for (int i = 0; i < 12; i++) {
    endOfMonth = endOfMonth.plusMonths(1);
    System.out.println(endOfMonth.toString());
    }
    

This returns:
    
    
    2012-12-31T23:59:59.000+01:00
    2013-01-31T23:59:59.000+01:00
    2013-02-28T23:59:59.000+01:00
    2013-03-28T23:59:59.000+01:00
    2013-04-28T23:59:59.000+02:00
    2013-05-28T23:59:59.000+02:00
    2013-06-28T23:59:59.000+02:00
    2013-07-28T23:59:59.000+02:00
    2013-08-28T23:59:59.000+02:00
    2013-09-28T23:59:59.000+02:00
    2013-10-28T23:59:59.000+01:00
    2013-11-28T23:59:59.000+01:00
    2013-12-28T23:59:59.000+01:00
    

So, why is `""2013-02-28T23:59:59.000+01:00""` plus one month not `""2013-03-31T23:59:59.000+01:00""`? Where are these three days?

The problem with date operations is that months have different number of days. In January, you have 31 days, February has only 28. If you add ""one month"" to January 31st, the software can't guess what you want to achieve, so it adds increments the month which gives you February, 31st - which isn't valid. The next step is then to reconcile the date which yields these odd results that you're seeing.

Note: In the original Java Date classes, you'd get 2nd or 3rd of March after adding one month to January which isn't exactly better :-)

The correct way to iterate over the end of month is to iterate over the first day of then month and the subtract one day (or one millisecond):
    
    
    DateTime startOfMonth = new DateTime(2013, 1, 1, 00, 00, 00);
    System.out.println(startOfMonth.toString());
    for (int i = 0; i < 12; i++) {
    startOfMonth = startOfMonth.plusMonths(1);
    DateTime endOfMonth = startOfMonth.minusDays(1); // magic here
    System.out.println(startOfMonth + ""-"" + endOfMonth);
    }
    

If you just need a date range, use an half open range `[start,end)` where `end` is always the first of a month.",1,1,org.joda.time.DateTime,unique authoritative class,joda-time:joda-time:2.4,org.joda.time.DateTime,resolved_api,1,,,,,
JODATIME-0076,jodatime,TU,PeriodType,org.joda.time.PeriodType,org.joda.time.PeriodType,resolved,1,"Controls a period implementation by specifying which duration fields are to be used. The following implementations are provided: Standard - years, months, weeks, days, hours, minutes, seconds, millis YearMonthDayTime - years, months, days, hours, minutes, seconds, millis YearMonthDay - years, months, days YearWeekDayTime - years, weeks, days, hours, minutes, seconds, millis YearWeekDay - years, weeks, days YearDayTime - years, days, hours, minutes, seconds, millis YearDay - years, days, hours DayTime - days, hours, minutes, seconds, millis Time - hours, minutes, seconds, millis plus one for each single type PeriodType is thread-safe and immutable, and all subclasses must be as well.",official_javadoc,joda-time:joda-time:2.4-javadoc.jar#org.joda.time.PeriodType,1,"## Periods

A period in Joda-Time represents a period of time defined in terms of fields, for example, 3 years 5 months 2 days and 7 hours. This differs from a duration in that it is inexact in terms of milliseconds. A period can only be resolved to an exact number of milliseconds by specifying the instant (including chronology and time zone) it is relative to. 

For example, consider a period of 1 month. If you add this period to the 1st February (ISO) then you will get the 1st March. If you add the same period to the 1st March you will get the 1st April. But the duration added (in milliseconds) in these two cases is very different. 

As a second example, consider adding 1 day at the daylight savings boundary. If you use a period to do the addition then either 23 or 25 hours will be added as appropriate. If you had created a duration equal to 24 hours, then you would end up with the wrong result. 

Periods are implemented as a set of `int` fields. The standard set of fields in a period are years, months, weeks, days, hours, minutes, seconds and millis. The `PeriodType` class allows this set of fields to be restricted, for example to elimate weeks. This is significant when converting a duration or interval to a period, as the calculation needs to know which period fields it should populate. 

Methods exist on periods to obtain each field value. Periods are not associated with either a chronology or a time zone. 

Periods can be added to an instant, or to either end of an interval to change those objects. In datetime maths you could say: 
    
    
          instant  +  period  =  instant
    

There are two implementations of the `ReadablePeriod` interface, `Period` and `MutablePeriod`.",1,1,org.joda.time.PeriodType,unique authoritative class,joda-time:joda-time:2.4,org.joda.time.PeriodType,resolved_api,1,,,,,
JODATIME-0077,jodatime,TU,MutableDateTime,org.joda.time.MutableDateTime,org.joda.time.MutableDateTime,resolved,1,"MutableDateTime is the standard implementation of a modifiable datetime class. It holds the datetime as milliseconds from the Java epoch of 1970-01-01T00:00:00Z. This class uses a Chronology internally. The Chronology determines how the millisecond instant value is converted into the date time fields. The default Chronology is ISOChronology which is the agreed international standard and compatible with the modern Gregorian calendar. Each individual field can be accessed in two ways: getHourOfDay() hourOfDay().get() The second technique also provides access to other useful methods on the field: get numeric value set numeric value add to numeric value add to numeric value wrapping with the field get text value get short text value set text value field maximum value field minimum value MutableDateTime is mutable and not thread-safe, unless concurrent threads are not invoking mutator methods.",official_javadoc,joda-time:joda-time:2.4-javadoc.jar#org.joda.time.MutableDateTime,1,"### Using a MutableDateTime

The methods outlined above are suitable for simple calculations involving one or two fields. In situations where multiple fields need to be modified, it is more efficient to create a mutable copy of the datetime, modify the copy and finally create a new value datetime. 
    
    
        MutableDateTime mdt = dt.toMutableDateTime(),
        // perform various calculations on mdt
        ...
        DateTime result = mdt.toDateTime(),
    

`MutableDateTime` has a number of methods, including standard setters, for directly modifying the datetime.",1,1,org.joda.time.MutableDateTime,unique authoritative class,joda-time:joda-time:2.4,org.joda.time.MutableDateTime,resolved_api,1,,,,,
JODATIME-0078,jodatime,TU,JodaTimePermission,org.joda.time.JodaTimePermission,org.joda.time.JodaTimePermission,resolved,1,"JodaTimePermission is used for securing global method calls in the Joda-Time library. Since this class extends BasicPermission, asterisks may be used to denote wildcard permissions. The following permissions are supported: DateTimeZone .setDefault Allows a default DateTimeZone to be set .setProvider Allows the DateTimeZone instance provider to be set .setNameProvider Allows the DateTimeZone name provider to be set ConverterManager .alterInstantConverters Allows an instant converter to be added or removed .alterPartialConverters Allows a partial converter to be added or removed .alterDurationConverters Allows a duration converter to be added or removed .alterPeriodConverters Allows a period converter to be added or removed .alterIntervalConverters Allows an interval converter to be added or removed CurrentTime.setProvider Allows the current time provider to be set JodaTimePermission is thread-safe and immutable.",official_javadoc,joda-time:joda-time:2.4-javadoc.jar#org.joda.time.JodaTimePermission,1,"### Security

Joda-Time includes hooks into the standard JDK security scheme for sensitive changes. These include changing the time zone handler, changing the current time and changing the converters. See `JodaTimePermission` for details.",1,1,org.joda.time.JodaTimePermission,unique authoritative class,joda-time:joda-time:2.4,org.joda.time.JodaTimePermission,resolved_api,1,,,,,
JODATIME-0079,jodatime,SO,DateMidnight,org.joda.time.DateMidnight,org.joda.time.DateMidnight,resolved,1,"DateMidnight defines a date where the time component is fixed at midnight. The class uses a time zone, thus midnight is local unless a UTC time zone is used. It is important to emphasise that this class represents the time of midnight on any given day. Note that midnight is defined as 00:00, which is at the very start of a day. This class does not represent a day, but the millisecond instant at midnight. If you need a class that represents the whole day, then an Interval or a LocalDate may be more suitable. This class uses a Chronology internally. The Chronology determines how the millisecond instant value is converted into the date time fields. The default Chronology is ISOChronology which is the agreed international standard and compatable with the modern Gregorian calendar. Each individual field can be queried in two ways: getDayOfMonth() dayOfMonth().get() The second technique also provides access to other useful methods on the field: numeric value text value short text value maximum/minimum values add/subtract set rounding DateMidnight is thread-safe and immutable, provided that the Chronology is as well. All standard Chronology classes supplied are thread-safe and immutable.",official_javadoc,joda-time:joda-time:2.4-javadoc.jar#org.joda.time.DateMidnight,1,"LocalDate interval in Joda-time 

Joda-time has an Interval class, which is a range between DateTimes. What can be used for a range of LocalDates?

I want an object that represents, for example ""from 1/1/2011 to 10/1/2011"", without the time (or timezones) ever coming into the picture.

As far as I see, joda-time doesn't have anything built in for that. If there doesn't exist anything for it, and we'd create it, what should it look like? Most importantly, which interfaces from joda-time could it implement to best integrate into the other types, staying consistent with the joda-time design? Would it make sense for it to implement `ReadableInterval`, where `getStart` and `getEnd` return `DateMidnight`?

The Interval class represents an interval of time from one millisecond instant to another instant (complete with timezone). DateMidnight is such an instant. So your proposed implementation of an interval for DateMidnights is allready there.
    
    
    Interval i = new Interval(
    new DateMidnight(2010, 3, 2), new DateMidnight(2010, 3, 5));
    i.contains(new DateTime(2010, 3, 1, 23, 59, 59, 999)); // == false
    i.contains(new DateTime(2010, 3, 2, 0, 0, 0, 0)); // == true
    i.contains(new DateTime(2010, 3, 4, 23, 59, 59, 999)); // == true
    i.contains(new DateTime(2010, 3, 5, 0, 0, 0, 0)); // == false
    

However the concept of your searched interval for LocalDates aka a Partial (without timezones) is not yet existent. If you're going to implement it for yourself, don't implement any interval interfaces at all. It would interfere with your wishes, because it is, as stated before, based on instants.",1,1,org.joda.time.DateMidnight,unique authoritative class,joda-time:joda-time:2.4,org.joda.time.DateMidnight,resolved_api,1,,,,,
JODATIME-0080,jodatime,SO,Instant,org.joda.time.Instant,org.joda.time.Instant,resolved,1,"Instant is the standard implementation of a fully immutable instant in time. Instant is an implementation of ReadableInstant . As with all instants, it represents an exact point on the time-line, but limited to the precision of milliseconds. An Instant should be used to represent a point in time irrespective of any other factor, such as chronology or time zone. Internally, the class holds one piece of data, the instant as milliseconds from the Java epoch of 1970-01-01T00:00:00Z. For example, an Instant can be used to compare two DateTime objects irrespective of chronology or time zone. boolean sameInstant = dt1.toInstant().equals(dt2.toInstant()); Note that the following code will also perform the same check: boolean sameInstant = dt1.isEqual(dt2); Instant is thread-safe and immutable.",official_javadoc,joda-time:joda-time:2.4-javadoc.jar#org.joda.time.Instant,1,"How to handle jodatime Illegal instant due to time zone offset transition 

I want to set up joda `DateTime` to today at 2 AM (see sample code below). But I'm getting this exception:
    
    
    Exception in thread ""main"" org.joda.time.IllegalFieldValueException: Value 2 for hourOfDay is not supported: Illegal instant due to time zone offset transition: 2011-03-27T02:52:05.239 (Europe/Prague)
    at org.joda.time.chrono.ZonedChronology$ZonedDateTimeField.set(ZonedChronology.java:469)
    at org.joda.time.MutableDateTime.setHourOfDay(MutableDateTime.java:702)
    

What is the correct way to the handle exception above or to create a `DateTime` at a particular hour of day?

Sample code:
    
    
    MutableDateTime now = new MutableDateTime();
    now.setHourOfDay(2);
    now.setMinuteOfHour(0);
    now.setSecondOfMinute(0);
    now.setMillisOfSecond(0);
    DateTime myDate = now.toDateTime();
    

Thanks.

It seems like you're trying to get from a specific local time to a `DateTime` instance and you want that to be robust against daylight savings. Try this... (note I'm in US/Eastern, so our transition date was 13 Mar 11; I had to find the right date to get the exception you got today. Updated my code below for CET, which transitions today.) The insight here is that Joda provides `LocalDateTime` to let you reason about a local wall-clock setting and whether it's legal in your timezone or not. In this case, I just add an hour if the time doesn't exist (your application has to decide if this is the right policy.)
    
    
    import org.joda.time.DateTime;
    import org.joda.time.DateTimeZone;
    import org.joda.time.LocalDateTime;
    class TestTz {
    public static void main(String[] args)
    {
    final DateTimeZone dtz = DateTimeZone.forID(""CET"");
    LocalDateTime ldt = new LocalDateTime(dtz)
    .withYear(2011)
    .withMonthOfYear(3)
    .withDayOfMonth(27)
    .withHourOfDay(2);
    // this is just here to illustrate I'm solving the problem; 
    // don't need in operational code
    try {
    DateTime myDateBorken = ldt.toDateTime(dtz);
    } catch (IllegalArgumentException iae) {
    System.out.println(""Sure enough, invalid instant due to time zone offset transition!"");
    }
    if (dtz.isLocalDateTimeGap(ldt)) {
    ldt = ldt.withHourOfDay(3);
    }
    DateTime myDate = ldt.toDateTime(dtz);
    System.out.println(""No problem: ""+myDate);
    }
    }
    

This code produces:
    
    
    Sure enough, invalid instant due to time zone offset transition!
    No problem: 2011-03-27T03:00:00.000+02:00",1,1,org.joda.time.Instant,unique authoritative class,joda-time:joda-time:2.4,org.joda.time.Instant,resolved_api,1,,,,,
JODATIME-0081,jodatime,SO,DateTimeConstants,org.joda.time.DateTimeConstants,org.joda.time.DateTimeConstants,resolved,1,"DateTimeConstants is a non-instantiable class of constants used in the date time system. These are the ISO8601 constants, but should be used by all chronologies. DateTimeConstants is thread-safe and immutable.",official_javadoc,joda-time:joda-time:2.4-javadoc.jar#org.joda.time.DateTimeConstants,1,"Calculating dates given two dates excluding weekend 

I am using Joda time api in a Spring 3.0 project for to calculate dates. Now I have a start and end date and I want to get everyday exept weekend or Saturday or Sunday between these two dates. How can I achieve this ? 

I looked at this post Joda time - all mondays between two dates. It offered some guidance but still vague as how to exclude two dates.

I assume your question is how to

> get every day except weekend or Saturday or Sunday between two dates.

Solution :
    
    
    public static void main(String[] args) {
    final LocalDate start = LocalDate.now();
    final LocalDate end = new LocalDate(2012, 1, 14);
    LocalDate weekday = start;
    if (start.getDayOfWeek() == DateTimeConstants.SATURDAY ||
    start.getDayOfWeek() == DateTimeConstants.SUNDAY) {
    weekday = weekday.plusWeeks(1).withDayOfWeek(DateTimeConstants.MONDAY);
    }
    while (weekday.isBefore(end)) {
    System.out.println(weekday);
    if (weekday.getDayOfWeek() == DateTimeConstants.FRIDAY)
    weekday = weekday.plusDays(3);
    else
    weekday = weekday.plusDays(1);
    }
    }",1,1,org.joda.time.DateTimeConstants,unique authoritative class,joda-time:joda-time:2.4,org.joda.time.DateTimeConstants,resolved_api,1,,,,,
JODATIME-0082,jodatime,SO,DateTime,org.joda.time.DateTime,org.joda.time.DateTime,resolved,1,"DateTime is the standard implementation of an unmodifiable datetime class. DateTime is the most widely used implementation of ReadableInstant . As with all instants, it represents an exact point on the time-line, but limited to the precision of milliseconds. A DateTime calculates its fields with respect to a time zone . Internally, the class holds two pieces of data. Firstly, it holds the datetime as milliseconds from the Java epoch of 1970-01-01T00:00:00Z. Secondly, it holds a Chronology which determines how the millisecond instant value is converted into the date time fields. The default Chronology is ISOChronology which is the agreed international standard and compatible with the modern Gregorian calendar. Each individual field can be queried in two ways: getHourOfDay() hourOfDay().get() The second technique also provides access to other useful methods on the field: numeric value text value short text value maximum/minimum values add/subtract set rounding DateTime is thread-safe and immutable, provided that the Chronology is as well. All standard Chronology classes supplied are thread-safe and immutable.",official_javadoc,joda-time:joda-time:2.4-javadoc.jar#org.joda.time.DateTime,1,"How to format Joda-Time DateTime to only mm/dd/yyyy? 

I have a string ""`11/15/2013 08:00:00`"", I want to format it to ""`11/15/2013`"", what is the correct `DateTimeFormatter` pattern?

I've tried many and googled and still unable to find the correct pattern.

edit: I am looking for Joda-Time `DateTimeFormatter`, not Java's SimpleDateFormat..

Create a `DateTimeFormatter` using `DateTimeFormat.forPattern(String)`

Using Joda time you would do it like this:
    
    
    String dateTime = ""11/15/2013 08:00:00"";
    // Format for input
    DateTimeFormatter dtf = DateTimeFormat.forPattern(""MM/dd/yyyy HH:mm:ss"");
    // Parsing the date
    DateTime jodatime = dtf.parseDateTime(dateTime);
    // Format for output
    DateTimeFormatter dtfOut = DateTimeFormat.forPattern(""MM/dd/yyyy"");
    // Printing the date
    System.out.println(dtfOut.print(jodatime));
    

Also, if you wanted to use standard Java, you would do it like this:
    
    
    // Format for input
    SimpleDateFormat dateParser = new SimpleDateFormat(""MM/dd/yyyy HH:mm:ss"");
    // Parsing the date
    Date date = dateParser.parse(dateTime);
    // Format for output
    SimpleDateFormat dateFormatter = new SimpleDateFormat(""MM/dd/yyyy"");
    // Printing the date
    System.out.println(dateFormatter.format(date));",1,1,org.joda.time.DateTime,unique authoritative class,joda-time:joda-time:2.4,org.joda.time.DateTime,resolved_api,1,,,,,
JODATIME-0083,jodatime,SO,dayOfYear(),org.joda.time.DateTime#dayOfYear(),org.joda.time.DateTime,resolved,1,dayOfYear public DateTime.Property dayOfYear () Get the day of year property which provides access to advanced functionality. Returns: the day of year property,official_javadoc,joda-time:joda-time:2.4-javadoc.jar#org.joda.time.DateTime#dayOfYear(),1,"What is a smarter way to check if a Joda-Time DateTime object does not represent the last day of the year? 

I am using Joda-Time and I would like to check if a specific date is not the last day of a year (in other words the date should not be 31/12/XXXX). It should work for any year.

To implement this check I have done something like this:
    
    
    DateTime dataSecondoMovimento = new DateTime(mappaQuote.get(2).getDatariferimentoprezzo());
    if(!(dataSecondoMovimento.getMonthOfYear() == 12 && dataSecondoMovimento.getDayOfMonth() == 31)) {
    System.out.println(""It is not the end of year !!!"");
    }
    

So basically I am checking if the month is not December and if the day is not 31 (both have to be true for it not to be the last day of year). I think that this should work fine.

My question: does Joda-Time provide a neater way of doing this? Does there exist a method of checking if a specific date is the last day of the year?

Currently Joda Time don't have direct implementation of getLastDayOfYear(), we have to use logical way to handle the last day of year, one way you tried or you can use alternate way as below 
    
    
     public int getDayOfYear() { //This is library method
    return getChronology().dayOfYear().get(getMillis());
    }
    if(!getDayOfYear() <=365 ||!getDayOfYear() <=366) { //Considering leap year
    System.out.println(""It is not the end of year !!!"");
    }",1,1,org.joda.time.Chronology#dayOfYear() | org.joda.time.DateMidnight#dayOfYear() | org.joda.time.DateTime#dayOfYear() | org.joda.time.DateTimeFieldType#dayOfYear() | org.joda.time.LocalDate#dayOfYear() | org.joda.time.LocalDateTime#dayOfYear() | org.joda.time.MutableDateTime#dayOfYear() | org.joda.time.chrono.AssembledChronology#dayOfYear() | org.joda.time.chrono.BaseChronology#dayOfYear(),KU uniquely mentions the owner,joda-time:joda-time:2.4,org.joda.time.DateTime#dayOfYear(),resolved_api,1,,,,,
JODATIME-0084,jodatime,TU,DateTime,org.joda.time.DateTime,org.joda.time.DateTime,resolved,1,"DateTime is the standard implementation of an unmodifiable datetime class. DateTime is the most widely used implementation of ReadableInstant . As with all instants, it represents an exact point on the time-line, but limited to the precision of milliseconds. A DateTime calculates its fields with respect to a time zone . Internally, the class holds two pieces of data. Firstly, it holds the datetime as milliseconds from the Java epoch of 1970-01-01T00:00:00Z. Secondly, it holds a Chronology which determines how the millisecond instant value is converted into the date time fields. The default Chronology is ISOChronology which is the agreed international standard and compatible with the modern Gregorian calendar. Each individual field can be queried in two ways: getHourOfDay() hourOfDay().get() The second technique also provides access to other useful methods on the field: numeric value text value short text value maximum/minimum values add/subtract set rounding DateTime is thread-safe and immutable, provided that the Chronology is as well. All standard Chronology classes supplied are thread-safe and immutable.",official_javadoc,joda-time:joda-time:2.4-javadoc.jar#org.joda.time.DateTime,1,"## Instants

The most frequently used concept in Joda-Time is that of the instant. An Instant is defined as a moment in the datetime continuum specified as a number of milliseconds from 1970-01-01T00:00Z. This definition of milliseconds is consistent with that of the JDK in `Date` or `Calendar`. Interoperating between the two APIs is thus simple. 

Within Joda-Time an instant is represented by the `ReadableInstant` interface. The main implementation of this interface, and the class that the average API user needs to be most familiar with, is `DateTime`. DateTime is immutable - and once created the values do not change. Thus, this class can safely be passed around and used in multiple threads without synchronization. 

The millisecond instant can be converted to any date time field using a `Chronology`. To assist with this, methods are provided on `DateTime` that act as getters for the most common date and time fields. 

We discuss the chronology concept a litte further on in this overview. 

A companion mutable class to `DateTime` is `MutableDateTime`. Objects of this class can be modified and are not thread-safe. 

Other implementations of `ReadableInstant` include `Instant` and `DateMidnight`.",1,1,org.joda.time.DateTime,unique authoritative class,joda-time:joda-time:2.4,org.joda.time.DateTime,resolved_api,1,,,,,
JODATIME-0085,jodatime,TU,DateTime,org.joda.time.DateTime,org.joda.time.DateTime,resolved,1,"DateTime is the standard implementation of an unmodifiable datetime class. DateTime is the most widely used implementation of ReadableInstant . As with all instants, it represents an exact point on the time-line, but limited to the precision of milliseconds. A DateTime calculates its fields with respect to a time zone . Internally, the class holds two pieces of data. Firstly, it holds the datetime as milliseconds from the Java epoch of 1970-01-01T00:00:00Z. Secondly, it holds a Chronology which determines how the millisecond instant value is converted into the date time fields. The default Chronology is ISOChronology which is the agreed international standard and compatible with the modern Gregorian calendar. Each individual field can be queried in two ways: getHourOfDay() hourOfDay().get() The second technique also provides access to other useful methods on the field: numeric value text value short text value maximum/minimum values add/subtract set rounding DateTime is thread-safe and immutable, provided that the Chronology is as well. All standard Chronology classes supplied are thread-safe and immutable.",official_javadoc,joda-time:joda-time:2.4-javadoc.jar#org.joda.time.DateTime,1,"### JDK Interoperability

The `DateTime` class has a constructor which takes an `Object` as input. In particular this constructor can be passed a JDK `Date`, JDK `Calendar` or JDK `GregorianCalendar` (It also accepts an ISO8601 formatted String, or `Long` object representing milliseconds). This is one half of the interoperability with the JDK. The other half of interoperability with JDK is provided by `DateTime` methods which return JDK objects. 

Thus inter-conversion between Joda `DateTime` and JDK `Date` can be performed as follows 
    
    
        // from Joda to JDK
        DateTime dt = new DateTime(),
        Date jdkDate = dt.toDate(),
    
        // from JDK to Joda
        dt = new DateTime(jdkDate),
    

Similarly, for JDK `Calendar`: 
    
    
        // from Joda to JDK
        DateTime dt = new DateTime(),
        Calendar jdkCal = dt.toCalendar(Locale.CHINESE),
    
        // from JDK to Joda
        dt = new DateTime(jdkCal),
    

and JDK `GregorianCalendar`: 
    
    
        // from Joda to JDK
        DateTime dt = new DateTime(),
        GregorianCalendar jdkGCal = dt.toGregorianCalendar(),
    
        // from JDK to Joda
        dt = new DateTime(jdkGCal),",1,1,org.joda.time.DateTime,unique authoritative class,joda-time:joda-time:2.4,org.joda.time.DateTime,resolved_api,1,,,,,
JODATIME-0086,jodatime,TU,DateTime,org.joda.time.DateTime,org.joda.time.DateTime,resolved,1,"DateTime is the standard implementation of an unmodifiable datetime class. DateTime is the most widely used implementation of ReadableInstant . As with all instants, it represents an exact point on the time-line, but limited to the precision of milliseconds. A DateTime calculates its fields with respect to a time zone . Internally, the class holds two pieces of data. Firstly, it holds the datetime as milliseconds from the Java epoch of 1970-01-01T00:00:00Z. Secondly, it holds a Chronology which determines how the millisecond instant value is converted into the date time fields. The default Chronology is ISOChronology which is the agreed international standard and compatible with the modern Gregorian calendar. Each individual field can be queried in two ways: getHourOfDay() hourOfDay().get() The second technique also provides access to other useful methods on the field: numeric value text value short text value maximum/minimum values add/subtract set rounding DateTime is thread-safe and immutable, provided that the Chronology is as well. All standard Chronology classes supplied are thread-safe and immutable.",official_javadoc,joda-time:joda-time:2.4-javadoc.jar#org.joda.time.DateTime,1,"## Manipulating DateTimes

`DateTime` objects have value semantics, and cannot be modified after construction (they are immutable). Therefore, most simple manipulation of a datetime object involves construction of a new datetime as a modified copy of the original. 

WARNING: A common mistake to make with immutable classes is to forget to assign the result to a variable. Remember that calling an add or set method on an immtable object has no effect on that object - only the result is updated.",1,1,org.joda.time.DateTime,unique authoritative class,joda-time:joda-time:2.4,org.joda.time.DateTime,resolved_api,1,,,,,
JODATIME-0087,jodatime,SO,DateTime,org.joda.time.DateTime,org.joda.time.DateTime,resolved,1,"DateTime is the standard implementation of an unmodifiable datetime class. DateTime is the most widely used implementation of ReadableInstant . As with all instants, it represents an exact point on the time-line, but limited to the precision of milliseconds. A DateTime calculates its fields with respect to a time zone . Internally, the class holds two pieces of data. Firstly, it holds the datetime as milliseconds from the Java epoch of 1970-01-01T00:00:00Z. Secondly, it holds a Chronology which determines how the millisecond instant value is converted into the date time fields. The default Chronology is ISOChronology which is the agreed international standard and compatible with the modern Gregorian calendar. Each individual field can be queried in two ways: getHourOfDay() hourOfDay().get() The second technique also provides access to other useful methods on the field: numeric value text value short text value maximum/minimum values add/subtract set rounding DateTime is thread-safe and immutable, provided that the Chronology is as well. All standard Chronology classes supplied are thread-safe and immutable.",official_javadoc,joda-time:joda-time:2.4-javadoc.jar#org.joda.time.DateTime,1,"LocalDate interval in Joda-time 

Joda-time has an Interval class, which is a range between DateTimes. What can be used for a range of LocalDates?

I want an object that represents, for example ""from 1/1/2011 to 10/1/2011"", without the time (or timezones) ever coming into the picture.

As far as I see, joda-time doesn't have anything built in for that. If there doesn't exist anything for it, and we'd create it, what should it look like? Most importantly, which interfaces from joda-time could it implement to best integrate into the other types, staying consistent with the joda-time design? Would it make sense for it to implement `ReadableInterval`, where `getStart` and `getEnd` return `DateMidnight`?

The Interval class represents an interval of time from one millisecond instant to another instant (complete with timezone). DateMidnight is such an instant. So your proposed implementation of an interval for DateMidnights is allready there.
    
    
    Interval i = new Interval(
    new DateMidnight(2010, 3, 2), new DateMidnight(2010, 3, 5));
    i.contains(new DateTime(2010, 3, 1, 23, 59, 59, 999)); // == false
    i.contains(new DateTime(2010, 3, 2, 0, 0, 0, 0)); // == true
    i.contains(new DateTime(2010, 3, 4, 23, 59, 59, 999)); // == true
    i.contains(new DateTime(2010, 3, 5, 0, 0, 0, 0)); // == false
    

However the concept of your searched interval for LocalDates aka a Partial (without timezones) is not yet existent. If you're going to implement it for yourself, don't implement any interval interfaces at all. It would interfere with your wishes, because it is, as stated before, based on instants.",1,1,org.joda.time.DateTime,unique authoritative class,joda-time:joda-time:2.4,org.joda.time.DateTime,resolved_api,1,,,,,
JODATIME-0088,jodatime,SO,DateTime,org.joda.time.DateTime,org.joda.time.DateTime,resolved,1,"DateTime is the standard implementation of an unmodifiable datetime class. DateTime is the most widely used implementation of ReadableInstant . As with all instants, it represents an exact point on the time-line, but limited to the precision of milliseconds. A DateTime calculates its fields with respect to a time zone . Internally, the class holds two pieces of data. Firstly, it holds the datetime as milliseconds from the Java epoch of 1970-01-01T00:00:00Z. Secondly, it holds a Chronology which determines how the millisecond instant value is converted into the date time fields. The default Chronology is ISOChronology which is the agreed international standard and compatible with the modern Gregorian calendar. Each individual field can be queried in two ways: getHourOfDay() hourOfDay().get() The second technique also provides access to other useful methods on the field: numeric value text value short text value maximum/minimum values add/subtract set rounding DateTime is thread-safe and immutable, provided that the Chronology is as well. All standard Chronology classes supplied are thread-safe and immutable.",official_javadoc,joda-time:joda-time:2.4-javadoc.jar#org.joda.time.DateTime,1,"Joda Time LocalTime of 24:00 end-of-day 

We're creating a scheduling application and we need to represent someone's available schedule during the day, regardless of what time zone they are in. Taking a cue from Joda Time's Interval, which represents an interval in absolute time between two instances (start inclusive, end exclusive), we created a LocalInterval. The LocalInterval is made up of two LocalTimes (start inclusive, end exclusive), and we even made a handy class for persisting this in Hibernate.

For example, if someone is available from 1:00pm to 5:00pm, we would create:
    
    
    new LocalInterval(new LocalTime(13, 0), new LocalTime(17, 0));
    

So far so good---until someone wants to be available from 11:00pm until midnight on some day. Since the end of an interval is exclusive, this should be easily represented as such:
    
    
    new LocalInterval(new LocalTime(23, 0), new LocalTime(24, 0));
    

Ack! No go. This throws an exception, because LocalTime cannot hold any hour greater than 23.

This seems like a design flaw to me---Joda didn't consider that someone may want a LocalTime that represents a non-inclusive endpoint.

This is really frustrating, as it blows a hole in what was otherwise a very elegant model that we created.

What are my options---other than forking Joda and taking out the check for hour 24? (No, I don't like the option of using a dummy value---say 23:59:59---to represent 24:00.)

Update: To those who keep saying that there is no such thing as 24:00, here's a quote from ISO 8601-2004 4.2.3 Notes 2,3: ""The end of one calendar day [24:00] coincides with [00:00] at the start of the next calendar day ..."" and ""Representations where [hh] has the value [24] are only preferred to represent the end of a time interval ....""

The solution we finally went with was to use 00:00 as a stand-in for 24:00, with logic throughout the class and the rest of the application to interpret this local value. This is a true kludge, but it's the least intrusive and most elegant thing I could come up with.

First, the LocalTimeInterval class keeps an internal flag of whether the interval endpoint is end-of-day midnight (24:00). This flag will only be true if the end time is 00:00 (equal to LocalTime.MIDNIGHT).
    
    
    /**
    * @return Whether the end of the day is {@link LocalTime#MIDNIGHT} and this should be considered midnight of the
    * following day.
    */
    public boolean isEndOfDay()
    {
    return isEndOfDay;
    }
    

By default the constructor considers 00:00 to be beginning-of-day, but there is an alternate constructor for manually creating an interval that goes all day:
    
    
    public LocalTimeInterval(final LocalTime start, final LocalTime end, final boolean considerMidnightEndOfDay)
    {
    ...
    this.isEndOfDay = considerMidnightEndOfDay && LocalTime.MIDNIGHT.equals(end);
    }
    

There is a reason why this constructor doesn't just have a start time and an ""is end-of-day"" flag: when used with a UI with a drop-down list of times, we don't know if the user will choose 00:00 (which is rendered as 24:00), but we know that as the drop-down list is for the end of the range, in our use case it means 24:00. (Although LocalTimeInterval allows empty intervals, we don't allow them in our application.)

Overlap checking requires special logic to take care of 24:00:
    
    
    public boolean overlaps(final LocalTimeInterval localInterval)
    {
    if (localInterval.isEndOfDay())
    {
    if (isEndOfDay())
    {
    return true;
    }
    return getEnd().isAfter(localInterval.getStart());
    }
    if (isEndOfDay())
    {
    return localInterval.getEnd().isAfter(getStart());
    }
    return localInterval.getEnd().isAfter(getStart()) && localInterval.getStart().isBefore(getEnd());
    }
    

Similarly, converting to an absolute Interval requires adding another day to the result if isEndOfDay() returns true. It is important that application code never constructs an Interval manually from a LocalTimeInterval's start and end values, as the end time may indicate end-of-day:
    
    
    public Interval toInterval(final ReadableInstant baseInstant)
    {
    final DateTime start = getStart().toDateTime(baseInstant);
    DateTime end = getEnd().toDateTime(baseInstant);
    if (isEndOfDay())
    {
    end = end.plusDays(1);
    }
    return new Interval(start, end);
    }
    

When persisting LocalTimeInterval in the database, we were able to make the kludge totally transparent, as Hibernate and SQL have no 24:00 restriction (and indeed have no concept of LocalTime anyway). If isEndOfDay() returns true, our PersistentLocalTimeIntervalAsTime implementation stores and retrieves a true time value of 24:00:
    
    
     ...
    final Time startTime = (Time) Hibernate.TIME.nullSafeGet(resultSet, names[0]);
    final Time endTime = (Time) Hibernate.TIME.nullSafeGet(resultSet, names[1]);
    ...
    final LocalTime start = new LocalTime(startTime, DateTimeZone.UTC);
    if (endTime.equals(TIME_2400))
    {
    return new LocalTimeInterval(start, LocalTime.MIDNIGHT, true);
    }
    return new LocalTimeInterval(start, new LocalTime(endTime, DateTimeZone.UTC));
    

and
    
    
     final Time startTime = asTime(localTimeInterval.getStart());
    final Time endTime = localTimeInterval.isEndOfDay() ? TIME_2400 : asTime(localTimeInterval.getEnd());
    Hibernate.TIME.nullSafeSet(statement, startTime, index);
    Hibernate.TIME.nullSafeSet(statement, endTime, index + 1);
    

It's sad that we had to write a workaround in the first place; this is the best I could do.",1,1,org.joda.time.DateTime,unique authoritative class,joda-time:joda-time:2.4,org.joda.time.DateTime,resolved_api,1,,,,,
JODATIME-0089,jodatime,SO,DateTimeFormat,org.joda.time.format.DateTimeFormat,org.joda.time.format.DateTimeFormat,resolved,1,"Factory that creates instances of DateTimeFormatter from patterns and styles. Datetime formatting is performed by the DateTimeFormatter class. Three classes provide factory methods to create formatters, and this is one. The others are ISODateTimeFormat and DateTimeFormatterBuilder . This class provides two types of factory: Pattern provides a DateTimeFormatter based on a pattern string that is mostly compatible with the JDK date patterns. Style provides a DateTimeFormatter based on a two character style, representing short, medium, long and full. For example, to use a patterm: DateTime dt = new DateTime(); DateTimeFormatter fmt = DateTimeFormat.forPattern(""MMMM, yyyy""); String str = fmt.print(dt); The pattern syntax is mostly compatible with java.text.SimpleDateFormat - time zone names cannot be parsed and a few more symbols are supported. All ASCII letters are reserved as pattern letters, which are defined as follows: Symbol Meaning Presentation Examples ------ ------- ------------ ------- G era text AD C century of era (>=0) number 20 Y year of era (>=0) year 1996 x weekyear year 1996 w week of weekyear number 27 e day of week number 2 E day of week text Tuesday; Tue y year year 1996 D day of year number 189 M month of year month July; Jul; 07 d day of month number 10 a halfday of day text PM K hour of halfday (0~11) number 0 h clockhour of halfday (1~12) number 12 H hour of day (0~23) number 0 k clockhour of day (1~24) number 24 m minute of hour number 30 s second of minute number 55 S fraction of second millis 978 z time zone text Pacific Standard Time; PST Z time zone offset/id zone -0800; -08:00; America/Los_Angeles ' escape for text delimiter '' single quote literal ' The count of pattern letters determine the format. Text : If the number of pattern letters is 4 or more, the full form is used; otherwise a short or abbreviated form is used if available. Number : The minimum number of digits. Shorter numbers are zero-padded to this amount. When parsing, any number of digits are accepted. Year : Numeric presentation for year and weekyear fields are handled specially. For example, if the count of 'y' is 2, the year will be displayed as the zero-based year of the century, which is two digits. Month : 3 or over, use text, otherwise use number. Millis : The exact number of fractional digits. If more millisecond digits are available then specified the number will be truncated, if there are fewer than specified then the number will be zero-padded to the right. When parsing, only the exact number of digits are accepted. Zone : 'Z' outputs offset without a colon, 'ZZ' outputs the offset with a colon, 'ZZZ' or more outputs the zone id. Zone names : Time zone names ('z') cannot be parsed. Any characters in the pattern that are not in the ranges of ['a'..'z'] and ['A'..'Z'] will be treated as quoted text. For instance, characters like ':', '.', ' ', '#' and '?' will appear in the resulting time text even they are not embraced within single quotes. DateTimeFormat is thread-safe and immutable, and the formatters it returns are as well.",official_javadoc,joda-time:joda-time:2.4-javadoc.jar#org.joda.time.format.DateTimeFormat,1,"Parse Date String to Some Java Object 

I am working in a project that reads files and processes data. There I got to work with dates for example:

  1. 2012-01-10 23:13:26
  2. January 13, 2012



I found the package Joda, kinda interesting package but don't know if it is the easiest around.

I was able to parse the first example to a DateTime object (Joda) reg-ex and String manipulation. (Ex: by replacing the space by '-' and passing it to constructor.
    
    
    new DateTime(""2012-01-10 23:13:26"".replace(' ', '-'))
    

I guess it worked, but the problem is with the second format. How can I use such an input to extract a an object, preferably a Joda object. I sure can write a function to change the format to what Joda supports, but was wondering if there would be some other way (even some native Java library) to do it.

If there are any thing better than Joda out there, please let me know it as well.

Thank you.

Using Joda-Time, take a look at DateTimeFormat; it allows parsing both kind of date strings that you mention (and almost any other arbitrary formats). If your needs are even more complex, try DateTimeFormatterBuilder.

To parse #1:
    
    
    DateTimeFormatter f = DateTimeFormat.forPattern(""yyyy-MM-dd HH:mm:ss"");
    DateTime dateTime = f.parseDateTime(""2012-01-10 23:13:26"");
    

Edit: actually LocalDateTime is a more appropriate type for a datetime without a time zone:
    
    
    LocalDateTime dateTime = f.parseLocalDateTime(""2012-01-10 23:13:26"");
    

And for #2:
    
    
    DateTimeFormatter f = DateTimeFormat.forPattern(""MMMM dd, yyyy"");
    LocalDate localDate = f.parseLocalDate(""January 13, 2012"");
    

And yes, Joda-Time is definitely the way to go, as far as Java date & time handling is concerned. :) 

As mostly everyone will agree, Joda is an exceptionally user-friendly library. For example, I had never done this kind of parsing with Joda before, but it took me just a few minutes to figure it out from the API and write it. 

## Update (2015)

If you're on Java 8, in most cases you should simply use `java.time` instead of Joda-Time. It contains pretty much all the good stuff\\\\\\\xe2\\\\\\\x80\\\\\\\x94or their equivalents\\\\\\\xe2\\\\\\\x80\\\\\\\x94from Joda. For those already familiar with Joda APIs, Stephen Colebourne's Joda-Time to java.time migration guide comes in handy.

Here are java.time versions of above examples.

To parse #1:
    
    
    DateTimeFormatter f = DateTimeFormatter.ofPattern(""yyyy-MM-dd HH:mm:ss"");
    LocalDateTime dateTime = LocalDateTime.from(f.parse(""2012-01-10 23:13:26""));
    

You cannot parse this into ZonedDateTime or OffsetDateTime (which are counterparts of Joda's DateTime, used in my original answer), but that kinda makes sense because there's no time zone information in the parsed string.

To parse #2:
    
    
    DateTimeFormatter f = DateTimeFormatter.ofPattern(""MMMM dd, yyyy"");
    LocalDate localDate = LocalDate.from(f.parse(""January 13, 2012""));
    

Here LocalDate is the most appropriate type to parse into (just like with Joda-Time).",1,1,org.joda.time.format.DateTimeFormat,unique authoritative class,joda-time:joda-time:2.4,org.joda.time.format.DateTimeFormat,resolved_api,1,,,,,
JODATIME-0090,jodatime,SO,DateTime,org.joda.time.DateTime,org.joda.time.DateTime,resolved,1,"DateTime is the standard implementation of an unmodifiable datetime class. DateTime is the most widely used implementation of ReadableInstant . As with all instants, it represents an exact point on the time-line, but limited to the precision of milliseconds. A DateTime calculates its fields with respect to a time zone . Internally, the class holds two pieces of data. Firstly, it holds the datetime as milliseconds from the Java epoch of 1970-01-01T00:00:00Z. Secondly, it holds a Chronology which determines how the millisecond instant value is converted into the date time fields. The default Chronology is ISOChronology which is the agreed international standard and compatible with the modern Gregorian calendar. Each individual field can be queried in two ways: getHourOfDay() hourOfDay().get() The second technique also provides access to other useful methods on the field: numeric value text value short text value maximum/minimum values add/subtract set rounding DateTime is thread-safe and immutable, provided that the Chronology is as well. All standard Chronology classes supplied are thread-safe and immutable.",official_javadoc,joda-time:joda-time:2.4-javadoc.jar#org.joda.time.DateTime,1,"How to round DateTime of Joda library to the nearest X minutes? 

How to round `DateTime` of `Joda` library to the nearest `X` minutes ?  
For example:
    
    
    X = 10 minutes
    Jun 27, 11:32 -> Jun 27, 11:30
    Jun 27, 11:33 -> Jun 27, 11:30
    Jun 27, 11:34 -> Jun 27, 11:30
    Jun 27, 11:35 -> Jun 27, 11:40
    Jun 27, 11:36 -> Jun 27, 11:40
    Jun 27, 11:37 -> Jun 27, 11:40
    

The accepted answer doesn't correctly handle datetimes that have seconds or milliseconds set. For completeness, here's a version that does handle that correctly:
    
    
    private DateTime roundDate(final DateTime dateTime, final int minutes) {
    if (minutes < 1 || 60 % minutes != 0) {
    throw new IllegalArgumentException(""minutes must be a factor of 60"");
    }
    final DateTime hour = dateTime.hourOfDay().roundFloorCopy();
    final long millisSinceHour = new Duration(hour, dateTime).getMillis();
    final int roundedMinutes = ((int)Math.round(
    millisSinceHour / 60000.0 / minutes)) * minutes;
    return hour.plusMinutes(roundedMinutes);
    }",1,1,org.joda.time.DateTime,unique authoritative class,joda-time:joda-time:2.4,org.joda.time.DateTime,resolved_api,1,,,,,
JODATIME-0091,jodatime,SO,DateTime,org.joda.time.DateTime,org.joda.time.DateTime,resolved,1,"DateTime is the standard implementation of an unmodifiable datetime class. DateTime is the most widely used implementation of ReadableInstant . As with all instants, it represents an exact point on the time-line, but limited to the precision of milliseconds. A DateTime calculates its fields with respect to a time zone . Internally, the class holds two pieces of data. Firstly, it holds the datetime as milliseconds from the Java epoch of 1970-01-01T00:00:00Z. Secondly, it holds a Chronology which determines how the millisecond instant value is converted into the date time fields. The default Chronology is ISOChronology which is the agreed international standard and compatible with the modern Gregorian calendar. Each individual field can be queried in two ways: getHourOfDay() hourOfDay().get() The second technique also provides access to other useful methods on the field: numeric value text value short text value maximum/minimum values add/subtract set rounding DateTime is thread-safe and immutable, provided that the Chronology is as well. All standard Chronology classes supplied are thread-safe and immutable.",official_javadoc,joda-time:joda-time:2.4-javadoc.jar#org.joda.time.DateTime,1,"Generating Random Date time in java (joda time) 

Is it possible to generate a random datetime using Jodatime such that the datetime has the format yyyy-MM-dd HH:MM:SS and it should be able to generate two random datetimes where Date2 minus Date1 will be greater than 2 minutes but less than 60minutes. Please suggest some method.

This follows quite strictly what you asked for (except for the corrected format).
    
    
    Random random = new Random();
    DateTime startTime = new DateTime(random.nextLong()).withMillisOfSecond(0);
    Minutes minimumPeriod = Minutes.TWO;
    int minimumPeriodInSeconds = minimumPeriod.toStandardSeconds().getSeconds();
    int maximumPeriodInSeconds = Hours.ONE.toStandardSeconds().getSeconds();
    Seconds randomPeriod = Seconds.seconds(random.nextInt(maximumPeriodInSeconds - minimumPeriodInSeconds));
    DateTime endTime = startTime.plus(minimumPeriod).plus(randomPeriod);
    DateTimeFormatter dateTimeFormatter = DateTimeFormat.forPattern(""yyyy-MM-dd HH:mm:ss"");
    System.out.println(dateTimeFormatter.print(startTime));
    System.out.println(dateTimeFormatter.print(endTime));
    

If you run this, you'll note that you'll get outrageous values for years, but that's simply the consequence of generating a random DateTime over the entire possible range of DateTime (or Date for that matter). But the same technique of limiting the end time to a certain range can be applied to the start time if you want.",1,1,org.joda.time.DateTime,unique authoritative class,joda-time:joda-time:2.4,org.joda.time.DateTime,resolved_api,1,,,,,
JODATIME-0092,jodatime,SO,Duration,org.joda.time.Duration,org.joda.time.Duration,resolved,1,"An immutable duration specifying a length of time in milliseconds. A duration is defined by a fixed number of milliseconds. There is no concept of fields, such as days or seconds, as these fields can vary in length. A duration may be converted to a Period to obtain field values. This conversion will typically cause a loss of precision. Duration is thread-safe and immutable.",official_javadoc,joda-time:joda-time:2.4-javadoc.jar#org.joda.time.Duration,1,"Joda Time - Calculation of seconds between two dates throws an exception. 

I am using following code to calculate difference in seconds between two dates:
    
    
    long secondsBetween = (Seconds.secondsBetween(new LocalDate(""1901-01-01""), new LocalDate()).getSeconds());
    

However I am getting the following exception: 
    
    
    08-08 18:21:27.345: E/AndroidRuntime(6972): java.lang.RuntimeException: Unable to start activity ComponentInfo{com.testbdr/com.testbdr.MainActivity}: java.lang.ArithmeticException: Value cannot fit in an int: 3584908800
    08-08 18:21:27.345: E/AndroidRuntime(6972): at android.app.ActivityThread.performLaunchActivity(ActivityThread.java:2189)
    08-08 18:21:27.345: E/AndroidRuntime(6972): at android.app.ActivityThread.handleLaunchActivity(ActivityThread.java:2216)
    08-08 18:21:27.345: E/AndroidRuntime(6972): at android.app.ActivityThread.access$600(ActivityThread.java:149)
    08-08 18:21:27.345: E/AndroidRuntime(6972): at android.app.ActivityThread$H.handleMessage(ActivityThread.java:1305)
    08-08 18:21:27.345: E/AndroidRuntime(6972): at android.os.Handler.dispatchMessage(Handler.java:99)
    08-08 18:21:27.345: E/AndroidRuntime(6972): at android.os.Looper.loop(Looper.java:153)
    08-08 18:21:27.345: E/AndroidRuntime(6972): at android.app.ActivityThread.main(ActivityThread.java:5000)
    08-08 18:21:27.345: E/AndroidRuntime(6972): at java.lang.reflect.Method.invokeNative(Native Method)
    08-08 18:21:27.345: E/AndroidRuntime(6972): at java.lang.reflect.Method.invoke(Method.java:511)
    08-08 18:21:27.345: E/AndroidRuntime(6972): at com.android.internal.os.ZygoteInit$MethodAndArgsCaller.run(ZygoteInit.java:821)
    08-08 18:21:27.345: E/AndroidRuntime(6972): at com.android.internal.os.ZygoteInit.main(ZygoteInit.java:584)
    08-08 18:21:27.345: E/AndroidRuntime(6972): at dalvik.system.NativeStart.main(Native Method)
    08-08 18:21:27.345: E/AndroidRuntime(6972): Caused by: java.lang.ArithmeticException: Value cannot fit in an int: 3584908800
    08-08 18:21:27.345: E/AndroidRuntime(6972): at org.joda.time.field.FieldUtils.safeToInt(FieldUtils.java:206)
    08-08 18:21:27.345: E/AndroidRuntime(6972): at org.joda.time.field.BaseDurationField.getDifference(BaseDurationField.java:141)
    08-08 18:21:27.345: E/AndroidRuntime(6972): at org.joda.time.chrono.BaseChronology.get(BaseChronology.java:260)
    08-08 18:21:27.345: E/AndroidRuntime(6972): at org.joda.time.base.BaseSingleFieldPeriod.between(BaseSingleFieldPeriod.java:105)
    08-08 18:21:27.345: E/AndroidRuntime(6972): at org.joda.time.Seconds.secondsBetween(Seconds.java:124)
    08-08 18:21:27.345: E/AndroidRuntime(6972): at com.testbdr.MainActivity.onCreate(MainActivity.java:27)
    08-08 18:21:27.345: E/AndroidRuntime(6972): at android.app.Activity.performCreate(Activity.java:5020)
    08-08 18:21:27.345: E/AndroidRuntime(6972): at android.app.Instrumentation.callActivityOnCreate(Instrumentation.java:1080)
    08-08 18:21:27.345: E/AndroidRuntime(6972): at android.app.ActivityThread.performLaunchActivity(ActivityThread.java:2153)
    08-08 18:21:27.345: E/AndroidRuntime(6972): ... 11 more
    

# `int`

As the other answers correctly state, the problem is that you and Joda-Time are using an `int` to handle seconds. A 32-bit int can hold only about 68 years worth of seconds.

If you insist on using seconds to track centuries of time, you must use a 64-bit `long` rather than an 32-bit `int`.

By the way, the use in Unix of a 32-bit int to track time by seconds presents a real-world problem knows an the Year 2038 problem.

# Seconds Not Used For Long Spans Of Time

As other suggest, using seconds to track such long spans of time is unusual. You may want to rethink that premise, if possible. 

One alternative: the ISO 8601 standard offers a Durations format of `PnYnMnDTnHnMnS` for number of years, months, days, and so on. Joda-Time knows hows to parse and generate such strings (Period and Duration classes). While Joda-Time can only handle `int` numbers for seconds, it can handle larger number of seconds when presented as strings in this ISO 8601 format, as seen in code example below (`PT3584908800S`).

# Milliseconds

Joda-Time internally tracks a count-from-epoch using milliseconds. Joda-Time offers methods to access those milliseconds as `long` values. 

I normally advise againt working in milliseconds for date-time work. But in your case it makes sense, converting to seconds as needed. 

# Start of Day

To calculate milliseconds, we'll need to use DateTime rather than LocalDate.

Make a habit of calling the method `withTimeAtStartOfDay` to get the first moment of the day. This time is usually `00:00:00` but not always because of Daylight Saving Time or other anomalies.

# Time Zone

Time zone is crucial even for `LocalDate`. The date (and first moment of day) is determined by the time zone. A new day dawns earlier in Paris than it does in Montr\\\\\\\xc3\\\\\\\xa9al. 

If you omit the time zone, the JVM's current default time zone will be used. Generally better to be explicit and specify the desired time zone. I suspect for your purposes, using UTC make sense.

# Duration

Joda-Time offers the Duration class to represent a span of time untied to the timeline (the history of the Universe).

# Example Code

Example code using Joda-Time 2.4.
    
    
    DateTime history = new DateTime( ""1901-01-01"", DateTimeZone.UTC ).withTimeAtStartOfDay(); // Technically, the call to withTimeAtStartOfDay is not necessary here as Joda-Time defaults to that for parsing a date-only string. But the call is a good habit and makes clear out intention.
    DateTime today = new DateTime( DateTimeZone.UTC ).withTimeAtStartOfDay();
    Duration duration = new Duration( history, today );
    long millis = duration.getMillis(); // Use a long, not an int.
    long seconds = ( millis / 1000L ); // Use a long, not an int. Maybe use BigDecimal or BigInteger if you want rounding.
    

Dump to console.
    
    
    System.out.println( ""history: "" + history );
    System.out.println( ""today: "" + today );
    System.out.println( ""duration: "" + duration );
    System.out.println( ""millis: "" + millis );
    System.out.println( ""seconds: "" + seconds );
    

When run.
    
    
    history: 1901-01-01T00:00:00.000Z
    today: 2014-08-08T00:00:00.000Z
    duration: PT3584908800S
    millis: 3584908800000
    seconds: 3584908800
    

When going the other direction, either:

  * Pass a `long` number of seconds to the static method `Duration.standardSeconds`.
  * Pass an ISO 8601 string to the constructor of Duration.",1,1,org.joda.time.Duration,unique authoritative class,joda-time:joda-time:2.4,org.joda.time.Duration,resolved_api,1,,,,,
JODATIME-0093,jodatime,TU,ISOChronology,org.joda.time.chrono.ISOChronology,org.joda.time.chrono.ISOChronology,resolved,1,"Implements a chronology that follows the rules of the ISO8601 standard, which is compatible with Gregorian for all modern dates. When ISO does not define a field, but it can be determined (such as AM/PM) it is included. With the exception of century related fields, ISOChronology is exactly the same as GregorianChronology . In this chronology, centuries and year of century are zero based. For all years, the century is determined by dropping the last two digits of the year, ignoring sign. The year of century is the value of the last two year digits. ISOChronology is thread-safe and immutable.",official_javadoc,joda-time:joda-time:2.4-javadoc.jar#org.joda.time.chrono.ISOChronology,1,"## Chronology

The Joda-Time design is based around the Chronology. It is a calculation engine that supports the complex rules for a calendar system. It encapsulates the field objects, which are used on demand to split the absolute time instant into recognisable calendar fields like 'day-of-week'. It is effectively a pluggable calendar system. 

The actual calculations of the chronology are split between the `Chronology` class itself and the field classes - `DateTimeField` and `DurationField`. Together, the subclasses of these three classes form the bulk of the code in the library. Most users will never need to use or refer directly to the subclasses. Instead, they will simply obtain the chronology and use it as a singleton, as follows: 
    
    
    Chronology coptic = CopticChronology.getInstance(),
    

Internally, all the chronology, field, etc. classes are maintained as singletons. Thus there is an initial setup cost when using Joda-Time, but after that only the main API instance classes (`DateTime`, `Interval`, `Period`, etc.) have creation and garbage collector costs. 

Although the Chronology is key to the design, it is not key to using the API !! 

For most applications, the Chronology can be ignored as it will default to the `ISOChronology`. This is suitable for most uses. You would change it if you need accurate dates before October 15, 1582, or whenever the Julian calendar ceased in the territory you're interested in). You'd also change it if you need a specific calendar like the Coptic calendar illustrated earlier.",1,1,org.joda.time.chrono.ISOChronology,unique authoritative class,joda-time:joda-time:2.4,org.joda.time.chrono.ISOChronology,resolved_api,1,,,,,
JODATIME-0094,jodatime,TU,BuddhistChronology.getInstance(),org.joda.time.chrono.BuddhistChronology#getInstance(),org.joda.time.chrono.BuddhistChronology,resolved,1,"getInstance public static BuddhistChronology getInstance () Standard instance of a Buddhist Chronology, that matches Sun's BuddhistCalendar class. This means that it follows the GregorianJulian calendar rules with a cutover date.",official_javadoc,joda-time:joda-time:2.4-javadoc.jar#org.joda.time.chrono.BuddhistChronology#getInstance(),1,"## Changing `Chronology`

The `DateTime` class also has one method for changing calendars. This allows you to change the calendar for a given moment in time. Thus if you want to get the datetime for the current time, but in the Buddhist Calendar, you would do 
    
    
        // get current moment in default time zone
        DateTime dt = new DateTime(),
        dt.getYear(),  // returns 2004
        // change to Buddhist chronology
        DateTime dtBuddhist = dt.withChronology(BuddhistChronology.getInstance()),
        dtBuddhist.getYear(),  // returns 2547
    

where `BuddhistChronology.getInstance()` is a factory method for obtaining a Buddhist chronology.",1,1,org.joda.time.chrono.BuddhistChronology#getInstance(),owner is explicit in the raw API,joda-time:joda-time:2.4,org.joda.time.chrono.BuddhistChronology#getInstance(),resolved_api,1,,,,,
JODATIME-0095,jodatime,TU,ISODateTimeFormat,org.joda.time.format.ISODateTimeFormat,org.joda.time.format.ISODateTimeFormat,resolved,1,"Factory that creates instances of DateTimeFormatter based on the ISO8601 standard. Date-time formatting is performed by the DateTimeFormatter class. Three classes provide factory methods to create formatters, and this is one. The others are DateTimeFormat and DateTimeFormatterBuilder . ISO8601 is the international standard for data interchange. It defines a framework, rather than an absolute standard. As a result this provider has a number of methods that represent common uses of the framework. The most common formats are date , time , and dateTime . For example, to format a date time in ISO format: DateTime dt = new DateTime(); DateTimeFormatter fmt = ISODateTimeFormat.dateTime(); String str = fmt.print(dt); Note that these formatters mostly follow the ISO8601 standard for printing. For parsing, the formatters are more lenient and allow formats that are not in strict compliance with the standard. It is important to understand that these formatters are not linked to the ISOChronology . These formatters may be used with any chronology, however there may be certain side effects with more unusual chronologies. For example, the ISO formatters rely on dayOfWeek being single digit, dayOfMonth being two digit and dayOfYear being three digit. A chronology with a ten day week would thus cause issues. However, in general, it is safe to use these formatters with other chronologies. ISODateTimeFormat is thread-safe and immutable, and the formatters it returns are as well.",official_javadoc,joda-time:joda-time:2.4-javadoc.jar#org.joda.time.format.ISODateTimeFormat,1,"### Standard Formatters

Support for standard formats based on ISO8601 is provided by the `ISODateTimeFormat` class. This provides a number of factory methods. 

For example, if you wanted to use the ISO standard format for datetime, which is `yyyy-MM-dd'T'HH:mm:ss.SSSZZ`, you would initialize `fmt` as 
    
    
        DateTimeFormatter fmt = ISODateTimeFormat.dateTime(),
    

You would then use `fmt` as described above, to read or write datetime objects in this format.",1,1,org.joda.time.format.ISODateTimeFormat,unique authoritative class,joda-time:joda-time:2.4,org.joda.time.format.ISODateTimeFormat,resolved_api,1,,,,,
