pair_id,dataset,ku_source,raw_api,canonical_api,canonical_owner,resolution_status,graph_eligible,reference,reference_origin,reference_locator,official_reference_available,ku,identified_relevance,relevant_groundtruth,resolution_candidates,resolution_reason,symbol_artifact,knowledge_entity_id,knowledge_entity_kind,corpus_eligible,previous_reference,previous_reference_origin,previous_reference_locator,reference_alignment_status,reference_review_reason
DATA-0001,data,SO,SQLiteDatabase,android.database.sqlite.SQLiteDatabase,android.database.sqlite.SQLiteDatabase,resolved,1,"Exposes methods to manage a SQLite database.SQLiteDatabase has methods to create, delete, execute SQL commands, and perform other common database management tasks.See the Notepad sample application in the SDK for an example of creating and managing a database.Database names must be unique within an application, not across all applications.Localized Collation - ORDER BY",dataset_re,data/RE_reference/RE-data.csv,1,"How to retrieve data from sqlite database in android and display it in TextView 

I am learning Android. I have a problem and I can't solve it. I want to retrieve data from an existing database and display it in a `TextView` after click button. 

My code DataBaseHelper looks like this:
    
    
    public class DataBaseHelper extends SQLiteOpenHelper {
    //The Android's default system path of your application database. 
    private static String DB_PATH = ""/data/data/in.ekonomia.android/databases/""; 
    private static String DB_NAME = ""cytaty""; 
    private SQLiteDatabase myDataBase; 
    private final Context myContext; 
    /** * Constructor * Takes and keeps a reference of the passed context in order to access to the application assets and resources. * @param context */ 
    public DataBaseHelper(Context context) 
    { 
    super(context, DB_NAME, null, 1); 
    this.myContext = context; 
    } 
    /** * Creates a empty database on the system and rewrites it with your own database. * */ 
    public void createDataBase() throws IOException
    { 
    boolean dbExist = checkDataBase(); 
    if(dbExist){ 
    //do nothing - database already exist 
    }else{ 
    //By calling this method and empty database will be created into the default system path 
    //of your application so we are gonna be able to overwrite that database with our database. 
    this.getReadableDatabase(); 
    try 
    { 
    copyDataBase(); 
    } catch (IOException e) 
    { 
    throw new Error(""Error copying database""); 
    } 
    } 
    } 
    /** * Check if the database already exist to avoid re-copying the file each time you open the application. * @return true if it exists, false if it doesn't */ 
    private boolean checkDataBase()
    { SQLiteDatabase checkDB = null; 
    try 
    { 
    String myPath = DB_PATH + DB_NAME; 
    checkDB = SQLiteDatabase.openDatabase(myPath, null, SQLiteDatabase.OPEN_READONLY); 
    }catch (SQLiteException e)
    { 
    //database does't exist yet. 
    } 
    if(checkDB != null)
    { 
    checkDB.close(); 
    } 
    return checkDB != null ? true : false; 
    } 
    /** * Copies your database from your local assets-folder to the just created empty database in the * system folder, from where it can be accessed and handled. * This is done by transfering bytestream. * */ 
    private void copyDataBase() throws IOException
    { 
    //Open your local db as the input stream 
    InputStream myInput = myContext.getAssets().open(DB_NAME); 
    // Path to the just created empty db 
    String outFileName = DB_PATH + DB_NAME; 
    //Open the empty db as the output stream 
    OutputStream myOutput = new FileOutputStream(outFileName); 
    //transfer bytes from the inputfile to the outputfile 
    byte[] buffer = new byte[1024]; 
    int length; 
    while ((length = myInput.read(buffer))>0)
    { 
    myOutput.write(buffer, 0, length); 
    } 
    //Close the streams 
    myOutput.flush(); 
    myOutput.close(); 
    myInput.close(); 
    } 
    public void openDataBase() throws SQLException { 
    //Open the database 
    String myPath = DB_PATH + DB_NAME; 
    myDataBase = SQLiteDatabase.openDatabase(myPath, null, SQLiteDatabase.OPEN_READONLY); 
    } 
    @Override 
    public synchronized void close() 
    { 
    if(myDataBase != null) 
    myDataBase.close(); 
    super.close(); 
    } 
    @Override 
    public void onCreate(SQLiteDatabase db) 
    { } 
    @Override 
    public void onUpgrade(SQLiteDatabase db, int oldVersion, int newVersion) { } 
    // Add your public helper methods to access and get content from the database. 
    // You could return cursors by doing ""return myDataBase.query(....)"" so it'd be easy 
    // to you to create adapters for your views. 
    }
    

Cytaty.java looks like this:
    
    
    package in.ekonomia.android;
    import android.app.Activity;
    import android.os.Bundle;
    import android.view.View;
    import android.widget.Button;
    public class cytaty extends Activity {
    @Override
    protected void onCreate(Bundle savedInstanceState) {
    // TODO Auto-generated method stub
    super.onCreate(savedInstanceState);
    setContentView(R.layout.galeria);
    Button bLosuj = (Button) findViewById(R.id.button1);
    bLosuj.setOnClickListener(new View.OnClickListener() {
    public void onClick(View v) {
    // TODO Auto-generated method stub
    }
    });
    }
    }
    

* * *

I did as above and Eclipse gives me errors. 
    
    
    Database name: cytaty
    name of table: cytaty
    columns: _id, autor, cytat 
    

My code is: 
    
    
    public void getData() {
    public String[] getAppCategorydetail() {
    String Table_Name=""cytaty"";
    String selectQuery = ""SELECT * FROM "" + Table_Name;
    SQLiteDatabase db = this.getReadableDatabase();
    Cursor cursor = db.rawQuery(selectQuery, null);
    String[] data = null;
    if (cursor.moveToFirst()) {
    do {
    // get the data into array,or class variable
    } while (cursor.moveToNext());
    }
    db.close();
    return data;
    }
    }
    

And: 
    
    
    Button bLosuj = (Button) findViewById(R.id.button1);
    bLosuj.setOnClickListener(new View.OnClickListener() {
    public void onClick(View v) {
    // TODO Auto-generated method stub
    DataBaseHelper myDataBaseHelper = new DataBaseHelper(cytaty.this);
    myDataBaseHelper.openDataBase();
    String text= myDataBaseHelper.getData();//this is the method to query
    myDataBaseHelper.close(); 
    // set text to your TextView 
    TextView tekst = (TextView) findViewById(R.id.editText1);
    tekst.setText(text);
    }
    });
    }
    

What am I doing wrong? I want retrieve data from database and show in `TextView` after click button. Your help would be appreciated.

on button click, first open the database, fetch the data and close the data base like this
    
    
    public class cytaty extends Activity {
    @Override
    protected void onCreate(Bundle savedInstanceState) {
    super.onCreate(savedInstanceState);
    setContentView(R.layout.galeria);
    Button bLosuj = (Button) findViewById(R.id.button1);
    bLosuj.setOnClickListener(new View.OnClickListener() {
    public void onClick(View v) {
    myDatabaseHelper = new DatabaseHelper(cytaty.this);
    myDatabaseHelper.openDataBase();
    String text = myDatabaseHelper.getYourData(); //this is the method to query
    myDatabaseHelper.close(); 
    // set text to your TextView
    }
    });
    }
    }
    

and your `getYourData()` in database class would be like this
    
    
    public String[] getAppCategoryDetail() {
    final String TABLE_NAME = ""name of table"";
    String selectQuery = ""SELECT * FROM "" + TABLE_NAME;
    SQLiteDatabase db = this.getReadableDatabase();
    Cursor cursor = db.rawQuery(selectQuery, null);
    String[] data = null;
    if (cursor.moveToFirst()) {
    do {
    // get the data into array, or class variable
    } while (cursor.moveToNext());
    }
    cursor.close();
    return data;
    }",1,1,android.database.sqlite.SQLiteDatabase,dataset canonical hint exactly matches an authoritative class,Android 4.1.1.4 + OpenJDK 8u504 + Khronos OpenGL ES 1.1 stubs,android.database.sqlite.SQLiteDatabase,resolved_api,1,,,,,
DATA-0002,data,SO,Cursor,android.database.Cursor,android.database.Cursor,resolved,1,This interface provides random read-write access to the result set returned by a database query.Cursor implementations are not required to be synchronized so code using a Cursor from multiple threads should perform its own synchronization when using the Cursor.,dataset_re,data/RE_reference/RE-data.csv,1,"Getting total out of sqlite database 

I have a database (sqlite on Android) with several columns: _id, datum, hour, note

The database is created by this:
    
    
     private static final String DATABASE_CREATE =
    ""create table worked (_id integer primary key autoincrement, ""
    + ""datum text not null, hour text not null, "" 
    + ""note text);"";
    

At the end I want the total of hours and minutes out of my database and return it to my mainActivity.

I tried to do this:
    
    
    public int getTotalHours(){
    Cursor c = db.rawQuery(""select hour from "" + DATABASE_TABLE, null);
    int total = 0;
    Date hours = new Date();
    SimpleDateFormat hourFormat = new SimpleDateFormat(""HH:mm"");
    c.moveToFirst();
    for(int i = 0; i

But I'm already getting a error in my query. I also dont know how if the data is being extracted at the right way, I cant test that because of the query error...

The error I'm getting:

> Failed to read row 0, column 1 from a cursorWindow which has 5 rows, 1 columns.

I hope I was in the right way, and that somebody can help me. Thanks in advance!

Properly loop through your records, retrieve the proper column index, and close your cursor:
    
    
    public int getTotalHours(){
    Cursor c = db.rawQuery(""select hour from "" + DATABASE_TABLE, null);
    if (c == null)
    return 0;
    try{
    int total = 0;
    Date hours = new Date();
    SimpleDateFormat hourFormat = new SimpleDateFormat(""HH:mm"");
    while(c.moveToNext())
    {
    String uur = c.getString(0);
    try {
    hours = hourFormat.parse(uur);
    total += hours.getHours();
    } catch (ParseException e) {
    e.printStackTrace();
    } 
    }
    return hours;
    }finally{
    c.close();
    }
    }",1,1,android.database.Cursor | java.awt.Cursor,dataset canonical hint exactly matches an authoritative class,Android 4.1.1.4 + OpenJDK 8u504 + Khronos OpenGL ES 1.1 stubs,android.database.Cursor,resolved_api,1,,,,,
DATA-0003,data,SO,OutputStream,java.io.OutputStream,java.io.OutputStream,resolved,1,This abstract class is the superclass of all classes representing an output stream of bytes. An output stream accepts output bytes and sends them to some sink.,dataset_re,data/RE_reference/RE-data.csv,1,"placing existing sqlite database and reading 

Where to place existing sqllite database in android folder structure? Is it drawable folder or layout folder?

I am not finding any solution for this.

Any help will be appreciated.

you should put it in the `assets` folder. This way you can make sure it will be attached to your apk. this is how you can copy the database file from the assets folder to your working directory:
    
    
    private void copyDataBase() throws IOException{
    //Open your local db as the input stream
    InputStream myInput = myContext.getAssets().open(DB_NAME);
    // Path to the just created empty db
    String outFileName = DB_PATH + DB_NAME;
    //Open the empty db as the output stream
    OutputStream myOutput = new FileOutputStream(outFileName);
    //transfer bytes from the inputfile to the outputfile
    byte[] buffer = new byte[1024];
    int length;
    while ((length = myInput.read(buffer))>0){
    myOutput.write(buffer, 0, length);
    }
    //Close the streams
    myOutput.flush();
    myOutput.close();
    myInput.close();
    }
    

now to read the database from the directory:
    
    
     public void openDataBase() throws SQLException{
    //Open the database
    String myPath = DB_PATH + DB_NAME;
    myDataBase = SQLiteDatabase.openDatabase(myPath, null, SQLiteDatabase.OPEN_READONLY);
    }",1,1,java.io.OutputStream,dataset canonical hint exactly matches an authoritative class,Android 4.1.1.4 + OpenJDK 8u504 + Khronos OpenGL ES 1.1 stubs,java.io.OutputStream,resolved_api,1,,,,,
DATA-0004,data,SO,Cursor,android.database.Cursor,android.database.Cursor,resolved,1,This interface provides random read-write access to the result set returned by a database query.Cursor implementations are not required to be synchronized so code using a Cursor from multiple threads should perform its own synchronization when using the Cursor.,dataset_re,data/RE_reference/RE-data.csv,1,"Best practices for Android databases 

My Android application needs a local database. Which is the best manner for this? which class sub I use, subclass, reimplement, etc. I have found too much information on the net but I still don't know which are the best practices.

It's a pretty broad question and depends a little on your level on experience and usage.

But the common practice is to create your own `ContentProvider` which will abstract the access to the database. This way you can use `Uri` to execute select/update/delete/insert queries. 

For the SQLite database itself, use `SQLiteOpenHelper` to abstract the creation and upgrading of your SQLite database. This will allow you to upgrade your database without the user losing all of his data in an easy manner. 

I can attach a piece of code I used in one of my older projects which get you started. But implementing the whole thing may be out of scope of a single question/answer. 
    
    
    public class MyServiceProvider extends ContentProvider {
    private SQLiteDatabase db;
    @Override
    public boolean onCreate() {
    // Initialize the database and assign it to the private variable
    MyDatabaseHelper sqlHelper = new MyDatabaseHelper(getContext());
    db = sqlHelper.getReadableDatabase();
    return (db == null)?false:true;
    }
    @override
    Cursor query (Uri uri, String[] projection, String selection, String[] selectionArgs, String sortOrder) {
    // handle the query here, form it, do your checks and then access the DB
    db.query(....);
    }
    }
    class MyDatabaseHelper extends SQLiteOpenHelper {
    private static final String LOG_TAG = ""MyAppTag"";
    private static final String DB_NAME = ""Databasename"";
    private static final String TABLE_NAME = ""Tablename"";
    private static final int DATABASE_VERSION = 2;
    public static MyServiceProvider.CONTENT_URI = Uri.parse(""content://com.mycompany.myApp.MyAppService/myTableOrIdentifier"");
    public MyDatabaseHelper(Context context){
    super(context, DB_NAME, null, DATABASE_VERSION);
    }
    @Override
    public void onCreate(SQLiteDatabase db) {
    String sql = ""CREATE TABLE IF NOT EXISTS ...."";
    db.execSQL(sql);
    }
    @Override
    public void onUpgrade(SQLiteDatabase db, int oldVersion, int newVersion) {
    // Here you can perform updates when the database structure changes
    // Begin transaction
    db.beginTransaction();
    try {
    if(oldVersion<2){
    // Upgrade database structure from Version 1 to 2
    String alterTable = ""ALTER ...."";
    db.execSQL(alterTable);
    Log.i(LOG_TAG,""Successfully upgraded to Version 2"");
    }
    // This allows you to upgrade from any version to the next most 
    // recent one in multiple steps as you don't know if the user has
    // skipped any of the previous updates
    if(oldVersion<3){
    // Upgrade database structure from Version 2 to 3
    String alterTable = ""ALTER ...."";
    db.execSQL(alterTable);
    Log.i(LOG_TAG,""Successfully upgraded to Version 3"");
    }
    // Only when this code is executed, the changes will be applied 
    // to the database
    db.setTransactionSuccessful();
    } catch(Exception ex){
    ex.printStackTrace();
    } finally {
    // Ends transaction
    // If there was an error, the database won't be altered
    db.endTransaction();
    }
    }
    }
    

and then you can use cursors to interact with the database. 
    
    
    ContentResolver contentResolver = getContentResolver();
    ...
    Cursor c = contentResolver.query(
    // The Uri results in content://com.mycompany.myApp.MyAppService/myTableOrIdentifier/someId
    Uri.withAppendedPath(MyServiceProvider.CONTENT_URI, someId),
    new String[] {
    // only get fields we need!
    ""MyDbFieldIneed""
    },
    null, null, null);
    

This will return a `Cursor` which will you can iterate through and get the results. This is also how most things in Android are implemented (i.e. obtaining an Address from the address book works via Uri and Cursor too). 

Edit: I realized the links are hard to see with the code highlights. Here the link of important classes you will need.

  * ContentProvider | Android Developers
  * SQLiteOpenHelper | Android Developers
  * Cursor | Android Developers
  * UriMatcher | Android Developers



Edit 2: Also if you work with multiple tables, `UriMatcher` is an important source too",1,1,android.database.Cursor | java.awt.Cursor,dataset canonical hint exactly matches an authoritative class,Android 4.1.1.4 + OpenJDK 8u504 + Khronos OpenGL ES 1.1 stubs,android.database.Cursor,resolved_api,1,,,,,
DATA-0005,data,SO,Activity,android.app.Activity,android.app.Activity,resolved,1,"Topics covered here:Fragments Activity Lifecycle Configuration Changes Starting Activities and Getting Results Saving Persistent State Permissions Process LifecycleDeveloper Guides The Activity class is an important part of an application's overall lifecycle, and the way activities are launched and put together is a fundamental part of the platform's application model. For a detailed perspective on the structure of an Android application and how activities behave, please read the Application Fundamentals and Tasks and Back Stack developer guides. You can also find a detailed discussion about how to create activities in the Activities developer guide.FragmentsActivity LifecycleActivities in the system are managed as an activity stack. When a new activity is started, it is placed on the top of the stack and becomes the running activity -- the previous activity always remains below it in the stack, and will not come to the foreground again until the new activity exits.An activity has essentially four states:If an activity is in the foreground of the screen (at the top of the stack), it is active or running. If an activity has lost focus but is still visible (that is, a new non-full-sized or transparent activity has focus on top of your activity), it is paused. A paused activity is completely alive (it maintains all state and member information and remains attached to the window manager), but can be killed by the system in extreme low memory situations. If an activity is completely obscured by another activity, it is stopped. It still retains all state and member information, however, it is no longer visible to the user so its window is hidden and it will often be killed by the system when memory is needed elsewhere. If an activity is paused or stopped, the system can drop the activity from memory by either asking it to finish, or simply killing its process. When it is displayed again to the user, it must be completely restarted and restored to its previous state.The following diagram shows the important state paths of an Activity. The square rectangles represent callback methods you can implement to perform operations when the Activity moves between states. The colored ovals are major states the Activity can be in.There are three key loops you may be interested in monitoring within your activity:public class Activity extends ApplicationContext {
     protected void onCreate(Bundle savedInstanceState);

     protected void onStart();

     protected void onRestart();

     protected void onResume();

     protected void onPause();

     protected void onStop();

     protected void onDestroy();
 }In general the movement through an activity's lifecycle looks like this:Configuration ChangesThis is done because any application resource, including layout files, can change based on any configuration value. Thus the only safe way to handle a configuration change is to re-retrieve all resources, including layouts, drawables, and strings. Because activities must already know how to save their state and re-create themselves from that state, this is a convenient way to have an activity restart itself with a new configuration.Starting Activities and Getting ResultsIf a child activity fails for any reason (such as crashing), the parent activity will receive a result with the code RESULT_CANCELED.public class MyActivity extends Activity {
     ...

     static final int PICK_CONTACT_REQUEST = 0;

     public boolean onKeyDown(int keyCode, KeyEvent event) {
         if (keyCode == KeyEvent.KEYCODE_DPAD_CENTER) {
             // When the user center presses, let them pick a contact.
             startActivityForResult(
                 new Intent(Intent.ACTION_PICK,
                 new Uri(""content://contacts"")),
                 PICK_CONTACT_REQUEST);
            return true;
         }
         return false;
     }

     protected void onActivityResult(int requestCode, int resultCode,
             Intent data) {
         if (requestCode == PICK_CONTACT_REQUEST) {
             if (resultCode == RESULT_OK) {
                 // A contact was picked.  Here we will just display it
                 // to the user.
                 startActivity(new Intent(Intent.ACTION_VIEW, data));
             }
         }
     }
 }Saving Persistent StateThere are generally two kinds of persistent state than an activity will deal with: shared document-like data (typically stored in a SQLite database using a content provider) and internal state such as user preferences.For content provider data, we suggest that activities use a ""edit in place"" user model. That is, any edits a user makes are effectively made immediately without requiring an additional confirmation step. Supporting this model is generally a simple matter of following two rules:This model is designed to prevent data loss when a user is navigating between activities, and allows the system to safely kill an activity (because system resources are needed somewhere else) at any time after it has been paused. Note this implies that the user pressing BACK from your activity does not mean ""cancel"" -- it means to leave the activity with its current contents saved away. Canceling edits in an activity must be provided through some other mechanism, such as an explicit ""revert"" or ""undo"" option.See the content package for more information about content providers. These are a key aspect of how different activities invoke and propagate data between themselves.The Activity class also provides an API for managing internal persistent state associated with an activity. This can be used, for example, to remember the user's preferred initial display in a calendar (day view or week view) or the user's default home page in a web browser.Here is an excerpt from a calendar activity that stores the user's preferred view mode in its persistent settings:public class CalendarActivity extends Activity {
     ...

     static final int DAY_VIEW_MODE = 0;
     static final int WEEK_VIEW_MODE = 1;

     private SharedPreferences mPrefs;
     private int mCurViewMode;

     protected void onCreate(Bundle savedInstanceState) {
         super.onCreate(savedInstanceState);

         SharedPreferences mPrefs = getSharedPreferences();
         mCurViewMode = mPrefs.getInt(""view_mode"", DAY_VIEW_MODE);
     }

     protected void onPause() {
         super.onPause();

         SharedPreferences.Editor ed = mPrefs.edit();
         ed.putInt(""view_mode"", mCurViewMode);
         ed.commit();
     }
 }PermissionsSee the Security and Permissions document for more information on permissions and security in general.Process LifecycleThe Android system attempts to keep application process around for as long as possible, but eventually will need to remove old processes when memory runs low. As described in Activity Lifecycle, the decision about which process to remove is intimately tied to the state of the user's interaction with it. In general, there are four states a process can be in based on the activities running in it, listed here in order of importance. The system will kill less important processes (the last ones) before it resorts to killing more important processes (the first ones).",dataset_re,data/RE_reference/RE-data.csv,1,"Getting error while executing getwritabledatabase() in android 

I have created one class for database and multiple classes for tables and multiple activity classess everything works fine when I use the database class instance in activity class but at the same time when I use the database class instance in table class and run the application as soon as the control goes to `getwritabledatabase` I am getting exception and application is exited, below is the code for all 3 classes.

Database class.
    
    
    public class Database extends SQLiteOpenHelper{
    private static String dbname=""Manager"";
    private static int dbversion=2;
    SQLiteDatabase db;
    public Database(Context context) {
    super(context, dbname, null, dbversion);
    // TODO Auto-generated constructor stub
    db=this.getWritableDatabase();
    }
    @Override
    public void onCreate(SQLiteDatabase db) {
    // TODO Auto-generated method stub
    StockTable st=new StockTable();
    db.execSQL(st.stocktable);
    }
    @Override
    public void onUpgrade(SQLiteDatabase db, int oldVersion, int newVersion) {
    // TODO Auto-generated method stub
    }
    }
    

Activity class
    
    
    public class stockmanager extends Activity{
    String getentry=null;
    Database d=new Database(this);
    StockTable st=new StockTable();
    protected void onCreate(Bundle savedInstanceState) {
    super.onCreate(savedInstanceState);
    setContentView(R.layout.stockmanager);
    final Button AddStock=(Button) findViewById(R.id.button1);
    final EditText entry=(EditText) findViewById(R.id.editText1);
    final Button BroDetail=(Button) findViewById(R.id.button2);
    AddStock.setOnClickListener(new OnClickListener() {
    @Override
    public void onClick(View v) {
    // TODO Auto-generated method stub
    getentry=entry.getText().toString();
    d.db.insert(st.tablename, null,st.insert());
    }
    });
    }
    }
    

Table Class
    
    
     public class StockTable {
    Context c1;
    Database d1=new Database(c1);
    final String tablename=""StockTable"";
    private String column1=""Stock_ID"";
    private String column2=""StockName"";
    final String stocktable = ""CREATE TABLE "" + tablename + 
    "" ("" + column1+ "" INTEGER PRIMARY KEY , "" + column2 + "" TEXT) "";
    public ContentValues insert(){
    String select=""Select StockID from Stocktable"";
    d.db.execsql(select);
    ContentValues cvi=new ContentValues();
    for(int i=0;i<=sm.getentry.length();i++)
    {
    cvi.put(column1, 1);
    cvi.put(column2,sm.getentry);
    }
    return cvi;
    }
    public void delete(){
    }
    

First when control goes to `getwritabledatabase` of database class from activity class then it is executing but after when control from stock table class goes to database class and executes `getwritabledatabase` exception is occurred, Unfortunately I am unable to paste the exceptions here.

Can anyone please help me to solve this ?

Logcat
    
    
    02-07 10:06:09.624: D/libEGL(10756): loaded /system/lib/egl/libEGL_genymotion.so
    02-07 10:06:09.628: D/(10756): HostConnection::get() New Host Connection established 0xb87f5e00, tid 10756
    02-07 10:06:09.720: D/libEGL(10756): loaded /system/lib/egl/libGLESv1_CM_genymotion.so
    02-07 10:06:09.748: D/libEGL(10756): loaded /system/lib/egl/libGLESv2_genymotion.so
    02-07 10:06:10.024: W/EGL_genymotion(10756): eglSurfaceAttrib not implemented
    02-07 10:06:10.044: E/OpenGLRenderer(10756): Getting MAX_TEXTURE_SIZE from GradienCache
    02-07 10:06:10.196: E/OpenGLRenderer(10756): Getting MAX_TEXTURE_SIZE from Caches::initConstraints()
    02-07 10:06:10.212: D/OpenGLRenderer(10756): Enabling debug mode 0
    02-07 10:07:17.328: W/EGL_genymotion(10756): eglSurfaceAttrib not implemented
    02-07 10:07:19.820: I/Choreographer(10756): Skipped 36 frames! The application may be doing too much work on its main thread.
    02-07 10:07:22.556: W/EGL_genymotion(10756): eglSurfaceAttrib not implemented
    02-07 10:07:22.788: I/Choreographer(10756): Skipped 44 frames! The application may be doing too much work on its main thread.
    02-07 10:07:28.064: D/dalvikvm(10756): GC_FOR_ALLOC freed 105K, 1% free 16944K/17072K, paused 37ms, total 40ms
    02-07 10:07:30.524: I/System.out(10756): asdfdw
    02-07 10:07:30.576: D/AndroidRuntime(10756): Shutting down VM
    02-07 10:07:30.612: W/dalvikvm(10756): threadid=1: thread exiting with uncaught exception (group=0xa4b6e648)
    02-07 10:07:30.652: E/AndroidRuntime(10756): FATAL EXCEPTION: main
    02-07 10:07:30.652: E/AndroidRuntime(10756): android.database.sqlite.SQLiteException: unknown error (code 0): Queries can be performed using SQLiteDatabase query or rawQuery methods only.
    02-07 10:07:30.652: E/AndroidRuntime(10756): at android.database.sqlite.SQLiteConnection.nativeExecuteForChangedRowCount(Native Method)
    02-07 10:07:30.652: E/AndroidRuntime(10756): at android.database.sqlite.SQLiteConnection.executeForChangedRowCount(SQLiteConnection.java:734)
    02-07 10:07:30.652: E/AndroidRuntime(10756): at android.database.sqlite.SQLiteSession.executeForChangedRowCount(SQLiteSession.java:754)
    02-07 10:07:30.652: E/AndroidRuntime(10756): at android.database.sqlite.SQLiteStatement.executeUpdateDelete(SQLiteStatement.java:64)
    02-07 10:07:30.652: E/AndroidRuntime(10756): at android.database.sqlite.SQLiteDatabase.executeSql(SQLiteDatabase.java:1674)
    02-07 10:07:30.652: E/AndroidRuntime(10756): at android.database.sqlite.SQLiteDatabase.execSQL(SQLiteDatabase.java:1603)
    02-07 10:07:30.652: E/AndroidRuntime(10756): at com.example.portfoliomanager.StockTable.insert(StockTable.java:43)
    02-07 10:07:30.652: E/AndroidRuntime(10756): at com.example.portfoliomanager.stockmanager$1.onClick(stockmanager.java:36)
    02-07 10:07:30.652: E/AndroidRuntime(10756): at android.view.View.performClick(View.java:4240)
    02-07 10:07:30.652: E/AndroidRuntime(10756): at android.view.View$PerformClick.run(View.java:17721)
    02-07 10:07:30.652: E/AndroidRuntime(10756): at android.os.Handler.handleCallback(Handler.java:730)
    02-07 10:07:30.652: E/AndroidRuntime(10756): at android.os.Handler.dispatchMessage(Handler.java:92)
    02-07 10:07:30.652: E/AndroidRuntime(10756): at android.os.Looper.loop(Looper.java:137)
    02-07 10:07:30.652: E/AndroidRuntime(10756): at android.app.ActivityThread.main(ActivityThread.java:5103)
    02-07 10:07:30.652: E/AndroidRuntime(10756): at java.lang.reflect.Method.invokeNative(Native Method)
    02-07 10:07:30.652: E/AndroidRuntime(10756): at java.lang.reflect.Method.invoke(Method.java:525)
    02-07 10:07:30.652: E/AndroidRuntime(10756): at com.android.internal.os.ZygoteInit$MethodAndArgsCaller.run(ZygoteInit.java:737)
    02-07 10:07:30.652: E/AndroidRuntime(10756): at com.android.internal.os.ZygoteInit.main(ZygoteInit.java:553)
    02-07 10:07:30.652: E/AndroidRuntime(10756): at dalvik.system.NativeStart.main(Native Method)
    02-07 10:07:34.288: I/Process(10756): Sending signal. PID: 10756 SIG: 9
    02-07 10:07:36.624: D/libEGL(10871): loaded /system/lib/egl/libEGL_genymotion.so
    02-07 10:07:36.644: D/(10871): HostConnection::get() New Host Connection established 0xb87f5e70, tid 10871
    02-07 10:07:36.784: D/libEGL(10871): loaded /system/lib/egl/libGLESv1_CM_genymotion.so
    02-07 10:07:36.784: D/libEGL(10871): loaded /system/lib/egl/libGLESv2_genymotion.so
    02-07 10:07:37.104: W/EGL_genymotion(10871): eglSurfaceAttrib not implemented
    02-07 10:07:37.108: E/OpenGLRenderer(10871): Getting MAX_TEXTURE_SIZE from GradienCache
    02-07 10:07:37.132: E/OpenGLRenderer(10871): Getting MAX_TEXTURE_SIZE from Caches::initConstraints()
    02-07 10:07:37.132: D/OpenGLRenderer(10871): Enabling debug mode 0
    

Error is because you trying to access database with null context. So you need to initialize c1 before passing to Database constructor.

I just Edit your StockTable.java try this
    
    
    import android.content.ContentValues;
    import android.content.Context;
    public class StockTable {
    Context c1;
    Database d1;
    final String tablename = ""StockTable"";
    private String column1 = ""Stock_ID"";
    private String column2 = ""StockName"";
    final String stocktable = ""CREATE TABLE "" + tablename + "" ("" + column1 + "" INTEGER PRIMARY KEY , "" + column2 + "" TEXT) "";
    public StockTable(Context mContext){
    c1= mContext;
    d1= new Database(c1);
    }
    public ContentValues insert() {
    ContentValues cvi = new ContentValues();
    for (int i = 0; i <= sm.getentry.length(); i++) {
    cvi.put(column1, 1);
    cvi.put(column2, sm.getentry);
    }
    return cvi;
    }
    public void delete() {
    }
    }
    

How to Use?
    
    
    public class stockmanager extends Activity {
    String getentry = null;
    Database d;
    StockTable st;
    protected void onCreate(Bundle savedInstanceState) {
    super.onCreate(savedInstanceState);
    setContentView(R.layout.stockmanager);
    d = new Database(this.getApplicationContext());
    st = new StockTable(this.getApplicationContext());
    final Button AddStock = (Button) findViewById(R.id.button1);
    final EditText entry = (EditText) findViewById(R.id.editText1);
    final Button BroDetail = (Button) findViewById(R.id.button2);
    AddStock.setOnClickListener(new OnClickListener() {
    @Override
    public void onClick(View v) {
    // TODO Auto-generated method stub
    getentry = entry.getText().toString();
    d.db.insert(st.tablename, null, st.insert());
    }
    });
    }
    }
    

UPDATE YOUR Database Class
    
    
    public class Database extends SQLiteOpenHelper {
    private static String dbname = ""Manager"";
    private static int dbversion = 2;
    SQLiteDatabase db;
    private Context mContext;
    public Database(Context context) {
    super(context, dbname, null, dbversion);
    // TODO Auto-generated constructor stub
    mContext = context;
    db = this.getWritableDatabase();
    }
    @Override
    public void onCreate(SQLiteDatabase db) {
    // TODO Auto-generated method stub
    StockTable st = new StockTable(mContext);
    db.execSQL(st.stocktable);
    }
    @Override
    public void onUpgrade(SQLiteDatabase db, int oldVersion, int newVersion) {
    // TODO Auto-generated method stub
    }
    }",1,1,android.app.Activity,dataset canonical hint exactly matches an authoritative class,Android 4.1.1.4 + OpenJDK 8u504 + Khronos OpenGL ES 1.1 stubs,android.app.Activity,resolved_api,1,,,,,
DATA-0006,data,SO,SQLiteDatabase,android.database.sqlite.SQLiteDatabase,android.database.sqlite.SQLiteDatabase,resolved,1,"Exposes methods to manage a SQLite database.SQLiteDatabase has methods to create, delete, execute SQL commands, and perform other common database management tasks.See the Notepad sample application in the SDK for an example of creating and managing a database.Database names must be unique within an application, not across all applications.Localized Collation - ORDER BY",dataset_re,data/RE_reference/RE-data.csv,1,"Android: Cant delete item in Database 

Whenever I LongPress an item to delete it in the database, it crashes. Here's my code
    
    
    public class MyListViewLongClickListener implements OnItemLongClickListener {
    @Override
    public boolean onItemLongClick(AdapterView arg0, View view, int position, long id) {
    String itemInTheRow = adapter.getItem(position).toString();
    String[] details = itemInTheRow.split("" - "");
    final String name = details[0];
    String brand = details[1];
    Integer qty = Integer.parseInt(details[3]);
    Double size = Double.parseDouble(details[2]);
    Double price = Double.parseDouble(details[4]);
    AlertDialog.Builder confirmDialog = new AlertDialog.Builder(DeleteActivity.this);
    confirmDialog.setTitle(""Confirm Deletion"");
    confirmDialog.setMessage(""Are you sure you want to \\nDelete the record of "" + name + ""?"");
    confirmDialog.setPositiveButton(""Yes"", new DialogInterface.OnClickListener() {
    public void onClick(DialogInterface dialog, int which) {
    // TODO Auto-generated method stub
    dbTools.deleteShoes(name);
    loadData();
    }
    });
    confirmDialog.setNegativeButton(""Cancel"", null);
    confirmDialog.show();
    return false;
    }
    }
    

and this is my method in delete
    
    
    private String tblname = ""dtbShoes1"";
    private String fld_Name = ""Name"";
    public boolean deleteShoes(String name) {
    String deleteQuery = ""DELETE FROM "" + tblname +
    "" WHERE "" + fld_Name + "" = "" + name;
    openConnection();
    db.execSQL(deleteQuery);
    closeConnection();
    return true;
    }
    

and this is my logcat
    
    
    10-12 15:50:55.052 1572-1572/com.example.finalproject E/AndroidRuntime\xef\xb9\x95 FATAL EXCEPTION: main
    android.database.sqlite.SQLiteException: no such column: bbb (code 1): , while compiling: DELETE FROM dtbShoes1 WHERE Name = bbb
    at android.database.sqlite.SQLiteConnection.nativePrepareStatement(Native Method)
    at android.database.sqlite.SQLiteConnection.acquirePreparedStatement(SQLiteConnection.java:882)
    at android.database.sqlite.SQLiteConnection.prepare(SQLiteConnection.java:493)
    at android.database.sqlite.SQLiteSession.prepare(SQLiteSession.java:588)
    at android.database.sqlite.SQLiteProgram.(SQLiteProgram.java:58)
    at android.database.sqlite.SQLiteStatement.(SQLiteStatement.java:31)
    at android.database.sqlite.SQLiteDatabase.executeSql(SQLiteDatabase.java:1663)
    at android.database.sqlite.SQLiteDatabase.execSQL(SQLiteDatabase.java:1594)
    at com.example.finalproject.DatabaseShoes.deleteShoes(DatabaseShoes.java:101)
    at com.example.finalproject.DeleteActivity$MyListViewLongClickListener$1.onClick(DeleteActivity.java:96)
    at com.android.internal.app.AlertController$ButtonHandler.handleMessage(AlertController.java:166)
    at android.os.Handler.dispatchMessage(Handler.java:99)
    at android.os.Looper.loop(Looper.java:137)
    at android.app.ActivityThread.main(ActivityThread.java:4745)
    at java.lang.reflect.Method.invokeNative(Native Method)
    at java.lang.reflect.Method.invoke(Method.java:511)
    at com.android.internal.os.ZygoteInit$MethodAndArgsCaller.run(ZygoteInit.java:786)
    at com.android.internal.os.ZygoteInit.main(ZygoteInit.java:553)
    at dalvik.system.NativeStart.main(Native Method)
    

Whenever I change 
    
    
    String deleteQuery = ""DELETE FROM "" + tblname +
    "" WHERE "" + fld_Name + "" = "" + name;
    

to
    
    
    String deleteQuery = ""DELETE FROM "" + tblname +
    "" WHERE "" + fld_Name + "" = "" + ""name"";
    

it deleted all my record in my database. Any help will be appreciated.

This is Delete Method i used in my Application to delete on item at a time:
    
    
    public void delete_cartitem(int id) {
    SQLiteDatabase db = this.getWritableDatabase();
    db.delete(TABLE_NAME, KEY_ID + ""=?"",
    new String[] { String.valueOf(id) });
    db.close();
    }
    

You can change according to your requirement.",1,0,android.database.sqlite.SQLiteDatabase,dataset canonical hint exactly matches an authoritative class,Android 4.1.1.4 + OpenJDK 8u504 + Khronos OpenGL ES 1.1 stubs,android.database.sqlite.SQLiteDatabase,resolved_api,1,,,,,
DATA-0007,data,TU,SharedPreferences,android.content.SharedPreferences,android.content.SharedPreferences,resolved,1,"Note: This class does not support use across multiple processes.Developer Guides For more information about using SharedPreferences, read the Data Storage developer guide.",dataset_re,data/RE_reference/RE-data.csv,1,"## Extending BackupAgent

Most applications shouldn't need to extend the `BackupAgent` class directly, but should instead extend BackupAgentHelper to take advantage of the built-in helper classes that automatically backup and restore your files. However, you might want to extend `BackupAgent` directly if you need to:

  * Version your data format. For instance, if you anticipate the need to revise the format in which you write your application data, you can build a backup agent to cross-check your application version during a restore operation and perform any necessary compatibility work if the version on the device is different than that of the backup data. For more information, see Checking the Restore Data Version.
  * Instead of backing up an entire file, you can specify the portions of data the should be backed up and how each portion is then restored to the device. (This can also help you manage different versions, because you read and write your data as unique entities, rather than complete files.)
  * Back up data in a database. If you have an SQLite database that you want to restore when the user re-installs your application, you need to build a custom `BackupAgent` that reads the appropriate data during a backup operation, then create your table and insert the data during a restore operation.



If you don't need to perform any of the tasks above and want to back up complete files from `SharedPreferences` or internal storage, you should skip to Extending BackupAgentHelper.",1,0,android.content.SharedPreferences,dataset canonical hint exactly matches an authoritative class,Android 4.1.1.4 + OpenJDK 8u504 + Khronos OpenGL ES 1.1 stubs,android.content.SharedPreferences,resolved_api,1,,,,,
DATA-0008,data,TU,BackupAgent,android.app.backup.BackupAgent,android.app.backup.BackupAgent,resolved,1,"Developer Guides For more information about using BackupAgent, read the Data Backup developer guide.Basic OperationRestore operations are typically performed only when applications are first installed on a device. At that time, the operating system checks to see whether there is a previously-saved data set available for the application being installed, and if so, begins an immediate restore pass to deliver the backup data as part of the installation process.A backup data set consists of one or more ""entities,"" flattened binary data records that are each identified with a key string unique within the data set. Adding a record to the active data set or updating an existing record is done by simply writing new entity data under the desired key. Deleting an entity from the data set is done by writing an entity under that key with header specifying a negative data size, and no actual entity data.Helper Classes",dataset_re,data/RE_reference/RE-data.csv,1,"### Required Methods

When you create a backup agent by extending `BackupAgent`, you must implement the following callback methods:

`onBackup()`
     The Backup Manager calls this method after you request a backup. In this method, you read your application data from the device and pass the data you want to back up to the Backup Manager, as described below in Performing backup. 
`onRestore()`
     The Backup Manager calls this method during a restore operation (you can request a restore, but the system automatically performs restore when the user re-installs your application). When it calls this method, the Backup Manager delivers your backup data, which you then restore to the device, as described below in Performing restore.",1,1,android.app.backup.BackupAgent,dataset canonical hint exactly matches an authoritative class,Android 4.1.1.4 + OpenJDK 8u504 + Khronos OpenGL ES 1.1 stubs,android.app.backup.BackupAgent,resolved_api,1,,,,,
DATA-0009,data,SO,SQLiteDatabase,android.database.sqlite.SQLiteDatabase,android.database.sqlite.SQLiteDatabase,resolved,1,"Exposes methods to manage a SQLite database.SQLiteDatabase has methods to create, delete, execute SQL commands, and perform other common database management tasks.See the Notepad sample application in the SDK for an example of creating and managing a database.Database names must be unique within an application, not across all applications.Localized Collation - ORDER BY",dataset_re,data/RE_reference/RE-data.csv,1,"Can I download an SQLite db on /sdcard and access it from my Android app? 

I already found out that there is no way to bundle files in an .apk and have them on /sdcard, the best option so far being to download the large files upon first run. I came accross a tutorial saying how to bundle an sqlite db with the apk and then copy it so that it can be accessed with SQLiteDatabase (thus doubling the space needed, and not using /sdcard at all).

http://developer.android.com/guide/topics/data/data-storage.html#db says all databases MUST be in /data/data/package_name/databases. 

Is that really so? Is there a way to trick the framework into opening a database that is placed on the /sdcard partition? Is there a way to use another SQLite java wrapper/framework to access such databases?

If the answer to the above is 'No', what other options do I have? My data is very well represented in a relational model, but is just too big, plus, I want to be able to update it without the need to reinstall/upgrade the entire app.

Sure you can. The docs are a little conflicting about this as they also say that no limitations are imposed. I think they should say that relative paths are to the above location and dbs there ARE private. Here is the code you want:
    
    
    File dbfile = new File(""/sdcard/mydb.sqlite"" ); 
    SQLiteDatabase db = SQLiteDatabase.openOrCreateDatabase(dbfile, null);
    System.out.println(""Its open? "" + db.isOpen());",1,1,android.database.sqlite.SQLiteDatabase,dataset canonical hint exactly matches an authoritative class,Android 4.1.1.4 + OpenJDK 8u504 + Khronos OpenGL ES 1.1 stubs,android.database.sqlite.SQLiteDatabase,resolved_api,1,,,,,
DATA-0010,data,SO,Cursor,android.database.Cursor,android.database.Cursor,resolved,1,This interface provides random read-write access to the result set returned by a database query.Cursor implementations are not required to be synchronized so code using a Cursor from multiple threads should perform its own synchronization when using the Cursor.,dataset_re,data/RE_reference/RE-data.csv,1,"How to retrieve data from sqlite database in android and display it in TextView 

I am learning Android. I have a problem and I can't solve it. I want to retrieve data from an existing database and display it in a `TextView` after click button. 

My code DataBaseHelper looks like this:
    
    
    public class DataBaseHelper extends SQLiteOpenHelper {
    //The Android's default system path of your application database. 
    private static String DB_PATH = ""/data/data/in.ekonomia.android/databases/""; 
    private static String DB_NAME = ""cytaty""; 
    private SQLiteDatabase myDataBase; 
    private final Context myContext; 
    /** * Constructor * Takes and keeps a reference of the passed context in order to access to the application assets and resources. * @param context */ 
    public DataBaseHelper(Context context) 
    { 
    super(context, DB_NAME, null, 1); 
    this.myContext = context; 
    } 
    /** * Creates a empty database on the system and rewrites it with your own database. * */ 
    public void createDataBase() throws IOException
    { 
    boolean dbExist = checkDataBase(); 
    if(dbExist){ 
    //do nothing - database already exist 
    }else{ 
    //By calling this method and empty database will be created into the default system path 
    //of your application so we are gonna be able to overwrite that database with our database. 
    this.getReadableDatabase(); 
    try 
    { 
    copyDataBase(); 
    } catch (IOException e) 
    { 
    throw new Error(""Error copying database""); 
    } 
    } 
    } 
    /** * Check if the database already exist to avoid re-copying the file each time you open the application. * @return true if it exists, false if it doesn't */ 
    private boolean checkDataBase()
    { SQLiteDatabase checkDB = null; 
    try 
    { 
    String myPath = DB_PATH + DB_NAME; 
    checkDB = SQLiteDatabase.openDatabase(myPath, null, SQLiteDatabase.OPEN_READONLY); 
    }catch (SQLiteException e)
    { 
    //database does't exist yet. 
    } 
    if(checkDB != null)
    { 
    checkDB.close(); 
    } 
    return checkDB != null ? true : false; 
    } 
    /** * Copies your database from your local assets-folder to the just created empty database in the * system folder, from where it can be accessed and handled. * This is done by transfering bytestream. * */ 
    private void copyDataBase() throws IOException
    { 
    //Open your local db as the input stream 
    InputStream myInput = myContext.getAssets().open(DB_NAME); 
    // Path to the just created empty db 
    String outFileName = DB_PATH + DB_NAME; 
    //Open the empty db as the output stream 
    OutputStream myOutput = new FileOutputStream(outFileName); 
    //transfer bytes from the inputfile to the outputfile 
    byte[] buffer = new byte[1024]; 
    int length; 
    while ((length = myInput.read(buffer))>0)
    { 
    myOutput.write(buffer, 0, length); 
    } 
    //Close the streams 
    myOutput.flush(); 
    myOutput.close(); 
    myInput.close(); 
    } 
    public void openDataBase() throws SQLException { 
    //Open the database 
    String myPath = DB_PATH + DB_NAME; 
    myDataBase = SQLiteDatabase.openDatabase(myPath, null, SQLiteDatabase.OPEN_READONLY); 
    } 
    @Override 
    public synchronized void close() 
    { 
    if(myDataBase != null) 
    myDataBase.close(); 
    super.close(); 
    } 
    @Override 
    public void onCreate(SQLiteDatabase db) 
    { } 
    @Override 
    public void onUpgrade(SQLiteDatabase db, int oldVersion, int newVersion) { } 
    // Add your public helper methods to access and get content from the database. 
    // You could return cursors by doing ""return myDataBase.query(....)"" so it'd be easy 
    // to you to create adapters for your views. 
    }
    

Cytaty.java looks like this:
    
    
    package in.ekonomia.android;
    import android.app.Activity;
    import android.os.Bundle;
    import android.view.View;
    import android.widget.Button;
    public class cytaty extends Activity {
    @Override
    protected void onCreate(Bundle savedInstanceState) {
    // TODO Auto-generated method stub
    super.onCreate(savedInstanceState);
    setContentView(R.layout.galeria);
    Button bLosuj = (Button) findViewById(R.id.button1);
    bLosuj.setOnClickListener(new View.OnClickListener() {
    public void onClick(View v) {
    // TODO Auto-generated method stub
    }
    });
    }
    }
    

* * *

I did as above and Eclipse gives me errors. 
    
    
    Database name: cytaty
    name of table: cytaty
    columns: _id, autor, cytat 
    

My code is: 
    
    
    public void getData() {
    public String[] getAppCategorydetail() {
    String Table_Name=""cytaty"";
    String selectQuery = ""SELECT * FROM "" + Table_Name;
    SQLiteDatabase db = this.getReadableDatabase();
    Cursor cursor = db.rawQuery(selectQuery, null);
    String[] data = null;
    if (cursor.moveToFirst()) {
    do {
    // get the data into array,or class variable
    } while (cursor.moveToNext());
    }
    db.close();
    return data;
    }
    }
    

And: 
    
    
    Button bLosuj = (Button) findViewById(R.id.button1);
    bLosuj.setOnClickListener(new View.OnClickListener() {
    public void onClick(View v) {
    // TODO Auto-generated method stub
    DataBaseHelper myDataBaseHelper = new DataBaseHelper(cytaty.this);
    myDataBaseHelper.openDataBase();
    String text= myDataBaseHelper.getData();//this is the method to query
    myDataBaseHelper.close(); 
    // set text to your TextView 
    TextView tekst = (TextView) findViewById(R.id.editText1);
    tekst.setText(text);
    }
    });
    }
    

What am I doing wrong? I want retrieve data from database and show in `TextView` after click button. Your help would be appreciated.

on button click, first open the database, fetch the data and close the data base like this
    
    
    public class cytaty extends Activity {
    @Override
    protected void onCreate(Bundle savedInstanceState) {
    super.onCreate(savedInstanceState);
    setContentView(R.layout.galeria);
    Button bLosuj = (Button) findViewById(R.id.button1);
    bLosuj.setOnClickListener(new View.OnClickListener() {
    public void onClick(View v) {
    myDatabaseHelper = new DatabaseHelper(cytaty.this);
    myDatabaseHelper.openDataBase();
    String text = myDatabaseHelper.getYourData(); //this is the method to query
    myDatabaseHelper.close(); 
    // set text to your TextView
    }
    });
    }
    }
    

and your `getYourData()` in database class would be like this
    
    
    public String[] getAppCategoryDetail() {
    final String TABLE_NAME = ""name of table"";
    String selectQuery = ""SELECT * FROM "" + TABLE_NAME;
    SQLiteDatabase db = this.getReadableDatabase();
    Cursor cursor = db.rawQuery(selectQuery, null);
    String[] data = null;
    if (cursor.moveToFirst()) {
    do {
    // get the data into array, or class variable
    } while (cursor.moveToNext());
    }
    cursor.close();
    return data;
    }",1,1,android.database.Cursor | java.awt.Cursor,dataset canonical hint exactly matches an authoritative class,Android 4.1.1.4 + OpenJDK 8u504 + Khronos OpenGL ES 1.1 stubs,android.database.Cursor,resolved_api,1,,,,,
DATA-0011,data,SO,Intent,android.content.Intent,android.content.Intent,resolved,1,"An Intent provides a facility for performing late runtime binding between the code in different applications. Its most significant use is in the launching of activities, where it can be thought of as the glue between activities. It is basically a passive data structure holding an abstract description of an action to be performed.Developer Guides For information about how to create and resolve intents, read the Intents and Intent Filters developer guide.Intent StructureThe primary pieces of information in an intent are:Some examples of action/data pairs are:In addition to these primary attributes, there are a number of secondary attributes that you can also include with an intent:Here are some examples of other operations you can specify as intents using these additional parameters:Put together, the set of actions, data types, categories, and extra data defines a language for the system allowing for the expression of phrases such as ""call john smith's cell"". As applications are added to the system, they can extend this language by adding new actions, types, and categories, or they can modify the behavior of existing phrases by supplying their own activities that handle them.Intent ResolutionThere are two primary forms of intents you will use.For example, consider the Note Pad sample application that allows user to browse through a list of notes data and view details about individual items. Text in italics indicate places were you would replace a name with one specific to your own package.<manifest xmlns:android=""http://schemas.android.com/apk/res/android""
       package=""com.android.notepad"">
     <application android:icon=""@drawable/app_notes""
             android:label=""@string/app_name"">

         <provider class="".NotePadProvider""
                 android:authorities=""com.google.provider.NotePad"" />

         <activity class="".NotesList"" android:label=""@string/title_notes_list"">
             <intent-filter>
                 <action android:name=""android.intent.action.MAIN"" />
                 <category android:name=""android.intent.category.LAUNCHER"" />
             </intent-filter>
             <intent-filter>
                 <action android:name=""android.intent.action.VIEW"" />
                 <action android:name=""android.intent.action.EDIT"" />
                 <action android:name=""android.intent.action.PICK"" />
                 <category android:name=""android.intent.category.DEFAULT"" />
                 <data android:mimeType=""vnd.android.cursor.dir/vnd.google.note"" />
             </intent-filter>
             <intent-filter>
                 <action android:name=""android.intent.action.GET_CONTENT"" />
                 <category android:name=""android.intent.category.DEFAULT"" />
                 <data android:mimeType=""vnd.android.cursor.item/vnd.google.note"" />
             </intent-filter>
         </activity>

         <activity class="".NoteEditor"" android:label=""@string/title_note"">
             <intent-filter android:label=""@string/resolve_edit"">
                 <action android:name=""android.intent.action.VIEW"" />
                 <action android:name=""android.intent.action.EDIT"" />
                 <category android:name=""android.intent.category.DEFAULT"" />
                 <data android:mimeType=""vnd.android.cursor.item/vnd.google.note"" />
             </intent-filter>

             <intent-filter>
                 <action android:name=""android.intent.action.INSERT"" />
                 <category android:name=""android.intent.category.DEFAULT"" />
                 <data android:mimeType=""vnd.android.cursor.dir/vnd.google.note"" />
             </intent-filter>

         </activity>

         <activity class="".TitleEditor"" android:label=""@string/title_edit_title""
                 android:theme=""@android:style/Theme.Dialog"">
             <intent-filter android:label=""@string/resolve_title"">
                 <action android:name=""com.android.notepad.action.EDIT_TITLE"" />
                 <category android:name=""android.intent.category.DEFAULT"" />
                 <category android:name=""android.intent.category.ALTERNATIVE"" />
                 <category android:name=""android.intent.category.SELECTED_ALTERNATIVE"" />
                 <data android:mimeType=""vnd.android.cursor.item/vnd.google.note"" />
             </intent-filter>
         </activity>

     </application>
 </manifest>Given these capabilities, the following intents will resolve to the NotesList activity:{ action=android.app.action.MAIN } matches all of the activities that can be used as top-level entry points into an application. { action=android.app.action.MAIN, category=android.app.category.LAUNCHER } is the actual intent used by the Launcher to populate its top-level list. { action=android.intent.action.VIEW data=content://com.google.provider.NotePad/notes } displays a list of all the notes under ""content://com.google.provider.NotePad/notes"", which the user can browse through and see the details on. { action=android.app.action.PICK data=content://com.google.provider.NotePad/notes } provides a list of the notes under ""content://com.google.provider.NotePad/notes"", from which the user can pick a note whose data URL is returned back to the caller. { action=android.app.action.GET_CONTENT type=vnd.android.cursor.item/vnd.google.note } is similar to the pick action, but allows the caller to specify the kind of data they want back so that the system can find the appropriate activity to pick something of that data type.Given these capabilities, the following intents will resolve to the NoteEditor activity:{ action=android.intent.action.VIEW data=content://com.google.provider.NotePad/notes/{ID} } shows the user the content of note {ID}. { action=android.app.action.EDIT data=content://com.google.provider.NotePad/notes/{ID} } allows the user to edit the content of note {ID}. { action=android.app.action.INSERT data=content://com.google.provider.NotePad/notes } creates a new, empty note in the notes list at ""content://com.google.provider.NotePad/notes"" and allows the user to edit it. If they keep their changes, the URI of the newly created note is returned to the caller.Given these capabilities, the following intent will resolve to the TitleEditor activity:{ action=com.android.notepad.action.EDIT_TITLE data=content://com.google.provider.NotePad/notes/{ID} } displays and allows the user to edit the title associated with note {ID}.Standard Activity ActionsStandard Broadcast ActionsStandard CategoriesStandard Extra DataFlags",dataset_re,data/RE_reference/RE-data.csv,1,"how to get the string values of activity1 and activity2 into activity3 by use intent 

I have 3 activities. I'm trying to get a string value from the first Activity to the second Activity. And then I want both the string value of the first Activity and the second Activity in the third activity.

How should the code look in my activities to achieve this?

My flow is first I execute the first Activity, then in the first I start the second Activity, and finally in the second I start the third Activity. 

Any help would be appreciated.

please using Intent to put string like :
    
    
    Intent i=new Intent(Activity1.this,Activity2.class);
    i.putExtra(""string1"",//here add your string);
    

and same code paste second activity to pass two string like:
    
    
    String test=getIntent.getStringExtras(""string1"");
    Intent i=new Intent(Activity2.this,Activity3.class);
    i.putExtra(""string1"",test);
    i.putExtra(""string2"",//here add your string);
    

and same as get two value to activity3 like:
    
    
     String test=getIntent.getStringExtras(""string1"");
    String test2=getIntent.getStringExtras(""string2"");",1,1,android.content.Intent,dataset canonical hint exactly matches an authoritative class,Android 4.1.1.4 + OpenJDK 8u504 + Khronos OpenGL ES 1.1 stubs,android.content.Intent,resolved_api,1,,,,,
DATA-0012,data,SO,Intent,android.content.Intent,android.content.Intent,resolved,1,"An Intent provides a facility for performing late runtime binding between the code in different applications. Its most significant use is in the launching of activities, where it can be thought of as the glue between activities. It is basically a passive data structure holding an abstract description of an action to be performed.Developer Guides For information about how to create and resolve intents, read the Intents and Intent Filters developer guide.Intent StructureThe primary pieces of information in an intent are:Some examples of action/data pairs are:In addition to these primary attributes, there are a number of secondary attributes that you can also include with an intent:Here are some examples of other operations you can specify as intents using these additional parameters:Put together, the set of actions, data types, categories, and extra data defines a language for the system allowing for the expression of phrases such as ""call john smith's cell"". As applications are added to the system, they can extend this language by adding new actions, types, and categories, or they can modify the behavior of existing phrases by supplying their own activities that handle them.Intent ResolutionThere are two primary forms of intents you will use.For example, consider the Note Pad sample application that allows user to browse through a list of notes data and view details about individual items. Text in italics indicate places were you would replace a name with one specific to your own package.<manifest xmlns:android=""http://schemas.android.com/apk/res/android""
       package=""com.android.notepad"">
     <application android:icon=""@drawable/app_notes""
             android:label=""@string/app_name"">

         <provider class="".NotePadProvider""
                 android:authorities=""com.google.provider.NotePad"" />

         <activity class="".NotesList"" android:label=""@string/title_notes_list"">
             <intent-filter>
                 <action android:name=""android.intent.action.MAIN"" />
                 <category android:name=""android.intent.category.LAUNCHER"" />
             </intent-filter>
             <intent-filter>
                 <action android:name=""android.intent.action.VIEW"" />
                 <action android:name=""android.intent.action.EDIT"" />
                 <action android:name=""android.intent.action.PICK"" />
                 <category android:name=""android.intent.category.DEFAULT"" />
                 <data android:mimeType=""vnd.android.cursor.dir/vnd.google.note"" />
             </intent-filter>
             <intent-filter>
                 <action android:name=""android.intent.action.GET_CONTENT"" />
                 <category android:name=""android.intent.category.DEFAULT"" />
                 <data android:mimeType=""vnd.android.cursor.item/vnd.google.note"" />
             </intent-filter>
         </activity>

         <activity class="".NoteEditor"" android:label=""@string/title_note"">
             <intent-filter android:label=""@string/resolve_edit"">
                 <action android:name=""android.intent.action.VIEW"" />
                 <action android:name=""android.intent.action.EDIT"" />
                 <category android:name=""android.intent.category.DEFAULT"" />
                 <data android:mimeType=""vnd.android.cursor.item/vnd.google.note"" />
             </intent-filter>

             <intent-filter>
                 <action android:name=""android.intent.action.INSERT"" />
                 <category android:name=""android.intent.category.DEFAULT"" />
                 <data android:mimeType=""vnd.android.cursor.dir/vnd.google.note"" />
             </intent-filter>

         </activity>

         <activity class="".TitleEditor"" android:label=""@string/title_edit_title""
                 android:theme=""@android:style/Theme.Dialog"">
             <intent-filter android:label=""@string/resolve_title"">
                 <action android:name=""com.android.notepad.action.EDIT_TITLE"" />
                 <category android:name=""android.intent.category.DEFAULT"" />
                 <category android:name=""android.intent.category.ALTERNATIVE"" />
                 <category android:name=""android.intent.category.SELECTED_ALTERNATIVE"" />
                 <data android:mimeType=""vnd.android.cursor.item/vnd.google.note"" />
             </intent-filter>
         </activity>

     </application>
 </manifest>Given these capabilities, the following intents will resolve to the NotesList activity:{ action=android.app.action.MAIN } matches all of the activities that can be used as top-level entry points into an application. { action=android.app.action.MAIN, category=android.app.category.LAUNCHER } is the actual intent used by the Launcher to populate its top-level list. { action=android.intent.action.VIEW data=content://com.google.provider.NotePad/notes } displays a list of all the notes under ""content://com.google.provider.NotePad/notes"", which the user can browse through and see the details on. { action=android.app.action.PICK data=content://com.google.provider.NotePad/notes } provides a list of the notes under ""content://com.google.provider.NotePad/notes"", from which the user can pick a note whose data URL is returned back to the caller. { action=android.app.action.GET_CONTENT type=vnd.android.cursor.item/vnd.google.note } is similar to the pick action, but allows the caller to specify the kind of data they want back so that the system can find the appropriate activity to pick something of that data type.Given these capabilities, the following intents will resolve to the NoteEditor activity:{ action=android.intent.action.VIEW data=content://com.google.provider.NotePad/notes/{ID} } shows the user the content of note {ID}. { action=android.app.action.EDIT data=content://com.google.provider.NotePad/notes/{ID} } allows the user to edit the content of note {ID}. { action=android.app.action.INSERT data=content://com.google.provider.NotePad/notes } creates a new, empty note in the notes list at ""content://com.google.provider.NotePad/notes"" and allows the user to edit it. If they keep their changes, the URI of the newly created note is returned to the caller.Given these capabilities, the following intent will resolve to the TitleEditor activity:{ action=com.android.notepad.action.EDIT_TITLE data=content://com.google.provider.NotePad/notes/{ID} } displays and allows the user to edit the title associated with note {ID}.Standard Activity ActionsStandard Broadcast ActionsStandard CategoriesStandard Extra DataFlags",dataset_re,data/RE_reference/RE-data.csv,1,"How to start an activity from a plain non-activity java class? 

I want to implement MVVM pattern using data-binding in my app. Here's the login button from my layout file:
    
    
    

The logic is, on clicking this login button, a new activity should be started. I'm a beginner in android, and my question is should I keep the startActivity part in my MainActivity or in my ViewModel class? (If I want it to be in accordance with the MVVM pattern)

If it should be in the mainActivity, I would replace the last line with `android:onClick=""startNewActivity""` and then define the method in my MainActivity.

But, if it is to be placed in the ViewModel class, declaring the following method:
    
    
    public void startNewActivity(View view) {
    Intent login = new Intent(MainActivity.class, LoginActivity.class);
    startActivity(login);
    }
    

is giving error:
    
    
    Cannot resolve constructor 'Intent(java.lang.Class,java.lang.Class)'
    

How do I start the LoginActivity from my ViewModel class then?

If you want to start LoginActivity from MainActivity then you have to pass this class in intent on button click event. like this,

MainViewModel
    
    
    public class MainViewModel extends BaseObservable 
    { 
    public String name; 
    Context con; 
    public MainViewModel(Context context)
    { 
    this.con = context; 
    } 
    public void click(View view) 
    { 
    Intent login = new Intent(con, LoginActivity.class); 
    con.startActivity(login); 
    } 
    } 
    

MainActivity.java
    
    
    public class MainActivity extends AppCompatActivity {
    @Override
    protected void onCreate(Bundle savedInstanceState) {
    super.onCreate(savedInstanceState);
    ActivityMainBinding binding = DataBindingUtil.setContentView(this, R.layout.activity_main);
    MainViewModel mainViewModel = new MainViewModel(MainActivity.this);
    binding.setMainViewModel(mainViewModel);
    }
    }
    

LoginActivity.java
    
    
     public class LoginActivity extends Activity {
    @Override
    protected void onCreate(Bundle savedInstanceState) {
    super.onCreate(savedInstanceState);
    setContentView(R.layout.login);
    }
    }
    

activity_main.xml",1,1,android.content.Intent,dataset canonical hint exactly matches an authoritative class,Android 4.1.1.4 + OpenJDK 8u504 + Khronos OpenGL ES 1.1 stubs,android.content.Intent,resolved_api,1,,,,,
DATA-0013,data,TU,package-summary,,,excluded_package_document,0,The knowledge unit describes the use of network connections for storing and retrieving data on web-based services. It identifies `java.net.*` and `android.net.*` as the specific packages to be used for performing these network operations.,qwen3.8-flash_context_reviewed,eval_outputs/graph_reference_review_20260918/reviews.json#DATA-0013,0,"## Using a Network Connection

You can use the network (when it's available) to store and retrieve data on your own web-based services. To do network operations, use classes in the following packages:

  * ``java.net.*``
  * ``android.net.*``",1,1,,"The raw identifier is a package-summary documentation page, not a class/method. Shared raw-name reference URLs are not occurrence-specific (e.g. drawable/backup KUs have animation/net URLs); no arbitrary class substitution.",Android 4.1.1.4 + OpenJDK 8u504 + Khronos OpenGL ES 1.1 stubs,knowledge-occurrence:DATA-0013,package_document,1,Package-level documentation covering Java and Android networking classes used to open and manage network connections.,official,https://developer.android.com/reference/android/net/package-summary,generated_context_reviewed,The KU explicitly lists two packages (`java.net.*` and `android.net.*`) and defines their role in handling network operations for data storage and retrieval. This aligns with the 'package_document' entity kind by describing the purpose and usage context of these package families.
DATA-0014,data,TU,package-summary,,,excluded_package_document,0,The knowledge unit describes the usage of network connections for storing and retrieving data via web-based services. It identifies `java.net.*` and `android.net.*` as the specific packages containing the classes required to perform these network operations.,qwen3.8-flash_context_reviewed,eval_outputs/graph_reference_review_20260918/reviews.json#DATA-0014,0,"## Using a Network Connection

You can use the network (when it's available) to store and retrieve data on your own web-based services. To do network operations, use classes in the following packages:

  * ``java.net.*``
  * ``android.net.*``",1,1,,"The raw identifier is a package-summary documentation page, not a class/method. Shared raw-name reference URLs are not occurrence-specific (e.g. drawable/backup KUs have animation/net URLs); no arbitrary class substitution.",Android 4.1.1.4 + OpenJDK 8u504 + Khronos OpenGL ES 1.1 stubs,knowledge-occurrence:DATA-0014,package_document,1,Package-level documentation covering Java and Android networking classes used to open and manage network connections.,official,https://developer.android.com/reference/android/net/package-summary,generated_context_reviewed,"The KU explicitly lists the packages (`java.net.*` and `android.net.*`) associated with network operations, fulfilling the requirement for a package-summary reference by identifying the packages and their role."
DATA-0015,data,SO,BackupAgentHelper,android.app.backup.BackupAgentHelper,android.app.backup.BackupAgentHelper,resolved,1,"Developer Guides For more information about using BackupAgentHelper, read the Data Backup developer guide.",dataset_re,data/RE_reference/RE-data.csv,1,"Backwards-compatible BackupAgent 

I am looking into using the new Backup API that available since Android 2.2, but need to maintain backwards compatibility (to 1.5 to be exact).

The docs state:

> The backup service and the APIs you must use are available only on devices running API Level 8 (Android 2.2) or greater, so you should also set your android:minSdkVersion attribute to ""8"". However, if you implement proper backward compatibility in your application, you can support this feature for devices running API Level 8 or greater, while remaining compatible with older devices.

I indeed build against the level 8 `targetSdkVersion` with level 3 `minSdkVersion` and try to use a wrapper class (with reflection) to overcome the problem that the application will not run if you implement a class that extends an nonexisting class.

Here is the problem: since we don't make actual calls to the `BackupHelper` class ourselves, we can't check upfront if the class indeed exists. (As is explained in the Android Backwards Compatibility documentation with a `checkAvailable()` method.) The class will therefore be instantiated and cast to a `BackupAgent`. But since we use reflection, it doesn't actually override BackupAgent and an exception occurs at runtime when the backup is requested:
    
    
    java.lang.RuntimeException: Unable to create BackupAgent org.transdroid.service.BackupAgent: java.lang.ClassCastException: org.transdroid.service.BackupAgent
    

Here is my approach to a backwards compatible `BackupAgent`: http://code.google.com/p/transdroid/source/browse/#svn/trunk/src/org/transdroid/service where the BackupAgent.java is the 'regular' BackupAgentHelper-extending class and BackupAgentHelperWrapper is the reflection-based wrapper class.

Anyone successfull in implementing a `BackupAgent` with backwards compatibility?

I don't see why you run into this problem.

I have the same issue: I want to support backup with a app that supports also 1.5 (API 3).

There is no problem in creating my `BackupAgentHelper` class, since that class is never called from my own code, but from the `BackupManager` i.e. the system itself. Therefore I don't need to wrap it, and I don't see why you should be doing that:
    
    
     public class MyBackupAgentHelper extends BackupAgentHelper {
    @override onCreate()
    { 
    \\\\\\\\\\\\\\\\do something usefull
    }
    

However, you do want to get a backup running, to do that you need to call on `BackupManager.dataChanged()` whenever your data changes and you want to inform the system to backup it (using your `BackupAgent` or `BackupAgentHelper`).

You do need to wrap that class, since you call it from you application code.
    
    
    public class WrapBackupManager {
    private BackupManager wrappedInstance;
    static 
    {
    try
    {
    Class.forName(""android.app.backup.BackupManager"");
    }
    catch (Exception e)
    {
    throw new RuntimeException(e);
    }
    }
    public static void checkAvailable() {}
    public void dataChanged()
    {
    wrappedInstance.dataChanged();
    }
    public WrapBackupManager(Context context)
    {
    wrappedInstance = new BackupManager(context);
    }
    }
    

You then call it from your code when you change a preference or save some data. Some code from my app:
    
    
    private static Boolean backupManagerAvailable = null;
    private static void postCommitAction() {
    if (backupManagerAvailable == null) {
    try {
    WrapBackupManager.checkAvailable();
    backupManagerAvailable = true;
    } catch (Throwable t) {
    backupManagerAvailable = false;
    }
    }
    if (backupManagerAvailable == true) {
    Log.d(""Fretter"", ""Backup Manager available, using it now."");
    WrapBackupManager wrapBackupManager = new WrapBackupManager(
    FretterApplication.getApplication());
    wrapBackupManager.dataChanged();
    } else {
    Log.d(""Fretter"", ""Backup Manager not available, not using it now."");
    }
    

So, hopefully this works for you! 

(If you call `adb shell bmgr run` every time you want to emulate the actual system initiated backupprocess it should properly backup and restore when you reinstall the app.)",1,1,android.app.backup.BackupAgentHelper,dataset canonical hint exactly matches an authoritative class,Android 4.1.1.4 + OpenJDK 8u504 + Khronos OpenGL ES 1.1 stubs,android.app.backup.BackupAgentHelper,resolved_api,1,,,,,
DATA-0016,data,SO,Context,android.content.Context,android.content.Context,resolved,1,"Interface to global information about an application environment. This is an abstract class whose implementation is provided by the Android system. It allows access to application-specific resources and classes, as well as up-calls for application-level operations such as launching activities, broadcasting and receiving intents, etc.",dataset_re,data/RE_reference/RE-data.csv,1,"Testing database on Android: ProviderTestCase2 or RenamingDelegatingContext? 

I've implemented access to a database using `SQLiteOpenHelper` from the android.database package within some classes (with pattern DAO).

I wrote some junit tests for these classes using an `AndroidTestCase` but this causes the tests to use the same database as the application.

I read that the `ProviderTestCase2` or `RenamingDelegatingContext` can be used to test the database separately. Unluckily I couldn't find any nice tutorial/example that shows how to test a database with ProviderTestCase2/RenamingDelegatingContext.

Can anyone point me somewhere OR give me some tip OR share some code for database testing?!

Cheeerrrrsss!! Giorgio

Both the `ProviderTestCase` and `RenamingDelegatingContext` will destroy the database if one already exists before opening it within it's context, so in that sense they both have the same low-level approach towards opening a SQLite database.

You leverage this by opening the database in your fixture in `setUp()`, which will then ensure that your working with a fresh database before each test case.

I would suggest that you go for writing content providers rather than creating database adapters. You can use a common interface for accessing data, be it stored in the DB or somewhere over the network, the design of content providers can be accommodated to access such data at the cost of a bit of IPC overhead involved that most of us shouldn't have to care about. 

If you did this for accessing a SQLite database, the framework would completely manage the database connection for you in a separate process. As added beef, the `ProviderTestCase2` completely bootstraps a test context for your content provider without you having to a write a single line of code.

But, that's not said it isn't such a huge effort to do the bootstrapping yourself. So supposing you had a database adapter as such; we'll just focus on `open()` for getting write access to our database, nothing fancy:
    
    
    public class MyAdapter {
    private static final String DATABASE_NAME = ""my.db"";
    private static final String DATABASE_TABLE = ""table"";
    private static final int DATABASE_VERSION = 1;
    /**
    * Database queries
    */
    private static final String DATABASE_CREATE_STATEMENT = ""some awesome create statement"";
    private final Context mCtx;
    private SQLiteDatabase mDb;
    private DatabaseHelper mDbHelper;
    private static class DatabaseHelper extends SQLiteOpenHelper {
    public DatabaseHelper(Context context) {
    super(context, DATABASE_NAME, null, DATABASE_VERSION);
    }
    @Override
    public void onCreate(SQLiteDatabase db) {
    db.execSQL(DATABASE_CREATE_STATEMENT); 
    }
    @Override
    public void onUpgrade(SQLiteDatabase db, int a, int b) {
    // here to enable this code to compile
    }
    }
    /**
    * Constructor - takes the provided context to allow for the database to be
    * opened/created.
    * 
    * @param context the Context within which to work.
    */
    public MyAdapter(Context context) {
    mCtx = context;
    }
    /**
    * Open the last.fm database. If it cannot be opened, try to create a new
    * instance of the database. If it cannot be created, throw an exception to
    * signal the failure.
    * 
    * @return this (self reference, allowing this to be chained in an
    * initialization call)
    * @throws SQLException if the database could be neither opened or created
    */
    public MyAdapter open() throws SQLException {
    mDbHelper = new DatabaseHelper(mCtx);
    mDb = mDbHelper.getWritableDatabase();
    return this;
    }
    public void close() {
    mDbHelper.close();
    }
    }
    

Then you could write your test as such:
    
    
    public final class MyAdapterTests extends AndroidTestCase {
    private static final String TEST_FILE_PREFIX = ""test_"";
    private MyAdapter mMyAdapter;
    @Override
    protected void setUp() throws Exception {
    super.setUp();
    RenamingDelegatingContext context 
    = new RenamingDelegatingContext(getContext(), TEST_FILE_PREFIX);
    mMyAdapter = new MyAdapter(context);
    mMyAdapter.open();
    }
    @Override
    protected void tearDown() throws Exception {
    super.tearDown();
    mMyAdapter.close();
    mMyAdapter = null;
    }
    public void testPreConditions() {
    assertNotNull(mMyAdapter);
    }
    }
    

So what's happening here is that the context implementation of `RenamingDelegatingContext`, once `MyAdapter(context).open()` is called, will always recreate the database. Each test you write now will be going against the state of the database after `MyAdapter.DATABASE_CREATE_STATEMENT` is called.",1,1,android.content.Context | javax.naming.Context,dataset canonical hint exactly matches an authoritative class,Android 4.1.1.4 + OpenJDK 8u504 + Khronos OpenGL ES 1.1 stubs,android.content.Context,resolved_api,1,,,,,
DATA-0017,data,SO,SQLiteOpenHelper,android.database.sqlite.SQLiteOpenHelper,android.database.sqlite.SQLiteOpenHelper,resolved,1,"A helper class to manage database creation and version management.For an example, see the NotePadProvider class in the NotePad sample application, in the samples/ directory of the SDK.Note: this class assumes monotonically increasing version numbers for upgrades.",dataset_re,data/RE_reference/RE-data.csv,1,"Testing database on Android: ProviderTestCase2 or RenamingDelegatingContext? 

I've implemented access to a database using `SQLiteOpenHelper` from the android.database package within some classes (with pattern DAO).

I wrote some junit tests for these classes using an `AndroidTestCase` but this causes the tests to use the same database as the application.

I read that the `ProviderTestCase2` or `RenamingDelegatingContext` can be used to test the database separately. Unluckily I couldn't find any nice tutorial/example that shows how to test a database with ProviderTestCase2/RenamingDelegatingContext.

Can anyone point me somewhere OR give me some tip OR share some code for database testing?!

Cheeerrrrsss!! Giorgio

Both the `ProviderTestCase` and `RenamingDelegatingContext` will destroy the database if one already exists before opening it within it's context, so in that sense they both have the same low-level approach towards opening a SQLite database.

You leverage this by opening the database in your fixture in `setUp()`, which will then ensure that your working with a fresh database before each test case.

I would suggest that you go for writing content providers rather than creating database adapters. You can use a common interface for accessing data, be it stored in the DB or somewhere over the network, the design of content providers can be accommodated to access such data at the cost of a bit of IPC overhead involved that most of us shouldn't have to care about. 

If you did this for accessing a SQLite database, the framework would completely manage the database connection for you in a separate process. As added beef, the `ProviderTestCase2` completely bootstraps a test context for your content provider without you having to a write a single line of code.

But, that's not said it isn't such a huge effort to do the bootstrapping yourself. So supposing you had a database adapter as such; we'll just focus on `open()` for getting write access to our database, nothing fancy:
    
    
    public class MyAdapter {
    private static final String DATABASE_NAME = ""my.db"";
    private static final String DATABASE_TABLE = ""table"";
    private static final int DATABASE_VERSION = 1;
    /**
    * Database queries
    */
    private static final String DATABASE_CREATE_STATEMENT = ""some awesome create statement"";
    private final Context mCtx;
    private SQLiteDatabase mDb;
    private DatabaseHelper mDbHelper;
    private static class DatabaseHelper extends SQLiteOpenHelper {
    public DatabaseHelper(Context context) {
    super(context, DATABASE_NAME, null, DATABASE_VERSION);
    }
    @Override
    public void onCreate(SQLiteDatabase db) {
    db.execSQL(DATABASE_CREATE_STATEMENT); 
    }
    @Override
    public void onUpgrade(SQLiteDatabase db, int a, int b) {
    // here to enable this code to compile
    }
    }
    /**
    * Constructor - takes the provided context to allow for the database to be
    * opened/created.
    * 
    * @param context the Context within which to work.
    */
    public MyAdapter(Context context) {
    mCtx = context;
    }
    /**
    * Open the last.fm database. If it cannot be opened, try to create a new
    * instance of the database. If it cannot be created, throw an exception to
    * signal the failure.
    * 
    * @return this (self reference, allowing this to be chained in an
    * initialization call)
    * @throws SQLException if the database could be neither opened or created
    */
    public MyAdapter open() throws SQLException {
    mDbHelper = new DatabaseHelper(mCtx);
    mDb = mDbHelper.getWritableDatabase();
    return this;
    }
    public void close() {
    mDbHelper.close();
    }
    }
    

Then you could write your test as such:
    
    
    public final class MyAdapterTests extends AndroidTestCase {
    private static final String TEST_FILE_PREFIX = ""test_"";
    private MyAdapter mMyAdapter;
    @Override
    protected void setUp() throws Exception {
    super.setUp();
    RenamingDelegatingContext context 
    = new RenamingDelegatingContext(getContext(), TEST_FILE_PREFIX);
    mMyAdapter = new MyAdapter(context);
    mMyAdapter.open();
    }
    @Override
    protected void tearDown() throws Exception {
    super.tearDown();
    mMyAdapter.close();
    mMyAdapter = null;
    }
    public void testPreConditions() {
    assertNotNull(mMyAdapter);
    }
    }
    

So what's happening here is that the context implementation of `RenamingDelegatingContext`, once `MyAdapter(context).open()` is called, will always recreate the database. Each test you write now will be going against the state of the database after `MyAdapter.DATABASE_CREATE_STATEMENT` is called.",1,1,android.database.sqlite.SQLiteOpenHelper,dataset canonical hint exactly matches an authoritative class,Android 4.1.1.4 + OpenJDK 8u504 + Khronos OpenGL ES 1.1 stubs,android.database.sqlite.SQLiteOpenHelper,resolved_api,1,,,,,
DATA-0018,data,SO,DeviceAdminReceiver,android.app.admin.DeviceAdminReceiver,android.app.admin.DeviceAdminReceiver,resolved,1,"Base class for implementing a device administration component. This class provides a convenience for interpreting the raw intent actions that are sent by the system.<receiver android:name="".app.DeviceAdminSample$DeviceAdminSampleReceiver""
        android:label=""@string/sample_device_admin""
        android:description=""@string/sample_device_admin_description""
        android:permission=""android.permission.BIND_DEVICE_ADMIN"">
    <meta-data android:name=""android.app.device_admin""
               android:resource=""@xml/device_admin_sample"" />
    <intent-filter>
        <action android:name=""android.app.action.DEVICE_ADMIN_ENABLED"" />
    </intent-filter>
</receiver>
<receiver android:name="".app.DeviceAdminSample$DeviceAdminSampleReceiver2""
    android:label=""@string/sample_device_admin2""
    android:description=""@string/sample_device_admin_description2""
    android:permission=""android.permission.BIND_DEVICE_ADMIN"">
    <meta-data android:name=""android.app.device_admin""
        android:resource=""@xml/device_admin_sample"" />
    <intent-filter>
        <action android:name=""android.app.action.DEVICE_ADMIN_ENABLED"" />
    </intent-filter>
</receiver><device-admin xmlns:android=""http://schemas.android.com/apk/res/android"">
    <uses-policies>
        <limit-password />
        <watch-login />
        <reset-password />
        <force-lock />
        <wipe-data />
        <expire-password />
        <encrypted-storage />
        <disable-camera />
        <disable-keyguard-features />
    </uses-policies>
</device-admin>Developer Guides For more information about device administration, read the Device Administration developer guide.",dataset_re,data/RE_reference/RE-data.csv,1,"device policy administration errors with Android 

I recently started exploring the android device policy administration APIs and have run into a bit of a wall. i'm having problems simply enabling the device administration. I'm fairly certain it is a problem with the manifest entry, however I can't quite pinpoint the problem area.

Manifest entry:
    
    
    
    
    
    
    
    
    
    
    
    
    
    
    
     
    

Error message:
    
    
    12-25 15:42:38.930: WARN/DeviceAdminAdd(394): Unable to retrieve device policy ComponentInfo{com.example/com.example.Receiver}
    org.xmlpull.v1.XmlPullParserException: No android.app.device_admin meta-data
    

device_admin.xml
    
    
    
    
    
    
    
    
    
    
    

Enabling Method:
    
    
     enable = (Button)findViewById(R.id.button);
    enable.setOnClickListener(new View.OnClickListener()
    {
    public void onClick(View v)
    {
    Intent intent = new Intent (DevicePolicyManager.ACTION_ADD_DEVICE_ADMIN);
    intent.putExtra(DevicePolicyManager.EXTRA_DEVICE_ADMIN, receiver);
    startActivityForResult(intent, 1);//1 is enabled, 0 is disabled.
    output.setText(""""+policymanager.isAdminActive(receiver));
    }
    });
    

And the Receiver class is as basic as the sample found here: http://developer.android.com/resources/samples/ApiDemos/src/com/example/android/apis/app/DeviceAdminSample.html

any help or advice would be much appreciated.

I had the same issue. MyAdmin class signature must be `public static`
    
    
    public static class MyAdmin extends DeviceAdminReceiver {
    }",1,0,android.app.admin.DeviceAdminReceiver,dataset canonical hint exactly matches an authoritative class,Android 4.1.1.4 + OpenJDK 8u504 + Khronos OpenGL ES 1.1 stubs,android.app.admin.DeviceAdminReceiver,resolved_api,1,,,,,
DATA-0019,data,SO,Activity,android.app.Activity,android.app.Activity,resolved,1,"Topics covered here:Fragments Activity Lifecycle Configuration Changes Starting Activities and Getting Results Saving Persistent State Permissions Process LifecycleDeveloper Guides The Activity class is an important part of an application's overall lifecycle, and the way activities are launched and put together is a fundamental part of the platform's application model. For a detailed perspective on the structure of an Android application and how activities behave, please read the Application Fundamentals and Tasks and Back Stack developer guides. You can also find a detailed discussion about how to create activities in the Activities developer guide.FragmentsActivity LifecycleActivities in the system are managed as an activity stack. When a new activity is started, it is placed on the top of the stack and becomes the running activity -- the previous activity always remains below it in the stack, and will not come to the foreground again until the new activity exits.An activity has essentially four states:If an activity is in the foreground of the screen (at the top of the stack), it is active or running. If an activity has lost focus but is still visible (that is, a new non-full-sized or transparent activity has focus on top of your activity), it is paused. A paused activity is completely alive (it maintains all state and member information and remains attached to the window manager), but can be killed by the system in extreme low memory situations. If an activity is completely obscured by another activity, it is stopped. It still retains all state and member information, however, it is no longer visible to the user so its window is hidden and it will often be killed by the system when memory is needed elsewhere. If an activity is paused or stopped, the system can drop the activity from memory by either asking it to finish, or simply killing its process. When it is displayed again to the user, it must be completely restarted and restored to its previous state.The following diagram shows the important state paths of an Activity. The square rectangles represent callback methods you can implement to perform operations when the Activity moves between states. The colored ovals are major states the Activity can be in.There are three key loops you may be interested in monitoring within your activity:public class Activity extends ApplicationContext {
     protected void onCreate(Bundle savedInstanceState);

     protected void onStart();

     protected void onRestart();

     protected void onResume();

     protected void onPause();

     protected void onStop();

     protected void onDestroy();
 }In general the movement through an activity's lifecycle looks like this:Configuration ChangesThis is done because any application resource, including layout files, can change based on any configuration value. Thus the only safe way to handle a configuration change is to re-retrieve all resources, including layouts, drawables, and strings. Because activities must already know how to save their state and re-create themselves from that state, this is a convenient way to have an activity restart itself with a new configuration.Starting Activities and Getting ResultsIf a child activity fails for any reason (such as crashing), the parent activity will receive a result with the code RESULT_CANCELED.public class MyActivity extends Activity {
     ...

     static final int PICK_CONTACT_REQUEST = 0;

     public boolean onKeyDown(int keyCode, KeyEvent event) {
         if (keyCode == KeyEvent.KEYCODE_DPAD_CENTER) {
             // When the user center presses, let them pick a contact.
             startActivityForResult(
                 new Intent(Intent.ACTION_PICK,
                 new Uri(""content://contacts"")),
                 PICK_CONTACT_REQUEST);
            return true;
         }
         return false;
     }

     protected void onActivityResult(int requestCode, int resultCode,
             Intent data) {
         if (requestCode == PICK_CONTACT_REQUEST) {
             if (resultCode == RESULT_OK) {
                 // A contact was picked.  Here we will just display it
                 // to the user.
                 startActivity(new Intent(Intent.ACTION_VIEW, data));
             }
         }
     }
 }Saving Persistent StateThere are generally two kinds of persistent state than an activity will deal with: shared document-like data (typically stored in a SQLite database using a content provider) and internal state such as user preferences.For content provider data, we suggest that activities use a ""edit in place"" user model. That is, any edits a user makes are effectively made immediately without requiring an additional confirmation step. Supporting this model is generally a simple matter of following two rules:This model is designed to prevent data loss when a user is navigating between activities, and allows the system to safely kill an activity (because system resources are needed somewhere else) at any time after it has been paused. Note this implies that the user pressing BACK from your activity does not mean ""cancel"" -- it means to leave the activity with its current contents saved away. Canceling edits in an activity must be provided through some other mechanism, such as an explicit ""revert"" or ""undo"" option.See the content package for more information about content providers. These are a key aspect of how different activities invoke and propagate data between themselves.The Activity class also provides an API for managing internal persistent state associated with an activity. This can be used, for example, to remember the user's preferred initial display in a calendar (day view or week view) or the user's default home page in a web browser.Here is an excerpt from a calendar activity that stores the user's preferred view mode in its persistent settings:public class CalendarActivity extends Activity {
     ...

     static final int DAY_VIEW_MODE = 0;
     static final int WEEK_VIEW_MODE = 1;

     private SharedPreferences mPrefs;
     private int mCurViewMode;

     protected void onCreate(Bundle savedInstanceState) {
         super.onCreate(savedInstanceState);

         SharedPreferences mPrefs = getSharedPreferences();
         mCurViewMode = mPrefs.getInt(""view_mode"", DAY_VIEW_MODE);
     }

     protected void onPause() {
         super.onPause();

         SharedPreferences.Editor ed = mPrefs.edit();
         ed.putInt(""view_mode"", mCurViewMode);
         ed.commit();
     }
 }PermissionsSee the Security and Permissions document for more information on permissions and security in general.Process LifecycleThe Android system attempts to keep application process around for as long as possible, but eventually will need to remove old processes when memory runs low. As described in Activity Lifecycle, the decision about which process to remove is intimately tied to the state of the user's interaction with it. In general, there are four states a process can be in based on the activities running in it, listed here in order of importance. The system will kill less important processes (the last ones) before it resorts to killing more important processes (the first ones).",dataset_re,data/RE_reference/RE-data.csv,1,"How to retrieve data from sqlite database in android and display it in TextView 

I am learning Android. I have a problem and I can't solve it. I want to retrieve data from an existing database and display it in a `TextView` after click button. 

My code DataBaseHelper looks like this:
    
    
    public class DataBaseHelper extends SQLiteOpenHelper {
    //The Android's default system path of your application database. 
    private static String DB_PATH = ""/data/data/in.ekonomia.android/databases/""; 
    private static String DB_NAME = ""cytaty""; 
    private SQLiteDatabase myDataBase; 
    private final Context myContext; 
    /** * Constructor * Takes and keeps a reference of the passed context in order to access to the application assets and resources. * @param context */ 
    public DataBaseHelper(Context context) 
    { 
    super(context, DB_NAME, null, 1); 
    this.myContext = context; 
    } 
    /** * Creates a empty database on the system and rewrites it with your own database. * */ 
    public void createDataBase() throws IOException
    { 
    boolean dbExist = checkDataBase(); 
    if(dbExist){ 
    //do nothing - database already exist 
    }else{ 
    //By calling this method and empty database will be created into the default system path 
    //of your application so we are gonna be able to overwrite that database with our database. 
    this.getReadableDatabase(); 
    try 
    { 
    copyDataBase(); 
    } catch (IOException e) 
    { 
    throw new Error(""Error copying database""); 
    } 
    } 
    } 
    /** * Check if the database already exist to avoid re-copying the file each time you open the application. * @return true if it exists, false if it doesn't */ 
    private boolean checkDataBase()
    { SQLiteDatabase checkDB = null; 
    try 
    { 
    String myPath = DB_PATH + DB_NAME; 
    checkDB = SQLiteDatabase.openDatabase(myPath, null, SQLiteDatabase.OPEN_READONLY); 
    }catch (SQLiteException e)
    { 
    //database does't exist yet. 
    } 
    if(checkDB != null)
    { 
    checkDB.close(); 
    } 
    return checkDB != null ? true : false; 
    } 
    /** * Copies your database from your local assets-folder to the just created empty database in the * system folder, from where it can be accessed and handled. * This is done by transfering bytestream. * */ 
    private void copyDataBase() throws IOException
    { 
    //Open your local db as the input stream 
    InputStream myInput = myContext.getAssets().open(DB_NAME); 
    // Path to the just created empty db 
    String outFileName = DB_PATH + DB_NAME; 
    //Open the empty db as the output stream 
    OutputStream myOutput = new FileOutputStream(outFileName); 
    //transfer bytes from the inputfile to the outputfile 
    byte[] buffer = new byte[1024]; 
    int length; 
    while ((length = myInput.read(buffer))>0)
    { 
    myOutput.write(buffer, 0, length); 
    } 
    //Close the streams 
    myOutput.flush(); 
    myOutput.close(); 
    myInput.close(); 
    } 
    public void openDataBase() throws SQLException { 
    //Open the database 
    String myPath = DB_PATH + DB_NAME; 
    myDataBase = SQLiteDatabase.openDatabase(myPath, null, SQLiteDatabase.OPEN_READONLY); 
    } 
    @Override 
    public synchronized void close() 
    { 
    if(myDataBase != null) 
    myDataBase.close(); 
    super.close(); 
    } 
    @Override 
    public void onCreate(SQLiteDatabase db) 
    { } 
    @Override 
    public void onUpgrade(SQLiteDatabase db, int oldVersion, int newVersion) { } 
    // Add your public helper methods to access and get content from the database. 
    // You could return cursors by doing ""return myDataBase.query(....)"" so it'd be easy 
    // to you to create adapters for your views. 
    }
    

Cytaty.java looks like this:
    
    
    package in.ekonomia.android;
    import android.app.Activity;
    import android.os.Bundle;
    import android.view.View;
    import android.widget.Button;
    public class cytaty extends Activity {
    @Override
    protected void onCreate(Bundle savedInstanceState) {
    // TODO Auto-generated method stub
    super.onCreate(savedInstanceState);
    setContentView(R.layout.galeria);
    Button bLosuj = (Button) findViewById(R.id.button1);
    bLosuj.setOnClickListener(new View.OnClickListener() {
    public void onClick(View v) {
    // TODO Auto-generated method stub
    }
    });
    }
    }
    

* * *

I did as above and Eclipse gives me errors. 
    
    
    Database name: cytaty
    name of table: cytaty
    columns: _id, autor, cytat 
    

My code is: 
    
    
    public void getData() {
    public String[] getAppCategorydetail() {
    String Table_Name=""cytaty"";
    String selectQuery = ""SELECT * FROM "" + Table_Name;
    SQLiteDatabase db = this.getReadableDatabase();
    Cursor cursor = db.rawQuery(selectQuery, null);
    String[] data = null;
    if (cursor.moveToFirst()) {
    do {
    // get the data into array,or class variable
    } while (cursor.moveToNext());
    }
    db.close();
    return data;
    }
    }
    

And: 
    
    
    Button bLosuj = (Button) findViewById(R.id.button1);
    bLosuj.setOnClickListener(new View.OnClickListener() {
    public void onClick(View v) {
    // TODO Auto-generated method stub
    DataBaseHelper myDataBaseHelper = new DataBaseHelper(cytaty.this);
    myDataBaseHelper.openDataBase();
    String text= myDataBaseHelper.getData();//this is the method to query
    myDataBaseHelper.close(); 
    // set text to your TextView 
    TextView tekst = (TextView) findViewById(R.id.editText1);
    tekst.setText(text);
    }
    });
    }
    

What am I doing wrong? I want retrieve data from database and show in `TextView` after click button. Your help would be appreciated.

on button click, first open the database, fetch the data and close the data base like this
    
    
    public class cytaty extends Activity {
    @Override
    protected void onCreate(Bundle savedInstanceState) {
    super.onCreate(savedInstanceState);
    setContentView(R.layout.galeria);
    Button bLosuj = (Button) findViewById(R.id.button1);
    bLosuj.setOnClickListener(new View.OnClickListener() {
    public void onClick(View v) {
    myDatabaseHelper = new DatabaseHelper(cytaty.this);
    myDatabaseHelper.openDataBase();
    String text = myDatabaseHelper.getYourData(); //this is the method to query
    myDatabaseHelper.close(); 
    // set text to your TextView
    }
    });
    }
    }
    

and your `getYourData()` in database class would be like this
    
    
    public String[] getAppCategoryDetail() {
    final String TABLE_NAME = ""name of table"";
    String selectQuery = ""SELECT * FROM "" + TABLE_NAME;
    SQLiteDatabase db = this.getReadableDatabase();
    Cursor cursor = db.rawQuery(selectQuery, null);
    String[] data = null;
    if (cursor.moveToFirst()) {
    do {
    // get the data into array, or class variable
    } while (cursor.moveToNext());
    }
    cursor.close();
    return data;
    }",1,1,android.app.Activity,dataset canonical hint exactly matches an authoritative class,Android 4.1.1.4 + OpenJDK 8u504 + Khronos OpenGL ES 1.1 stubs,android.app.Activity,resolved_api,1,,,,,
DATA-0020,data,SO,File,java.io.File,java.io.File,resolved,1,"An abstract representation of file and directory pathnames.User interfaces and operating systems use system-dependent pathname strings to name files and directories. This class presents an abstract, system-independent view of hierarchical pathnames. An abstract pathname has two components:emptyThe prefix concept is used to handle root directories on UNIX platforms, and drive specifiers, root directories and UNC pathnames on Microsoft Windows platforms, as follows:Instances of this class may or may not denote an actual file-system object such as a file or a directory. If it does denote such an object then that object resides in a partition. A partition is an operating system-specific portion of storage for a file system. A single storage device (e.g. a physical disk-drive, flash memory, CD-ROM) may contain multiple partitions. The object, if any, will reside on the partition named by some ancestor of the absolute form of this pathname.A file system may implement restrictions to certain operations on the actual file-system object, such as reading, writing, and executing. These restrictions are collectively known as access permissions. The file system may have multiple sets of access permissions on a single object. For example, one set may apply to the object's owner, and another may apply to all other users. The access permissions on an object may cause some methods in this class to fail.On Android, the underlying filesystem encoding for filenames is always UTF-8.",dataset_re,data/RE_reference/RE-data.csv,1,"Where is sqlite database in android tablet? 

I am developing a application in which, insert some values in local sqlite database. Its working fine on local Emulator and Tablet as well as. After inserting values, I want to get sqlite database. I am able to get database from Emulator but unfortunatally unable to get sqlite database from Android Tablet. Please suggest what is procedure to get database from real device(Tablet).

Thanks. 

Thank for all of you

Finally i got a proper solution. We can't get db from any (Samsung) tablet, but we can copy its data and can pull to our PC.
    
    
    public void copyDataBase() {
    Log.i(""info"", ""in copy data base at finally"");
    try {
    File sd = Environment.getExternalStorageDirectory();
    File data = Environment.getDataDirectory();
    if (sd.canWrite()) {
    String currentDBPath = ""/data/"" + context.getPackageName()
    + ""/databases/DB_29Apr.sqlite"";
    String backupDBPath = ""DB_29Apr.sqlite"";
    File currentDB = new File(data, currentDBPath);
    File backupDB = new File(sd, backupDBPath);
    if (currentDB.exists()) {
    FileChannel src = new FileInputStream(currentDB)
    .getChannel();
    FileChannel dst = new FileOutputStream(backupDB)
    .getChannel();
    dst.transferFrom(src, 0, src.size());
    src.close();
    dst.close();
    }
    }
    } catch (Exception e) {
    Log.i(""info"", ""in copy of bata base 10 "");
    }
    }
    

From above function you can copy the db on external space of tablet.

Go to DDMS and find the defined database with given name in db at storage place in tablet.",1,1,java.io.File,dataset canonical hint exactly matches an authoritative class,Android 4.1.1.4 + OpenJDK 8u504 + Khronos OpenGL ES 1.1 stubs,java.io.File,resolved_api,1,,,,,
DATA-0021,data,SO,Activity,android.app.Activity,android.app.Activity,resolved,1,"Topics covered here:Fragments Activity Lifecycle Configuration Changes Starting Activities and Getting Results Saving Persistent State Permissions Process LifecycleDeveloper Guides The Activity class is an important part of an application's overall lifecycle, and the way activities are launched and put together is a fundamental part of the platform's application model. For a detailed perspective on the structure of an Android application and how activities behave, please read the Application Fundamentals and Tasks and Back Stack developer guides. You can also find a detailed discussion about how to create activities in the Activities developer guide.FragmentsActivity LifecycleActivities in the system are managed as an activity stack. When a new activity is started, it is placed on the top of the stack and becomes the running activity -- the previous activity always remains below it in the stack, and will not come to the foreground again until the new activity exits.An activity has essentially four states:If an activity is in the foreground of the screen (at the top of the stack), it is active or running. If an activity has lost focus but is still visible (that is, a new non-full-sized or transparent activity has focus on top of your activity), it is paused. A paused activity is completely alive (it maintains all state and member information and remains attached to the window manager), but can be killed by the system in extreme low memory situations. If an activity is completely obscured by another activity, it is stopped. It still retains all state and member information, however, it is no longer visible to the user so its window is hidden and it will often be killed by the system when memory is needed elsewhere. If an activity is paused or stopped, the system can drop the activity from memory by either asking it to finish, or simply killing its process. When it is displayed again to the user, it must be completely restarted and restored to its previous state.The following diagram shows the important state paths of an Activity. The square rectangles represent callback methods you can implement to perform operations when the Activity moves between states. The colored ovals are major states the Activity can be in.There are three key loops you may be interested in monitoring within your activity:public class Activity extends ApplicationContext {
     protected void onCreate(Bundle savedInstanceState);

     protected void onStart();

     protected void onRestart();

     protected void onResume();

     protected void onPause();

     protected void onStop();

     protected void onDestroy();
 }In general the movement through an activity's lifecycle looks like this:Configuration ChangesThis is done because any application resource, including layout files, can change based on any configuration value. Thus the only safe way to handle a configuration change is to re-retrieve all resources, including layouts, drawables, and strings. Because activities must already know how to save their state and re-create themselves from that state, this is a convenient way to have an activity restart itself with a new configuration.Starting Activities and Getting ResultsIf a child activity fails for any reason (such as crashing), the parent activity will receive a result with the code RESULT_CANCELED.public class MyActivity extends Activity {
     ...

     static final int PICK_CONTACT_REQUEST = 0;

     public boolean onKeyDown(int keyCode, KeyEvent event) {
         if (keyCode == KeyEvent.KEYCODE_DPAD_CENTER) {
             // When the user center presses, let them pick a contact.
             startActivityForResult(
                 new Intent(Intent.ACTION_PICK,
                 new Uri(""content://contacts"")),
                 PICK_CONTACT_REQUEST);
            return true;
         }
         return false;
     }

     protected void onActivityResult(int requestCode, int resultCode,
             Intent data) {
         if (requestCode == PICK_CONTACT_REQUEST) {
             if (resultCode == RESULT_OK) {
                 // A contact was picked.  Here we will just display it
                 // to the user.
                 startActivity(new Intent(Intent.ACTION_VIEW, data));
             }
         }
     }
 }Saving Persistent StateThere are generally two kinds of persistent state than an activity will deal with: shared document-like data (typically stored in a SQLite database using a content provider) and internal state such as user preferences.For content provider data, we suggest that activities use a ""edit in place"" user model. That is, any edits a user makes are effectively made immediately without requiring an additional confirmation step. Supporting this model is generally a simple matter of following two rules:This model is designed to prevent data loss when a user is navigating between activities, and allows the system to safely kill an activity (because system resources are needed somewhere else) at any time after it has been paused. Note this implies that the user pressing BACK from your activity does not mean ""cancel"" -- it means to leave the activity with its current contents saved away. Canceling edits in an activity must be provided through some other mechanism, such as an explicit ""revert"" or ""undo"" option.See the content package for more information about content providers. These are a key aspect of how different activities invoke and propagate data between themselves.The Activity class also provides an API for managing internal persistent state associated with an activity. This can be used, for example, to remember the user's preferred initial display in a calendar (day view or week view) or the user's default home page in a web browser.Here is an excerpt from a calendar activity that stores the user's preferred view mode in its persistent settings:public class CalendarActivity extends Activity {
     ...

     static final int DAY_VIEW_MODE = 0;
     static final int WEEK_VIEW_MODE = 1;

     private SharedPreferences mPrefs;
     private int mCurViewMode;

     protected void onCreate(Bundle savedInstanceState) {
         super.onCreate(savedInstanceState);

         SharedPreferences mPrefs = getSharedPreferences();
         mCurViewMode = mPrefs.getInt(""view_mode"", DAY_VIEW_MODE);
     }

     protected void onPause() {
         super.onPause();

         SharedPreferences.Editor ed = mPrefs.edit();
         ed.putInt(""view_mode"", mCurViewMode);
         ed.commit();
     }
 }PermissionsSee the Security and Permissions document for more information on permissions and security in general.Process LifecycleThe Android system attempts to keep application process around for as long as possible, but eventually will need to remove old processes when memory runs low. As described in Activity Lifecycle, the decision about which process to remove is intimately tied to the state of the user's interaction with it. In general, there are four states a process can be in based on the activities running in it, listed here in order of importance. The system will kill less important processes (the last ones) before it resorts to killing more important processes (the first ones).",dataset_re,data/RE_reference/RE-data.csv,1,"Data fetched from FirebaseDatabase is getting shown in 3 separate AlertDialogs instead of one 

I'm fetching some data from `FirebaseDatabase` and then putting them into an `array` and then trying to show them in a `List` which is in a custom `AlertDialog`.

Here's the code:
    
    
    query = mDatabase.child(""child"").child(anotherChild).child(""yetAnotherChild"");
    uProfile.setOnClickListener(new View.OnClickListener() {
    @Override
    public void onClick(View view) {
    query.orderByChild(""someChild"").addChildEventListener(new ChildEventListener() {
    @Override
    public void onChildAdded(DataSnapshot dataSnapshot, String s) {
    if (dataSnapshot != null) {
    Map newD = (Map) dataSnapshot.getValue();
    ArrayList l = new ArrayList();
    l.add(newD.get(""lol"").substring(30));
    String names[] = l.toArray(new String[0]);
    AlertDialog.Builder alertDialog = new AlertDialog.Builder(Activity.this);
    LayoutInflater inflater = getLayoutInflater();
    View convertView = inflater.inflate(R.layout.dialog_list, null);
    alertDialog.setView(convertView);
    alertDialog.setTitle(""title"");
    ListView lv = (ListView) convertView.findViewById(R.id.lv);
    ArrayAdapter adapter = new ArrayAdapter(getBaseContext(), android.R.layout.simple_list_item_1, names);
    lv.setAdapter(adapter);
    alertDialog.setPositiveButton(""OK"", new DialogInterface.OnClickListener() {
    @Override
    public void onClick(DialogInterface dialogInterface, int i) {
    }
    });
    alertDialog.show();
    } else {
    Toast.makeText(getBaseContext(), ""NULLLLL"", Toast.LENGTH_SHORT).show();
    }
    }
    ...
    ...
    });
    }
    });
    

Here's the database structure:
    
    
    app
    -child
    -anotherChild
    -yetAnotherChild
    -inaccessibleChild
    -someChild: ""value""
    -lol: ""value""
    

I can't use `valueEventListener()` here as I have no access to `inaccessibleChild`. The `inaccessibleChild` here is the `uid` of the other users who followed a particular user. How can I access there `uid`?

The problem is that data is getting fetched but instead of getting shown in a list in one `AlertDialog`, it is getting shown one-by-one in 3 separate `AlertDialog`. 

What is going wrong here?

Please let me know.

Well, none of the above answers really helped, though Linxy's answer is correct, I saw it after solving the probelm. 

Moving all the code out and writing just this line: `alertDialog.show();` inside `setOnClickListener()` improving my code to this:
    
    
     query = mDatabase.child(""child"").child(anotherChild).child(""yetAnotherChild"");
    query.orderByChild(""someChild"").addChildEventListener(new ChildEventListener() {
    @Override
    public void onChildAdded(DataSnapshot dataSnapshot, String s) {
    if (dataSnapshot != null) {
    Map newD = (Map) dataSnapshot.getValue();
    ArrayList l = new ArrayList();
    l.add(newD.get(""lol"").substring(30));
    String names[] = l.toArray(new String[0]);
    AlertDialog.Builder alertDialog = new AlertDialog.Builder(Activity.this);
    LayoutInflater inflater = getLayoutInflater();
    View convertView = inflater.inflate(R.layout.dialog_list, null);
    alertDialog.setView(convertView);
    alertDialog.setTitle(""title"");
    ListView lv = (ListView) convertView.findViewById(R.id.lv);
    ArrayAdapter adapter = new ArrayAdapter(getBaseContext(), android.R.layout.simple_list_item_1, names);
    lv.setAdapter(adapter);
    alertDialog.setPositiveButton(""OK"", new DialogInterface.OnClickListener() {
    @Override
    public void onClick(DialogInterface dialogInterface, int i) {
    }
    });
    } else {
    Toast.makeText(getBaseContext(), ""NULLLLL"", Toast.LENGTH_SHORT).show();
    }
    }
    ...
    ...
    });
    uProfile.setOnClickListener(new View.OnClickListener() {
    @Override
    public void onClick(View view) {
    alert11.show();
    }
    });
    

Anyway, I would like to thank all those who answered this question.

Peace.",1,1,android.app.Activity,dataset canonical hint exactly matches an authoritative class,Android 4.1.1.4 + OpenJDK 8u504 + Khronos OpenGL ES 1.1 stubs,android.app.Activity,resolved_api,1,,,,,
DATA-0022,data,TU,SharedPreferences,android.content.SharedPreferences,android.content.SharedPreferences,resolved,1,"Note: This class does not support use across multiple processes.Developer Guides For more information about using SharedPreferences, read the Data Storage developer guide.",dataset_re,data/RE_reference/RE-data.csv,1,"## Using Shared Preferences

The `SharedPreferences` class provides a general framework that allows you to save and retrieve persistent key-value pairs of primitive data types. You can use `SharedPreferences` to save any primitive data: booleans, floats, ints, longs, and strings. This data will persist across user sessions (even if your application is killed).",1,1,android.content.SharedPreferences,dataset canonical hint exactly matches an authoritative class,Android 4.1.1.4 + OpenJDK 8u504 + Khronos OpenGL ES 1.1 stubs,android.content.SharedPreferences,resolved_api,1,,,,,
DATA-0023,data,TU,InputStream,java.io.InputStream,java.io.InputStream,resolved,1,This abstract class is the superclass of all classes representing an input stream of bytes.,dataset_re,data/RE_reference/RE-data.csv,1,"## Using the Internal Storage

You can save files directly on the device's internal storage. By default, files saved to the internal storage are private to your application and other applications cannot access them (nor can the user). When the user uninstalls your application, these files are removed.

To create and write a private file to the internal storage:

  1. Call `openFileOutput()` with the name of the file and the operating mode. This returns a `FileOutputStream`.
  2. Write to the file with `write()`.
  3. Close the stream with `close()`.



For example:
    
    
     String FILENAME = ""hello_file""; String string = ""hello world!"";  FileOutputStream fos = openFileOutput(FILENAME, Context.MODE_PRIVATE); fos.write(string.getBytes()); fos.close(); 

`MODE_PRIVATE` will create the file (or replace a file of the same name) and make it private to your application. Other modes available are: `MODE_APPEND`, `MODE_WORLD_READABLE`, and `MODE_WORLD_WRITEABLE`.

To read a file from internal storage:

  1. Call `openFileInput()` and pass it the name of the file to read. This returns a `FileInputStream`.
  2. Read bytes from the file with `read()`.
  3. Then close the stream with `close()`.



Tip: If you want to save a static file in your application at compile time, save the file in your project `res/raw/` directory. You can open it with `openRawResource()`, passing the `R.raw.<filename>` resource ID. This method returns an `InputStream` that you can use to read the file (but you cannot write to the original file).",1,0,java.io.InputStream,dataset canonical hint exactly matches an authoritative class,Android 4.1.1.4 + OpenJDK 8u504 + Khronos OpenGL ES 1.1 stubs,java.io.InputStream,resolved_api,1,,,,,
DATA-0024,data,SO,BackupManager,android.app.backup.BackupManager,android.app.backup.BackupManager,resolved,1,"The interface through which an application interacts with the Android backup service to request backup and restore operations. Applications instantiate it using the constructor and issue calls through that instance.Developer Guides For more information about using BackupManager, read the Data Backup developer guide.",dataset_re,data/RE_reference/RE-data.csv,1,"Backwards-compatible BackupAgent 

I am looking into using the new Backup API that available since Android 2.2, but need to maintain backwards compatibility (to 1.5 to be exact).

The docs state:

> The backup service and the APIs you must use are available only on devices running API Level 8 (Android 2.2) or greater, so you should also set your android:minSdkVersion attribute to ""8"". However, if you implement proper backward compatibility in your application, you can support this feature for devices running API Level 8 or greater, while remaining compatible with older devices.

I indeed build against the level 8 `targetSdkVersion` with level 3 `minSdkVersion` and try to use a wrapper class (with reflection) to overcome the problem that the application will not run if you implement a class that extends an nonexisting class.

Here is the problem: since we don't make actual calls to the `BackupHelper` class ourselves, we can't check upfront if the class indeed exists. (As is explained in the Android Backwards Compatibility documentation with a `checkAvailable()` method.) The class will therefore be instantiated and cast to a `BackupAgent`. But since we use reflection, it doesn't actually override BackupAgent and an exception occurs at runtime when the backup is requested:
    
    
    java.lang.RuntimeException: Unable to create BackupAgent org.transdroid.service.BackupAgent: java.lang.ClassCastException: org.transdroid.service.BackupAgent
    

Here is my approach to a backwards compatible `BackupAgent`: http://code.google.com/p/transdroid/source/browse/#svn/trunk/src/org/transdroid/service where the BackupAgent.java is the 'regular' BackupAgentHelper-extending class and BackupAgentHelperWrapper is the reflection-based wrapper class.

Anyone successfull in implementing a `BackupAgent` with backwards compatibility?

I don't see why you run into this problem.

I have the same issue: I want to support backup with a app that supports also 1.5 (API 3).

There is no problem in creating my `BackupAgentHelper` class, since that class is never called from my own code, but from the `BackupManager` i.e. the system itself. Therefore I don't need to wrap it, and I don't see why you should be doing that:
    
    
     public class MyBackupAgentHelper extends BackupAgentHelper {
    @override onCreate()
    { 
    \\\\\\\\\\\\\\\\do something usefull
    }
    

However, you do want to get a backup running, to do that you need to call on `BackupManager.dataChanged()` whenever your data changes and you want to inform the system to backup it (using your `BackupAgent` or `BackupAgentHelper`).

You do need to wrap that class, since you call it from you application code.
    
    
    public class WrapBackupManager {
    private BackupManager wrappedInstance;
    static 
    {
    try
    {
    Class.forName(""android.app.backup.BackupManager"");
    }
    catch (Exception e)
    {
    throw new RuntimeException(e);
    }
    }
    public static void checkAvailable() {}
    public void dataChanged()
    {
    wrappedInstance.dataChanged();
    }
    public WrapBackupManager(Context context)
    {
    wrappedInstance = new BackupManager(context);
    }
    }
    

You then call it from your code when you change a preference or save some data. Some code from my app:
    
    
    private static Boolean backupManagerAvailable = null;
    private static void postCommitAction() {
    if (backupManagerAvailable == null) {
    try {
    WrapBackupManager.checkAvailable();
    backupManagerAvailable = true;
    } catch (Throwable t) {
    backupManagerAvailable = false;
    }
    }
    if (backupManagerAvailable == true) {
    Log.d(""Fretter"", ""Backup Manager available, using it now."");
    WrapBackupManager wrapBackupManager = new WrapBackupManager(
    FretterApplication.getApplication());
    wrapBackupManager.dataChanged();
    } else {
    Log.d(""Fretter"", ""Backup Manager not available, not using it now."");
    }
    

So, hopefully this works for you! 

(If you call `adb shell bmgr run` every time you want to emulate the actual system initiated backupprocess it should properly backup and restore when you reinstall the app.)",1,1,android.app.backup.BackupManager,dataset canonical hint exactly matches an authoritative class,Android 4.1.1.4 + OpenJDK 8u504 + Khronos OpenGL ES 1.1 stubs,android.app.backup.BackupManager,resolved_api,1,,,,,
DATA-0025,data,SO,Activity,android.app.Activity,android.app.Activity,resolved,1,"Topics covered here:Fragments Activity Lifecycle Configuration Changes Starting Activities and Getting Results Saving Persistent State Permissions Process LifecycleDeveloper Guides The Activity class is an important part of an application's overall lifecycle, and the way activities are launched and put together is a fundamental part of the platform's application model. For a detailed perspective on the structure of an Android application and how activities behave, please read the Application Fundamentals and Tasks and Back Stack developer guides. You can also find a detailed discussion about how to create activities in the Activities developer guide.FragmentsActivity LifecycleActivities in the system are managed as an activity stack. When a new activity is started, it is placed on the top of the stack and becomes the running activity -- the previous activity always remains below it in the stack, and will not come to the foreground again until the new activity exits.An activity has essentially four states:If an activity is in the foreground of the screen (at the top of the stack), it is active or running. If an activity has lost focus but is still visible (that is, a new non-full-sized or transparent activity has focus on top of your activity), it is paused. A paused activity is completely alive (it maintains all state and member information and remains attached to the window manager), but can be killed by the system in extreme low memory situations. If an activity is completely obscured by another activity, it is stopped. It still retains all state and member information, however, it is no longer visible to the user so its window is hidden and it will often be killed by the system when memory is needed elsewhere. If an activity is paused or stopped, the system can drop the activity from memory by either asking it to finish, or simply killing its process. When it is displayed again to the user, it must be completely restarted and restored to its previous state.The following diagram shows the important state paths of an Activity. The square rectangles represent callback methods you can implement to perform operations when the Activity moves between states. The colored ovals are major states the Activity can be in.There are three key loops you may be interested in monitoring within your activity:public class Activity extends ApplicationContext {
     protected void onCreate(Bundle savedInstanceState);

     protected void onStart();

     protected void onRestart();

     protected void onResume();

     protected void onPause();

     protected void onStop();

     protected void onDestroy();
 }In general the movement through an activity's lifecycle looks like this:Configuration ChangesThis is done because any application resource, including layout files, can change based on any configuration value. Thus the only safe way to handle a configuration change is to re-retrieve all resources, including layouts, drawables, and strings. Because activities must already know how to save their state and re-create themselves from that state, this is a convenient way to have an activity restart itself with a new configuration.Starting Activities and Getting ResultsIf a child activity fails for any reason (such as crashing), the parent activity will receive a result with the code RESULT_CANCELED.public class MyActivity extends Activity {
     ...

     static final int PICK_CONTACT_REQUEST = 0;

     public boolean onKeyDown(int keyCode, KeyEvent event) {
         if (keyCode == KeyEvent.KEYCODE_DPAD_CENTER) {
             // When the user center presses, let them pick a contact.
             startActivityForResult(
                 new Intent(Intent.ACTION_PICK,
                 new Uri(""content://contacts"")),
                 PICK_CONTACT_REQUEST);
            return true;
         }
         return false;
     }

     protected void onActivityResult(int requestCode, int resultCode,
             Intent data) {
         if (requestCode == PICK_CONTACT_REQUEST) {
             if (resultCode == RESULT_OK) {
                 // A contact was picked.  Here we will just display it
                 // to the user.
                 startActivity(new Intent(Intent.ACTION_VIEW, data));
             }
         }
     }
 }Saving Persistent StateThere are generally two kinds of persistent state than an activity will deal with: shared document-like data (typically stored in a SQLite database using a content provider) and internal state such as user preferences.For content provider data, we suggest that activities use a ""edit in place"" user model. That is, any edits a user makes are effectively made immediately without requiring an additional confirmation step. Supporting this model is generally a simple matter of following two rules:This model is designed to prevent data loss when a user is navigating between activities, and allows the system to safely kill an activity (because system resources are needed somewhere else) at any time after it has been paused. Note this implies that the user pressing BACK from your activity does not mean ""cancel"" -- it means to leave the activity with its current contents saved away. Canceling edits in an activity must be provided through some other mechanism, such as an explicit ""revert"" or ""undo"" option.See the content package for more information about content providers. These are a key aspect of how different activities invoke and propagate data between themselves.The Activity class also provides an API for managing internal persistent state associated with an activity. This can be used, for example, to remember the user's preferred initial display in a calendar (day view or week view) or the user's default home page in a web browser.Here is an excerpt from a calendar activity that stores the user's preferred view mode in its persistent settings:public class CalendarActivity extends Activity {
     ...

     static final int DAY_VIEW_MODE = 0;
     static final int WEEK_VIEW_MODE = 1;

     private SharedPreferences mPrefs;
     private int mCurViewMode;

     protected void onCreate(Bundle savedInstanceState) {
         super.onCreate(savedInstanceState);

         SharedPreferences mPrefs = getSharedPreferences();
         mCurViewMode = mPrefs.getInt(""view_mode"", DAY_VIEW_MODE);
     }

     protected void onPause() {
         super.onPause();

         SharedPreferences.Editor ed = mPrefs.edit();
         ed.putInt(""view_mode"", mCurViewMode);
         ed.commit();
     }
 }PermissionsSee the Security and Permissions document for more information on permissions and security in general.Process LifecycleThe Android system attempts to keep application process around for as long as possible, but eventually will need to remove old processes when memory runs low. As described in Activity Lifecycle, the decision about which process to remove is intimately tied to the state of the user's interaction with it. In general, there are four states a process can be in based on the activities running in it, listed here in order of importance. The system will kill less important processes (the last ones) before it resorts to killing more important processes (the first ones).",dataset_re,data/RE_reference/RE-data.csv,1,"How to use SharedPreferences to save more than one values? 

I am developing a dictionary app. In my app, I assume that user wants to save favourite words. I have decided to use SharedPreferences to save these values (I am aware that SQLite and files are better but I am stuck to ""SharedPreferences"", so keep on with it).

Here below is my code:
    
    
    @Override
    public void onClick(View v) { 
    SharedPreferences faves = PreferenceManager.getDefaultSharedPreferences(getApplicationContext());
    { 
    SharedPreferences.Editor editor = faves.edit();
    editor.putString(""favourite"", mSelectedDB + ""::"" + mCurrentWordId + ""::"" + mCurrentWord + "","");
    editor.commit(); 
    }
    Log.i(CONTENT_TAG,""Favourite saved!"");
    Toast toast = Toast.makeText(ContentView.this, R.string.messageWordAddedToFarvourite, Toast.LENGTH_SHORT);
    toast.show(); 
    }
    

The problem is that it does not retain more than one favourite word. I mean only one favourite word is saved and when a new one is added, the previous is erased.

So, how can the above code be edited so that this problem is solved?

Can you guys there help? Thank you very much.

You can save multiple favorites in a single preference by adding numerous favorites in a single string, each favorite item separated by comma. Then you can use `convertStringToArray` method to convert it into String Array. Here is the full source code.  
Use MyUtility Methods to save multiple favorite items.
    
    
     MyUtility.addFavoriteItem(this, ""Sports"");
    MyUtility.addFavoriteItem(this, ""Entertainment"");
    

get String array of all favorites saved
    
    
    String[] favorites = MyUtility.getFavoriteList(this);// returns {""Sports"",""Entertainment""};
    

Save these methods in separate Utility class  

    
    
     public abstract class MyUtility {
    public static boolean addFavoriteItem(Activity activity,String favoriteItem){
    //Get previous favorite items
    String favoriteList = getStringFromPreferences(activity,null,""favorites"");
    // Append new Favorite item
    if(favoriteList!=null){
    favoriteList = favoriteList+"",""+favoriteItem;
    }else{
    favoriteList = favoriteItem;
    }
    // Save in Shared Preferences
    return putStringInPreferences(activity,favoriteList,""favorites"");
    }
    public static String[] getFavoriteList(Activity activity){
    String favoriteList = getStringFromPreferences(activity,null,""favorites"");
    return convertStringToArray(favoriteList);
    }
    private static boolean putStringInPreferences(Activity activity,String nick,String key){
    SharedPreferences sharedPreferences = activity.getPreferences(Activity.MODE_PRIVATE);
    SharedPreferences.Editor editor = sharedPreferences.edit();
    editor.putString(key, nick);
    editor.commit(); 
    return true; 
    }
    private static String getStringFromPreferences(Activity activity,String defaultValue,String key){
    SharedPreferences sharedPreferences = activity.getPreferences(Activity.MODE_PRIVATE);
    String temp = sharedPreferences.getString(key, defaultValue);
    return temp; 
    }
    private static String[] convertStringToArray(String str){
    String[] arr = str.split("","");
    return arr;
    }
    }
    

If you have to add extra favorites. Then get favorite string from `SharedPreference` and append comma+favorite item and save it back into `SharedPreference`.  
* You can use any other string for separator instead of comma.",1,1,android.app.Activity,dataset canonical hint exactly matches an authoritative class,Android 4.1.1.4 + OpenJDK 8u504 + Khronos OpenGL ES 1.1 stubs,android.app.Activity,resolved_api,1,,,,,
DATA-0026,data,SO,FileOutputStream,java.io.FileOutputStream,java.io.FileOutputStream,resolved,1,"FileOutputStream is used to write byte data to a file. In Android internal storage usage, openFileOutput can return a FileOutputStream for writing private application file data, which should be closed after writing.",qwen3.8-max,model:qwen3.8-max,0,"Where is sqlite database in android tablet? 

I am developing a application in which, insert some values in local sqlite database. Its working fine on local Emulator and Tablet as well as. After inserting values, I want to get sqlite database. I am able to get database from Emulator but unfortunatally unable to get sqlite database from Android Tablet. Please suggest what is procedure to get database from real device(Tablet).

Thanks. 

Thank for all of you

Finally i got a proper solution. We can't get db from any (Samsung) tablet, but we can copy its data and can pull to our PC.
    
    
    public void copyDataBase() {
    Log.i(""info"", ""in copy data base at finally"");
    try {
    File sd = Environment.getExternalStorageDirectory();
    File data = Environment.getDataDirectory();
    if (sd.canWrite()) {
    String currentDBPath = ""/data/"" + context.getPackageName()
    + ""/databases/DB_29Apr.sqlite"";
    String backupDBPath = ""DB_29Apr.sqlite"";
    File currentDB = new File(data, currentDBPath);
    File backupDB = new File(sd, backupDBPath);
    if (currentDB.exists()) {
    FileChannel src = new FileInputStream(currentDB)
    .getChannel();
    FileChannel dst = new FileOutputStream(backupDB)
    .getChannel();
    dst.transferFrom(src, 0, src.size());
    src.close();
    dst.close();
    }
    }
    } catch (Exception e) {
    Log.i(""info"", ""in copy of bata base 10 "");
    }
    }
    

From above function you can copy the db on external space of tablet.

Go to DDMS and find the defined database with given name in db at storage place in tablet.",1,1,java.io.FileOutputStream,unique authoritative class,Android 4.1.1.4 + OpenJDK 8u504 + Khronos OpenGL ES 1.1 stubs,java.io.FileOutputStream,resolved_api,1,,,,,
DATA-0027,data,SO,FileOutputStream,java.io.FileOutputStream,java.io.FileOutputStream,resolved,1,"FileOutputStream is used to write byte data to a file. In Android internal storage usage, openFileOutput can return a FileOutputStream for writing private application file data, which should be closed after writing.",qwen3.8-max,model:qwen3.8-max,0,"placing existing sqlite database and reading 

Where to place existing sqllite database in android folder structure? Is it drawable folder or layout folder?

I am not finding any solution for this.

Any help will be appreciated.

you should put it in the `assets` folder. This way you can make sure it will be attached to your apk. this is how you can copy the database file from the assets folder to your working directory:
    
    
    private void copyDataBase() throws IOException{
    //Open your local db as the input stream
    InputStream myInput = myContext.getAssets().open(DB_NAME);
    // Path to the just created empty db
    String outFileName = DB_PATH + DB_NAME;
    //Open the empty db as the output stream
    OutputStream myOutput = new FileOutputStream(outFileName);
    //transfer bytes from the inputfile to the outputfile
    byte[] buffer = new byte[1024];
    int length;
    while ((length = myInput.read(buffer))>0){
    myOutput.write(buffer, 0, length);
    }
    //Close the streams
    myOutput.flush();
    myOutput.close();
    myInput.close();
    }
    

now to read the database from the directory:
    
    
     public void openDataBase() throws SQLException{
    //Open the database
    String myPath = DB_PATH + DB_NAME;
    myDataBase = SQLiteDatabase.openDatabase(myPath, null, SQLiteDatabase.OPEN_READONLY);
    }",1,1,java.io.FileOutputStream,unique authoritative class,Android 4.1.1.4 + OpenJDK 8u504 + Khronos OpenGL ES 1.1 stubs,java.io.FileOutputStream,resolved_api,1,,,,,
DATA-0028,data,SO,Activity,android.app.Activity,android.app.Activity,resolved,1,"Topics covered here:Fragments Activity Lifecycle Configuration Changes Starting Activities and Getting Results Saving Persistent State Permissions Process LifecycleDeveloper Guides The Activity class is an important part of an application's overall lifecycle, and the way activities are launched and put together is a fundamental part of the platform's application model. For a detailed perspective on the structure of an Android application and how activities behave, please read the Application Fundamentals and Tasks and Back Stack developer guides. You can also find a detailed discussion about how to create activities in the Activities developer guide.FragmentsActivity LifecycleActivities in the system are managed as an activity stack. When a new activity is started, it is placed on the top of the stack and becomes the running activity -- the previous activity always remains below it in the stack, and will not come to the foreground again until the new activity exits.An activity has essentially four states:If an activity is in the foreground of the screen (at the top of the stack), it is active or running. If an activity has lost focus but is still visible (that is, a new non-full-sized or transparent activity has focus on top of your activity), it is paused. A paused activity is completely alive (it maintains all state and member information and remains attached to the window manager), but can be killed by the system in extreme low memory situations. If an activity is completely obscured by another activity, it is stopped. It still retains all state and member information, however, it is no longer visible to the user so its window is hidden and it will often be killed by the system when memory is needed elsewhere. If an activity is paused or stopped, the system can drop the activity from memory by either asking it to finish, or simply killing its process. When it is displayed again to the user, it must be completely restarted and restored to its previous state.The following diagram shows the important state paths of an Activity. The square rectangles represent callback methods you can implement to perform operations when the Activity moves between states. The colored ovals are major states the Activity can be in.There are three key loops you may be interested in monitoring within your activity:public class Activity extends ApplicationContext {
     protected void onCreate(Bundle savedInstanceState);

     protected void onStart();

     protected void onRestart();

     protected void onResume();

     protected void onPause();

     protected void onStop();

     protected void onDestroy();
 }In general the movement through an activity's lifecycle looks like this:Configuration ChangesThis is done because any application resource, including layout files, can change based on any configuration value. Thus the only safe way to handle a configuration change is to re-retrieve all resources, including layouts, drawables, and strings. Because activities must already know how to save their state and re-create themselves from that state, this is a convenient way to have an activity restart itself with a new configuration.Starting Activities and Getting ResultsIf a child activity fails for any reason (such as crashing), the parent activity will receive a result with the code RESULT_CANCELED.public class MyActivity extends Activity {
     ...

     static final int PICK_CONTACT_REQUEST = 0;

     public boolean onKeyDown(int keyCode, KeyEvent event) {
         if (keyCode == KeyEvent.KEYCODE_DPAD_CENTER) {
             // When the user center presses, let them pick a contact.
             startActivityForResult(
                 new Intent(Intent.ACTION_PICK,
                 new Uri(""content://contacts"")),
                 PICK_CONTACT_REQUEST);
            return true;
         }
         return false;
     }

     protected void onActivityResult(int requestCode, int resultCode,
             Intent data) {
         if (requestCode == PICK_CONTACT_REQUEST) {
             if (resultCode == RESULT_OK) {
                 // A contact was picked.  Here we will just display it
                 // to the user.
                 startActivity(new Intent(Intent.ACTION_VIEW, data));
             }
         }
     }
 }Saving Persistent StateThere are generally two kinds of persistent state than an activity will deal with: shared document-like data (typically stored in a SQLite database using a content provider) and internal state such as user preferences.For content provider data, we suggest that activities use a ""edit in place"" user model. That is, any edits a user makes are effectively made immediately without requiring an additional confirmation step. Supporting this model is generally a simple matter of following two rules:This model is designed to prevent data loss when a user is navigating between activities, and allows the system to safely kill an activity (because system resources are needed somewhere else) at any time after it has been paused. Note this implies that the user pressing BACK from your activity does not mean ""cancel"" -- it means to leave the activity with its current contents saved away. Canceling edits in an activity must be provided through some other mechanism, such as an explicit ""revert"" or ""undo"" option.See the content package for more information about content providers. These are a key aspect of how different activities invoke and propagate data between themselves.The Activity class also provides an API for managing internal persistent state associated with an activity. This can be used, for example, to remember the user's preferred initial display in a calendar (day view or week view) or the user's default home page in a web browser.Here is an excerpt from a calendar activity that stores the user's preferred view mode in its persistent settings:public class CalendarActivity extends Activity {
     ...

     static final int DAY_VIEW_MODE = 0;
     static final int WEEK_VIEW_MODE = 1;

     private SharedPreferences mPrefs;
     private int mCurViewMode;

     protected void onCreate(Bundle savedInstanceState) {
         super.onCreate(savedInstanceState);

         SharedPreferences mPrefs = getSharedPreferences();
         mCurViewMode = mPrefs.getInt(""view_mode"", DAY_VIEW_MODE);
     }

     protected void onPause() {
         super.onPause();

         SharedPreferences.Editor ed = mPrefs.edit();
         ed.putInt(""view_mode"", mCurViewMode);
         ed.commit();
     }
 }PermissionsSee the Security and Permissions document for more information on permissions and security in general.Process LifecycleThe Android system attempts to keep application process around for as long as possible, but eventually will need to remove old processes when memory runs low. As described in Activity Lifecycle, the decision about which process to remove is intimately tied to the state of the user's interaction with it. In general, there are four states a process can be in based on the activities running in it, listed here in order of importance. The system will kill less important processes (the last ones) before it resorts to killing more important processes (the first ones).",dataset_re,data/RE_reference/RE-data.csv,1,"How to start an activity from a plain non-activity java class? 

I want to implement MVVM pattern using data-binding in my app. Here's the login button from my layout file:
    
    
    

The logic is, on clicking this login button, a new activity should be started. I'm a beginner in android, and my question is should I keep the startActivity part in my MainActivity or in my ViewModel class? (If I want it to be in accordance with the MVVM pattern)

If it should be in the mainActivity, I would replace the last line with `android:onClick=""startNewActivity""` and then define the method in my MainActivity.

But, if it is to be placed in the ViewModel class, declaring the following method:
    
    
    public void startNewActivity(View view) {
    Intent login = new Intent(MainActivity.class, LoginActivity.class);
    startActivity(login);
    }
    

is giving error:
    
    
    Cannot resolve constructor 'Intent(java.lang.Class,java.lang.Class)'
    

How do I start the LoginActivity from my ViewModel class then?

If you want to start LoginActivity from MainActivity then you have to pass this class in intent on button click event. like this,

MainViewModel
    
    
    public class MainViewModel extends BaseObservable 
    { 
    public String name; 
    Context con; 
    public MainViewModel(Context context)
    { 
    this.con = context; 
    } 
    public void click(View view) 
    { 
    Intent login = new Intent(con, LoginActivity.class); 
    con.startActivity(login); 
    } 
    } 
    

MainActivity.java
    
    
    public class MainActivity extends AppCompatActivity {
    @Override
    protected void onCreate(Bundle savedInstanceState) {
    super.onCreate(savedInstanceState);
    ActivityMainBinding binding = DataBindingUtil.setContentView(this, R.layout.activity_main);
    MainViewModel mainViewModel = new MainViewModel(MainActivity.this);
    binding.setMainViewModel(mainViewModel);
    }
    }
    

LoginActivity.java
    
    
     public class LoginActivity extends Activity {
    @Override
    protected void onCreate(Bundle savedInstanceState) {
    super.onCreate(savedInstanceState);
    setContentView(R.layout.login);
    }
    }
    

activity_main.xml",1,1,android.app.Activity,dataset canonical hint exactly matches an authoritative class,Android 4.1.1.4 + OpenJDK 8u504 + Khronos OpenGL ES 1.1 stubs,android.app.Activity,resolved_api,1,,,,,
DATA-0029,data,SO,Intent,android.content.Intent,android.content.Intent,resolved,1,"An Intent provides a facility for performing late runtime binding between the code in different applications. Its most significant use is in the launching of activities, where it can be thought of as the glue between activities. It is basically a passive data structure holding an abstract description of an action to be performed.Developer Guides For information about how to create and resolve intents, read the Intents and Intent Filters developer guide.Intent StructureThe primary pieces of information in an intent are:Some examples of action/data pairs are:In addition to these primary attributes, there are a number of secondary attributes that you can also include with an intent:Here are some examples of other operations you can specify as intents using these additional parameters:Put together, the set of actions, data types, categories, and extra data defines a language for the system allowing for the expression of phrases such as ""call john smith's cell"". As applications are added to the system, they can extend this language by adding new actions, types, and categories, or they can modify the behavior of existing phrases by supplying their own activities that handle them.Intent ResolutionThere are two primary forms of intents you will use.For example, consider the Note Pad sample application that allows user to browse through a list of notes data and view details about individual items. Text in italics indicate places were you would replace a name with one specific to your own package.<manifest xmlns:android=""http://schemas.android.com/apk/res/android""
       package=""com.android.notepad"">
     <application android:icon=""@drawable/app_notes""
             android:label=""@string/app_name"">

         <provider class="".NotePadProvider""
                 android:authorities=""com.google.provider.NotePad"" />

         <activity class="".NotesList"" android:label=""@string/title_notes_list"">
             <intent-filter>
                 <action android:name=""android.intent.action.MAIN"" />
                 <category android:name=""android.intent.category.LAUNCHER"" />
             </intent-filter>
             <intent-filter>
                 <action android:name=""android.intent.action.VIEW"" />
                 <action android:name=""android.intent.action.EDIT"" />
                 <action android:name=""android.intent.action.PICK"" />
                 <category android:name=""android.intent.category.DEFAULT"" />
                 <data android:mimeType=""vnd.android.cursor.dir/vnd.google.note"" />
             </intent-filter>
             <intent-filter>
                 <action android:name=""android.intent.action.GET_CONTENT"" />
                 <category android:name=""android.intent.category.DEFAULT"" />
                 <data android:mimeType=""vnd.android.cursor.item/vnd.google.note"" />
             </intent-filter>
         </activity>

         <activity class="".NoteEditor"" android:label=""@string/title_note"">
             <intent-filter android:label=""@string/resolve_edit"">
                 <action android:name=""android.intent.action.VIEW"" />
                 <action android:name=""android.intent.action.EDIT"" />
                 <category android:name=""android.intent.category.DEFAULT"" />
                 <data android:mimeType=""vnd.android.cursor.item/vnd.google.note"" />
             </intent-filter>

             <intent-filter>
                 <action android:name=""android.intent.action.INSERT"" />
                 <category android:name=""android.intent.category.DEFAULT"" />
                 <data android:mimeType=""vnd.android.cursor.dir/vnd.google.note"" />
             </intent-filter>

         </activity>

         <activity class="".TitleEditor"" android:label=""@string/title_edit_title""
                 android:theme=""@android:style/Theme.Dialog"">
             <intent-filter android:label=""@string/resolve_title"">
                 <action android:name=""com.android.notepad.action.EDIT_TITLE"" />
                 <category android:name=""android.intent.category.DEFAULT"" />
                 <category android:name=""android.intent.category.ALTERNATIVE"" />
                 <category android:name=""android.intent.category.SELECTED_ALTERNATIVE"" />
                 <data android:mimeType=""vnd.android.cursor.item/vnd.google.note"" />
             </intent-filter>
         </activity>

     </application>
 </manifest>Given these capabilities, the following intents will resolve to the NotesList activity:{ action=android.app.action.MAIN } matches all of the activities that can be used as top-level entry points into an application. { action=android.app.action.MAIN, category=android.app.category.LAUNCHER } is the actual intent used by the Launcher to populate its top-level list. { action=android.intent.action.VIEW data=content://com.google.provider.NotePad/notes } displays a list of all the notes under ""content://com.google.provider.NotePad/notes"", which the user can browse through and see the details on. { action=android.app.action.PICK data=content://com.google.provider.NotePad/notes } provides a list of the notes under ""content://com.google.provider.NotePad/notes"", from which the user can pick a note whose data URL is returned back to the caller. { action=android.app.action.GET_CONTENT type=vnd.android.cursor.item/vnd.google.note } is similar to the pick action, but allows the caller to specify the kind of data they want back so that the system can find the appropriate activity to pick something of that data type.Given these capabilities, the following intents will resolve to the NoteEditor activity:{ action=android.intent.action.VIEW data=content://com.google.provider.NotePad/notes/{ID} } shows the user the content of note {ID}. { action=android.app.action.EDIT data=content://com.google.provider.NotePad/notes/{ID} } allows the user to edit the content of note {ID}. { action=android.app.action.INSERT data=content://com.google.provider.NotePad/notes } creates a new, empty note in the notes list at ""content://com.google.provider.NotePad/notes"" and allows the user to edit it. If they keep their changes, the URI of the newly created note is returned to the caller.Given these capabilities, the following intent will resolve to the TitleEditor activity:{ action=com.android.notepad.action.EDIT_TITLE data=content://com.google.provider.NotePad/notes/{ID} } displays and allows the user to edit the title associated with note {ID}.Standard Activity ActionsStandard Broadcast ActionsStandard CategoriesStandard Extra DataFlags",dataset_re,data/RE_reference/RE-data.csv,1,"notifyDataSetChanged() not refreshing adapter 

My adapter list is refreshing on broadcast receiver . 

> Everything is working fine if adapter list size is greater than 1 , means if my recyclerview has already one row shwoing then list refreshing just fine . But if list size goes from 0 to 1 then my adapter notify dataset Changed stop working . No data shows on recyclerview. I don't know why it is not working .

Recyclerview Class:
    
    
     @Override
    public View onCreateView(LayoutInflater inflater, ViewGroup container,
    Bundle savedInstanceState) {
    v = inflater.inflate(R.layout.job_recyclerview, container, false);
    getActivity());
    initialise(v);
    init();
    showNoTaskMessage();
    new loadListTask().executeOnExecutor(AsyncTask.THREAD_POOL_EXECUTOR);
    mMyBroadcastReceiver = new BroadcastReceiver() {
    @Override
    public void onReceive(Context context, Intent intent) {
    // Here you can refresh your listview or other UI
    SlidingTab.slidingTab.getTabAt(0).setText(""New ("" + SingleTon.getInstance().getNewjob() + "")"");
    SlidingTab.slidingTab.getTabAt(1).setText(""In Progress ("" + SingleTon.getInstance().getInprogressjob() + "")"");;
    SlidingTab.slidingTab.getTabAt(2).setText(""Completed ("" + SingleTon.getInstance().getCompletedjob() + "")"");
    }
    };
    try {
    IntentFilter filter = new IntentFilter(""newJob"");
    LocalBroadcastManager.getInstance(context).registerReceiver(mMyBroadcastReceiver,
    filter);
    } catch (Exception e) {
    // TODO: handle exception
    e.printStackTrace();
    }
    return v;
    }
    

Adapter class :
    
    
     public JobAdapter(ArrayList myDataset, Context context) {
    this.mDataset = myDataset;
    this.mAct = context;
    }
    public void addApplications(ArrayList candidates) {
    if (this.filterList == null) {
    filterList = new ArrayList<>();
    }
    this.mDataset.clear();
    this.mDataset.addAll(candidates);
    this.filterList.addAll(mDataset);
    this.notifyItemRangeInserted(0, candidates.size() - 1);
    }
    public void clearApplications() {
    int size = this.mDataset.size();
    if (size > 0) {
    for (int i = 0; i < size; i++) {
    mDataset.remove(0);
    filterList.remove(0);
    }
    this.notifyItemRangeRemoved(0, size);
    }
    }
    @Override
    public int getItemViewType(int position) {
    return VIEW_NORMAL;
    }
    @Override
    public ViewHolder onCreateViewHolder(ViewGroup parent, int viewType) {
    View v = LayoutInflater.from(parent.getContext()).inflate(R.layout.single_job_card, parent, false);
    ViewHolder fh = new ViewHolder(v);
    return fh;
    }
    @Override
    public void onBindViewHolder(final ViewHolder holder, final int position) {
    // holder.jobPhone.setText(mDataset.get(position).mobileNo);
    holder.jobNumber.setText(mDataset.get(position).jobNumber);
    holder.jobTime.setText(mDataset.get(position).time);
    holder.jobAddress.setText(mDataset.get(position).address);
    // holder.jobInstructionText.setText(mDataset.get(position).spclInstruction);
    if (mDataset.get(position).jobStatus != null && mDataset.get(position).jobStatus.equalsIgnoreCase(""Completed"")) {
    holder.endsat.setText(""Submitted at"");
    holder.jobTime.setText(mDataset.get(position).completedOnString);
    holder.jobTimeLeft.setVisibility(View.INVISIBLE);
    holder.timerImage.setVisibility(View.INVISIBLE);
    } else {
    if (mDataset.get(position).status.equalsIgnoreCase(""Active"")) {
    holder.jobTimeLeft.setText(mDataset.get(position).appointmentTime);
    } else {
    holder.jobTimeLeft.setText(""-"" + mDataset.get(position).appointmentTime);
    }
    }
    holder.jobLayout1.setOnClickListener(new View.OnClickListener() {
    @Override
    public void onClick(View v) {
    SingleTon.getInstance().setWorkDescHolder(mDataset.get(position).descHolder);
    FragmentManager fragmentManager = ((FragmentActivity) mAct).getSupportFragmentManager();
    FragmentTransaction ft = ((FragmentActivity) mAct).getSupportFragmentManager().beginTransaction();
    ft.setCustomAnimations(R.anim.glide_fragment_horizontal_in, R.anim.glide_fragment_horizontal_out);
    ft.replace(R.id.content_frame1, new DetailsFragment(), ""persondetails"");
    ft.addToBackStack(""persondetails"");
    // Start the animated transition.
    ft.commit();
    }
    });
    }
    @Override
    public int getItemCount() {
    return mDataset.size();
    }
    public class ViewHolder extends RecyclerView.ViewHolder {
    private TextView jobNumber, jobTimeLeft, jobStatus, jobAddress, jobEmail, jobPhone, timeTimer, jobInstructionText, jobTime, endsat;
    private ImageView timerImage;
    private FrameLayout frameLayout;
    private CardView cardView;
    private LayoutRipple jobLayout1;
    public ViewHolder(View v) {
    super(v);
    this.jobNumber = (TextView) v.findViewById(R.id.job_number);
    this.jobTime = (TextView) v.findViewById(R.id.job_time);
    this.jobTimeLeft = (TextView) v.findViewById(R.id.job_timertext);
    this.timerImage = (ImageView) v.findViewById(R.id.timerimage);
    this.cardView = (CardView) v.findViewById(R.id.card_view);
    // this.jobStatus = (TextView) v.findViewById(R.id.job_status);
    this.jobAddress = (TextView) v.findViewById(R.id.job_addresstext);
    // this.jobInstructionText = (TextView) v.findViewById(R.id.instruction_text);
    // this.jobLayout = (LayoutRipple)v.findViewById(R.id.job_cardLayout);
    this.jobLayout1 = (LayoutRipple) v.findViewById(R.id.cardLayout1);
    this.endsat = (AppCompatTextView) v.findViewById(R.id.endsat);
    this.jobNumber.setTypeface(Utils.RegularTypeface(mAct));
    this.jobAddress.setTypeface(Utils.RegularTypeface(mAct));
    this.jobTimeLeft.setTypeface(Utils.RegularTypeface(mAct));
    this.jobTime.setTypeface(Utils.RegularTypeface(mAct));
    }
    }
    }
    

Please help me finding the bug or some other approach . Thanks

Call the data loading task inside the `onReceive()` of `BroadcastReceiver`
    
    
     mMyBroadcastReceiver = new BroadcastReceiver() {
    @Override
    public void onReceive(Context context, Intent intent) {
    // Here you can refresh your listview or other UI
    new loadListTask().executeOnExecutor(AsyncTask.THREAD_POOL_EXECUTOR);
    SlidingTab.slidingTab.getTabAt(0).setText(""New ("" + SingleTon.getInstance().getNewjob() + "")"");
    SlidingTab.slidingTab.getTabAt(1).setText(""In Progress ("" + SingleTon.getInstance().getInprogressjob() + "")"");;
    SlidingTab.slidingTab.getTabAt(2).setText(""Completed ("" + SingleTon.getInstance().getCompletedjob() + "")"");
    }
    };
    

And also do following changes in your Adapter class.
    
    
     public void addApplications(ArrayList candidates) {
    if (this.filterList == null) {
    filterList = new ArrayList<>();
    }
    this.mDataset.clear();
    this.mDataset.addAll(candidates);
    this.filterList.addAll(mDataset);
    this.notifyItemRangeInserted(0, candidates.size());
    }
    public void clearApplications() {
    int size = this.mDataset.size();
    if (size > 0) {
    for (int i = 0; i < size; i++) {
    mDataset.remove(i);
    filterList.remove(i);
    }
    this.notifyItemRangeRemoved(0, size);
    }
    }
    

Hope that works!",1,1,android.content.Intent,dataset canonical hint exactly matches an authoritative class,Android 4.1.1.4 + OpenJDK 8u504 + Khronos OpenGL ES 1.1 stubs,android.content.Intent,resolved_api,1,,,,,
DATA-0030,data,TU,package-summary,,,excluded_package_document,0,"The Android backup package provides services for copying persistent application data to remote cloud storage, enabling automatic restoration of data and settings when an application is re-installed after a factory reset or device upgrade. It includes the BackupManager API which coordinates with customizable backup transports to handle data exchange between the application and cloud storage.",qwen3.8-flash_context_reviewed,eval_outputs/graph_reference_review_20260918/reviews.json#DATA-0030,0,"Android's `backup` service allows you to copy your persistent application data to remote ""cloud"" storage, in order to provide a restore point for the application data and settings. If a user performs a factory reset or converts to a new Android-powered device, the system automatically restores your backup data when the application is re-installed. This way, your users don't need to reproduce their previous data or application settings. This process is completely transparent to the user and does not affect the functionality or user experience in your application.

During a backup operation (which your application can request), Android's Backup Manager (`BackupManager`) queries your application for backup data, then hands it to a backup transport, which then delivers the data to the cloud storage. During a restore operation, the Backup Manager retrieves the backup data from the backup transport and returns it to your application so your application can restore the data to the device. It's possible for your application to request a restore, but that shouldn't be necessary¡ªAndroid automatically performs a restore operation when your application is installed and there exists backup data associated with the user. The primary scenario in which backup data is restored is when a user resets their device or upgrades to a new device and their previously installed applications are re-installed.

Note: The backup service is not designed for synchronizing application data with other clients or saving data that you'd like to access during the normal application lifecycle. You cannot read or write backup data on demand and cannot access it in any way other than through the APIs provided by the Backup Manager.

The backup transport is the client-side component of Android's backup framework, which is customizable by the device manufacturer and service provider. The backup transport may differ from device to device and which backup transport is available on any given device is transparent to your application. The Backup Manager APIs isolate your application from the actual backup transport available on a given device¡ªyour application communicates with the Backup Manager through a fixed set of APIs, regardless of the underlying transport.

Data backup is not guaranteed to be available on all Android-powered devices. However, your application is not adversely affected in the event that a device does not provide a backup transport. If you believe that users will benefit from data backup in your application, then you can implement it as described in this document, test it, then publish your application without any concern about which devices actually perform backup. When your application runs on a device that does not provide a backup transport, your application operates normally, but will not receive callbacks from the Backup Manager to backup data.

Although you cannot know what the current transport is, you are always assured that your backup data cannot be read by other applications on the device. Only the Backup Manager and backup transport have access to the data you provide during a backup operation.

Caution: Because the cloud storage and transport service can differ from device to device, Android makes no guarantees about the security of your data while using backup. You should always be cautious about using backup to store sensitive data, such as usernames and passwords.",1,1,,"The raw identifier is a package-summary documentation page, not a class/method. Shared raw-name reference URLs are not occurrence-specific (e.g. drawable/backup KUs have animation/net URLs); no arbitrary class substitution.",Android 4.1.1.4 + OpenJDK 8u504 + Khronos OpenGL ES 1.1 stubs,knowledge-occurrence:DATA-0030,package_document,1,Package-level documentation covering Java and Android networking classes used to open and manage network connections.,official,https://developer.android.com/reference/android/net/package-summary,generated_context_reviewed,"The knowledge unit explicitly describes the functionality and components (BackupManager, backup transport) associated with Android's backup service/package, matching the 'package-summary' entity kind."
DATA-0031,data,TU,SharedPreferences,android.content.SharedPreferences,android.content.SharedPreferences,resolved,1,"Note: This class does not support use across multiple processes.Developer Guides For more information about using SharedPreferences, read the Data Storage developer guide.",dataset_re,data/RE_reference/RE-data.csv,1,"## The Basics

To backup your application data, you need to implement a backup agent. Your backup agent is called by the Backup Manager to provide the data you want to back up. It is also called to restore your backup data when the application is re-installed. The Backup Manager handles all your data transactions with the cloud storage (using the backup transport) and your backup agent handles all your data transactions on the device.

To implement a backup agent, you must:

  1. Declare your backup agent in your manifest file with the `android:backupAgent` attribute.
  2. Register your application with a backup service. Google offers Android Backup Service as a backup service for most Android-powered devices, which requires that you register your application in order for it to work. Any other backup services available might also require you to register in order to store your data on their servers.
  3. Define a backup agent by either:

     1. Extending BackupAgent

The `BackupAgent` class provides the central interface with which your application communicates with the Backup Manager. If you extend this class directly, you must override `onBackup()` and `onRestore()` to handle the backup and restore operations for your data.

Or

     2. Extending BackupAgentHelper

The `BackupAgentHelper` class provides a convenient wrapper around the `BackupAgent` class, which minimizes the amount of code you need to write. In your `BackupAgentHelper`, you must use one or more ""helper"" objects, which automatically backup and restore certain types of data, so that you do not need to implement `onBackup()` and `onRestore()`.

Android currently provides backup helpers that will backup and restore complete files from `SharedPreferences` and internal storage.",1,1,android.content.SharedPreferences,dataset canonical hint exactly matches an authoritative class,Android 4.1.1.4 + OpenJDK 8u504 + Khronos OpenGL ES 1.1 stubs,android.content.SharedPreferences,resolved_api,1,,,,,
DATA-0032,data,TU,AccountManager,android.accounts.AccountManager,android.accounts.AccountManager,resolved,1,"This class provides access to a centralized registry of the user's online accounts. The user enters credentials (username and password) once per account, granting applications access to online resources with ""one-click"" approval.Different online services have different ways of handling accounts and authentication, so the account manager uses pluggable authenticator modules for different account types. Authenticators (which may be written by third parties) handle the actual details of validating account credentials and storing account information. For example, Google, Facebook, and Microsoft Exchange each have their own authenticator.Many servers support some notion of an authentication token, which can be used to authenticate a request to the server without sending the user's actual password. (Auth tokens are normally created with a separate request which does include the user's credentials.) AccountManager can generate auth tokens for applications, so the application doesn't need to handle passwords directly. Auth tokens are normally reusable and cached by AccountManager, but must be refreshed periodically. It's the responsibility of applications to invalidate auth tokens when they stop working so the AccountManager knows it needs to regenerate them.Applications accessing a server normally go through these steps:",dataset_re,data/RE_reference/RE-data.csv,1,"## Applications That Should NOT Install on External Storage

When the user enables USB mass storage to share files with their computer (or otherwise unmounts or removes the external storage), any application installed on the external storage and currently running is killed. The system effectively becomes unaware of the application until mass storage is disabled and the external storage is remounted on the device. Besides killing the application and making it unavailable to the user, this can break some types of applications in a more serious way. In order for your application to consistently behave as expected, you should not allow your application to be installed on the external storage if it uses any of the following features, due to the cited consequences when the external storage is unmounted:

Services 
     Your running `Service` will be killed and will not be restarted when external storage is remounted. You can, however, register for the `ACTION_EXTERNAL_APPLICATIONS_AVAILABLE` broadcast Intent, which will notify your application when applications installed on external storage have become available to the system again. At which time, you can restart your Service. 
Alarm Services 
     Your alarms registered with `AlarmManager` will be cancelled. You must manually re-register any alarms when external storage is remounted. 
Input Method Engines 
     Your IME will be replaced by the default IME. When external storage is remounted, the user can open system settings to enable your IME again. 
Live Wallpapers 
     Your running Live Wallpaper will be replaced by the default Live Wallpaper. When external storage is remounted, the user can select your Live Wallpaper again. 
App Widgets 
     Your App Widget will be removed from the home screen. When external storage is remounted, your App Widget will not be available for the user to select until the system resets the home application (usually not until a system reboot). 
Account Managers 
     Your accounts created with `AccountManager` will disappear until external storage is remounted. 
Sync Adapters 
     Your `AbstractThreadedSyncAdapter` and all its sync functionality will not work until external storage is remounted. 
Device Administrators 
     Your `DeviceAdminReceiver` and all its admin capabilities will be disabled, which can have unforeseeable consequences for the device functionality, which may persist after external storage is remounted. 
Broadcast Receivers listening for ""boot completed""
     The system delivers the `ACTION_BOOT_COMPLETED` broadcast before the external storage is mounted to the device. If your application is installed on the external storage, it can never receive this broadcast. 

If your application uses any of the features listed above, you should not allow your application to install on external storage. By default, the system will not allow your application to install on the external storage, so you don't need to worry about your existing applications. However, if you're certain that your application should never be installed on the external storage, then you should make this clear by declaring `android:installLocation` with a value of ""`internalOnly`"". Though this does not change the default behavior, it explicitly states that your application should only be installed on the internal storage and serves as a reminder to you and other developers that this decision has been made.",1,1,android.accounts.AccountManager,dataset canonical hint exactly matches an authoritative class,Android 4.1.1.4 + OpenJDK 8u504 + Khronos OpenGL ES 1.1 stubs,android.accounts.AccountManager,resolved_api,1,,,,,
DATA-0033,data,SO,File,java.io.File,java.io.File,resolved,1,"An abstract representation of file and directory pathnames.User interfaces and operating systems use system-dependent pathname strings to name files and directories. This class presents an abstract, system-independent view of hierarchical pathnames. An abstract pathname has two components:emptyThe prefix concept is used to handle root directories on UNIX platforms, and drive specifiers, root directories and UNC pathnames on Microsoft Windows platforms, as follows:Instances of this class may or may not denote an actual file-system object such as a file or a directory. If it does denote such an object then that object resides in a partition. A partition is an operating system-specific portion of storage for a file system. A single storage device (e.g. a physical disk-drive, flash memory, CD-ROM) may contain multiple partitions. The object, if any, will reside on the partition named by some ancestor of the absolute form of this pathname.A file system may implement restrictions to certain operations on the actual file-system object, such as reading, writing, and executing. These restrictions are collectively known as access permissions. The file system may have multiple sets of access permissions on a single object. For example, one set may apply to the object's owner, and another may apply to all other users. The access permissions on an object may cause some methods in this class to fail.On Android, the underlying filesystem encoding for filenames is always UTF-8.",dataset_re,data/RE_reference/RE-data.csv,1,"Can I download an SQLite db on /sdcard and access it from my Android app? 

I already found out that there is no way to bundle files in an .apk and have them on /sdcard, the best option so far being to download the large files upon first run. I came accross a tutorial saying how to bundle an sqlite db with the apk and then copy it so that it can be accessed with SQLiteDatabase (thus doubling the space needed, and not using /sdcard at all).

http://developer.android.com/guide/topics/data/data-storage.html#db says all databases MUST be in /data/data/package_name/databases. 

Is that really so? Is there a way to trick the framework into opening a database that is placed on the /sdcard partition? Is there a way to use another SQLite java wrapper/framework to access such databases?

If the answer to the above is 'No', what other options do I have? My data is very well represented in a relational model, but is just too big, plus, I want to be able to update it without the need to reinstall/upgrade the entire app.

Sure you can. The docs are a little conflicting about this as they also say that no limitations are imposed. I think they should say that relative paths are to the above location and dbs there ARE private. Here is the code you want:
    
    
    File dbfile = new File(""/sdcard/mydb.sqlite"" ); 
    SQLiteDatabase db = SQLiteDatabase.openOrCreateDatabase(dbfile, null);
    System.out.println(""Its open? "" + db.isOpen());",1,1,java.io.File,dataset canonical hint exactly matches an authoritative class,Android 4.1.1.4 + OpenJDK 8u504 + Khronos OpenGL ES 1.1 stubs,java.io.File,resolved_api,1,,,,,
DATA-0034,data,SO,Intent,android.content.Intent,android.content.Intent,resolved,1,"An Intent provides a facility for performing late runtime binding between the code in different applications. Its most significant use is in the launching of activities, where it can be thought of as the glue between activities. It is basically a passive data structure holding an abstract description of an action to be performed.Developer Guides For information about how to create and resolve intents, read the Intents and Intent Filters developer guide.Intent StructureThe primary pieces of information in an intent are:Some examples of action/data pairs are:In addition to these primary attributes, there are a number of secondary attributes that you can also include with an intent:Here are some examples of other operations you can specify as intents using these additional parameters:Put together, the set of actions, data types, categories, and extra data defines a language for the system allowing for the expression of phrases such as ""call john smith's cell"". As applications are added to the system, they can extend this language by adding new actions, types, and categories, or they can modify the behavior of existing phrases by supplying their own activities that handle them.Intent ResolutionThere are two primary forms of intents you will use.For example, consider the Note Pad sample application that allows user to browse through a list of notes data and view details about individual items. Text in italics indicate places were you would replace a name with one specific to your own package.<manifest xmlns:android=""http://schemas.android.com/apk/res/android""
       package=""com.android.notepad"">
     <application android:icon=""@drawable/app_notes""
             android:label=""@string/app_name"">

         <provider class="".NotePadProvider""
                 android:authorities=""com.google.provider.NotePad"" />

         <activity class="".NotesList"" android:label=""@string/title_notes_list"">
             <intent-filter>
                 <action android:name=""android.intent.action.MAIN"" />
                 <category android:name=""android.intent.category.LAUNCHER"" />
             </intent-filter>
             <intent-filter>
                 <action android:name=""android.intent.action.VIEW"" />
                 <action android:name=""android.intent.action.EDIT"" />
                 <action android:name=""android.intent.action.PICK"" />
                 <category android:name=""android.intent.category.DEFAULT"" />
                 <data android:mimeType=""vnd.android.cursor.dir/vnd.google.note"" />
             </intent-filter>
             <intent-filter>
                 <action android:name=""android.intent.action.GET_CONTENT"" />
                 <category android:name=""android.intent.category.DEFAULT"" />
                 <data android:mimeType=""vnd.android.cursor.item/vnd.google.note"" />
             </intent-filter>
         </activity>

         <activity class="".NoteEditor"" android:label=""@string/title_note"">
             <intent-filter android:label=""@string/resolve_edit"">
                 <action android:name=""android.intent.action.VIEW"" />
                 <action android:name=""android.intent.action.EDIT"" />
                 <category android:name=""android.intent.category.DEFAULT"" />
                 <data android:mimeType=""vnd.android.cursor.item/vnd.google.note"" />
             </intent-filter>

             <intent-filter>
                 <action android:name=""android.intent.action.INSERT"" />
                 <category android:name=""android.intent.category.DEFAULT"" />
                 <data android:mimeType=""vnd.android.cursor.dir/vnd.google.note"" />
             </intent-filter>

         </activity>

         <activity class="".TitleEditor"" android:label=""@string/title_edit_title""
                 android:theme=""@android:style/Theme.Dialog"">
             <intent-filter android:label=""@string/resolve_title"">
                 <action android:name=""com.android.notepad.action.EDIT_TITLE"" />
                 <category android:name=""android.intent.category.DEFAULT"" />
                 <category android:name=""android.intent.category.ALTERNATIVE"" />
                 <category android:name=""android.intent.category.SELECTED_ALTERNATIVE"" />
                 <data android:mimeType=""vnd.android.cursor.item/vnd.google.note"" />
             </intent-filter>
         </activity>

     </application>
 </manifest>Given these capabilities, the following intents will resolve to the NotesList activity:{ action=android.app.action.MAIN } matches all of the activities that can be used as top-level entry points into an application. { action=android.app.action.MAIN, category=android.app.category.LAUNCHER } is the actual intent used by the Launcher to populate its top-level list. { action=android.intent.action.VIEW data=content://com.google.provider.NotePad/notes } displays a list of all the notes under ""content://com.google.provider.NotePad/notes"", which the user can browse through and see the details on. { action=android.app.action.PICK data=content://com.google.provider.NotePad/notes } provides a list of the notes under ""content://com.google.provider.NotePad/notes"", from which the user can pick a note whose data URL is returned back to the caller. { action=android.app.action.GET_CONTENT type=vnd.android.cursor.item/vnd.google.note } is similar to the pick action, but allows the caller to specify the kind of data they want back so that the system can find the appropriate activity to pick something of that data type.Given these capabilities, the following intents will resolve to the NoteEditor activity:{ action=android.intent.action.VIEW data=content://com.google.provider.NotePad/notes/{ID} } shows the user the content of note {ID}. { action=android.app.action.EDIT data=content://com.google.provider.NotePad/notes/{ID} } allows the user to edit the content of note {ID}. { action=android.app.action.INSERT data=content://com.google.provider.NotePad/notes } creates a new, empty note in the notes list at ""content://com.google.provider.NotePad/notes"" and allows the user to edit it. If they keep their changes, the URI of the newly created note is returned to the caller.Given these capabilities, the following intent will resolve to the TitleEditor activity:{ action=com.android.notepad.action.EDIT_TITLE data=content://com.google.provider.NotePad/notes/{ID} } displays and allows the user to edit the title associated with note {ID}.Standard Activity ActionsStandard Broadcast ActionsStandard CategoriesStandard Extra DataFlags",dataset_re,data/RE_reference/RE-data.csv,1,"Start a specific part of an application only one time after installation 

On my app I've got a Database which i have to fill one time with some entries. I have packed this step in my splashscreen. Now I got the problem every time i open up my application it puts again all entries to my database. I'm looking for a way to let this happen only on the really first time the app gets opend. But i don't find out, how i can realize this. I'm happy over every input and Idea!

Have a nice day

safari

Notes

I had an idea to realize that. I make a boolean in my SplashScreen, which takes a look at the database table if there is nothin, it inputs all the entries and makes a mark in a table that its filled like yes. Afterwards if i open the app again it takes a look at the database if theres a yes or what ever i definied, it doesn't put again all entries in my database. Sorry for that crappy definition of what my idea is, my english isnt the best.

I'm searching for an easier way than this.

why not have a startup activity that checks if the app is launched for the first time ( and stores the value in the app preferences ) and either forwards to the database setup activity or to the main activity....

Here's a sample on how to read and write to the preferences:

Define preference key:
    
    
    public static final String KEY_APP_IS_INITIALIZED = ""APP_INITIALIZED"";
    

read boolean value from preferences:
    
    
    SharedPreferences prefs = PreferenceManager.getDefaultSharedPreferences(context)
    boolean appIsInitialized = prefs.getBoolean(KEY_APP_IS_INITIALIZED, false);
    

store boolean value to preferences:
    
    
    SharedPreferences prefs = PreferenceManager.getDefaultSharedPreferences(context)
    Editor editor = prefs.edit();
    editor.putBoolean(KEY_APP_IS_INITIALIZED, true);
    editor.commit();
    

Launching the activities:
    
    
    Intent intent = new Intent(startup_activity, 
    db_initialized ? 
    MainActivity.class :
    DbInitActivity.class);
    startup_activity.startActivity(intent);",1,1,android.content.Intent,dataset canonical hint exactly matches an authoritative class,Android 4.1.1.4 + OpenJDK 8u504 + Khronos OpenGL ES 1.1 stubs,android.content.Intent,resolved_api,1,,,,,
DATA-0035,data,SO,SQLiteOpenHelper,android.database.sqlite.SQLiteOpenHelper,android.database.sqlite.SQLiteOpenHelper,resolved,1,"A helper class to manage database creation and version management.For an example, see the NotePadProvider class in the NotePad sample application, in the samples/ directory of the SDK.Note: this class assumes monotonically increasing version numbers for upgrades.",dataset_re,data/RE_reference/RE-data.csv,1,"Android SQLite ""no such table"" exception 

I'm starting into SQLite and databases in Android and I just found this issue. I have read a lot of similar questions but I have not found a solution yet.

This is the error I'm getting:

> E/AndroidRuntime(529): Caused by: android.database.sqlite.SQLiteException: no such table: ligas_bd: , while compiling: SELECT * FROM ligas_bd

This is my code. 
    
    
    DBHelper myDbHelper = new DBHelper(this);
    myDbHelper = new DBHelper(this);
    try {
    myDbHelper.createDataBase();
    } catch (IOException ioe) {
    throw new Error(""Unable to create database"");
    }
    try {
    myDbHelper.open();
    SQLiteDatabase db = null;
    db = myDbHelper.getWritableDatabase();
    String[] args = new String[] {""""};
    Cursor c = db.rawQuery("" SELECT * FROM ligas_bd"", args); <---- Error in this line
    if (c.moveToFirst()) {
    do {
    String cod = c.getString(0);
    String nombre = c.getString(1);
    String flag = c.getString(0);
    String cod_url = c.getString(0);
    ligas.add(new Item_Liga(nombre, flag, cod, cod_url));
    } while(c.moveToNext());
    }
    }catch(SQLException sqle){
    throw sqle;
    }
    

DBHelper.java
    
    
    public class DBHelper extends SQLiteOpenHelper{
    private static String DB_NAME = ""ligas_bd"";
    private SQLiteDatabase myDataBase;
    private final Context myContext;
    public DBHelper(Context context) {
    super(context, DB_NAME, null, 1);
    this.myContext = context;
    }
    public void createDataBase() throws IOException{
    boolean dbExist = checkDataBase();
    if(dbExist){ }
    else {
    this.getReadableDatabase();
    try {
    copyDataBase();
    } catch (IOException e) {
    throw new Error(""Error copiando Base de Datos"");
    }
    }
    }
    private boolean checkDataBase(){
    SQLiteDatabase checkDB = null;
    try {
    String myPath = DB_PATH + DB_NAME;
    checkDB = SQLiteDatabase.openDatabase(myPath, null, SQLiteDatabase.OPEN_READONLY);
    } catch(SQLiteException e) { }
    if(checkDB != null) {
    checkDB.close();
    }
    return checkDB != null ? true : false;
    }
    private void copyDataBase() throws IOException{
    InputStream myInput = myContext.getAssets().open(DB_NAME);
    String outFileName = DB_PATH + DB_NAME;
    OutputStream myOutput = new FileOutputStream(outFileName);
    byte[] buffer = new byte[1024];
    int length;
    while ((length = myInput.read(buffer))>0) {
    myOutput.write(buffer, 0, length);
    }
    myOutput.flush();
    myOutput.close();
    myInput.close();
    }
    public void open() throws SQLException{
    try {
    createDataBase();
    } catch (IOException e) {
    throw new Error(""Ha sido imposible crear la Base de Datos"");
    }
    String myPath = DB_PATH + DB_NAME;
    myDataBase = SQLiteDatabase.openDatabase(myPath, null, SQLiteDatabase.OPEN_READONLY);
    }
    @Override
    public synchronized void close() {
    if(myDataBase != null)
    myDataBase.close();
    super.close();
    }
    @Override
    public void onCreate(SQLiteDatabase db) { }
    @Override
    public void onUpgrade(SQLiteDatabase db, int oldVersion, int newVersion) { }
    

I also checked in my phone with root explorer data/data/mypackagename/databases and the database appears there as normal.

My database and the main table have the same name, as you can see in this pic of SQLite database browser:

I am not creating the table, I created it before using SQLite Database Browser and I am just trying to read from it

* * *

I don't know how, but I finally fixed it. I just started again, this time following this tutorial. Hope it helps!

This is only a guess but I can see three possible things are happening here...

  1. Calling `this.getReadableDatabase()` in your `createDatabase()` method is automatically creating an empty database.
  2. Your attempt to copy your pre-created database from your `assets` folder is failing or the database is being copied to the wrong place.
  3. The empty database created in step 1 (above) is the one that is being queried when you call `db.rawQuery(...)` from your main code.



To explain further it is usefult to look at the source for SQLiteOpenHelper

When you create an instance of `SQLiteOpenHelper` it sets things like the database name and version but it does not create the database. Instead, the first call to either `getReadableDatabase()` or `getWritableDatabase()` checks to see if the database exists and if it doesn't it creates it. After creating the empty database, the `onCreate(...)` method is called which, in your case, does nothing.

On to point 2 (above) - you say that `DB_PATH` is `/data/data/mypackagename/databases`. If that is really the case and you have no trailing `/` then the line...
    
    
    String myPath = DB_PATH + DB_NAME;
    

...will set `myPath` to `/data/data/mypackagename/databasesligas_db`. In that case, even if the copy from `assets` succeeds, the copied database isn't going to be where you expect it to be.

Finally on point 3 (above) when you call `db.rawQuery(...)` the instance that `db` points to is returned by the previous call to `getWritableDatabase()`. Assuming the copy from `assets` has failed or that it has been copied to the incorrect path, `db` will be pointing at the empty database created in step 1.

The error you get is that the table doesn't exist and it isn't an error indicating the database doesn't exist - the only logical explanation is that it's performing a query on an empty database and not the one that has been copied from `assets`.

EDIT: One other thing I meant to mention. It isn't a good idea to use hard-coded paths to any of the Android directories. For example - although on most devices, the directory where databases are created will be `/data/data//databases` this is not a guarantee. It is much safer if you call the `getDatabasePath(...)` method as it will return a `File` object which can be used to get the path to the databases directory used by the Android database classes.",1,1,android.database.sqlite.SQLiteOpenHelper,dataset canonical hint exactly matches an authoritative class,Android 4.1.1.4 + OpenJDK 8u504 + Khronos OpenGL ES 1.1 stubs,android.database.sqlite.SQLiteOpenHelper,resolved_api,1,,,,,
DATA-0036,data,SO,InputStream,java.io.InputStream,java.io.InputStream,resolved,1,This abstract class is the superclass of all classes representing an input stream of bytes.,dataset_re,data/RE_reference/RE-data.csv,1,"placing existing sqlite database and reading 

Where to place existing sqllite database in android folder structure? Is it drawable folder or layout folder?

I am not finding any solution for this.

Any help will be appreciated.

you should put it in the `assets` folder. This way you can make sure it will be attached to your apk. this is how you can copy the database file from the assets folder to your working directory:
    
    
    private void copyDataBase() throws IOException{
    //Open your local db as the input stream
    InputStream myInput = myContext.getAssets().open(DB_NAME);
    // Path to the just created empty db
    String outFileName = DB_PATH + DB_NAME;
    //Open the empty db as the output stream
    OutputStream myOutput = new FileOutputStream(outFileName);
    //transfer bytes from the inputfile to the outputfile
    byte[] buffer = new byte[1024];
    int length;
    while ((length = myInput.read(buffer))>0){
    myOutput.write(buffer, 0, length);
    }
    //Close the streams
    myOutput.flush();
    myOutput.close();
    myInput.close();
    }
    

now to read the database from the directory:
    
    
     public void openDataBase() throws SQLException{
    //Open the database
    String myPath = DB_PATH + DB_NAME;
    myDataBase = SQLiteDatabase.openDatabase(myPath, null, SQLiteDatabase.OPEN_READONLY);
    }",1,1,java.io.InputStream,dataset canonical hint exactly matches an authoritative class,Android 4.1.1.4 + OpenJDK 8u504 + Khronos OpenGL ES 1.1 stubs,java.io.InputStream,resolved_api,1,,,,,
DATA-0037,data,SO,Context,android.content.Context,android.content.Context,resolved,1,"Interface to global information about an application environment. This is an abstract class whose implementation is provided by the Android system. It allows access to application-specific resources and classes, as well as up-calls for application-level operations such as launching activities, broadcasting and receiving intents, etc.",dataset_re,data/RE_reference/RE-data.csv,1,"Best practices for Android databases 

My Android application needs a local database. Which is the best manner for this? which class sub I use, subclass, reimplement, etc. I have found too much information on the net but I still don't know which are the best practices.

It's a pretty broad question and depends a little on your level on experience and usage.

But the common practice is to create your own `ContentProvider` which will abstract the access to the database. This way you can use `Uri` to execute select/update/delete/insert queries. 

For the SQLite database itself, use `SQLiteOpenHelper` to abstract the creation and upgrading of your SQLite database. This will allow you to upgrade your database without the user losing all of his data in an easy manner. 

I can attach a piece of code I used in one of my older projects which get you started. But implementing the whole thing may be out of scope of a single question/answer. 
    
    
    public class MyServiceProvider extends ContentProvider {
    private SQLiteDatabase db;
    @Override
    public boolean onCreate() {
    // Initialize the database and assign it to the private variable
    MyDatabaseHelper sqlHelper = new MyDatabaseHelper(getContext());
    db = sqlHelper.getReadableDatabase();
    return (db == null)?false:true;
    }
    @override
    Cursor query (Uri uri, String[] projection, String selection, String[] selectionArgs, String sortOrder) {
    // handle the query here, form it, do your checks and then access the DB
    db.query(....);
    }
    }
    class MyDatabaseHelper extends SQLiteOpenHelper {
    private static final String LOG_TAG = ""MyAppTag"";
    private static final String DB_NAME = ""Databasename"";
    private static final String TABLE_NAME = ""Tablename"";
    private static final int DATABASE_VERSION = 2;
    public static MyServiceProvider.CONTENT_URI = Uri.parse(""content://com.mycompany.myApp.MyAppService/myTableOrIdentifier"");
    public MyDatabaseHelper(Context context){
    super(context, DB_NAME, null, DATABASE_VERSION);
    }
    @Override
    public void onCreate(SQLiteDatabase db) {
    String sql = ""CREATE TABLE IF NOT EXISTS ...."";
    db.execSQL(sql);
    }
    @Override
    public void onUpgrade(SQLiteDatabase db, int oldVersion, int newVersion) {
    // Here you can perform updates when the database structure changes
    // Begin transaction
    db.beginTransaction();
    try {
    if(oldVersion<2){
    // Upgrade database structure from Version 1 to 2
    String alterTable = ""ALTER ...."";
    db.execSQL(alterTable);
    Log.i(LOG_TAG,""Successfully upgraded to Version 2"");
    }
    // This allows you to upgrade from any version to the next most 
    // recent one in multiple steps as you don't know if the user has
    // skipped any of the previous updates
    if(oldVersion<3){
    // Upgrade database structure from Version 2 to 3
    String alterTable = ""ALTER ...."";
    db.execSQL(alterTable);
    Log.i(LOG_TAG,""Successfully upgraded to Version 3"");
    }
    // Only when this code is executed, the changes will be applied 
    // to the database
    db.setTransactionSuccessful();
    } catch(Exception ex){
    ex.printStackTrace();
    } finally {
    // Ends transaction
    // If there was an error, the database won't be altered
    db.endTransaction();
    }
    }
    }
    

and then you can use cursors to interact with the database. 
    
    
    ContentResolver contentResolver = getContentResolver();
    ...
    Cursor c = contentResolver.query(
    // The Uri results in content://com.mycompany.myApp.MyAppService/myTableOrIdentifier/someId
    Uri.withAppendedPath(MyServiceProvider.CONTENT_URI, someId),
    new String[] {
    // only get fields we need!
    ""MyDbFieldIneed""
    },
    null, null, null);
    

This will return a `Cursor` which will you can iterate through and get the results. This is also how most things in Android are implemented (i.e. obtaining an Address from the address book works via Uri and Cursor too). 

Edit: I realized the links are hard to see with the code highlights. Here the link of important classes you will need.

  * ContentProvider | Android Developers
  * SQLiteOpenHelper | Android Developers
  * Cursor | Android Developers
  * UriMatcher | Android Developers



Edit 2: Also if you work with multiple tables, `UriMatcher` is an important source too",1,1,android.content.Context | javax.naming.Context,dataset canonical hint exactly matches an authoritative class,Android 4.1.1.4 + OpenJDK 8u504 + Khronos OpenGL ES 1.1 stubs,android.content.Context,resolved_api,1,,,,,
DATA-0038,data,SO,SQLiteOpenHelper,android.database.sqlite.SQLiteOpenHelper,android.database.sqlite.SQLiteOpenHelper,resolved,1,"A helper class to manage database creation and version management.For an example, see the NotePadProvider class in the NotePad sample application, in the samples/ directory of the SDK.Note: this class assumes monotonically increasing version numbers for upgrades.",dataset_re,data/RE_reference/RE-data.csv,1,"Best practices for Android databases 

My Android application needs a local database. Which is the best manner for this? which class sub I use, subclass, reimplement, etc. I have found too much information on the net but I still don't know which are the best practices.

It's a pretty broad question and depends a little on your level on experience and usage.

But the common practice is to create your own `ContentProvider` which will abstract the access to the database. This way you can use `Uri` to execute select/update/delete/insert queries. 

For the SQLite database itself, use `SQLiteOpenHelper` to abstract the creation and upgrading of your SQLite database. This will allow you to upgrade your database without the user losing all of his data in an easy manner. 

I can attach a piece of code I used in one of my older projects which get you started. But implementing the whole thing may be out of scope of a single question/answer. 
    
    
    public class MyServiceProvider extends ContentProvider {
    private SQLiteDatabase db;
    @Override
    public boolean onCreate() {
    // Initialize the database and assign it to the private variable
    MyDatabaseHelper sqlHelper = new MyDatabaseHelper(getContext());
    db = sqlHelper.getReadableDatabase();
    return (db == null)?false:true;
    }
    @override
    Cursor query (Uri uri, String[] projection, String selection, String[] selectionArgs, String sortOrder) {
    // handle the query here, form it, do your checks and then access the DB
    db.query(....);
    }
    }
    class MyDatabaseHelper extends SQLiteOpenHelper {
    private static final String LOG_TAG = ""MyAppTag"";
    private static final String DB_NAME = ""Databasename"";
    private static final String TABLE_NAME = ""Tablename"";
    private static final int DATABASE_VERSION = 2;
    public static MyServiceProvider.CONTENT_URI = Uri.parse(""content://com.mycompany.myApp.MyAppService/myTableOrIdentifier"");
    public MyDatabaseHelper(Context context){
    super(context, DB_NAME, null, DATABASE_VERSION);
    }
    @Override
    public void onCreate(SQLiteDatabase db) {
    String sql = ""CREATE TABLE IF NOT EXISTS ...."";
    db.execSQL(sql);
    }
    @Override
    public void onUpgrade(SQLiteDatabase db, int oldVersion, int newVersion) {
    // Here you can perform updates when the database structure changes
    // Begin transaction
    db.beginTransaction();
    try {
    if(oldVersion<2){
    // Upgrade database structure from Version 1 to 2
    String alterTable = ""ALTER ...."";
    db.execSQL(alterTable);
    Log.i(LOG_TAG,""Successfully upgraded to Version 2"");
    }
    // This allows you to upgrade from any version to the next most 
    // recent one in multiple steps as you don't know if the user has
    // skipped any of the previous updates
    if(oldVersion<3){
    // Upgrade database structure from Version 2 to 3
    String alterTable = ""ALTER ...."";
    db.execSQL(alterTable);
    Log.i(LOG_TAG,""Successfully upgraded to Version 3"");
    }
    // Only when this code is executed, the changes will be applied 
    // to the database
    db.setTransactionSuccessful();
    } catch(Exception ex){
    ex.printStackTrace();
    } finally {
    // Ends transaction
    // If there was an error, the database won't be altered
    db.endTransaction();
    }
    }
    }
    

and then you can use cursors to interact with the database. 
    
    
    ContentResolver contentResolver = getContentResolver();
    ...
    Cursor c = contentResolver.query(
    // The Uri results in content://com.mycompany.myApp.MyAppService/myTableOrIdentifier/someId
    Uri.withAppendedPath(MyServiceProvider.CONTENT_URI, someId),
    new String[] {
    // only get fields we need!
    ""MyDbFieldIneed""
    },
    null, null, null);
    

This will return a `Cursor` which will you can iterate through and get the results. This is also how most things in Android are implemented (i.e. obtaining an Address from the address book works via Uri and Cursor too). 

Edit: I realized the links are hard to see with the code highlights. Here the link of important classes you will need.

  * ContentProvider | Android Developers
  * SQLiteOpenHelper | Android Developers
  * Cursor | Android Developers
  * UriMatcher | Android Developers



Edit 2: Also if you work with multiple tables, `UriMatcher` is an important source too",1,1,android.database.sqlite.SQLiteOpenHelper,dataset canonical hint exactly matches an authoritative class,Android 4.1.1.4 + OpenJDK 8u504 + Khronos OpenGL ES 1.1 stubs,android.database.sqlite.SQLiteOpenHelper,resolved_api,1,,,,,
DATA-0039,data,SO,Context,android.content.Context,android.content.Context,resolved,1,"Interface to global information about an application environment. This is an abstract class whose implementation is provided by the Android system. It allows access to application-specific resources and classes, as well as up-calls for application-level operations such as launching activities, broadcasting and receiving intents, etc.",dataset_re,data/RE_reference/RE-data.csv,1,"notifyDataSetChanged() not refreshing adapter 

My adapter list is refreshing on broadcast receiver . 

> Everything is working fine if adapter list size is greater than 1 , means if my recyclerview has already one row shwoing then list refreshing just fine . But if list size goes from 0 to 1 then my adapter notify dataset Changed stop working . No data shows on recyclerview. I don't know why it is not working .

Recyclerview Class:
    
    
     @Override
    public View onCreateView(LayoutInflater inflater, ViewGroup container,
    Bundle savedInstanceState) {
    v = inflater.inflate(R.layout.job_recyclerview, container, false);
    getActivity());
    initialise(v);
    init();
    showNoTaskMessage();
    new loadListTask().executeOnExecutor(AsyncTask.THREAD_POOL_EXECUTOR);
    mMyBroadcastReceiver = new BroadcastReceiver() {
    @Override
    public void onReceive(Context context, Intent intent) {
    // Here you can refresh your listview or other UI
    SlidingTab.slidingTab.getTabAt(0).setText(""New ("" + SingleTon.getInstance().getNewjob() + "")"");
    SlidingTab.slidingTab.getTabAt(1).setText(""In Progress ("" + SingleTon.getInstance().getInprogressjob() + "")"");;
    SlidingTab.slidingTab.getTabAt(2).setText(""Completed ("" + SingleTon.getInstance().getCompletedjob() + "")"");
    }
    };
    try {
    IntentFilter filter = new IntentFilter(""newJob"");
    LocalBroadcastManager.getInstance(context).registerReceiver(mMyBroadcastReceiver,
    filter);
    } catch (Exception e) {
    // TODO: handle exception
    e.printStackTrace();
    }
    return v;
    }
    

Adapter class :
    
    
     public JobAdapter(ArrayList myDataset, Context context) {
    this.mDataset = myDataset;
    this.mAct = context;
    }
    public void addApplications(ArrayList candidates) {
    if (this.filterList == null) {
    filterList = new ArrayList<>();
    }
    this.mDataset.clear();
    this.mDataset.addAll(candidates);
    this.filterList.addAll(mDataset);
    this.notifyItemRangeInserted(0, candidates.size() - 1);
    }
    public void clearApplications() {
    int size = this.mDataset.size();
    if (size > 0) {
    for (int i = 0; i < size; i++) {
    mDataset.remove(0);
    filterList.remove(0);
    }
    this.notifyItemRangeRemoved(0, size);
    }
    }
    @Override
    public int getItemViewType(int position) {
    return VIEW_NORMAL;
    }
    @Override
    public ViewHolder onCreateViewHolder(ViewGroup parent, int viewType) {
    View v = LayoutInflater.from(parent.getContext()).inflate(R.layout.single_job_card, parent, false);
    ViewHolder fh = new ViewHolder(v);
    return fh;
    }
    @Override
    public void onBindViewHolder(final ViewHolder holder, final int position) {
    // holder.jobPhone.setText(mDataset.get(position).mobileNo);
    holder.jobNumber.setText(mDataset.get(position).jobNumber);
    holder.jobTime.setText(mDataset.get(position).time);
    holder.jobAddress.setText(mDataset.get(position).address);
    // holder.jobInstructionText.setText(mDataset.get(position).spclInstruction);
    if (mDataset.get(position).jobStatus != null && mDataset.get(position).jobStatus.equalsIgnoreCase(""Completed"")) {
    holder.endsat.setText(""Submitted at"");
    holder.jobTime.setText(mDataset.get(position).completedOnString);
    holder.jobTimeLeft.setVisibility(View.INVISIBLE);
    holder.timerImage.setVisibility(View.INVISIBLE);
    } else {
    if (mDataset.get(position).status.equalsIgnoreCase(""Active"")) {
    holder.jobTimeLeft.setText(mDataset.get(position).appointmentTime);
    } else {
    holder.jobTimeLeft.setText(""-"" + mDataset.get(position).appointmentTime);
    }
    }
    holder.jobLayout1.setOnClickListener(new View.OnClickListener() {
    @Override
    public void onClick(View v) {
    SingleTon.getInstance().setWorkDescHolder(mDataset.get(position).descHolder);
    FragmentManager fragmentManager = ((FragmentActivity) mAct).getSupportFragmentManager();
    FragmentTransaction ft = ((FragmentActivity) mAct).getSupportFragmentManager().beginTransaction();
    ft.setCustomAnimations(R.anim.glide_fragment_horizontal_in, R.anim.glide_fragment_horizontal_out);
    ft.replace(R.id.content_frame1, new DetailsFragment(), ""persondetails"");
    ft.addToBackStack(""persondetails"");
    // Start the animated transition.
    ft.commit();
    }
    });
    }
    @Override
    public int getItemCount() {
    return mDataset.size();
    }
    public class ViewHolder extends RecyclerView.ViewHolder {
    private TextView jobNumber, jobTimeLeft, jobStatus, jobAddress, jobEmail, jobPhone, timeTimer, jobInstructionText, jobTime, endsat;
    private ImageView timerImage;
    private FrameLayout frameLayout;
    private CardView cardView;
    private LayoutRipple jobLayout1;
    public ViewHolder(View v) {
    super(v);
    this.jobNumber = (TextView) v.findViewById(R.id.job_number);
    this.jobTime = (TextView) v.findViewById(R.id.job_time);
    this.jobTimeLeft = (TextView) v.findViewById(R.id.job_timertext);
    this.timerImage = (ImageView) v.findViewById(R.id.timerimage);
    this.cardView = (CardView) v.findViewById(R.id.card_view);
    // this.jobStatus = (TextView) v.findViewById(R.id.job_status);
    this.jobAddress = (TextView) v.findViewById(R.id.job_addresstext);
    // this.jobInstructionText = (TextView) v.findViewById(R.id.instruction_text);
    // this.jobLayout = (LayoutRipple)v.findViewById(R.id.job_cardLayout);
    this.jobLayout1 = (LayoutRipple) v.findViewById(R.id.cardLayout1);
    this.endsat = (AppCompatTextView) v.findViewById(R.id.endsat);
    this.jobNumber.setTypeface(Utils.RegularTypeface(mAct));
    this.jobAddress.setTypeface(Utils.RegularTypeface(mAct));
    this.jobTimeLeft.setTypeface(Utils.RegularTypeface(mAct));
    this.jobTime.setTypeface(Utils.RegularTypeface(mAct));
    }
    }
    }
    

Please help me finding the bug or some other approach . Thanks

Call the data loading task inside the `onReceive()` of `BroadcastReceiver`
    
    
     mMyBroadcastReceiver = new BroadcastReceiver() {
    @Override
    public void onReceive(Context context, Intent intent) {
    // Here you can refresh your listview or other UI
    new loadListTask().executeOnExecutor(AsyncTask.THREAD_POOL_EXECUTOR);
    SlidingTab.slidingTab.getTabAt(0).setText(""New ("" + SingleTon.getInstance().getNewjob() + "")"");
    SlidingTab.slidingTab.getTabAt(1).setText(""In Progress ("" + SingleTon.getInstance().getInprogressjob() + "")"");;
    SlidingTab.slidingTab.getTabAt(2).setText(""Completed ("" + SingleTon.getInstance().getCompletedjob() + "")"");
    }
    };
    

And also do following changes in your Adapter class.
    
    
     public void addApplications(ArrayList candidates) {
    if (this.filterList == null) {
    filterList = new ArrayList<>();
    }
    this.mDataset.clear();
    this.mDataset.addAll(candidates);
    this.filterList.addAll(mDataset);
    this.notifyItemRangeInserted(0, candidates.size());
    }
    public void clearApplications() {
    int size = this.mDataset.size();
    if (size > 0) {
    for (int i = 0; i < size; i++) {
    mDataset.remove(i);
    filterList.remove(i);
    }
    this.notifyItemRangeRemoved(0, size);
    }
    }
    

Hope that works!",1,1,android.content.Context | javax.naming.Context,dataset canonical hint exactly matches an authoritative class,Android 4.1.1.4 + OpenJDK 8u504 + Khronos OpenGL ES 1.1 stubs,android.content.Context,resolved_api,1,,,,,
DATA-0040,data,TU,SharedPreferences,android.content.SharedPreferences,android.content.SharedPreferences,resolved,1,"Note: This class does not support use across multiple processes.Developer Guides For more information about using SharedPreferences, read the Data Storage developer guide.",dataset_re,data/RE_reference/RE-data.csv,1,"### User Preferences

Shared preferences are not strictly for saving ""user preferences,"" such as what ringtone a user has chosen. If you're interested in creating user preferences for your application, see `PreferenceActivity`, which provides an Activity framework for you to create user preferences, which will be automatically persisted (using shared preferences).

To get a `SharedPreferences` object for your application, use one of two methods:

  * `getSharedPreferences()` \- Use this if you need multiple preferences files identified by name, which you specify with the first parameter.
  * `getPreferences()` \- Use this if you need only one preferences file for your Activity. Because this will be the only preferences file for your Activity, you don't supply a name.



To write values:

  1. Call `edit()` to get a `SharedPreferences.Editor`.
  2. Add values with methods such as `putBoolean()` and `putString()`.
  3. Commit the new values with `commit()`



To read values, use `SharedPreferences` methods such as `getBoolean()` and `getString()`.

Here is an example that saves a preference for silent keypress mode in a calculator: 
    
    
     public class Calc extends Activity {     public static final String PREFS_NAME = ""MyPrefsFile"";      @Override     protected void onCreate(Bundle state){        super.onCreate(state);        . . .         // Restore preferences        SharedPreferences settings = getSharedPreferences(PREFS_NAME, 0);        boolean silent = settings.getBoolean(""silentMode"", false);        setSilent(silent);     }      @Override     protected void onStop(){        super.onStop();        // We need an Editor object to make preference changes.       // All objects are from android.context.Context       SharedPreferences settings = getSharedPreferences(PREFS_NAME, 0);       SharedPreferences.Editor editor = settings.edit();       editor.putBoolean(""silentMode"", mSilentMode);        // Commit the edits!       editor.commit();     } }",1,1,android.content.SharedPreferences,dataset canonical hint exactly matches an authoritative class,Android 4.1.1.4 + OpenJDK 8u504 + Khronos OpenGL ES 1.1 stubs,android.content.SharedPreferences,resolved_api,1,,,,,
DATA-0041,data,TU,BackupAgent,android.app.backup.BackupAgent,android.app.backup.BackupAgent,resolved,1,"Developer Guides For more information about using BackupAgent, read the Data Backup developer guide.Basic OperationRestore operations are typically performed only when applications are first installed on a device. At that time, the operating system checks to see whether there is a previously-saved data set available for the application being installed, and if so, begins an immediate restore pass to deliver the backup data as part of the installation process.A backup data set consists of one or more ""entities,"" flattened binary data records that are each identified with a key string unique within the data set. Adding a record to the active data set or updating an existing record is done by simply writing new entity data under the desired key. Deleting an entity from the data set is done by writing an entity under that key with header specifying a negative data size, and no actual entity data.Helper Classes",dataset_re,data/RE_reference/RE-data.csv,1,"## The Basics

To backup your application data, you need to implement a backup agent. Your backup agent is called by the Backup Manager to provide the data you want to back up. It is also called to restore your backup data when the application is re-installed. The Backup Manager handles all your data transactions with the cloud storage (using the backup transport) and your backup agent handles all your data transactions on the device.

To implement a backup agent, you must:

  1. Declare your backup agent in your manifest file with the `android:backupAgent` attribute.
  2. Register your application with a backup service. Google offers Android Backup Service as a backup service for most Android-powered devices, which requires that you register your application in order for it to work. Any other backup services available might also require you to register in order to store your data on their servers.
  3. Define a backup agent by either:

     1. Extending BackupAgent

The `BackupAgent` class provides the central interface with which your application communicates with the Backup Manager. If you extend this class directly, you must override `onBackup()` and `onRestore()` to handle the backup and restore operations for your data.

Or

     2. Extending BackupAgentHelper

The `BackupAgentHelper` class provides a convenient wrapper around the `BackupAgent` class, which minimizes the amount of code you need to write. In your `BackupAgentHelper`, you must use one or more ""helper"" objects, which automatically backup and restore certain types of data, so that you do not need to implement `onBackup()` and `onRestore()`.

Android currently provides backup helpers that will backup and restore complete files from `SharedPreferences` and internal storage.",1,1,android.app.backup.BackupAgent,dataset canonical hint exactly matches an authoritative class,Android 4.1.1.4 + OpenJDK 8u504 + Khronos OpenGL ES 1.1 stubs,android.app.backup.BackupAgent,resolved_api,1,,,,,
DATA-0042,data,TU,DeviceAdminReceiver,android.app.admin.DeviceAdminReceiver,android.app.admin.DeviceAdminReceiver,resolved,1,"Base class for implementing a device administration component. This class provides a convenience for interpreting the raw intent actions that are sent by the system.<receiver android:name="".app.DeviceAdminSample$DeviceAdminSampleReceiver""
        android:label=""@string/sample_device_admin""
        android:description=""@string/sample_device_admin_description""
        android:permission=""android.permission.BIND_DEVICE_ADMIN"">
    <meta-data android:name=""android.app.device_admin""
               android:resource=""@xml/device_admin_sample"" />
    <intent-filter>
        <action android:name=""android.app.action.DEVICE_ADMIN_ENABLED"" />
    </intent-filter>
</receiver>
<receiver android:name="".app.DeviceAdminSample$DeviceAdminSampleReceiver2""
    android:label=""@string/sample_device_admin2""
    android:description=""@string/sample_device_admin_description2""
    android:permission=""android.permission.BIND_DEVICE_ADMIN"">
    <meta-data android:name=""android.app.device_admin""
        android:resource=""@xml/device_admin_sample"" />
    <intent-filter>
        <action android:name=""android.app.action.DEVICE_ADMIN_ENABLED"" />
    </intent-filter>
</receiver><device-admin xmlns:android=""http://schemas.android.com/apk/res/android"">
    <uses-policies>
        <limit-password />
        <watch-login />
        <reset-password />
        <force-lock />
        <wipe-data />
        <expire-password />
        <encrypted-storage />
        <disable-camera />
        <disable-keyguard-features />
    </uses-policies>
</device-admin>Developer Guides For more information about device administration, read the Device Administration developer guide.",dataset_re,data/RE_reference/RE-data.csv,1,"## Applications That Should NOT Install on External Storage

When the user enables USB mass storage to share files with their computer (or otherwise unmounts or removes the external storage), any application installed on the external storage and currently running is killed. The system effectively becomes unaware of the application until mass storage is disabled and the external storage is remounted on the device. Besides killing the application and making it unavailable to the user, this can break some types of applications in a more serious way. In order for your application to consistently behave as expected, you should not allow your application to be installed on the external storage if it uses any of the following features, due to the cited consequences when the external storage is unmounted:

Services 
     Your running `Service` will be killed and will not be restarted when external storage is remounted. You can, however, register for the `ACTION_EXTERNAL_APPLICATIONS_AVAILABLE` broadcast Intent, which will notify your application when applications installed on external storage have become available to the system again. At which time, you can restart your Service. 
Alarm Services 
     Your alarms registered with `AlarmManager` will be cancelled. You must manually re-register any alarms when external storage is remounted. 
Input Method Engines 
     Your IME will be replaced by the default IME. When external storage is remounted, the user can open system settings to enable your IME again. 
Live Wallpapers 
     Your running Live Wallpaper will be replaced by the default Live Wallpaper. When external storage is remounted, the user can select your Live Wallpaper again. 
App Widgets 
     Your App Widget will be removed from the home screen. When external storage is remounted, your App Widget will not be available for the user to select until the system resets the home application (usually not until a system reboot). 
Account Managers 
     Your accounts created with `AccountManager` will disappear until external storage is remounted. 
Sync Adapters 
     Your `AbstractThreadedSyncAdapter` and all its sync functionality will not work until external storage is remounted. 
Device Administrators 
     Your `DeviceAdminReceiver` and all its admin capabilities will be disabled, which can have unforeseeable consequences for the device functionality, which may persist after external storage is remounted. 
Broadcast Receivers listening for ""boot completed""
     The system delivers the `ACTION_BOOT_COMPLETED` broadcast before the external storage is mounted to the device. If your application is installed on the external storage, it can never receive this broadcast. 

If your application uses any of the features listed above, you should not allow your application to install on external storage. By default, the system will not allow your application to install on the external storage, so you don't need to worry about your existing applications. However, if you're certain that your application should never be installed on the external storage, then you should make this clear by declaring `android:installLocation` with a value of ""`internalOnly`"". Though this does not change the default behavior, it explicitly states that your application should only be installed on the internal storage and serves as a reminder to you and other developers that this decision has been made.",1,1,android.app.admin.DeviceAdminReceiver,dataset canonical hint exactly matches an authoritative class,Android 4.1.1.4 + OpenJDK 8u504 + Khronos OpenGL ES 1.1 stubs,android.app.admin.DeviceAdminReceiver,resolved_api,1,,,,,
DATA-0043,data,SO,BackupAgent,android.app.backup.BackupAgent,android.app.backup.BackupAgent,resolved,1,"Developer Guides For more information about using BackupAgent, read the Data Backup developer guide.Basic OperationRestore operations are typically performed only when applications are first installed on a device. At that time, the operating system checks to see whether there is a previously-saved data set available for the application being installed, and if so, begins an immediate restore pass to deliver the backup data as part of the installation process.A backup data set consists of one or more ""entities,"" flattened binary data records that are each identified with a key string unique within the data set. Adding a record to the active data set or updating an existing record is done by simply writing new entity data under the desired key. Deleting an entity from the data set is done by writing an entity under that key with header specifying a negative data size, and no actual entity data.Helper Classes",dataset_re,data/RE_reference/RE-data.csv,1,"Backwards-compatible BackupAgent 

I am looking into using the new Backup API that available since Android 2.2, but need to maintain backwards compatibility (to 1.5 to be exact).

The docs state:

> The backup service and the APIs you must use are available only on devices running API Level 8 (Android 2.2) or greater, so you should also set your android:minSdkVersion attribute to ""8"". However, if you implement proper backward compatibility in your application, you can support this feature for devices running API Level 8 or greater, while remaining compatible with older devices.

I indeed build against the level 8 `targetSdkVersion` with level 3 `minSdkVersion` and try to use a wrapper class (with reflection) to overcome the problem that the application will not run if you implement a class that extends an nonexisting class.

Here is the problem: since we don't make actual calls to the `BackupHelper` class ourselves, we can't check upfront if the class indeed exists. (As is explained in the Android Backwards Compatibility documentation with a `checkAvailable()` method.) The class will therefore be instantiated and cast to a `BackupAgent`. But since we use reflection, it doesn't actually override BackupAgent and an exception occurs at runtime when the backup is requested:
    
    
    java.lang.RuntimeException: Unable to create BackupAgent org.transdroid.service.BackupAgent: java.lang.ClassCastException: org.transdroid.service.BackupAgent
    

Here is my approach to a backwards compatible `BackupAgent`: http://code.google.com/p/transdroid/source/browse/#svn/trunk/src/org/transdroid/service where the BackupAgent.java is the 'regular' BackupAgentHelper-extending class and BackupAgentHelperWrapper is the reflection-based wrapper class.

Anyone successfull in implementing a `BackupAgent` with backwards compatibility?

I don't see why you run into this problem.

I have the same issue: I want to support backup with a app that supports also 1.5 (API 3).

There is no problem in creating my `BackupAgentHelper` class, since that class is never called from my own code, but from the `BackupManager` i.e. the system itself. Therefore I don't need to wrap it, and I don't see why you should be doing that:
    
    
     public class MyBackupAgentHelper extends BackupAgentHelper {
    @override onCreate()
    { 
    \\\\\\\\\\\\\\\\do something usefull
    }
    

However, you do want to get a backup running, to do that you need to call on `BackupManager.dataChanged()` whenever your data changes and you want to inform the system to backup it (using your `BackupAgent` or `BackupAgentHelper`).

You do need to wrap that class, since you call it from you application code.
    
    
    public class WrapBackupManager {
    private BackupManager wrappedInstance;
    static 
    {
    try
    {
    Class.forName(""android.app.backup.BackupManager"");
    }
    catch (Exception e)
    {
    throw new RuntimeException(e);
    }
    }
    public static void checkAvailable() {}
    public void dataChanged()
    {
    wrappedInstance.dataChanged();
    }
    public WrapBackupManager(Context context)
    {
    wrappedInstance = new BackupManager(context);
    }
    }
    

You then call it from your code when you change a preference or save some data. Some code from my app:
    
    
    private static Boolean backupManagerAvailable = null;
    private static void postCommitAction() {
    if (backupManagerAvailable == null) {
    try {
    WrapBackupManager.checkAvailable();
    backupManagerAvailable = true;
    } catch (Throwable t) {
    backupManagerAvailable = false;
    }
    }
    if (backupManagerAvailable == true) {
    Log.d(""Fretter"", ""Backup Manager available, using it now."");
    WrapBackupManager wrapBackupManager = new WrapBackupManager(
    FretterApplication.getApplication());
    wrapBackupManager.dataChanged();
    } else {
    Log.d(""Fretter"", ""Backup Manager not available, not using it now."");
    }
    

So, hopefully this works for you! 

(If you call `adb shell bmgr run` every time you want to emulate the actual system initiated backupprocess it should properly backup and restore when you reinstall the app.)",1,1,android.app.backup.BackupAgent,dataset canonical hint exactly matches an authoritative class,Android 4.1.1.4 + OpenJDK 8u504 + Khronos OpenGL ES 1.1 stubs,android.app.backup.BackupAgent,resolved_api,1,,,,,
DATA-0044,data,SO,SQLiteDatabase,android.database.sqlite.SQLiteDatabase,android.database.sqlite.SQLiteDatabase,resolved,1,"Exposes methods to manage a SQLite database.SQLiteDatabase has methods to create, delete, execute SQL commands, and perform other common database management tasks.See the Notepad sample application in the SDK for an example of creating and managing a database.Database names must be unique within an application, not across all applications.Localized Collation - ORDER BY",dataset_re,data/RE_reference/RE-data.csv,1,"Testing database on Android: ProviderTestCase2 or RenamingDelegatingContext? 

I've implemented access to a database using `SQLiteOpenHelper` from the android.database package within some classes (with pattern DAO).

I wrote some junit tests for these classes using an `AndroidTestCase` but this causes the tests to use the same database as the application.

I read that the `ProviderTestCase2` or `RenamingDelegatingContext` can be used to test the database separately. Unluckily I couldn't find any nice tutorial/example that shows how to test a database with ProviderTestCase2/RenamingDelegatingContext.

Can anyone point me somewhere OR give me some tip OR share some code for database testing?!

Cheeerrrrsss!! Giorgio

Both the `ProviderTestCase` and `RenamingDelegatingContext` will destroy the database if one already exists before opening it within it's context, so in that sense they both have the same low-level approach towards opening a SQLite database.

You leverage this by opening the database in your fixture in `setUp()`, which will then ensure that your working with a fresh database before each test case.

I would suggest that you go for writing content providers rather than creating database adapters. You can use a common interface for accessing data, be it stored in the DB or somewhere over the network, the design of content providers can be accommodated to access such data at the cost of a bit of IPC overhead involved that most of us shouldn't have to care about. 

If you did this for accessing a SQLite database, the framework would completely manage the database connection for you in a separate process. As added beef, the `ProviderTestCase2` completely bootstraps a test context for your content provider without you having to a write a single line of code.

But, that's not said it isn't such a huge effort to do the bootstrapping yourself. So supposing you had a database adapter as such; we'll just focus on `open()` for getting write access to our database, nothing fancy:
    
    
    public class MyAdapter {
    private static final String DATABASE_NAME = ""my.db"";
    private static final String DATABASE_TABLE = ""table"";
    private static final int DATABASE_VERSION = 1;
    /**
    * Database queries
    */
    private static final String DATABASE_CREATE_STATEMENT = ""some awesome create statement"";
    private final Context mCtx;
    private SQLiteDatabase mDb;
    private DatabaseHelper mDbHelper;
    private static class DatabaseHelper extends SQLiteOpenHelper {
    public DatabaseHelper(Context context) {
    super(context, DATABASE_NAME, null, DATABASE_VERSION);
    }
    @Override
    public void onCreate(SQLiteDatabase db) {
    db.execSQL(DATABASE_CREATE_STATEMENT); 
    }
    @Override
    public void onUpgrade(SQLiteDatabase db, int a, int b) {
    // here to enable this code to compile
    }
    }
    /**
    * Constructor - takes the provided context to allow for the database to be
    * opened/created.
    * 
    * @param context the Context within which to work.
    */
    public MyAdapter(Context context) {
    mCtx = context;
    }
    /**
    * Open the last.fm database. If it cannot be opened, try to create a new
    * instance of the database. If it cannot be created, throw an exception to
    * signal the failure.
    * 
    * @return this (self reference, allowing this to be chained in an
    * initialization call)
    * @throws SQLException if the database could be neither opened or created
    */
    public MyAdapter open() throws SQLException {
    mDbHelper = new DatabaseHelper(mCtx);
    mDb = mDbHelper.getWritableDatabase();
    return this;
    }
    public void close() {
    mDbHelper.close();
    }
    }
    

Then you could write your test as such:
    
    
    public final class MyAdapterTests extends AndroidTestCase {
    private static final String TEST_FILE_PREFIX = ""test_"";
    private MyAdapter mMyAdapter;
    @Override
    protected void setUp() throws Exception {
    super.setUp();
    RenamingDelegatingContext context 
    = new RenamingDelegatingContext(getContext(), TEST_FILE_PREFIX);
    mMyAdapter = new MyAdapter(context);
    mMyAdapter.open();
    }
    @Override
    protected void tearDown() throws Exception {
    super.tearDown();
    mMyAdapter.close();
    mMyAdapter = null;
    }
    public void testPreConditions() {
    assertNotNull(mMyAdapter);
    }
    }
    

So what's happening here is that the context implementation of `RenamingDelegatingContext`, once `MyAdapter(context).open()` is called, will always recreate the database. Each test you write now will be going against the state of the database after `MyAdapter.DATABASE_CREATE_STATEMENT` is called.",1,1,android.database.sqlite.SQLiteDatabase,dataset canonical hint exactly matches an authoritative class,Android 4.1.1.4 + OpenJDK 8u504 + Khronos OpenGL ES 1.1 stubs,android.database.sqlite.SQLiteDatabase,resolved_api,1,,,,,
DATA-0045,data,SO,FileBackupHelper,android.app.backup.FileBackupHelper,android.app.backup.FileBackupHelper,resolved,1,"During restore, if the helper encounters data for a file that was not specified when the FileBackupHelper object was constructed, that data will be ignored.Note: This should be used only with small configuration files, not large binary files.",dataset_re,data/RE_reference/RE-data.csv,1,"Android backup/restore: how to backup an internal database? 

I have implemented a `BackupAgentHelper` using the provided `FileBackupHelper` to backup and restore the native database I have. This is the database you typically use along with `ContentProviders` and which resides in `/data/data/yourpackage/databases/`.

One would think this is a common case. However the docs aren't clear on what to do: http://developer.android.com/guide/topics/data/backup.html. There is no `BackupHelper` specifically for these typical databases. Hence I used the `FileBackupHelper`, pointed it to my .db file in ""`/databases/`"", introduced locks around any db operation (such as `db.insert`) in my `ContentProviders`, and even tried creating the ""`/databases/`"" directory before `onRestore()` because it does not exist after install.

I have implemented a similar solution for the `SharedPreferences` successfully in a different app in the past. However when I test my new implementation in the emulator-2.2, I see a backup being performed to `LocalTransport` from the logs, as well as a restore being performed (and `onRestore()` called). Yet, the db file itself is never created.

Note that this is all after an install, and before first launch of the app, after the restore has been performed. Apart from that my test strategy was based on http://developer.android.com/guide/topics/data/backup.html#Testing.

Please also note I'm not talking about some sqlite database I manage myself, nor about backing up to SDcard, own server or elsewhere. 

I did see a mention in the docs about databases advising to use a custom `BackupAgent` but it does not seem related:

> However, you might want to extend BackupAgent directly if you need to: * Back up data in a database. If you have an SQLite database that you want to restore when the user re-installs your application, you need to build a custom BackupAgent that reads the appropriate data during a backup operation, then create your table and insert the data during a restore operation.

Some clarity please.

If I really need to do it myself up to the SQL level, then I'm worried about the following topics:

  * Open databases and transactions. I have no idea how to close them from such a singleton class outside of my app's workflow.

  * How to notify the user that a backup is in progress and the database is locked. It might take a long time, so I might need to show a progress bar.

  * How to do the same on restore. As I understand, the restore might happen just when the user has already started using the app (and inputting data into the database). So you can't presume to just restore the backupped data in place (deleting the empty or old data). You'll have to somehow join it in, which for any non-trivial database is impossible due to the id's.

  * How to refresh the app after the restore is done without getting the user stuck at some - now - unreachable point.

  * Can I be sure the database has already been upgraded on backup or restore? Otherwise the expected schema might not match.




A cleaner approach would be to create a custom `BackupHelper`:
    
    
    public class DbBackupHelper extends FileBackupHelper {
    public DbBackupHelper(Context ctx, String dbName) {
    super(ctx, ctx.getDatabasePath(dbName).getAbsolutePath());
    }
    }
    

and then add it to `BackupAgentHelper`:
    
    
    public void onCreate() {
    addHelper(DATABASE, new DbBackupHelper(this, DB.FILE));
    }",1,1,android.app.backup.FileBackupHelper,dataset canonical hint exactly matches an authoritative class,Android 4.1.1.4 + OpenJDK 8u504 + Khronos OpenGL ES 1.1 stubs,android.app.backup.FileBackupHelper,resolved_api,1,,,,,
DATA-0046,data,SO,Activity,android.app.Activity,android.app.Activity,resolved,1,"Topics covered here:Fragments Activity Lifecycle Configuration Changes Starting Activities and Getting Results Saving Persistent State Permissions Process LifecycleDeveloper Guides The Activity class is an important part of an application's overall lifecycle, and the way activities are launched and put together is a fundamental part of the platform's application model. For a detailed perspective on the structure of an Android application and how activities behave, please read the Application Fundamentals and Tasks and Back Stack developer guides. You can also find a detailed discussion about how to create activities in the Activities developer guide.FragmentsActivity LifecycleActivities in the system are managed as an activity stack. When a new activity is started, it is placed on the top of the stack and becomes the running activity -- the previous activity always remains below it in the stack, and will not come to the foreground again until the new activity exits.An activity has essentially four states:If an activity is in the foreground of the screen (at the top of the stack), it is active or running. If an activity has lost focus but is still visible (that is, a new non-full-sized or transparent activity has focus on top of your activity), it is paused. A paused activity is completely alive (it maintains all state and member information and remains attached to the window manager), but can be killed by the system in extreme low memory situations. If an activity is completely obscured by another activity, it is stopped. It still retains all state and member information, however, it is no longer visible to the user so its window is hidden and it will often be killed by the system when memory is needed elsewhere. If an activity is paused or stopped, the system can drop the activity from memory by either asking it to finish, or simply killing its process. When it is displayed again to the user, it must be completely restarted and restored to its previous state.The following diagram shows the important state paths of an Activity. The square rectangles represent callback methods you can implement to perform operations when the Activity moves between states. The colored ovals are major states the Activity can be in.There are three key loops you may be interested in monitoring within your activity:public class Activity extends ApplicationContext {
     protected void onCreate(Bundle savedInstanceState);

     protected void onStart();

     protected void onRestart();

     protected void onResume();

     protected void onPause();

     protected void onStop();

     protected void onDestroy();
 }In general the movement through an activity's lifecycle looks like this:Configuration ChangesThis is done because any application resource, including layout files, can change based on any configuration value. Thus the only safe way to handle a configuration change is to re-retrieve all resources, including layouts, drawables, and strings. Because activities must already know how to save their state and re-create themselves from that state, this is a convenient way to have an activity restart itself with a new configuration.Starting Activities and Getting ResultsIf a child activity fails for any reason (such as crashing), the parent activity will receive a result with the code RESULT_CANCELED.public class MyActivity extends Activity {
     ...

     static final int PICK_CONTACT_REQUEST = 0;

     public boolean onKeyDown(int keyCode, KeyEvent event) {
         if (keyCode == KeyEvent.KEYCODE_DPAD_CENTER) {
             // When the user center presses, let them pick a contact.
             startActivityForResult(
                 new Intent(Intent.ACTION_PICK,
                 new Uri(""content://contacts"")),
                 PICK_CONTACT_REQUEST);
            return true;
         }
         return false;
     }

     protected void onActivityResult(int requestCode, int resultCode,
             Intent data) {
         if (requestCode == PICK_CONTACT_REQUEST) {
             if (resultCode == RESULT_OK) {
                 // A contact was picked.  Here we will just display it
                 // to the user.
                 startActivity(new Intent(Intent.ACTION_VIEW, data));
             }
         }
     }
 }Saving Persistent StateThere are generally two kinds of persistent state than an activity will deal with: shared document-like data (typically stored in a SQLite database using a content provider) and internal state such as user preferences.For content provider data, we suggest that activities use a ""edit in place"" user model. That is, any edits a user makes are effectively made immediately without requiring an additional confirmation step. Supporting this model is generally a simple matter of following two rules:This model is designed to prevent data loss when a user is navigating between activities, and allows the system to safely kill an activity (because system resources are needed somewhere else) at any time after it has been paused. Note this implies that the user pressing BACK from your activity does not mean ""cancel"" -- it means to leave the activity with its current contents saved away. Canceling edits in an activity must be provided through some other mechanism, such as an explicit ""revert"" or ""undo"" option.See the content package for more information about content providers. These are a key aspect of how different activities invoke and propagate data between themselves.The Activity class also provides an API for managing internal persistent state associated with an activity. This can be used, for example, to remember the user's preferred initial display in a calendar (day view or week view) or the user's default home page in a web browser.Here is an excerpt from a calendar activity that stores the user's preferred view mode in its persistent settings:public class CalendarActivity extends Activity {
     ...

     static final int DAY_VIEW_MODE = 0;
     static final int WEEK_VIEW_MODE = 1;

     private SharedPreferences mPrefs;
     private int mCurViewMode;

     protected void onCreate(Bundle savedInstanceState) {
         super.onCreate(savedInstanceState);

         SharedPreferences mPrefs = getSharedPreferences();
         mCurViewMode = mPrefs.getInt(""view_mode"", DAY_VIEW_MODE);
     }

     protected void onPause() {
         super.onPause();

         SharedPreferences.Editor ed = mPrefs.edit();
         ed.putInt(""view_mode"", mCurViewMode);
         ed.commit();
     }
 }PermissionsSee the Security and Permissions document for more information on permissions and security in general.Process LifecycleThe Android system attempts to keep application process around for as long as possible, but eventually will need to remove old processes when memory runs low. As described in Activity Lifecycle, the decision about which process to remove is intimately tied to the state of the user's interaction with it. In general, there are four states a process can be in based on the activities running in it, listed here in order of importance. The system will kill less important processes (the last ones) before it resorts to killing more important processes (the first ones).",dataset_re,data/RE_reference/RE-data.csv,1,"Android Spinner databind using array list 

I have a array list like this:
    
    
    private ArrayList Artist_Result = new ArrayList();
    

This Location class has two properties: `id` and `location`.

I need to bind my `ArrayList` to a spinner. I have tried it this way:
    
    
    Spinner s = (Spinner) findViewById(R.id.SpinnerSpcial);
    ArrayAdapter adapter = new ArrayAdapter(this,android.R.layout.simple_spinner_item, Artist_Result);
    s.setAdapter(adapter);
    

However, it shows the object's hexadecimal value. So I think I have to set display the text and value for that spinner controller.

The `ArrayAdapter` tries to display your `Location`-objects as strings (which causes the Hex-values), by calling the `Object.toString()`-method. It's default implementation returns:

> [...] a string consisting of the name of the class of which the object is an instance, the at-sign character `@', and the unsigned hexadecimal representation of the hash code of the object.

To make the `ArrayAdadpter` show something actually useful in the item list, you can override the `toString()`-method to return something meaningful:
    
    
    @Override
    public String toString(){
    return ""Something meaningful here..."";
    }
    

* * *

Another way to do this is, to extend BaseAdapter and implement SpinnerAdapter to create your own Adapter, which knows that the elements in your `ArrayList` are objects and how to use the properties of those objects.

## [Revised] Implementation Example

I was playing around a bit and I managed to get something to work:
    
    
    public class Main extends Activity {
    @Override
    public void onCreate(Bundle savedInstanceState) {
    super.onCreate(savedInstanceState);
    // Create and display a Spinner:
    Spinner s = new Spinner(this);
    AbsListView.LayoutParams params = new AbsListView.LayoutParams(
    ViewGroup.LayoutParams.FILL_PARENT, ViewGroup.LayoutParams.WRAP_CONTENT
    );
    this.setContentView(s, params);
    // fill the ArrayList:
    List guys = new ArrayList();
    guys.add(new Guy(""Lukas"", 18));
    guys.add(new Guy(""Steve"", 20));
    guys.add(new Guy(""Forest"", 50));
    MyAdapter adapter = new MyAdapter(guys);
    // apply the Adapter:
    s.setAdapter(adapter);
    // onClickListener:
    s.setOnItemSelectedListener(new AdapterView.OnItemSelectedListener() {
    /**
    * Called when a new item was selected (in the Spinner)
    */
    public void onItemSelected(AdapterView parent,
    View view, int pos, long id) {
    Guy g = (Guy) parent.getItemAtPosition(pos);
    Toast.makeText(
    getApplicationContext(),
    g.getName()+"" is ""+g.getAge()+"" years old."",
    Toast.LENGTH_LONG
    ).show();
    }
    public void onNothingSelected(AdapterView parent) {
    // Do nothing.
    }
    });
    }
    /**
    * This is your own Adapter implementation which displays
    * the ArrayList of ""Guy""-Objects.
    */
    private class MyAdapter extends BaseAdapter implements SpinnerAdapter {
    /**
    * The internal data (the ArrayList with the Objects).
    */
    private final List data;
    public MyAdapter(List data){
    this.data = data;
    }
    /**
    * Returns the Size of the ArrayList
    */
    @Override
    public int getCount() {
    return data.size();
    }
    /**
    * Returns one Element of the ArrayList
    * at the specified position.
    */
    @Override
    public Object getItem(int position) {
    return data.get(position);
    }
    @Override
    public long getItemId(int i) {
    return i;
    }
    /**
    * Returns the View that is shown when a element was
    * selected.
    */
    @Override
    public View getView(int position, View recycle, ViewGroup parent) {
    TextView text;
    if (recycle != null){
    // Re-use the recycled view here!
    text = (TextView) recycle;
    } else {
    // No recycled view, inflate the ""original"" from the platform:
    text = (TextView) getLayoutInflater().inflate(
    android.R.layout.simple_dropdown_item_1line, parent, false
    );
    }
    text.setTextColor(Color.BLACK);
    text.setText(data.get(position).name);
    return text;
    }
    }
    /**
    * A simple class which holds some information-fields
    * about some Guys.
    */
    private class Guy{
    private final String name;
    private final int age;
    public Guy(String name, int age){
    this.name = name;
    this.age = age;
    }
    public String getName() {
    return name;
    }
    public int getAge() {
    return age;
    }
    }
    }
    

I fully commented the code, if you have any questions, don't hesitate to ask them.",1,1,android.app.Activity,dataset canonical hint exactly matches an authoritative class,Android 4.1.1.4 + OpenJDK 8u504 + Khronos OpenGL ES 1.1 stubs,android.app.Activity,resolved_api,1,,,,,
DATA-0047,data,SO,SharedPreferences,android.content.SharedPreferences,android.content.SharedPreferences,resolved,1,"Note: This class does not support use across multiple processes.Developer Guides For more information about using SharedPreferences, read the Data Storage developer guide.",dataset_re,data/RE_reference/RE-data.csv,1,"Start a specific part of an application only one time after installation 

On my app I've got a Database which i have to fill one time with some entries. I have packed this step in my splashscreen. Now I got the problem every time i open up my application it puts again all entries to my database. I'm looking for a way to let this happen only on the really first time the app gets opend. But i don't find out, how i can realize this. I'm happy over every input and Idea!

Have a nice day

safari

Notes

I had an idea to realize that. I make a boolean in my SplashScreen, which takes a look at the database table if there is nothin, it inputs all the entries and makes a mark in a table that its filled like yes. Afterwards if i open the app again it takes a look at the database if theres a yes or what ever i definied, it doesn't put again all entries in my database. Sorry for that crappy definition of what my idea is, my english isnt the best.

I'm searching for an easier way than this.

why not have a startup activity that checks if the app is launched for the first time ( and stores the value in the app preferences ) and either forwards to the database setup activity or to the main activity....

Here's a sample on how to read and write to the preferences:

Define preference key:
    
    
    public static final String KEY_APP_IS_INITIALIZED = ""APP_INITIALIZED"";
    

read boolean value from preferences:
    
    
    SharedPreferences prefs = PreferenceManager.getDefaultSharedPreferences(context)
    boolean appIsInitialized = prefs.getBoolean(KEY_APP_IS_INITIALIZED, false);
    

store boolean value to preferences:
    
    
    SharedPreferences prefs = PreferenceManager.getDefaultSharedPreferences(context)
    Editor editor = prefs.edit();
    editor.putBoolean(KEY_APP_IS_INITIALIZED, true);
    editor.commit();
    

Launching the activities:
    
    
    Intent intent = new Intent(startup_activity, 
    db_initialized ? 
    MainActivity.class :
    DbInitActivity.class);
    startup_activity.startActivity(intent);",1,1,android.content.SharedPreferences,dataset canonical hint exactly matches an authoritative class,Android 4.1.1.4 + OpenJDK 8u504 + Khronos OpenGL ES 1.1 stubs,android.content.SharedPreferences,resolved_api,1,,,,,
DATA-0048,data,SO,Context,android.content.Context,android.content.Context,resolved,1,"Interface to global information about an application environment. This is an abstract class whose implementation is provided by the Android system. It allows access to application-specific resources and classes, as well as up-calls for application-level operations such as launching activities, broadcasting and receiving intents, etc.",dataset_re,data/RE_reference/RE-data.csv,1,"Getting error while executing getwritabledatabase() in android 

I have created one class for database and multiple classes for tables and multiple activity classess everything works fine when I use the database class instance in activity class but at the same time when I use the database class instance in table class and run the application as soon as the control goes to `getwritabledatabase` I am getting exception and application is exited, below is the code for all 3 classes.

Database class.
    
    
    public class Database extends SQLiteOpenHelper{
    private static String dbname=""Manager"";
    private static int dbversion=2;
    SQLiteDatabase db;
    public Database(Context context) {
    super(context, dbname, null, dbversion);
    // TODO Auto-generated constructor stub
    db=this.getWritableDatabase();
    }
    @Override
    public void onCreate(SQLiteDatabase db) {
    // TODO Auto-generated method stub
    StockTable st=new StockTable();
    db.execSQL(st.stocktable);
    }
    @Override
    public void onUpgrade(SQLiteDatabase db, int oldVersion, int newVersion) {
    // TODO Auto-generated method stub
    }
    }
    

Activity class
    
    
    public class stockmanager extends Activity{
    String getentry=null;
    Database d=new Database(this);
    StockTable st=new StockTable();
    protected void onCreate(Bundle savedInstanceState) {
    super.onCreate(savedInstanceState);
    setContentView(R.layout.stockmanager);
    final Button AddStock=(Button) findViewById(R.id.button1);
    final EditText entry=(EditText) findViewById(R.id.editText1);
    final Button BroDetail=(Button) findViewById(R.id.button2);
    AddStock.setOnClickListener(new OnClickListener() {
    @Override
    public void onClick(View v) {
    // TODO Auto-generated method stub
    getentry=entry.getText().toString();
    d.db.insert(st.tablename, null,st.insert());
    }
    });
    }
    }
    

Table Class
    
    
     public class StockTable {
    Context c1;
    Database d1=new Database(c1);
    final String tablename=""StockTable"";
    private String column1=""Stock_ID"";
    private String column2=""StockName"";
    final String stocktable = ""CREATE TABLE "" + tablename + 
    "" ("" + column1+ "" INTEGER PRIMARY KEY , "" + column2 + "" TEXT) "";
    public ContentValues insert(){
    String select=""Select StockID from Stocktable"";
    d.db.execsql(select);
    ContentValues cvi=new ContentValues();
    for(int i=0;i<=sm.getentry.length();i++)
    {
    cvi.put(column1, 1);
    cvi.put(column2,sm.getentry);
    }
    return cvi;
    }
    public void delete(){
    }
    

First when control goes to `getwritabledatabase` of database class from activity class then it is executing but after when control from stock table class goes to database class and executes `getwritabledatabase` exception is occurred, Unfortunately I am unable to paste the exceptions here.

Can anyone please help me to solve this ?

Logcat
    
    
    02-07 10:06:09.624: D/libEGL(10756): loaded /system/lib/egl/libEGL_genymotion.so
    02-07 10:06:09.628: D/(10756): HostConnection::get() New Host Connection established 0xb87f5e00, tid 10756
    02-07 10:06:09.720: D/libEGL(10756): loaded /system/lib/egl/libGLESv1_CM_genymotion.so
    02-07 10:06:09.748: D/libEGL(10756): loaded /system/lib/egl/libGLESv2_genymotion.so
    02-07 10:06:10.024: W/EGL_genymotion(10756): eglSurfaceAttrib not implemented
    02-07 10:06:10.044: E/OpenGLRenderer(10756): Getting MAX_TEXTURE_SIZE from GradienCache
    02-07 10:06:10.196: E/OpenGLRenderer(10756): Getting MAX_TEXTURE_SIZE from Caches::initConstraints()
    02-07 10:06:10.212: D/OpenGLRenderer(10756): Enabling debug mode 0
    02-07 10:07:17.328: W/EGL_genymotion(10756): eglSurfaceAttrib not implemented
    02-07 10:07:19.820: I/Choreographer(10756): Skipped 36 frames! The application may be doing too much work on its main thread.
    02-07 10:07:22.556: W/EGL_genymotion(10756): eglSurfaceAttrib not implemented
    02-07 10:07:22.788: I/Choreographer(10756): Skipped 44 frames! The application may be doing too much work on its main thread.
    02-07 10:07:28.064: D/dalvikvm(10756): GC_FOR_ALLOC freed 105K, 1% free 16944K/17072K, paused 37ms, total 40ms
    02-07 10:07:30.524: I/System.out(10756): asdfdw
    02-07 10:07:30.576: D/AndroidRuntime(10756): Shutting down VM
    02-07 10:07:30.612: W/dalvikvm(10756): threadid=1: thread exiting with uncaught exception (group=0xa4b6e648)
    02-07 10:07:30.652: E/AndroidRuntime(10756): FATAL EXCEPTION: main
    02-07 10:07:30.652: E/AndroidRuntime(10756): android.database.sqlite.SQLiteException: unknown error (code 0): Queries can be performed using SQLiteDatabase query or rawQuery methods only.
    02-07 10:07:30.652: E/AndroidRuntime(10756): at android.database.sqlite.SQLiteConnection.nativeExecuteForChangedRowCount(Native Method)
    02-07 10:07:30.652: E/AndroidRuntime(10756): at android.database.sqlite.SQLiteConnection.executeForChangedRowCount(SQLiteConnection.java:734)
    02-07 10:07:30.652: E/AndroidRuntime(10756): at android.database.sqlite.SQLiteSession.executeForChangedRowCount(SQLiteSession.java:754)
    02-07 10:07:30.652: E/AndroidRuntime(10756): at android.database.sqlite.SQLiteStatement.executeUpdateDelete(SQLiteStatement.java:64)
    02-07 10:07:30.652: E/AndroidRuntime(10756): at android.database.sqlite.SQLiteDatabase.executeSql(SQLiteDatabase.java:1674)
    02-07 10:07:30.652: E/AndroidRuntime(10756): at android.database.sqlite.SQLiteDatabase.execSQL(SQLiteDatabase.java:1603)
    02-07 10:07:30.652: E/AndroidRuntime(10756): at com.example.portfoliomanager.StockTable.insert(StockTable.java:43)
    02-07 10:07:30.652: E/AndroidRuntime(10756): at com.example.portfoliomanager.stockmanager$1.onClick(stockmanager.java:36)
    02-07 10:07:30.652: E/AndroidRuntime(10756): at android.view.View.performClick(View.java:4240)
    02-07 10:07:30.652: E/AndroidRuntime(10756): at android.view.View$PerformClick.run(View.java:17721)
    02-07 10:07:30.652: E/AndroidRuntime(10756): at android.os.Handler.handleCallback(Handler.java:730)
    02-07 10:07:30.652: E/AndroidRuntime(10756): at android.os.Handler.dispatchMessage(Handler.java:92)
    02-07 10:07:30.652: E/AndroidRuntime(10756): at android.os.Looper.loop(Looper.java:137)
    02-07 10:07:30.652: E/AndroidRuntime(10756): at android.app.ActivityThread.main(ActivityThread.java:5103)
    02-07 10:07:30.652: E/AndroidRuntime(10756): at java.lang.reflect.Method.invokeNative(Native Method)
    02-07 10:07:30.652: E/AndroidRuntime(10756): at java.lang.reflect.Method.invoke(Method.java:525)
    02-07 10:07:30.652: E/AndroidRuntime(10756): at com.android.internal.os.ZygoteInit$MethodAndArgsCaller.run(ZygoteInit.java:737)
    02-07 10:07:30.652: E/AndroidRuntime(10756): at com.android.internal.os.ZygoteInit.main(ZygoteInit.java:553)
    02-07 10:07:30.652: E/AndroidRuntime(10756): at dalvik.system.NativeStart.main(Native Method)
    02-07 10:07:34.288: I/Process(10756): Sending signal. PID: 10756 SIG: 9
    02-07 10:07:36.624: D/libEGL(10871): loaded /system/lib/egl/libEGL_genymotion.so
    02-07 10:07:36.644: D/(10871): HostConnection::get() New Host Connection established 0xb87f5e70, tid 10871
    02-07 10:07:36.784: D/libEGL(10871): loaded /system/lib/egl/libGLESv1_CM_genymotion.so
    02-07 10:07:36.784: D/libEGL(10871): loaded /system/lib/egl/libGLESv2_genymotion.so
    02-07 10:07:37.104: W/EGL_genymotion(10871): eglSurfaceAttrib not implemented
    02-07 10:07:37.108: E/OpenGLRenderer(10871): Getting MAX_TEXTURE_SIZE from GradienCache
    02-07 10:07:37.132: E/OpenGLRenderer(10871): Getting MAX_TEXTURE_SIZE from Caches::initConstraints()
    02-07 10:07:37.132: D/OpenGLRenderer(10871): Enabling debug mode 0
    

Error is because you trying to access database with null context. So you need to initialize c1 before passing to Database constructor.

I just Edit your StockTable.java try this
    
    
    import android.content.ContentValues;
    import android.content.Context;
    public class StockTable {
    Context c1;
    Database d1;
    final String tablename = ""StockTable"";
    private String column1 = ""Stock_ID"";
    private String column2 = ""StockName"";
    final String stocktable = ""CREATE TABLE "" + tablename + "" ("" + column1 + "" INTEGER PRIMARY KEY , "" + column2 + "" TEXT) "";
    public StockTable(Context mContext){
    c1= mContext;
    d1= new Database(c1);
    }
    public ContentValues insert() {
    ContentValues cvi = new ContentValues();
    for (int i = 0; i <= sm.getentry.length(); i++) {
    cvi.put(column1, 1);
    cvi.put(column2, sm.getentry);
    }
    return cvi;
    }
    public void delete() {
    }
    }
    

How to Use?
    
    
    public class stockmanager extends Activity {
    String getentry = null;
    Database d;
    StockTable st;
    protected void onCreate(Bundle savedInstanceState) {
    super.onCreate(savedInstanceState);
    setContentView(R.layout.stockmanager);
    d = new Database(this.getApplicationContext());
    st = new StockTable(this.getApplicationContext());
    final Button AddStock = (Button) findViewById(R.id.button1);
    final EditText entry = (EditText) findViewById(R.id.editText1);
    final Button BroDetail = (Button) findViewById(R.id.button2);
    AddStock.setOnClickListener(new OnClickListener() {
    @Override
    public void onClick(View v) {
    // TODO Auto-generated method stub
    getentry = entry.getText().toString();
    d.db.insert(st.tablename, null, st.insert());
    }
    });
    }
    }
    

UPDATE YOUR Database Class
    
    
    public class Database extends SQLiteOpenHelper {
    private static String dbname = ""Manager"";
    private static int dbversion = 2;
    SQLiteDatabase db;
    private Context mContext;
    public Database(Context context) {
    super(context, dbname, null, dbversion);
    // TODO Auto-generated constructor stub
    mContext = context;
    db = this.getWritableDatabase();
    }
    @Override
    public void onCreate(SQLiteDatabase db) {
    // TODO Auto-generated method stub
    StockTable st = new StockTable(mContext);
    db.execSQL(st.stocktable);
    }
    @Override
    public void onUpgrade(SQLiteDatabase db, int oldVersion, int newVersion) {
    // TODO Auto-generated method stub
    }
    }",1,1,android.content.Context | javax.naming.Context,dataset canonical hint exactly matches an authoritative class,Android 4.1.1.4 + OpenJDK 8u504 + Khronos OpenGL ES 1.1 stubs,android.content.Context,resolved_api,1,,,,,
DATA-0049,data,SO,SQLiteDatabase,android.database.sqlite.SQLiteDatabase,android.database.sqlite.SQLiteDatabase,resolved,1,"Exposes methods to manage a SQLite database.SQLiteDatabase has methods to create, delete, execute SQL commands, and perform other common database management tasks.See the Notepad sample application in the SDK for an example of creating and managing a database.Database names must be unique within an application, not across all applications.Localized Collation - ORDER BY",dataset_re,data/RE_reference/RE-data.csv,1,"Sqlite Check if Table is Empty 

Well, I have a databse and it has lots of table. but generally tables are empty. I want check if a database table is empty. IF table is empty, program will fill it.
    
    
    public static long queryNumEntries (SQLiteDatabase db, String table)
    

I will use it but it requre API 11.

you can execute `select count(*) from table` and check if `count> 0` then leave else populate it.

like
    
    
     SQLiteDatabase db = table.getWritableDatabase();
    String count = ""SELECT count(*) FROM table"";
    Cursor mcursor = db.rawQuery(count, null);
    mcursor.moveToFirst();
    int icount = mcursor.getInt(0);
    if(icount>0)
    //leave 
    else
    //populate table",1,1,android.database.sqlite.SQLiteDatabase,dataset canonical hint exactly matches an authoritative class,Android 4.1.1.4 + OpenJDK 8u504 + Khronos OpenGL ES 1.1 stubs,android.database.sqlite.SQLiteDatabase,resolved_api,1,,,,,
DATA-0050,data,TU,SharedPreferences,android.content.SharedPreferences,android.content.SharedPreferences,resolved,1,"Note: This class does not support use across multiple processes.Developer Guides For more information about using SharedPreferences, read the Data Storage developer guide.",dataset_re,data/RE_reference/RE-data.csv,1,"## Extending BackupAgentHelper

You should build your backup agent using `BackupAgentHelper` if you want to back up complete files (from either `SharedPreferences` or internal storage). Building your backup agent with `BackupAgentHelper` requires far less code than extending `BackupAgent`, because you don't have to implement `onBackup()` and `onRestore()`.

Your implementation of `BackupAgentHelper` must use one or more backup helpers. A backup helper is a specialized component that `BackupAgentHelper` summons to perform backup and restore operations for a particular type of data. The Android framework currently provides two different helpers:

  * `SharedPreferencesBackupHelper` to backup `SharedPreferences` files.
  * `FileBackupHelper` to backup files from internal storage.



You can include multiple helpers in your `BackupAgentHelper`, but only one helper is needed for each data type. That is, if you have multiple `SharedPreferences` files, then you need only one `SharedPreferencesBackupHelper`.

For each helper you want to add to your `BackupAgentHelper`, you must do the following during your `onCreate()` method:

  1. Instantiate in instance of the desired helper class. In the class constructor, you must specify the appropriate file(s) you want to backup.
  2. Call `addHelper()` to add the helper to your `BackupAgentHelper`.



The following sections describe how to create a backup agent using each of the available helpers.",1,1,android.content.SharedPreferences,dataset canonical hint exactly matches an authoritative class,Android 4.1.1.4 + OpenJDK 8u504 + Khronos OpenGL ES 1.1 stubs,android.content.SharedPreferences,resolved_api,1,,,,,
DATA-0051,data,TU,BackupAgentHelper,android.app.backup.BackupAgentHelper,android.app.backup.BackupAgentHelper,resolved,1,"Developer Guides For more information about using BackupAgentHelper, read the Data Backup developer guide.",dataset_re,data/RE_reference/RE-data.csv,1,"## The Basics

To backup your application data, you need to implement a backup agent. Your backup agent is called by the Backup Manager to provide the data you want to back up. It is also called to restore your backup data when the application is re-installed. The Backup Manager handles all your data transactions with the cloud storage (using the backup transport) and your backup agent handles all your data transactions on the device.

To implement a backup agent, you must:

  1. Declare your backup agent in your manifest file with the `android:backupAgent` attribute.
  2. Register your application with a backup service. Google offers Android Backup Service as a backup service for most Android-powered devices, which requires that you register your application in order for it to work. Any other backup services available might also require you to register in order to store your data on their servers.
  3. Define a backup agent by either:

     1. Extending BackupAgent

The `BackupAgent` class provides the central interface with which your application communicates with the Backup Manager. If you extend this class directly, you must override `onBackup()` and `onRestore()` to handle the backup and restore operations for your data.

Or

     2. Extending BackupAgentHelper

The `BackupAgentHelper` class provides a convenient wrapper around the `BackupAgent` class, which minimizes the amount of code you need to write. In your `BackupAgentHelper`, you must use one or more ""helper"" objects, which automatically backup and restore certain types of data, so that you do not need to implement `onBackup()` and `onRestore()`.

Android currently provides backup helpers that will backup and restore complete files from `SharedPreferences` and internal storage.",1,1,android.app.backup.BackupAgentHelper,dataset canonical hint exactly matches an authoritative class,Android 4.1.1.4 + OpenJDK 8u504 + Khronos OpenGL ES 1.1 stubs,android.app.backup.BackupAgentHelper,resolved_api,1,,,,,
DATA-0052,data,TU,BackupAgentHelper,android.app.backup.BackupAgentHelper,android.app.backup.BackupAgentHelper,resolved,1,"Developer Guides For more information about using BackupAgentHelper, read the Data Backup developer guide.",dataset_re,data/RE_reference/RE-data.csv,1,"### Backing up SharedPreferences

When you instantiate a `SharedPreferencesBackupHelper`, you must include the name of one or more `SharedPreferences` files.

For example, to back up a `SharedPreferences` file named ""user_preferences"", a complete backup agent using `BackupAgentHelper` looks like this:
    
    
     public class MyPrefsBackupAgent extends BackupAgentHelper {     // The name of the SharedPreferences file     static final String PREFS = ""user_preferences"";      // A key to uniquely identify the set of backup data     static final String PREFS_BACKUP_KEY = ""prefs"";      // Allocate a helper and add it to the backup agent     @Override     public void onCreate() {         SharedPreferencesBackupHelper helper = new SharedPreferencesBackupHelper(this, PREFS);         addHelper(PREFS_BACKUP_KEY, helper);     } } 

That's it! That's your entire backup agent. The `SharedPreferencesBackupHelper` includes all the code needed to backup and restore a `SharedPreferences` file.

When the Backup Manager calls `onBackup()` and `onRestore()`, `BackupAgentHelper` calls your backup helpers to perform backup and restore for your specified files.

Note: `SharedPreferences` are threadsafe, so you can safely read and write the shared preferences file from your backup agent and other activities.",1,1,android.app.backup.BackupAgentHelper,dataset canonical hint exactly matches an authoritative class,Android 4.1.1.4 + OpenJDK 8u504 + Khronos OpenGL ES 1.1 stubs,android.app.backup.BackupAgentHelper,resolved_api,1,,,,,
DATA-0053,data,TU,FileInputStream,java.io.FileInputStream,java.io.FileInputStream,resolved,1,FileInputStream is generally associated with reading file data as an input stream. The provided excerpts discuss file output streams and storage rather than direct usage of FileInputStream.,qwen3.8-max,model:qwen3.8-max,0,"## Using the Internal Storage

You can save files directly on the device's internal storage. By default, files saved to the internal storage are private to your application and other applications cannot access them (nor can the user). When the user uninstalls your application, these files are removed.

To create and write a private file to the internal storage:

  1. Call `openFileOutput()` with the name of the file and the operating mode. This returns a `FileOutputStream`.
  2. Write to the file with `write()`.
  3. Close the stream with `close()`.



For example:
    
    
     String FILENAME = ""hello_file""; String string = ""hello world!"";  FileOutputStream fos = openFileOutput(FILENAME, Context.MODE_PRIVATE); fos.write(string.getBytes()); fos.close(); 

`MODE_PRIVATE` will create the file (or replace a file of the same name) and make it private to your application. Other modes available are: `MODE_APPEND`, `MODE_WORLD_READABLE`, and `MODE_WORLD_WRITEABLE`.

To read a file from internal storage:

  1. Call `openFileInput()` and pass it the name of the file to read. This returns a `FileInputStream`.
  2. Read bytes from the file with `read()`.
  3. Then close the stream with `close()`.



Tip: If you want to save a static file in your application at compile time, save the file in your project `res/raw/` directory. You can open it with `openRawResource()`, passing the `R.raw.<filename>` resource ID. This method returns an `InputStream` that you can use to read the file (but you cannot write to the original file).",1,0,java.io.FileInputStream,unique authoritative class,Android 4.1.1.4 + OpenJDK 8u504 + Khronos OpenGL ES 1.1 stubs,java.io.FileInputStream,resolved_api,1,,,,,
DATA-0054,data,TU,Service,android.app.Service,android.app.Service,resolved,1,"Topics covered here:What is a Service? Service Lifecycle Permissions Process Lifecycle Local Service Sample Remote Messenger Service SampleDeveloper Guides For a detailed discussion about how to create services, read the Services developer guide.What is a Service?Most confusion about the Service class actually revolves around what it is not:A Service is not a separate process. The Service object itself does not imply it is running in its own process; unless otherwise specified, it runs in the same process as the application it is part of. A Service is not a thread. It is not a means itself to do work off of the main thread (to avoid Application Not Responding errors).Thus a Service itself is actually very simple, providing two main features:Note that because Service itself is so simple, you can make your interaction with it as simple or complicated as you want: from treating it as a local Java object that you make direct method calls on (as illustrated by Local Service Sample), to providing a full remoteable interface using AIDL.Service LifecyclePermissionsSee the Security and Permissions document for more information on permissions and security in general.Process LifecycleThe Android system will attempt to keep the process hosting a service around as long as the service has been started or has clients bound to it. When running low on memory and needing to kill existing processes, the priority of a process hosting the service will be the higher of the following possibilities:Local Service SampleOne of the most common uses of a Service is as a secondary component running alongside other parts of an application, in the same process as the rest of the components. All components of an .apk run in the same process unless explicitly stated otherwise, so this is a typical situation.When used in this way, by assuming the components are in the same process, you can greatly simplify the interaction between them: clients of the service can simply cast the IBinder they receive from it to a concrete class published by the service.An example of this use of a Service is shown here. First is the Service itself, publishing a custom class when bound:public class LocalService extends Service {
    private NotificationManager mNM;

    // Unique Identification Number for the Notification.
    // We use it on Notification start, and to cancel it.
    private int NOTIFICATION = R.string.local_service_started;

    /**
     * Class for clients to access.  Because we know this service always
     * runs in the same process as its clients, we don't need to deal with
     * IPC.
     */
    public class LocalBinder extends Binder {
        LocalService getService() {
            return LocalService.this;
        }
    }

    @Override
    public void onCreate() {
        mNM = (NotificationManager)getSystemService(NOTIFICATION_SERVICE);

        // Display a notification about us starting.  We put an icon in the status bar.
        showNotification();
    }

    @Override
    public int onStartCommand(Intent intent, int flags, int startId) {
        Log.i(""LocalService"", ""Received start id "" + startId + "": "" + intent);
        return START_NOT_STICKY;
    }

    @Override
    public void onDestroy() {
        // Cancel the persistent notification.
        mNM.cancel(NOTIFICATION);

        // Tell the user we stopped.
        Toast.makeText(this, R.string.local_service_stopped, Toast.LENGTH_SHORT).show();
    }

    @Override
    public IBinder onBind(Intent intent) {
        return mBinder;
    }

    // This is the object that receives interactions from clients.  See
    // RemoteService for a more complete example.
    private final IBinder mBinder = new LocalBinder();

    /**
     * Show a notification while this service is running.
     */
    private void showNotification() {
        // In this sample, we'll use the same text for the ticker and the expanded notification
        CharSequence text = getText(R.string.local_service_started);

        // The PendingIntent to launch our activity if the user selects this notification
        PendingIntent contentIntent = PendingIntent.getActivity(this, 0,
                new Intent(this, LocalServiceActivities.Controller.class), 0);

        // Set the info for the views that show in the notification panel.
        Notification notification = new Notification.Builder(this)
                .setSmallIcon(R.drawable.stat_sample)  // the status icon
                .setTicker(text)  // the status text
                .setWhen(System.currentTimeMillis())  // the time stamp
                .setContentTitle(getText(R.string.local_service_label))  // the label of the entry
                .setContentText(text)  // the contents of the entry
                .setContentIntent(contentIntent)  // The intent to send when the entry is clicked
                .build();

        // Send the notification.
        mNM.notify(NOTIFICATION, notification);
    }
}With that done, one can now write client code that directly accesses the running service, such as:private LocalService mBoundService;

private ServiceConnection mConnection = new ServiceConnection() {
    public void onServiceConnected(ComponentName className, IBinder service) {
        // This is called when the connection with the service has been
        // established, giving us the service object we can use to
        // interact with the service.  Because we have bound to a explicit
        // service that we know is running in our own process, we can
        // cast its IBinder to a concrete class and directly access it.
        mBoundService = ((LocalService.LocalBinder)service).getService();

        // Tell the user about this for our demo.
        Toast.makeText(Binding.this, R.string.local_service_connected,
                Toast.LENGTH_SHORT).show();
    }

    public void onServiceDisconnected(ComponentName className) {
        // This is called when the connection with the service has been
        // unexpectedly disconnected -- that is, its process crashed.
        // Because it is running in our same process, we should never
        // see this happen.
        mBoundService = null;
        Toast.makeText(Binding.this, R.string.local_service_disconnected,
                Toast.LENGTH_SHORT).show();
    }
};

void doBindService() {
    // Establish a connection with the service.  We use an explicit
    // class name because we want a specific service implementation that
    // we know will be running in our own process (and thus won't be
    // supporting component replacement by other applications).
    bindService(new Intent(Binding.this, 
            LocalService.class), mConnection, Context.BIND_AUTO_CREATE);
    mIsBound = true;
}

void doUnbindService() {
    if (mIsBound) {
        // Detach our existing connection.
        unbindService(mConnection);
        mIsBound = false;
    }
}

@Override
protected void onDestroy() {
    super.onDestroy();
    doUnbindService();
}Remote Messenger Service SampleAn example of a Service that uses Messenger as its client interface is shown here. First is the Service itself, publishing a Messenger to an internal Handler when bound:public class MessengerService extends Service {
    /** For showing and hiding our notification. */
    NotificationManager mNM;
    /** Keeps track of all current registered clients. */
    ArrayList<Messenger> mClients = new ArrayList<Messenger>();
    /** Holds last value set by a client. */
    int mValue = 0;

    /**
     * Command to the service to register a client, receiving callbacks
     * from the service.  The Message's replyTo field must be a Messenger of
     * the client where callbacks should be sent.
     */
    static final int MSG_REGISTER_CLIENT = 1;

    /**
     * Command to the service to unregister a client, ot stop receiving callbacks
     * from the service.  The Message's replyTo field must be a Messenger of
     * the client as previously given with MSG_REGISTER_CLIENT.
     */
    static final int MSG_UNREGISTER_CLIENT = 2;

    /**
     * Command to service to set a new value.  This can be sent to the
     * service to supply a new value, and will be sent by the service to
     * any registered clients with the new value.
     */
    static final int MSG_SET_VALUE = 3;

    /**
     * Handler of incoming messages from clients.
     */
    class IncomingHandler extends Handler {
        @Override
        public void handleMessage(Message msg) {
            switch (msg.what) {
                case MSG_REGISTER_CLIENT:
                    mClients.add(msg.replyTo);
                    break;
                case MSG_UNREGISTER_CLIENT:
                    mClients.remove(msg.replyTo);
                    break;
                case MSG_SET_VALUE:
                    mValue = msg.arg1;
                    for (int i=mClients.size()-1; i>=0; i--) {
                        try {
                            mClients.get(i).send(Message.obtain(null,
                                    MSG_SET_VALUE, mValue, 0));
                        } catch (RemoteException e) {
                            // The client is dead.  Remove it from the list;
                            // we are going through the list from back to front
                            // so this is safe to do inside the loop.
                            mClients.remove(i);
                        }
                    }
                    break;
                default:
                    super.handleMessage(msg);
            }
        }
    }

    /**
     * Target we publish for clients to send messages to IncomingHandler.
     */
    final Messenger mMessenger = new Messenger(new IncomingHandler());

    @Override
    public void onCreate() {
        mNM = (NotificationManager)getSystemService(NOTIFICATION_SERVICE);

        // Display a notification about us starting.
        showNotification();
    }

    @Override
    public void onDestroy() {
        // Cancel the persistent notification.
        mNM.cancel(R.string.remote_service_started);

        // Tell the user we stopped.
        Toast.makeText(this, R.string.remote_service_stopped, Toast.LENGTH_SHORT).show();
    }

    /**
     * When binding to the service, we return an interface to our messenger
     * for sending messages to the service.
     */
    @Override
    public IBinder onBind(Intent intent) {
        return mMessenger.getBinder();
    }

    /**
     * Show a notification while this service is running.
     */
    private void showNotification() {
        // In this sample, we'll use the same text for the ticker and the expanded notification
        CharSequence text = getText(R.string.remote_service_started);

        // The PendingIntent to launch our activity if the user selects this notification
        PendingIntent contentIntent = PendingIntent.getActivity(this, 0,
                new Intent(this, Controller.class), 0);

        // Set the info for the views that show in the notification panel.
        Notification notification = new Notification.Builder(this)
                .setSmallIcon(R.drawable.stat_sample)  // the status icon
                .setTicker(text)  // the status text
                .setWhen(System.currentTimeMillis())  // the time stamp
                .setContentTitle(getText(R.string.local_service_label))  // the label of the entry
                .setContentText(text)  // the contents of the entry
                .setContentIntent(contentIntent)  // The intent to send when the entry is clicked
                .build();

        // Send the notification.
        // We use a string id because it is a unique number.  We use it later to cancel.
        mNM.notify(R.string.remote_service_started, notification);
    }
}<service android:name="".app.MessengerService""
        android:process="":remote"" />Note that the name ""remote"" chosen here is arbitrary, and you can use other names if you want additional processes. The ':' prefix appends the name to your package's standard process name.With that done, clients can now bind to the service and send messages to it. Note that this allows clients to register with it to receive messages back as well:/** Messenger for communicating with service. */
Messenger mService = null;
/** Flag indicating whether we have called bind on the service. */
boolean mIsBound;
/** Some text view we are using to show state information. */
TextView mCallbackText;

/**
 * Handler of incoming messages from service.
 */
class IncomingHandler extends Handler {
    @Override
    public void handleMessage(Message msg) {
        switch (msg.what) {
            case MessengerService.MSG_SET_VALUE:
                mCallbackText.setText(""Received from service: "" + msg.arg1);
                break;
            default:
                super.handleMessage(msg);
        }
    }
}

/**
 * Target we publish for clients to send messages to IncomingHandler.
 */
final Messenger mMessenger = new Messenger(new IncomingHandler());

/**
 * Class for interacting with the main interface of the service.
 */
private ServiceConnection mConnection = new ServiceConnection() {
    public void onServiceConnected(ComponentName className,
            IBinder service) {
        // This is called when the connection with the service has been
        // established, giving us the service object we can use to
        // interact with the service.  We are communicating with our
        // service through an IDL interface, so get a client-side
        // representation of that from the raw service object.
        mService = new Messenger(service);
        mCallbackText.setText(""Attached."");

        // We want to monitor the service for as long as we are
        // connected to it.
        try {
            Message msg = Message.obtain(null,
                    MessengerService.MSG_REGISTER_CLIENT);
            msg.replyTo = mMessenger;
            mService.send(msg);

            // Give it some value as an example.
            msg = Message.obtain(null,
                    MessengerService.MSG_SET_VALUE, this.hashCode(), 0);
            mService.send(msg);
        } catch (RemoteException e) {
            // In this case the service has crashed before we could even
            // do anything with it; we can count on soon being
            // disconnected (and then reconnected if it can be restarted)
            // so there is no need to do anything here.
        }

        // As part of the sample, tell the user what happened.
        Toast.makeText(Binding.this, R.string.remote_service_connected,
                Toast.LENGTH_SHORT).show();
    }

    public void onServiceDisconnected(ComponentName className) {
        // This is called when the connection with the service has been
        // unexpectedly disconnected -- that is, its process crashed.
        mService = null;
        mCallbackText.setText(""Disconnected."");

        // As part of the sample, tell the user what happened.
        Toast.makeText(Binding.this, R.string.remote_service_disconnected,
                Toast.LENGTH_SHORT).show();
    }
};

void doBindService() {
    // Establish a connection with the service.  We use an explicit
    // class name because there is no reason to be able to let other
    // applications replace our component.
    bindService(new Intent(Binding.this, 
            MessengerService.class), mConnection, Context.BIND_AUTO_CREATE);
    mIsBound = true;
    mCallbackText.setText(""Binding."");
}

void doUnbindService() {
    if (mIsBound) {
        // If we have received the service, and hence registered with
        // it, then now is the time to unregister.
        if (mService != null) {
            try {
                Message msg = Message.obtain(null,
                        MessengerService.MSG_UNREGISTER_CLIENT);
                msg.replyTo = mMessenger;
                mService.send(msg);
            } catch (RemoteException e) {
                // There is nothing special we need to do if the service
                // has crashed.
            }
        }

        // Detach our existing connection.
        unbindService(mConnection);
        mIsBound = false;
        mCallbackText.setText(""Unbinding."");
    }
}",dataset_re,data/RE_reference/RE-data.csv,1,"## Applications That Should NOT Install on External Storage

When the user enables USB mass storage to share files with their computer (or otherwise unmounts or removes the external storage), any application installed on the external storage and currently running is killed. The system effectively becomes unaware of the application until mass storage is disabled and the external storage is remounted on the device. Besides killing the application and making it unavailable to the user, this can break some types of applications in a more serious way. In order for your application to consistently behave as expected, you should not allow your application to be installed on the external storage if it uses any of the following features, due to the cited consequences when the external storage is unmounted:

Services 
     Your running `Service` will be killed and will not be restarted when external storage is remounted. You can, however, register for the `ACTION_EXTERNAL_APPLICATIONS_AVAILABLE` broadcast Intent, which will notify your application when applications installed on external storage have become available to the system again. At which time, you can restart your Service. 
Alarm Services 
     Your alarms registered with `AlarmManager` will be cancelled. You must manually re-register any alarms when external storage is remounted. 
Input Method Engines 
     Your IME will be replaced by the default IME. When external storage is remounted, the user can open system settings to enable your IME again. 
Live Wallpapers 
     Your running Live Wallpaper will be replaced by the default Live Wallpaper. When external storage is remounted, the user can select your Live Wallpaper again. 
App Widgets 
     Your App Widget will be removed from the home screen. When external storage is remounted, your App Widget will not be available for the user to select until the system resets the home application (usually not until a system reboot). 
Account Managers 
     Your accounts created with `AccountManager` will disappear until external storage is remounted. 
Sync Adapters 
     Your `AbstractThreadedSyncAdapter` and all its sync functionality will not work until external storage is remounted. 
Device Administrators 
     Your `DeviceAdminReceiver` and all its admin capabilities will be disabled, which can have unforeseeable consequences for the device functionality, which may persist after external storage is remounted. 
Broadcast Receivers listening for ""boot completed""
     The system delivers the `ACTION_BOOT_COMPLETED` broadcast before the external storage is mounted to the device. If your application is installed on the external storage, it can never receive this broadcast. 

If your application uses any of the features listed above, you should not allow your application to install on external storage. By default, the system will not allow your application to install on the external storage, so you don't need to worry about your existing applications. However, if you're certain that your application should never be installed on the external storage, then you should make this clear by declaring `android:installLocation` with a value of ""`internalOnly`"". Though this does not change the default behavior, it explicitly states that your application should only be installed on the internal storage and serves as a reminder to you and other developers that this decision has been made.",1,0,android.app.Service | android.bluetooth.BluetoothClass.Service | java.security.Provider.Service | javax.xml.ws.Service,dataset canonical hint exactly matches an authoritative class,Android 4.1.1.4 + OpenJDK 8u504 + Khronos OpenGL ES 1.1 stubs,android.app.Service,resolved_api,1,,,,,
DATA-0055,data,SO,FileInputStream,java.io.FileInputStream,java.io.FileInputStream,resolved,1,FileInputStream is generally associated with reading file data as an input stream. The provided excerpts discuss file output streams and storage rather than direct usage of FileInputStream.,qwen3.8-max,model:qwen3.8-max,0,"Creating a ZIP file with Android 

How can I create a ZIP file from an XML file?

I want to take a backup of all my inbox messages in XML, and compress the XML file and store it on an SD card.

The following code solved my problem.
    
    
    public class makeZip {
    static final int BUFFER = 2048;
    ZipOutputStream out;
    byte data[];
    public makeZip(String name) {
    FileOutputStream dest=null;
    try {
    dest = new FileOutputStream(name);
    } 
    catch (FileNotFoundException e) {
    // TODO Auto-generated catch block
    e.printStackTrace();
    }
    out = new ZipOutputStream(new BufferedOutputStream(dest));
    data = new byte[BUFFER];
    }
    public void addZipFile (String name) {
    Log.v(""addFile"", ""Adding: "");
    FileInputStream fi=null;
    try {
    fi = new FileInputStream(name);
    Log.v(""addFile"", ""Adding: "");
    }
    catch (FileNotFoundException e) {
    // TODO Auto-generated catch block
    e.printStackTrace();
    Log.v(""atch"", ""Adding: "");
    }
    BufferedInputStream origin = new BufferedInputStream(fi, BUFFER);
    ZipEntry entry = new ZipEntry(name);
    try {
    out.putNextEntry(entry);
    Log.v(""put"", ""Adding: "");
    }
    catch (IOException e) {
    // TODO Auto-generated catch block
    e.printStackTrace();
    }
    int count;
    try {
    while((count = origin.read(data, 0, BUFFER)) != -1) {
    out.write(data, 0, count);
    //Log.v(""Write"", ""Adding: ""+origin.read(data, 0, BUFFER));
    }
    }
    catch (IOException e) {
    // TODO Auto-generated catch block
    e.printStackTrace();
    Log.v(""catch"", ""Adding: "");
    }
    try {
    origin.close();
    }
    catch (IOException e) {
    // TODO Auto-generated catch block
    e.printStackTrace();
    }
    }
    public void closeZip () {
    try {
    out.close();
    }
    catch (IOException e) {
    // TODO Auto-generated catch block
    e.printStackTrace();
    }
    }",1,1,java.io.FileInputStream,unique authoritative class,Android 4.1.1.4 + OpenJDK 8u504 + Khronos OpenGL ES 1.1 stubs,java.io.FileInputStream,resolved_api,1,,,,,
DATA-0056,data,SO,FileInputStream,java.io.FileInputStream,java.io.FileInputStream,resolved,1,FileInputStream is generally associated with reading file data as an input stream. The provided excerpts discuss file output streams and storage rather than direct usage of FileInputStream.,qwen3.8-max,model:qwen3.8-max,0,"Where is sqlite database in android tablet? 

I am developing a application in which, insert some values in local sqlite database. Its working fine on local Emulator and Tablet as well as. After inserting values, I want to get sqlite database. I am able to get database from Emulator but unfortunatally unable to get sqlite database from Android Tablet. Please suggest what is procedure to get database from real device(Tablet).

Thanks. 

Thank for all of you

Finally i got a proper solution. We can't get db from any (Samsung) tablet, but we can copy its data and can pull to our PC.
    
    
    public void copyDataBase() {
    Log.i(""info"", ""in copy data base at finally"");
    try {
    File sd = Environment.getExternalStorageDirectory();
    File data = Environment.getDataDirectory();
    if (sd.canWrite()) {
    String currentDBPath = ""/data/"" + context.getPackageName()
    + ""/databases/DB_29Apr.sqlite"";
    String backupDBPath = ""DB_29Apr.sqlite"";
    File currentDB = new File(data, currentDBPath);
    File backupDB = new File(sd, backupDBPath);
    if (currentDB.exists()) {
    FileChannel src = new FileInputStream(currentDB)
    .getChannel();
    FileChannel dst = new FileOutputStream(backupDB)
    .getChannel();
    dst.transferFrom(src, 0, src.size());
    src.close();
    dst.close();
    }
    }
    } catch (Exception e) {
    Log.i(""info"", ""in copy of bata base 10 "");
    }
    }
    

From above function you can copy the db on external space of tablet.

Go to DDMS and find the defined database with given name in db at storage place in tablet.",1,1,java.io.FileInputStream,unique authoritative class,Android 4.1.1.4 + OpenJDK 8u504 + Khronos OpenGL ES 1.1 stubs,java.io.FileInputStream,resolved_api,1,,,,,
DATA-0057,data,SO,SQLiteDatabase,android.database.sqlite.SQLiteDatabase,android.database.sqlite.SQLiteDatabase,resolved,1,"Exposes methods to manage a SQLite database.SQLiteDatabase has methods to create, delete, execute SQL commands, and perform other common database management tasks.See the Notepad sample application in the SDK for an example of creating and managing a database.Database names must be unique within an application, not across all applications.Localized Collation - ORDER BY",dataset_re,data/RE_reference/RE-data.csv,1,"placing existing sqlite database and reading 

Where to place existing sqllite database in android folder structure? Is it drawable folder or layout folder?

I am not finding any solution for this.

Any help will be appreciated.

you should put it in the `assets` folder. This way you can make sure it will be attached to your apk. this is how you can copy the database file from the assets folder to your working directory:
    
    
    private void copyDataBase() throws IOException{
    //Open your local db as the input stream
    InputStream myInput = myContext.getAssets().open(DB_NAME);
    // Path to the just created empty db
    String outFileName = DB_PATH + DB_NAME;
    //Open the empty db as the output stream
    OutputStream myOutput = new FileOutputStream(outFileName);
    //transfer bytes from the inputfile to the outputfile
    byte[] buffer = new byte[1024];
    int length;
    while ((length = myInput.read(buffer))>0){
    myOutput.write(buffer, 0, length);
    }
    //Close the streams
    myOutput.flush();
    myOutput.close();
    myInput.close();
    }
    

now to read the database from the directory:
    
    
     public void openDataBase() throws SQLException{
    //Open the database
    String myPath = DB_PATH + DB_NAME;
    myDataBase = SQLiteDatabase.openDatabase(myPath, null, SQLiteDatabase.OPEN_READONLY);
    }",1,1,android.database.sqlite.SQLiteDatabase,dataset canonical hint exactly matches an authoritative class,Android 4.1.1.4 + OpenJDK 8u504 + Khronos OpenGL ES 1.1 stubs,android.database.sqlite.SQLiteDatabase,resolved_api,1,,,,,
DATA-0058,data,SO,SQLiteOpenHelper,android.database.sqlite.SQLiteOpenHelper,android.database.sqlite.SQLiteOpenHelper,resolved,1,"A helper class to manage database creation and version management.For an example, see the NotePadProvider class in the NotePad sample application, in the samples/ directory of the SDK.Note: this class assumes monotonically increasing version numbers for upgrades.",dataset_re,data/RE_reference/RE-data.csv,1,"Getting error while executing getwritabledatabase() in android 

I have created one class for database and multiple classes for tables and multiple activity classess everything works fine when I use the database class instance in activity class but at the same time when I use the database class instance in table class and run the application as soon as the control goes to `getwritabledatabase` I am getting exception and application is exited, below is the code for all 3 classes.

Database class.
    
    
    public class Database extends SQLiteOpenHelper{
    private static String dbname=""Manager"";
    private static int dbversion=2;
    SQLiteDatabase db;
    public Database(Context context) {
    super(context, dbname, null, dbversion);
    // TODO Auto-generated constructor stub
    db=this.getWritableDatabase();
    }
    @Override
    public void onCreate(SQLiteDatabase db) {
    // TODO Auto-generated method stub
    StockTable st=new StockTable();
    db.execSQL(st.stocktable);
    }
    @Override
    public void onUpgrade(SQLiteDatabase db, int oldVersion, int newVersion) {
    // TODO Auto-generated method stub
    }
    }
    

Activity class
    
    
    public class stockmanager extends Activity{
    String getentry=null;
    Database d=new Database(this);
    StockTable st=new StockTable();
    protected void onCreate(Bundle savedInstanceState) {
    super.onCreate(savedInstanceState);
    setContentView(R.layout.stockmanager);
    final Button AddStock=(Button) findViewById(R.id.button1);
    final EditText entry=(EditText) findViewById(R.id.editText1);
    final Button BroDetail=(Button) findViewById(R.id.button2);
    AddStock.setOnClickListener(new OnClickListener() {
    @Override
    public void onClick(View v) {
    // TODO Auto-generated method stub
    getentry=entry.getText().toString();
    d.db.insert(st.tablename, null,st.insert());
    }
    });
    }
    }
    

Table Class
    
    
     public class StockTable {
    Context c1;
    Database d1=new Database(c1);
    final String tablename=""StockTable"";
    private String column1=""Stock_ID"";
    private String column2=""StockName"";
    final String stocktable = ""CREATE TABLE "" + tablename + 
    "" ("" + column1+ "" INTEGER PRIMARY KEY , "" + column2 + "" TEXT) "";
    public ContentValues insert(){
    String select=""Select StockID from Stocktable"";
    d.db.execsql(select);
    ContentValues cvi=new ContentValues();
    for(int i=0;i<=sm.getentry.length();i++)
    {
    cvi.put(column1, 1);
    cvi.put(column2,sm.getentry);
    }
    return cvi;
    }
    public void delete(){
    }
    

First when control goes to `getwritabledatabase` of database class from activity class then it is executing but after when control from stock table class goes to database class and executes `getwritabledatabase` exception is occurred, Unfortunately I am unable to paste the exceptions here.

Can anyone please help me to solve this ?

Logcat
    
    
    02-07 10:06:09.624: D/libEGL(10756): loaded /system/lib/egl/libEGL_genymotion.so
    02-07 10:06:09.628: D/(10756): HostConnection::get() New Host Connection established 0xb87f5e00, tid 10756
    02-07 10:06:09.720: D/libEGL(10756): loaded /system/lib/egl/libGLESv1_CM_genymotion.so
    02-07 10:06:09.748: D/libEGL(10756): loaded /system/lib/egl/libGLESv2_genymotion.so
    02-07 10:06:10.024: W/EGL_genymotion(10756): eglSurfaceAttrib not implemented
    02-07 10:06:10.044: E/OpenGLRenderer(10756): Getting MAX_TEXTURE_SIZE from GradienCache
    02-07 10:06:10.196: E/OpenGLRenderer(10756): Getting MAX_TEXTURE_SIZE from Caches::initConstraints()
    02-07 10:06:10.212: D/OpenGLRenderer(10756): Enabling debug mode 0
    02-07 10:07:17.328: W/EGL_genymotion(10756): eglSurfaceAttrib not implemented
    02-07 10:07:19.820: I/Choreographer(10756): Skipped 36 frames! The application may be doing too much work on its main thread.
    02-07 10:07:22.556: W/EGL_genymotion(10756): eglSurfaceAttrib not implemented
    02-07 10:07:22.788: I/Choreographer(10756): Skipped 44 frames! The application may be doing too much work on its main thread.
    02-07 10:07:28.064: D/dalvikvm(10756): GC_FOR_ALLOC freed 105K, 1% free 16944K/17072K, paused 37ms, total 40ms
    02-07 10:07:30.524: I/System.out(10756): asdfdw
    02-07 10:07:30.576: D/AndroidRuntime(10756): Shutting down VM
    02-07 10:07:30.612: W/dalvikvm(10756): threadid=1: thread exiting with uncaught exception (group=0xa4b6e648)
    02-07 10:07:30.652: E/AndroidRuntime(10756): FATAL EXCEPTION: main
    02-07 10:07:30.652: E/AndroidRuntime(10756): android.database.sqlite.SQLiteException: unknown error (code 0): Queries can be performed using SQLiteDatabase query or rawQuery methods only.
    02-07 10:07:30.652: E/AndroidRuntime(10756): at android.database.sqlite.SQLiteConnection.nativeExecuteForChangedRowCount(Native Method)
    02-07 10:07:30.652: E/AndroidRuntime(10756): at android.database.sqlite.SQLiteConnection.executeForChangedRowCount(SQLiteConnection.java:734)
    02-07 10:07:30.652: E/AndroidRuntime(10756): at android.database.sqlite.SQLiteSession.executeForChangedRowCount(SQLiteSession.java:754)
    02-07 10:07:30.652: E/AndroidRuntime(10756): at android.database.sqlite.SQLiteStatement.executeUpdateDelete(SQLiteStatement.java:64)
    02-07 10:07:30.652: E/AndroidRuntime(10756): at android.database.sqlite.SQLiteDatabase.executeSql(SQLiteDatabase.java:1674)
    02-07 10:07:30.652: E/AndroidRuntime(10756): at android.database.sqlite.SQLiteDatabase.execSQL(SQLiteDatabase.java:1603)
    02-07 10:07:30.652: E/AndroidRuntime(10756): at com.example.portfoliomanager.StockTable.insert(StockTable.java:43)
    02-07 10:07:30.652: E/AndroidRuntime(10756): at com.example.portfoliomanager.stockmanager$1.onClick(stockmanager.java:36)
    02-07 10:07:30.652: E/AndroidRuntime(10756): at android.view.View.performClick(View.java:4240)
    02-07 10:07:30.652: E/AndroidRuntime(10756): at android.view.View$PerformClick.run(View.java:17721)
    02-07 10:07:30.652: E/AndroidRuntime(10756): at android.os.Handler.handleCallback(Handler.java:730)
    02-07 10:07:30.652: E/AndroidRuntime(10756): at android.os.Handler.dispatchMessage(Handler.java:92)
    02-07 10:07:30.652: E/AndroidRuntime(10756): at android.os.Looper.loop(Looper.java:137)
    02-07 10:07:30.652: E/AndroidRuntime(10756): at android.app.ActivityThread.main(ActivityThread.java:5103)
    02-07 10:07:30.652: E/AndroidRuntime(10756): at java.lang.reflect.Method.invokeNative(Native Method)
    02-07 10:07:30.652: E/AndroidRuntime(10756): at java.lang.reflect.Method.invoke(Method.java:525)
    02-07 10:07:30.652: E/AndroidRuntime(10756): at com.android.internal.os.ZygoteInit$MethodAndArgsCaller.run(ZygoteInit.java:737)
    02-07 10:07:30.652: E/AndroidRuntime(10756): at com.android.internal.os.ZygoteInit.main(ZygoteInit.java:553)
    02-07 10:07:30.652: E/AndroidRuntime(10756): at dalvik.system.NativeStart.main(Native Method)
    02-07 10:07:34.288: I/Process(10756): Sending signal. PID: 10756 SIG: 9
    02-07 10:07:36.624: D/libEGL(10871): loaded /system/lib/egl/libEGL_genymotion.so
    02-07 10:07:36.644: D/(10871): HostConnection::get() New Host Connection established 0xb87f5e70, tid 10871
    02-07 10:07:36.784: D/libEGL(10871): loaded /system/lib/egl/libGLESv1_CM_genymotion.so
    02-07 10:07:36.784: D/libEGL(10871): loaded /system/lib/egl/libGLESv2_genymotion.so
    02-07 10:07:37.104: W/EGL_genymotion(10871): eglSurfaceAttrib not implemented
    02-07 10:07:37.108: E/OpenGLRenderer(10871): Getting MAX_TEXTURE_SIZE from GradienCache
    02-07 10:07:37.132: E/OpenGLRenderer(10871): Getting MAX_TEXTURE_SIZE from Caches::initConstraints()
    02-07 10:07:37.132: D/OpenGLRenderer(10871): Enabling debug mode 0
    

Error is because you trying to access database with null context. So you need to initialize c1 before passing to Database constructor.

I just Edit your StockTable.java try this
    
    
    import android.content.ContentValues;
    import android.content.Context;
    public class StockTable {
    Context c1;
    Database d1;
    final String tablename = ""StockTable"";
    private String column1 = ""Stock_ID"";
    private String column2 = ""StockName"";
    final String stocktable = ""CREATE TABLE "" + tablename + "" ("" + column1 + "" INTEGER PRIMARY KEY , "" + column2 + "" TEXT) "";
    public StockTable(Context mContext){
    c1= mContext;
    d1= new Database(c1);
    }
    public ContentValues insert() {
    ContentValues cvi = new ContentValues();
    for (int i = 0; i <= sm.getentry.length(); i++) {
    cvi.put(column1, 1);
    cvi.put(column2, sm.getentry);
    }
    return cvi;
    }
    public void delete() {
    }
    }
    

How to Use?
    
    
    public class stockmanager extends Activity {
    String getentry = null;
    Database d;
    StockTable st;
    protected void onCreate(Bundle savedInstanceState) {
    super.onCreate(savedInstanceState);
    setContentView(R.layout.stockmanager);
    d = new Database(this.getApplicationContext());
    st = new StockTable(this.getApplicationContext());
    final Button AddStock = (Button) findViewById(R.id.button1);
    final EditText entry = (EditText) findViewById(R.id.editText1);
    final Button BroDetail = (Button) findViewById(R.id.button2);
    AddStock.setOnClickListener(new OnClickListener() {
    @Override
    public void onClick(View v) {
    // TODO Auto-generated method stub
    getentry = entry.getText().toString();
    d.db.insert(st.tablename, null, st.insert());
    }
    });
    }
    }
    

UPDATE YOUR Database Class
    
    
    public class Database extends SQLiteOpenHelper {
    private static String dbname = ""Manager"";
    private static int dbversion = 2;
    SQLiteDatabase db;
    private Context mContext;
    public Database(Context context) {
    super(context, dbname, null, dbversion);
    // TODO Auto-generated constructor stub
    mContext = context;
    db = this.getWritableDatabase();
    }
    @Override
    public void onCreate(SQLiteDatabase db) {
    // TODO Auto-generated method stub
    StockTable st = new StockTable(mContext);
    db.execSQL(st.stocktable);
    }
    @Override
    public void onUpgrade(SQLiteDatabase db, int oldVersion, int newVersion) {
    // TODO Auto-generated method stub
    }
    }",1,1,android.database.sqlite.SQLiteOpenHelper,dataset canonical hint exactly matches an authoritative class,Android 4.1.1.4 + OpenJDK 8u504 + Khronos OpenGL ES 1.1 stubs,android.database.sqlite.SQLiteOpenHelper,resolved_api,1,,,,,
DATA-0059,data,TU,OutputStream,java.io.OutputStream,java.io.OutputStream,resolved,1,This abstract class is the superclass of all classes representing an output stream of bytes. An output stream accepts output bytes and sends them to some sink.,dataset_re,data/RE_reference/RE-data.csv,1,"## Using the Internal Storage

You can save files directly on the device's internal storage. By default, files saved to the internal storage are private to your application and other applications cannot access them (nor can the user). When the user uninstalls your application, these files are removed.

To create and write a private file to the internal storage:

  1. Call `openFileOutput()` with the name of the file and the operating mode. This returns a `FileOutputStream`.
  2. Write to the file with `write()`.
  3. Close the stream with `close()`.



For example:
    
    
     String FILENAME = ""hello_file""; String string = ""hello world!"";  FileOutputStream fos = openFileOutput(FILENAME, Context.MODE_PRIVATE); fos.write(string.getBytes()); fos.close(); 

`MODE_PRIVATE` will create the file (or replace a file of the same name) and make it private to your application. Other modes available are: `MODE_APPEND`, `MODE_WORLD_READABLE`, and `MODE_WORLD_WRITEABLE`.

To read a file from internal storage:

  1. Call `openFileInput()` and pass it the name of the file to read. This returns a `FileInputStream`.
  2. Read bytes from the file with `read()`.
  3. Then close the stream with `close()`.



Tip: If you want to save a static file in your application at compile time, save the file in your project `res/raw/` directory. You can open it with `openRawResource()`, passing the `R.raw.<filename>` resource ID. This method returns an `InputStream` that you can use to read the file (but you cannot write to the original file).",1,1,java.io.OutputStream,dataset canonical hint exactly matches an authoritative class,Android 4.1.1.4 + OpenJDK 8u504 + Khronos OpenGL ES 1.1 stubs,java.io.OutputStream,resolved_api,1,,,,,
DATA-0060,data,TU,FileOutputStream,java.io.FileOutputStream,java.io.FileOutputStream,resolved,1,"FileOutputStream is used to write byte data to a file. In Android internal storage usage, openFileOutput can return a FileOutputStream for writing private application file data, which should be closed after writing.",qwen3.8-max,model:qwen3.8-max,0,"## Using the Internal Storage

You can save files directly on the device's internal storage. By default, files saved to the internal storage are private to your application and other applications cannot access them (nor can the user). When the user uninstalls your application, these files are removed.

To create and write a private file to the internal storage:

  1. Call `openFileOutput()` with the name of the file and the operating mode. This returns a `FileOutputStream`.
  2. Write to the file with `write()`.
  3. Close the stream with `close()`.



For example:
    
    
     String FILENAME = ""hello_file""; String string = ""hello world!"";  FileOutputStream fos = openFileOutput(FILENAME, Context.MODE_PRIVATE); fos.write(string.getBytes()); fos.close(); 

`MODE_PRIVATE` will create the file (or replace a file of the same name) and make it private to your application. Other modes available are: `MODE_APPEND`, `MODE_WORLD_READABLE`, and `MODE_WORLD_WRITEABLE`.

To read a file from internal storage:

  1. Call `openFileInput()` and pass it the name of the file to read. This returns a `FileInputStream`.
  2. Read bytes from the file with `read()`.
  3. Then close the stream with `close()`.



Tip: If you want to save a static file in your application at compile time, save the file in your project `res/raw/` directory. You can open it with `openRawResource()`, passing the `R.raw.<filename>` resource ID. This method returns an `InputStream` that you can use to read the file (but you cannot write to the original file).",1,0,java.io.FileOutputStream,unique authoritative class,Android 4.1.1.4 + OpenJDK 8u504 + Khronos OpenGL ES 1.1 stubs,java.io.FileOutputStream,resolved_api,1,,,,,
DATA-0061,data,TU,File,java.io.File,java.io.File,resolved,1,"An abstract representation of file and directory pathnames.User interfaces and operating systems use system-dependent pathname strings to name files and directories. This class presents an abstract, system-independent view of hierarchical pathnames. An abstract pathname has two components:emptyThe prefix concept is used to handle root directories on UNIX platforms, and drive specifiers, root directories and UNC pathnames on Microsoft Windows platforms, as follows:Instances of this class may or may not denote an actual file-system object such as a file or a directory. If it does denote such an object then that object resides in a partition. A partition is an operating system-specific portion of storage for a file system. A single storage device (e.g. a physical disk-drive, flash memory, CD-ROM) may contain multiple partitions. The object, if any, will reside on the partition named by some ancestor of the absolute form of this pathname.A file system may implement restrictions to certain operations on the actual file-system object, such as reading, writing, and executing. These restrictions are collectively known as access permissions. The file system may have multiple sets of access permissions on a single object. For example, one set may apply to the object's owner, and another may apply to all other users. The access permissions on an object may cause some methods in this class to fail.On Android, the underlying filesystem encoding for filenames is always UTF-8.",dataset_re,data/RE_reference/RE-data.csv,1,"### Accessing files on external storage

If you're using API Level 8 or greater, use `getExternalFilesDir()` to open a `File` that represents the external storage directory where you should save your files. This method takes a `type` parameter that specifies the type of subdirectory you want, such as `DIRECTORY_MUSIC` and `DIRECTORY_RINGTONES` (pass `null` to receive the root of your application's file directory). This method will create the appropriate directory if necessary. By specifying the type of directory, you ensure that the Android's media scanner will properly categorize your files in the system (for example, ringtones are identified as ringtones and not music). If the user uninstalls your application, this directory and all its contents will be deleted.

If you're using API Level 7 or lower, use `getExternalStorageDirectory()`, to open a `File` representing the root of the external storage. You should then write your data in the following directory:
    
    
     /Android/data/<package_name>/files/ 

The `<package_name>` is your Java-style package name, such as ""`com.example.android.app`"". If the user's device is running API Level 8 or greater and they uninstall your application, this directory and all its contents will be deleted.",1,1,java.io.File,dataset canonical hint exactly matches an authoritative class,Android 4.1.1.4 + OpenJDK 8u504 + Khronos OpenGL ES 1.1 stubs,java.io.File,resolved_api,1,,,,,
DATA-0062,data,TU,Intent,android.content.Intent,android.content.Intent,resolved,1,"An Intent provides a facility for performing late runtime binding between the code in different applications. Its most significant use is in the launching of activities, where it can be thought of as the glue between activities. It is basically a passive data structure holding an abstract description of an action to be performed.Developer Guides For information about how to create and resolve intents, read the Intents and Intent Filters developer guide.Intent StructureThe primary pieces of information in an intent are:Some examples of action/data pairs are:In addition to these primary attributes, there are a number of secondary attributes that you can also include with an intent:Here are some examples of other operations you can specify as intents using these additional parameters:Put together, the set of actions, data types, categories, and extra data defines a language for the system allowing for the expression of phrases such as ""call john smith's cell"". As applications are added to the system, they can extend this language by adding new actions, types, and categories, or they can modify the behavior of existing phrases by supplying their own activities that handle them.Intent ResolutionThere are two primary forms of intents you will use.For example, consider the Note Pad sample application that allows user to browse through a list of notes data and view details about individual items. Text in italics indicate places were you would replace a name with one specific to your own package.<manifest xmlns:android=""http://schemas.android.com/apk/res/android""
       package=""com.android.notepad"">
     <application android:icon=""@drawable/app_notes""
             android:label=""@string/app_name"">

         <provider class="".NotePadProvider""
                 android:authorities=""com.google.provider.NotePad"" />

         <activity class="".NotesList"" android:label=""@string/title_notes_list"">
             <intent-filter>
                 <action android:name=""android.intent.action.MAIN"" />
                 <category android:name=""android.intent.category.LAUNCHER"" />
             </intent-filter>
             <intent-filter>
                 <action android:name=""android.intent.action.VIEW"" />
                 <action android:name=""android.intent.action.EDIT"" />
                 <action android:name=""android.intent.action.PICK"" />
                 <category android:name=""android.intent.category.DEFAULT"" />
                 <data android:mimeType=""vnd.android.cursor.dir/vnd.google.note"" />
             </intent-filter>
             <intent-filter>
                 <action android:name=""android.intent.action.GET_CONTENT"" />
                 <category android:name=""android.intent.category.DEFAULT"" />
                 <data android:mimeType=""vnd.android.cursor.item/vnd.google.note"" />
             </intent-filter>
         </activity>

         <activity class="".NoteEditor"" android:label=""@string/title_note"">
             <intent-filter android:label=""@string/resolve_edit"">
                 <action android:name=""android.intent.action.VIEW"" />
                 <action android:name=""android.intent.action.EDIT"" />
                 <category android:name=""android.intent.category.DEFAULT"" />
                 <data android:mimeType=""vnd.android.cursor.item/vnd.google.note"" />
             </intent-filter>

             <intent-filter>
                 <action android:name=""android.intent.action.INSERT"" />
                 <category android:name=""android.intent.category.DEFAULT"" />
                 <data android:mimeType=""vnd.android.cursor.dir/vnd.google.note"" />
             </intent-filter>

         </activity>

         <activity class="".TitleEditor"" android:label=""@string/title_edit_title""
                 android:theme=""@android:style/Theme.Dialog"">
             <intent-filter android:label=""@string/resolve_title"">
                 <action android:name=""com.android.notepad.action.EDIT_TITLE"" />
                 <category android:name=""android.intent.category.DEFAULT"" />
                 <category android:name=""android.intent.category.ALTERNATIVE"" />
                 <category android:name=""android.intent.category.SELECTED_ALTERNATIVE"" />
                 <data android:mimeType=""vnd.android.cursor.item/vnd.google.note"" />
             </intent-filter>
         </activity>

     </application>
 </manifest>Given these capabilities, the following intents will resolve to the NotesList activity:{ action=android.app.action.MAIN } matches all of the activities that can be used as top-level entry points into an application. { action=android.app.action.MAIN, category=android.app.category.LAUNCHER } is the actual intent used by the Launcher to populate its top-level list. { action=android.intent.action.VIEW data=content://com.google.provider.NotePad/notes } displays a list of all the notes under ""content://com.google.provider.NotePad/notes"", which the user can browse through and see the details on. { action=android.app.action.PICK data=content://com.google.provider.NotePad/notes } provides a list of the notes under ""content://com.google.provider.NotePad/notes"", from which the user can pick a note whose data URL is returned back to the caller. { action=android.app.action.GET_CONTENT type=vnd.android.cursor.item/vnd.google.note } is similar to the pick action, but allows the caller to specify the kind of data they want back so that the system can find the appropriate activity to pick something of that data type.Given these capabilities, the following intents will resolve to the NoteEditor activity:{ action=android.intent.action.VIEW data=content://com.google.provider.NotePad/notes/{ID} } shows the user the content of note {ID}. { action=android.app.action.EDIT data=content://com.google.provider.NotePad/notes/{ID} } allows the user to edit the content of note {ID}. { action=android.app.action.INSERT data=content://com.google.provider.NotePad/notes } creates a new, empty note in the notes list at ""content://com.google.provider.NotePad/notes"" and allows the user to edit it. If they keep their changes, the URI of the newly created note is returned to the caller.Given these capabilities, the following intent will resolve to the TitleEditor activity:{ action=com.android.notepad.action.EDIT_TITLE data=content://com.google.provider.NotePad/notes/{ID} } displays and allows the user to edit the title associated with note {ID}.Standard Activity ActionsStandard Broadcast ActionsStandard CategoriesStandard Extra DataFlags",dataset_re,data/RE_reference/RE-data.csv,1,"## Applications That Should NOT Install on External Storage

When the user enables USB mass storage to share files with their computer (or otherwise unmounts or removes the external storage), any application installed on the external storage and currently running is killed. The system effectively becomes unaware of the application until mass storage is disabled and the external storage is remounted on the device. Besides killing the application and making it unavailable to the user, this can break some types of applications in a more serious way. In order for your application to consistently behave as expected, you should not allow your application to be installed on the external storage if it uses any of the following features, due to the cited consequences when the external storage is unmounted:

Services 
     Your running `Service` will be killed and will not be restarted when external storage is remounted. You can, however, register for the `ACTION_EXTERNAL_APPLICATIONS_AVAILABLE` broadcast Intent, which will notify your application when applications installed on external storage have become available to the system again. At which time, you can restart your Service. 
Alarm Services 
     Your alarms registered with `AlarmManager` will be cancelled. You must manually re-register any alarms when external storage is remounted. 
Input Method Engines 
     Your IME will be replaced by the default IME. When external storage is remounted, the user can open system settings to enable your IME again. 
Live Wallpapers 
     Your running Live Wallpaper will be replaced by the default Live Wallpaper. When external storage is remounted, the user can select your Live Wallpaper again. 
App Widgets 
     Your App Widget will be removed from the home screen. When external storage is remounted, your App Widget will not be available for the user to select until the system resets the home application (usually not until a system reboot). 
Account Managers 
     Your accounts created with `AccountManager` will disappear until external storage is remounted. 
Sync Adapters 
     Your `AbstractThreadedSyncAdapter` and all its sync functionality will not work until external storage is remounted. 
Device Administrators 
     Your `DeviceAdminReceiver` and all its admin capabilities will be disabled, which can have unforeseeable consequences for the device functionality, which may persist after external storage is remounted. 
Broadcast Receivers listening for ""boot completed""
     The system delivers the `ACTION_BOOT_COMPLETED` broadcast before the external storage is mounted to the device. If your application is installed on the external storage, it can never receive this broadcast. 

If your application uses any of the features listed above, you should not allow your application to install on external storage. By default, the system will not allow your application to install on the external storage, so you don't need to worry about your existing applications. However, if you're certain that your application should never be installed on the external storage, then you should make this clear by declaring `android:installLocation` with a value of ""`internalOnly`"". Though this does not change the default behavior, it explicitly states that your application should only be installed on the internal storage and serves as a reminder to you and other developers that this decision has been made.",1,1,android.content.Intent,dataset canonical hint exactly matches an authoritative class,Android 4.1.1.4 + OpenJDK 8u504 + Khronos OpenGL ES 1.1 stubs,android.content.Intent,resolved_api,1,,,,,
DATA-0063,data,SO,Cursor,android.database.Cursor,android.database.Cursor,resolved,1,This interface provides random read-write access to the result set returned by a database query.Cursor implementations are not required to be synchronized so code using a Cursor from multiple threads should perform its own synchronization when using the Cursor.,dataset_re,data/RE_reference/RE-data.csv,1,"Android SimpleCursorAdapter doesn't update when database changes 

I have an Android `ListActivity` that is backed by a database `Cursor` through a `SimpleCursorAdapter`.

When the items are clicked, a flag field in the coresponding row in the database is toggled and the view in the list needs to be updated. 

The problem is, when the view that's updated goes off screen and is recycled, the old value is displayed on the view when it returns into view. The same thing happens whenever thr list is redrawb (orientation changes, etc). 

I use `notifydatasetchanged()` to refresh the cursor adapter but it seems ineffective.

How should I be updating the database so the cursor is updated as well?

Call `requery()` on the `Cursor` when you change data in the database that you want reflected in that `Cursor` (or things the `Cursor` populates, like a `ListView` via a `CursorAdapter`).

A `Cursor` is akin to an ODBC client-side cursor -- it holds all of the data represented by the query result. Hence, just because you change the data in the database, the `Cursor` will not know about those changes unless you refresh it via `requery()`.

* * *

UPDATE: This whole question and set of answers should be deleted due to old age, but that's apparently impossible. Anyone seeking Android answers should bear in mind that the Android is a swiftly-moving target, and answers from 2009 are typically worse than are newer answers.

The current solution is to obtain a fresh `Cursor` and use either `changeCursor()` or `swapCursor()` on the `CursorAdapter` to affect a data change.",1,1,android.database.Cursor | java.awt.Cursor,dataset canonical hint exactly matches an authoritative class,Android 4.1.1.4 + OpenJDK 8u504 + Khronos OpenGL ES 1.1 stubs,android.database.Cursor,resolved_api,1,,,,,
DATA-0064,data,SO,Context,android.content.Context,android.content.Context,resolved,1,"Interface to global information about an application environment. This is an abstract class whose implementation is provided by the Android system. It allows access to application-specific resources and classes, as well as up-calls for application-level operations such as launching activities, broadcasting and receiving intents, etc.",dataset_re,data/RE_reference/RE-data.csv,1,"Backwards-compatible BackupAgent 

I am looking into using the new Backup API that available since Android 2.2, but need to maintain backwards compatibility (to 1.5 to be exact).

The docs state:

> The backup service and the APIs you must use are available only on devices running API Level 8 (Android 2.2) or greater, so you should also set your android:minSdkVersion attribute to ""8"". However, if you implement proper backward compatibility in your application, you can support this feature for devices running API Level 8 or greater, while remaining compatible with older devices.

I indeed build against the level 8 `targetSdkVersion` with level 3 `minSdkVersion` and try to use a wrapper class (with reflection) to overcome the problem that the application will not run if you implement a class that extends an nonexisting class.

Here is the problem: since we don't make actual calls to the `BackupHelper` class ourselves, we can't check upfront if the class indeed exists. (As is explained in the Android Backwards Compatibility documentation with a `checkAvailable()` method.) The class will therefore be instantiated and cast to a `BackupAgent`. But since we use reflection, it doesn't actually override BackupAgent and an exception occurs at runtime when the backup is requested:
    
    
    java.lang.RuntimeException: Unable to create BackupAgent org.transdroid.service.BackupAgent: java.lang.ClassCastException: org.transdroid.service.BackupAgent
    

Here is my approach to a backwards compatible `BackupAgent`: http://code.google.com/p/transdroid/source/browse/#svn/trunk/src/org/transdroid/service where the BackupAgent.java is the 'regular' BackupAgentHelper-extending class and BackupAgentHelperWrapper is the reflection-based wrapper class.

Anyone successfull in implementing a `BackupAgent` with backwards compatibility?

I don't see why you run into this problem.

I have the same issue: I want to support backup with a app that supports also 1.5 (API 3).

There is no problem in creating my `BackupAgentHelper` class, since that class is never called from my own code, but from the `BackupManager` i.e. the system itself. Therefore I don't need to wrap it, and I don't see why you should be doing that:
    
    
     public class MyBackupAgentHelper extends BackupAgentHelper {
    @override onCreate()
    { 
    \\\\\\\\\\\\\\\\do something usefull
    }
    

However, you do want to get a backup running, to do that you need to call on `BackupManager.dataChanged()` whenever your data changes and you want to inform the system to backup it (using your `BackupAgent` or `BackupAgentHelper`).

You do need to wrap that class, since you call it from you application code.
    
    
    public class WrapBackupManager {
    private BackupManager wrappedInstance;
    static 
    {
    try
    {
    Class.forName(""android.app.backup.BackupManager"");
    }
    catch (Exception e)
    {
    throw new RuntimeException(e);
    }
    }
    public static void checkAvailable() {}
    public void dataChanged()
    {
    wrappedInstance.dataChanged();
    }
    public WrapBackupManager(Context context)
    {
    wrappedInstance = new BackupManager(context);
    }
    }
    

You then call it from your code when you change a preference or save some data. Some code from my app:
    
    
    private static Boolean backupManagerAvailable = null;
    private static void postCommitAction() {
    if (backupManagerAvailable == null) {
    try {
    WrapBackupManager.checkAvailable();
    backupManagerAvailable = true;
    } catch (Throwable t) {
    backupManagerAvailable = false;
    }
    }
    if (backupManagerAvailable == true) {
    Log.d(""Fretter"", ""Backup Manager available, using it now."");
    WrapBackupManager wrapBackupManager = new WrapBackupManager(
    FretterApplication.getApplication());
    wrapBackupManager.dataChanged();
    } else {
    Log.d(""Fretter"", ""Backup Manager not available, not using it now."");
    }
    

So, hopefully this works for you! 

(If you call `adb shell bmgr run` every time you want to emulate the actual system initiated backupprocess it should properly backup and restore when you reinstall the app.)",1,1,android.content.Context | javax.naming.Context,dataset canonical hint exactly matches an authoritative class,Android 4.1.1.4 + OpenJDK 8u504 + Khronos OpenGL ES 1.1 stubs,android.content.Context,resolved_api,1,,,,,
DATA-0065,data,SO,Editor,android.content.SharedPreferences.Editor,android.content.SharedPreferences.Editor,resolved,1,Interface for batching modifications to SharedPreferences; changes are written with apply() or commit().,official,https://developer.android.com/reference/android/content/SharedPreferences.Editor,1,"Start a specific part of an application only one time after installation 

On my app I've got a Database which i have to fill one time with some entries. I have packed this step in my splashscreen. Now I got the problem every time i open up my application it puts again all entries to my database. I'm looking for a way to let this happen only on the really first time the app gets opend. But i don't find out, how i can realize this. I'm happy over every input and Idea!

Have a nice day

safari

Notes

I had an idea to realize that. I make a boolean in my SplashScreen, which takes a look at the database table if there is nothin, it inputs all the entries and makes a mark in a table that its filled like yes. Afterwards if i open the app again it takes a look at the database if theres a yes or what ever i definied, it doesn't put again all entries in my database. Sorry for that crappy definition of what my idea is, my english isnt the best.

I'm searching for an easier way than this.

why not have a startup activity that checks if the app is launched for the first time ( and stores the value in the app preferences ) and either forwards to the database setup activity or to the main activity....

Here's a sample on how to read and write to the preferences:

Define preference key:
    
    
    public static final String KEY_APP_IS_INITIALIZED = ""APP_INITIALIZED"";
    

read boolean value from preferences:
    
    
    SharedPreferences prefs = PreferenceManager.getDefaultSharedPreferences(context)
    boolean appIsInitialized = prefs.getBoolean(KEY_APP_IS_INITIALIZED, false);
    

store boolean value to preferences:
    
    
    SharedPreferences prefs = PreferenceManager.getDefaultSharedPreferences(context)
    Editor editor = prefs.edit();
    editor.putBoolean(KEY_APP_IS_INITIALIZED, true);
    editor.commit();
    

Launching the activities:
    
    
    Intent intent = new Intent(startup_activity, 
    db_initialized ? 
    MainActivity.class :
    DbInitActivity.class);
    startup_activity.startActivity(intent);",1,1,android.content.SharedPreferences.Editor,dataset canonical hint exactly matches an authoritative class,Android 4.1.1.4 + OpenJDK 8u504 + Khronos OpenGL ES 1.1 stubs,android.content.SharedPreferences.Editor,resolved_api,1,,,,,
DATA-0066,data,SO,SharedPreferences,android.content.SharedPreferences,android.content.SharedPreferences,resolved,1,"Note: This class does not support use across multiple processes.Developer Guides For more information about using SharedPreferences, read the Data Storage developer guide.",dataset_re,data/RE_reference/RE-data.csv,1,"How to use SharedPreferences to save more than one values? 

I am developing a dictionary app. In my app, I assume that user wants to save favourite words. I have decided to use SharedPreferences to save these values (I am aware that SQLite and files are better but I am stuck to ""SharedPreferences"", so keep on with it).

Here below is my code:
    
    
    @Override
    public void onClick(View v) { 
    SharedPreferences faves = PreferenceManager.getDefaultSharedPreferences(getApplicationContext());
    { 
    SharedPreferences.Editor editor = faves.edit();
    editor.putString(""favourite"", mSelectedDB + ""::"" + mCurrentWordId + ""::"" + mCurrentWord + "","");
    editor.commit(); 
    }
    Log.i(CONTENT_TAG,""Favourite saved!"");
    Toast toast = Toast.makeText(ContentView.this, R.string.messageWordAddedToFarvourite, Toast.LENGTH_SHORT);
    toast.show(); 
    }
    

The problem is that it does not retain more than one favourite word. I mean only one favourite word is saved and when a new one is added, the previous is erased.

So, how can the above code be edited so that this problem is solved?

Can you guys there help? Thank you very much.

You can save multiple favorites in a single preference by adding numerous favorites in a single string, each favorite item separated by comma. Then you can use `convertStringToArray` method to convert it into String Array. Here is the full source code.  
Use MyUtility Methods to save multiple favorite items.
    
    
     MyUtility.addFavoriteItem(this, ""Sports"");
    MyUtility.addFavoriteItem(this, ""Entertainment"");
    

get String array of all favorites saved
    
    
    String[] favorites = MyUtility.getFavoriteList(this);// returns {""Sports"",""Entertainment""};
    

Save these methods in separate Utility class  

    
    
     public abstract class MyUtility {
    public static boolean addFavoriteItem(Activity activity,String favoriteItem){
    //Get previous favorite items
    String favoriteList = getStringFromPreferences(activity,null,""favorites"");
    // Append new Favorite item
    if(favoriteList!=null){
    favoriteList = favoriteList+"",""+favoriteItem;
    }else{
    favoriteList = favoriteItem;
    }
    // Save in Shared Preferences
    return putStringInPreferences(activity,favoriteList,""favorites"");
    }
    public static String[] getFavoriteList(Activity activity){
    String favoriteList = getStringFromPreferences(activity,null,""favorites"");
    return convertStringToArray(favoriteList);
    }
    private static boolean putStringInPreferences(Activity activity,String nick,String key){
    SharedPreferences sharedPreferences = activity.getPreferences(Activity.MODE_PRIVATE);
    SharedPreferences.Editor editor = sharedPreferences.edit();
    editor.putString(key, nick);
    editor.commit(); 
    return true; 
    }
    private static String getStringFromPreferences(Activity activity,String defaultValue,String key){
    SharedPreferences sharedPreferences = activity.getPreferences(Activity.MODE_PRIVATE);
    String temp = sharedPreferences.getString(key, defaultValue);
    return temp; 
    }
    private static String[] convertStringToArray(String str){
    String[] arr = str.split("","");
    return arr;
    }
    }
    

If you have to add extra favorites. Then get favorite string from `SharedPreference` and append comma+favorite item and save it back into `SharedPreference`.  
* You can use any other string for separator instead of comma.",1,1,android.content.SharedPreferences,dataset canonical hint exactly matches an authoritative class,Android 4.1.1.4 + OpenJDK 8u504 + Khronos OpenGL ES 1.1 stubs,android.content.SharedPreferences,resolved_api,1,,,,,
DATA-0067,data,SO,Editor,android.content.SharedPreferences.Editor,android.content.SharedPreferences.Editor,resolved,1,Interface for batching modifications to SharedPreferences; changes are written with apply() or commit().,official,https://developer.android.com/reference/android/content/SharedPreferences.Editor,1,"How to use SharedPreferences to save more than one values? 

I am developing a dictionary app. In my app, I assume that user wants to save favourite words. I have decided to use SharedPreferences to save these values (I am aware that SQLite and files are better but I am stuck to ""SharedPreferences"", so keep on with it).

Here below is my code:
    
    
    @Override
    public void onClick(View v) { 
    SharedPreferences faves = PreferenceManager.getDefaultSharedPreferences(getApplicationContext());
    { 
    SharedPreferences.Editor editor = faves.edit();
    editor.putString(""favourite"", mSelectedDB + ""::"" + mCurrentWordId + ""::"" + mCurrentWord + "","");
    editor.commit(); 
    }
    Log.i(CONTENT_TAG,""Favourite saved!"");
    Toast toast = Toast.makeText(ContentView.this, R.string.messageWordAddedToFarvourite, Toast.LENGTH_SHORT);
    toast.show(); 
    }
    

The problem is that it does not retain more than one favourite word. I mean only one favourite word is saved and when a new one is added, the previous is erased.

So, how can the above code be edited so that this problem is solved?

Can you guys there help? Thank you very much.

You can save multiple favorites in a single preference by adding numerous favorites in a single string, each favorite item separated by comma. Then you can use `convertStringToArray` method to convert it into String Array. Here is the full source code.  
Use MyUtility Methods to save multiple favorite items.
    
    
     MyUtility.addFavoriteItem(this, ""Sports"");
    MyUtility.addFavoriteItem(this, ""Entertainment"");
    

get String array of all favorites saved
    
    
    String[] favorites = MyUtility.getFavoriteList(this);// returns {""Sports"",""Entertainment""};
    

Save these methods in separate Utility class  

    
    
     public abstract class MyUtility {
    public static boolean addFavoriteItem(Activity activity,String favoriteItem){
    //Get previous favorite items
    String favoriteList = getStringFromPreferences(activity,null,""favorites"");
    // Append new Favorite item
    if(favoriteList!=null){
    favoriteList = favoriteList+"",""+favoriteItem;
    }else{
    favoriteList = favoriteItem;
    }
    // Save in Shared Preferences
    return putStringInPreferences(activity,favoriteList,""favorites"");
    }
    public static String[] getFavoriteList(Activity activity){
    String favoriteList = getStringFromPreferences(activity,null,""favorites"");
    return convertStringToArray(favoriteList);
    }
    private static boolean putStringInPreferences(Activity activity,String nick,String key){
    SharedPreferences sharedPreferences = activity.getPreferences(Activity.MODE_PRIVATE);
    SharedPreferences.Editor editor = sharedPreferences.edit();
    editor.putString(key, nick);
    editor.commit(); 
    return true; 
    }
    private static String getStringFromPreferences(Activity activity,String defaultValue,String key){
    SharedPreferences sharedPreferences = activity.getPreferences(Activity.MODE_PRIVATE);
    String temp = sharedPreferences.getString(key, defaultValue);
    return temp; 
    }
    private static String[] convertStringToArray(String str){
    String[] arr = str.split("","");
    return arr;
    }
    }
    

If you have to add extra favorites. Then get favorite string from `SharedPreference` and append comma+favorite item and save it back into `SharedPreference`.  
* You can use any other string for separator instead of comma.",1,1,android.content.SharedPreferences.Editor,dataset canonical hint exactly matches an authoritative class,Android 4.1.1.4 + OpenJDK 8u504 + Khronos OpenGL ES 1.1 stubs,android.content.SharedPreferences.Editor,resolved_api,1,,,,,
DATA-0068,data,SO,SQLiteDatabase,android.database.sqlite.SQLiteDatabase,android.database.sqlite.SQLiteDatabase,resolved,1,"Exposes methods to manage a SQLite database.SQLiteDatabase has methods to create, delete, execute SQL commands, and perform other common database management tasks.See the Notepad sample application in the SDK for an example of creating and managing a database.Database names must be unique within an application, not across all applications.Localized Collation - ORDER BY",dataset_re,data/RE_reference/RE-data.csv,1,"Best practices for Android databases 

My Android application needs a local database. Which is the best manner for this? which class sub I use, subclass, reimplement, etc. I have found too much information on the net but I still don't know which are the best practices.

It's a pretty broad question and depends a little on your level on experience and usage.

But the common practice is to create your own `ContentProvider` which will abstract the access to the database. This way you can use `Uri` to execute select/update/delete/insert queries. 

For the SQLite database itself, use `SQLiteOpenHelper` to abstract the creation and upgrading of your SQLite database. This will allow you to upgrade your database without the user losing all of his data in an easy manner. 

I can attach a piece of code I used in one of my older projects which get you started. But implementing the whole thing may be out of scope of a single question/answer. 
    
    
    public class MyServiceProvider extends ContentProvider {
    private SQLiteDatabase db;
    @Override
    public boolean onCreate() {
    // Initialize the database and assign it to the private variable
    MyDatabaseHelper sqlHelper = new MyDatabaseHelper(getContext());
    db = sqlHelper.getReadableDatabase();
    return (db == null)?false:true;
    }
    @override
    Cursor query (Uri uri, String[] projection, String selection, String[] selectionArgs, String sortOrder) {
    // handle the query here, form it, do your checks and then access the DB
    db.query(....);
    }
    }
    class MyDatabaseHelper extends SQLiteOpenHelper {
    private static final String LOG_TAG = ""MyAppTag"";
    private static final String DB_NAME = ""Databasename"";
    private static final String TABLE_NAME = ""Tablename"";
    private static final int DATABASE_VERSION = 2;
    public static MyServiceProvider.CONTENT_URI = Uri.parse(""content://com.mycompany.myApp.MyAppService/myTableOrIdentifier"");
    public MyDatabaseHelper(Context context){
    super(context, DB_NAME, null, DATABASE_VERSION);
    }
    @Override
    public void onCreate(SQLiteDatabase db) {
    String sql = ""CREATE TABLE IF NOT EXISTS ...."";
    db.execSQL(sql);
    }
    @Override
    public void onUpgrade(SQLiteDatabase db, int oldVersion, int newVersion) {
    // Here you can perform updates when the database structure changes
    // Begin transaction
    db.beginTransaction();
    try {
    if(oldVersion<2){
    // Upgrade database structure from Version 1 to 2
    String alterTable = ""ALTER ...."";
    db.execSQL(alterTable);
    Log.i(LOG_TAG,""Successfully upgraded to Version 2"");
    }
    // This allows you to upgrade from any version to the next most 
    // recent one in multiple steps as you don't know if the user has
    // skipped any of the previous updates
    if(oldVersion<3){
    // Upgrade database structure from Version 2 to 3
    String alterTable = ""ALTER ...."";
    db.execSQL(alterTable);
    Log.i(LOG_TAG,""Successfully upgraded to Version 3"");
    }
    // Only when this code is executed, the changes will be applied 
    // to the database
    db.setTransactionSuccessful();
    } catch(Exception ex){
    ex.printStackTrace();
    } finally {
    // Ends transaction
    // If there was an error, the database won't be altered
    db.endTransaction();
    }
    }
    }
    

and then you can use cursors to interact with the database. 
    
    
    ContentResolver contentResolver = getContentResolver();
    ...
    Cursor c = contentResolver.query(
    // The Uri results in content://com.mycompany.myApp.MyAppService/myTableOrIdentifier/someId
    Uri.withAppendedPath(MyServiceProvider.CONTENT_URI, someId),
    new String[] {
    // only get fields we need!
    ""MyDbFieldIneed""
    },
    null, null, null);
    

This will return a `Cursor` which will you can iterate through and get the results. This is also how most things in Android are implemented (i.e. obtaining an Address from the address book works via Uri and Cursor too). 

Edit: I realized the links are hard to see with the code highlights. Here the link of important classes you will need.

  * ContentProvider | Android Developers
  * SQLiteOpenHelper | Android Developers
  * Cursor | Android Developers
  * UriMatcher | Android Developers



Edit 2: Also if you work with multiple tables, `UriMatcher` is an important source too",1,1,android.database.sqlite.SQLiteDatabase,dataset canonical hint exactly matches an authoritative class,Android 4.1.1.4 + OpenJDK 8u504 + Khronos OpenGL ES 1.1 stubs,android.database.sqlite.SQLiteDatabase,resolved_api,1,,,,,
DATA-0069,data,SO,Cursor,android.database.Cursor,android.database.Cursor,resolved,1,This interface provides random read-write access to the result set returned by a database query.Cursor implementations are not required to be synchronized so code using a Cursor from multiple threads should perform its own synchronization when using the Cursor.,dataset_re,data/RE_reference/RE-data.csv,1,"Sqlite Check if Table is Empty 

Well, I have a databse and it has lots of table. but generally tables are empty. I want check if a database table is empty. IF table is empty, program will fill it.
    
    
    public static long queryNumEntries (SQLiteDatabase db, String table)
    

I will use it but it requre API 11.

you can execute `select count(*) from table` and check if `count> 0` then leave else populate it.

like
    
    
     SQLiteDatabase db = table.getWritableDatabase();
    String count = ""SELECT count(*) FROM table"";
    Cursor mcursor = db.rawQuery(count, null);
    mcursor.moveToFirst();
    int icount = mcursor.getInt(0);
    if(icount>0)
    //leave 
    else
    //populate table",1,1,android.database.Cursor | java.awt.Cursor,dataset canonical hint exactly matches an authoritative class,Android 4.1.1.4 + OpenJDK 8u504 + Khronos OpenGL ES 1.1 stubs,android.database.Cursor,resolved_api,1,,,,,
DATA-0070,data,TU,File,java.io.File,java.io.File,resolved,1,"An abstract representation of file and directory pathnames.User interfaces and operating systems use system-dependent pathname strings to name files and directories. This class presents an abstract, system-independent view of hierarchical pathnames. An abstract pathname has two components:emptyThe prefix concept is used to handle root directories on UNIX platforms, and drive specifiers, root directories and UNC pathnames on Microsoft Windows platforms, as follows:Instances of this class may or may not denote an actual file-system object such as a file or a directory. If it does denote such an object then that object resides in a partition. A partition is an operating system-specific portion of storage for a file system. A single storage device (e.g. a physical disk-drive, flash memory, CD-ROM) may contain multiple partitions. The object, if any, will reside on the partition named by some ancestor of the absolute form of this pathname.A file system may implement restrictions to certain operations on the actual file-system object, such as reading, writing, and executing. These restrictions are collectively known as access permissions. The file system may have multiple sets of access permissions on a single object. For example, one set may apply to the object's owner, and another may apply to all other users. The access permissions on an object may cause some methods in this class to fail.On Android, the underlying filesystem encoding for filenames is always UTF-8.",dataset_re,data/RE_reference/RE-data.csv,1,"### Saving files that should be shared

If you want to save files that are not specific to your application and that should not be deleted when your application is uninstalled, save them to one of the public directories on the external storage. These directories lay at the root of the external storage, such as `Music/`, `Pictures/`, `Ringtones/`, and others.

In API Level 8 or greater, use `getExternalStoragePublicDirectory()`, passing it the type of public directory you want, such as `DIRECTORY_MUSIC`, `DIRECTORY_PICTURES`, `DIRECTORY_RINGTONES`, or others. This method will create the appropriate directory if necessary.

If you're using API Level 7 or lower, use `getExternalStorageDirectory()` to open a `File` that represents the root of the external storage, then save your shared files in one of the following directories:

  * `Music/` \- Media scanner classifies all media found here as user music.
  * `Podcasts/` \- Media scanner classifies all media found here as a podcast.
  * `Ringtones/ ` \- Media scanner classifies all media found here as a ringtone.
  * `Alarms/` \- Media scanner classifies all media found here as an alarm sound.
  * `Notifications/` \- Media scanner classifies all media found here as a notification sound.
  * `Pictures/` \- All photos (excluding those taken with the camera).
  * `Movies/` \- All movies (excluding those taken with the camcorder).
  * `Download/` \- Miscellaneous downloads.",1,1,java.io.File,dataset canonical hint exactly matches an authoritative class,Android 4.1.1.4 + OpenJDK 8u504 + Khronos OpenGL ES 1.1 stubs,java.io.File,resolved_api,1,,,,,
DATA-0071,data,TU,File,java.io.File,java.io.File,resolved,1,"An abstract representation of file and directory pathnames.User interfaces and operating systems use system-dependent pathname strings to name files and directories. This class presents an abstract, system-independent view of hierarchical pathnames. An abstract pathname has two components:emptyThe prefix concept is used to handle root directories on UNIX platforms, and drive specifiers, root directories and UNC pathnames on Microsoft Windows platforms, as follows:Instances of this class may or may not denote an actual file-system object such as a file or a directory. If it does denote such an object then that object resides in a partition. A partition is an operating system-specific portion of storage for a file system. A single storage device (e.g. a physical disk-drive, flash memory, CD-ROM) may contain multiple partitions. The object, if any, will reside on the partition named by some ancestor of the absolute form of this pathname.A file system may implement restrictions to certain operations on the actual file-system object, such as reading, writing, and executing. These restrictions are collectively known as access permissions. The file system may have multiple sets of access permissions on a single object. For example, one set may apply to the object's owner, and another may apply to all other users. The access permissions on an object may cause some methods in this class to fail.On Android, the underlying filesystem encoding for filenames is always UTF-8.",dataset_re,data/RE_reference/RE-data.csv,1,"### Saving cache files

If you're using API Level 8 or greater, use `getExternalCacheDir()` to open a `File` that represents the external storage directory where you should save cache files. If the user uninstalls your application, these files will be automatically deleted. However, during the life of your application, you should manage these cache files and remove those that aren't needed in order to preserve file space.

If you're using API Level 7 or lower, use `getExternalStorageDirectory()` to open a `File` that represents the root of the external storage, then write your cache data in the following directory:
    
    
     /Android/data/<package_name>/cache/ 

The `<package_name>` is your Java-style package name, such as ""`com.example.android.app`"".",1,1,java.io.File,dataset canonical hint exactly matches an authoritative class,Android 4.1.1.4 + OpenJDK 8u504 + Khronos OpenGL ES 1.1 stubs,java.io.File,resolved_api,1,,,,,
DATA-0072,data,TU,AlarmManager,android.app.AlarmManager,android.app.AlarmManager,resolved,1,Android system service for scheduling alarms that broadcast intents at specified times or intervals.,official,https://developer.android.com/reference/android/app/AlarmManager,1,"## Applications That Should NOT Install on External Storage

When the user enables USB mass storage to share files with their computer (or otherwise unmounts or removes the external storage), any application installed on the external storage and currently running is killed. The system effectively becomes unaware of the application until mass storage is disabled and the external storage is remounted on the device. Besides killing the application and making it unavailable to the user, this can break some types of applications in a more serious way. In order for your application to consistently behave as expected, you should not allow your application to be installed on the external storage if it uses any of the following features, due to the cited consequences when the external storage is unmounted:

Services 
     Your running `Service` will be killed and will not be restarted when external storage is remounted. You can, however, register for the `ACTION_EXTERNAL_APPLICATIONS_AVAILABLE` broadcast Intent, which will notify your application when applications installed on external storage have become available to the system again. At which time, you can restart your Service. 
Alarm Services 
     Your alarms registered with `AlarmManager` will be cancelled. You must manually re-register any alarms when external storage is remounted. 
Input Method Engines 
     Your IME will be replaced by the default IME. When external storage is remounted, the user can open system settings to enable your IME again. 
Live Wallpapers 
     Your running Live Wallpaper will be replaced by the default Live Wallpaper. When external storage is remounted, the user can select your Live Wallpaper again. 
App Widgets 
     Your App Widget will be removed from the home screen. When external storage is remounted, your App Widget will not be available for the user to select until the system resets the home application (usually not until a system reboot). 
Account Managers 
     Your accounts created with `AccountManager` will disappear until external storage is remounted. 
Sync Adapters 
     Your `AbstractThreadedSyncAdapter` and all its sync functionality will not work until external storage is remounted. 
Device Administrators 
     Your `DeviceAdminReceiver` and all its admin capabilities will be disabled, which can have unforeseeable consequences for the device functionality, which may persist after external storage is remounted. 
Broadcast Receivers listening for ""boot completed""
     The system delivers the `ACTION_BOOT_COMPLETED` broadcast before the external storage is mounted to the device. If your application is installed on the external storage, it can never receive this broadcast. 

If your application uses any of the features listed above, you should not allow your application to install on external storage. By default, the system will not allow your application to install on the external storage, so you don't need to worry about your existing applications. However, if you're certain that your application should never be installed on the external storage, then you should make this clear by declaring `android:installLocation` with a value of ""`internalOnly`"". Though this does not change the default behavior, it explicitly states that your application should only be installed on the internal storage and serves as a reminder to you and other developers that this decision has been made.",1,1,android.app.AlarmManager,dataset canonical hint exactly matches an authoritative class,Android 4.1.1.4 + OpenJDK 8u504 + Khronos OpenGL ES 1.1 stubs,android.app.AlarmManager,resolved_api,1,,,,,
DATA-0073,data,SO,Cursor,android.database.Cursor,android.database.Cursor,resolved,1,This interface provides random read-write access to the result set returned by a database query.Cursor implementations are not required to be synchronized so code using a Cursor from multiple threads should perform its own synchronization when using the Cursor.,dataset_re,data/RE_reference/RE-data.csv,1,"Create SQLite database in android 

I want to create a SQLite database in my app, which contains three tables, I will add data into tables and will use them later on.

but I like to keep database ,as if when app is first time installed it checks whether the database exist or not, if exists it updates it else if not then creates a new database.

further more I am making a DB class to facilitate my app,so I wont be creating an activity for my database creation.

if there are possible advices, please share with me

Better example is [here]
    
    
     try {
    myDB = this.openOrCreateDatabase(""DatabaseName"", MODE_PRIVATE, null);
    /* Create a Table in the Database. */
    myDB.execSQL(""CREATE TABLE IF NOT EXISTS ""
    + TableName
    + "" (Field1 VARCHAR, Field2 INT(3));"");
    /* Insert data to a Table*/
    myDB.execSQL(""INSERT INTO ""
    + TableName
    + "" (Field1, Field2)""
    + "" VALUES ('Saranga', 22);"");
    /*retrieve data from database */
    Cursor c = myDB.rawQuery(""SELECT * FROM "" + TableName , null);
    int Column1 = c.getColumnIndex(""Field1"");
    int Column2 = c.getColumnIndex(""Field2"");
    // Check if our result was valid.
    c.moveToFirst();
    if (c != null) {
    // Loop through all Results
    do {
    String Name = c.getString(Column1);
    int Age = c.getInt(Column2);
    Data =Data +Name+""/""+Age+""\\\\\\\\n"";
    }while(c.moveToNext());
    }",1,1,android.database.Cursor | java.awt.Cursor,dataset canonical hint exactly matches an authoritative class,Android 4.1.1.4 + OpenJDK 8u504 + Khronos OpenGL ES 1.1 stubs,android.database.Cursor,resolved_api,1,,,,,
DATA-0074,data,SO,BackupAgentHelper,android.app.backup.BackupAgentHelper,android.app.backup.BackupAgentHelper,resolved,1,"Developer Guides For more information about using BackupAgentHelper, read the Data Backup developer guide.",dataset_re,data/RE_reference/RE-data.csv,1,"Android backup/restore: how to backup an internal database? 

I have implemented a `BackupAgentHelper` using the provided `FileBackupHelper` to backup and restore the native database I have. This is the database you typically use along with `ContentProviders` and which resides in `/data/data/yourpackage/databases/`.

One would think this is a common case. However the docs aren't clear on what to do: http://developer.android.com/guide/topics/data/backup.html. There is no `BackupHelper` specifically for these typical databases. Hence I used the `FileBackupHelper`, pointed it to my .db file in ""`/databases/`"", introduced locks around any db operation (such as `db.insert`) in my `ContentProviders`, and even tried creating the ""`/databases/`"" directory before `onRestore()` because it does not exist after install.

I have implemented a similar solution for the `SharedPreferences` successfully in a different app in the past. However when I test my new implementation in the emulator-2.2, I see a backup being performed to `LocalTransport` from the logs, as well as a restore being performed (and `onRestore()` called). Yet, the db file itself is never created.

Note that this is all after an install, and before first launch of the app, after the restore has been performed. Apart from that my test strategy was based on http://developer.android.com/guide/topics/data/backup.html#Testing.

Please also note I'm not talking about some sqlite database I manage myself, nor about backing up to SDcard, own server or elsewhere. 

I did see a mention in the docs about databases advising to use a custom `BackupAgent` but it does not seem related:

> However, you might want to extend BackupAgent directly if you need to: * Back up data in a database. If you have an SQLite database that you want to restore when the user re-installs your application, you need to build a custom BackupAgent that reads the appropriate data during a backup operation, then create your table and insert the data during a restore operation.

Some clarity please.

If I really need to do it myself up to the SQL level, then I'm worried about the following topics:

  * Open databases and transactions. I have no idea how to close them from such a singleton class outside of my app's workflow.

  * How to notify the user that a backup is in progress and the database is locked. It might take a long time, so I might need to show a progress bar.

  * How to do the same on restore. As I understand, the restore might happen just when the user has already started using the app (and inputting data into the database). So you can't presume to just restore the backupped data in place (deleting the empty or old data). You'll have to somehow join it in, which for any non-trivial database is impossible due to the id's.

  * How to refresh the app after the restore is done without getting the user stuck at some - now - unreachable point.

  * Can I be sure the database has already been upgraded on backup or restore? Otherwise the expected schema might not match.




A cleaner approach would be to create a custom `BackupHelper`:
    
    
    public class DbBackupHelper extends FileBackupHelper {
    public DbBackupHelper(Context ctx, String dbName) {
    super(ctx, ctx.getDatabasePath(dbName).getAbsolutePath());
    }
    }
    

and then add it to `BackupAgentHelper`:
    
    
    public void onCreate() {
    addHelper(DATABASE, new DbBackupHelper(this, DB.FILE));
    }",1,1,android.app.backup.BackupAgentHelper,dataset canonical hint exactly matches an authoritative class,Android 4.1.1.4 + OpenJDK 8u504 + Khronos OpenGL ES 1.1 stubs,android.app.backup.BackupAgentHelper,resolved_api,1,,,,,
DATA-0075,data,SO,Cursor,android.database.Cursor,android.database.Cursor,resolved,1,This interface provides random read-write access to the result set returned by a database query.Cursor implementations are not required to be synchronized so code using a Cursor from multiple threads should perform its own synchronization when using the Cursor.,dataset_re,data/RE_reference/RE-data.csv,1,"Why is my query crashing? 

I've written the following DB query. However, the app crashes when I access the list activity that displays the results.

I've traced the error to the method below (other simpler query methods work just fine):
    
    
    public Cursor fetchInterface_HSE_Entries(String string) throws SQLException{
    String[] columns = new String[] {KEY_ROW_ID_INTERFACE, KEY_TEXTVIEW_VALUE, KEY_CATEGORY_OPTIONS, KEY_WORKSCREEN};
    String whereClause = KEY_WORKSCREEN+""="" + string;
    Cursor cursor = db.query(TEXTVIEWS_TABLE, columns, whereClause, null, null, null, null);
    if(cursor != null){
    cursor.moveToFirst();
    }
    return cursor;
    }
    

And this is part of my error log:
    
    
    12-31 16:13:38.851: E/AndroidRuntime(480): Caused by: android.database.sqlite.SQLiteException: no such column: testInterface1: , while compiling: SELECT _id, textviewvalue, categoryoptions, workscreen FROM interfacetable WHERE workscreen=testInterface1
    

Try with:
    
    
    String whereClause = KEY_WORKSCREEN+""='"" + string + ""'"";
    

You need to quote text values in your queries, otherwise they will be interpreted as column names (or functions, or whatever).

Note that this is not safe against SQL Injection attacks, you should be using bind variables.
    
    
    String whereClause = KEY_WORKSCREEN+"" = ?"";
    Cursor cursor = db.query(TEXTVIEWS_TABLE, columns, whereClause, 
    new String[]{string}, null, null, null);",1,1,android.database.Cursor | java.awt.Cursor,dataset canonical hint exactly matches an authoritative class,Android 4.1.1.4 + OpenJDK 8u504 + Khronos OpenGL ES 1.1 stubs,android.database.Cursor,resolved_api,1,,,,,
DATA-0076,data,SO,Environment,android.os.Environment,android.os.Environment,resolved,1,Provides access to environment variables.,dataset_re,data/RE_reference/RE-data.csv,1,"Where is sqlite database in android tablet? 

I am developing a application in which, insert some values in local sqlite database. Its working fine on local Emulator and Tablet as well as. After inserting values, I want to get sqlite database. I am able to get database from Emulator but unfortunatally unable to get sqlite database from Android Tablet. Please suggest what is procedure to get database from real device(Tablet).

Thanks. 

Thank for all of you

Finally i got a proper solution. We can't get db from any (Samsung) tablet, but we can copy its data and can pull to our PC.
    
    
    public void copyDataBase() {
    Log.i(""info"", ""in copy data base at finally"");
    try {
    File sd = Environment.getExternalStorageDirectory();
    File data = Environment.getDataDirectory();
    if (sd.canWrite()) {
    String currentDBPath = ""/data/"" + context.getPackageName()
    + ""/databases/DB_29Apr.sqlite"";
    String backupDBPath = ""DB_29Apr.sqlite"";
    File currentDB = new File(data, currentDBPath);
    File backupDB = new File(sd, backupDBPath);
    if (currentDB.exists()) {
    FileChannel src = new FileInputStream(currentDB)
    .getChannel();
    FileChannel dst = new FileOutputStream(backupDB)
    .getChannel();
    dst.transferFrom(src, 0, src.size());
    src.close();
    dst.close();
    }
    }
    } catch (Exception e) {
    Log.i(""info"", ""in copy of bata base 10 "");
    }
    }
    

From above function you can copy the db on external space of tablet.

Go to DDMS and find the defined database with given name in db at storage place in tablet.",1,1,android.os.Environment,dataset canonical hint exactly matches an authoritative class,Android 4.1.1.4 + OpenJDK 8u504 + Khronos OpenGL ES 1.1 stubs,android.os.Environment,resolved_api,1,,,,,
DATA-0077,data,SO,Context,android.content.Context,android.content.Context,resolved,1,"Interface to global information about an application environment. This is an abstract class whose implementation is provided by the Android system. It allows access to application-specific resources and classes, as well as up-calls for application-level operations such as launching activities, broadcasting and receiving intents, etc.",dataset_re,data/RE_reference/RE-data.csv,1,"How to start an activity from a plain non-activity java class? 

I want to implement MVVM pattern using data-binding in my app. Here's the login button from my layout file:
    
    
    

The logic is, on clicking this login button, a new activity should be started. I'm a beginner in android, and my question is should I keep the startActivity part in my MainActivity or in my ViewModel class? (If I want it to be in accordance with the MVVM pattern)

If it should be in the mainActivity, I would replace the last line with `android:onClick=""startNewActivity""` and then define the method in my MainActivity.

But, if it is to be placed in the ViewModel class, declaring the following method:
    
    
    public void startNewActivity(View view) {
    Intent login = new Intent(MainActivity.class, LoginActivity.class);
    startActivity(login);
    }
    

is giving error:
    
    
    Cannot resolve constructor 'Intent(java.lang.Class,java.lang.Class)'
    

How do I start the LoginActivity from my ViewModel class then?

If you want to start LoginActivity from MainActivity then you have to pass this class in intent on button click event. like this,

MainViewModel
    
    
    public class MainViewModel extends BaseObservable 
    { 
    public String name; 
    Context con; 
    public MainViewModel(Context context)
    { 
    this.con = context; 
    } 
    public void click(View view) 
    { 
    Intent login = new Intent(con, LoginActivity.class); 
    con.startActivity(login); 
    } 
    } 
    

MainActivity.java
    
    
    public class MainActivity extends AppCompatActivity {
    @Override
    protected void onCreate(Bundle savedInstanceState) {
    super.onCreate(savedInstanceState);
    ActivityMainBinding binding = DataBindingUtil.setContentView(this, R.layout.activity_main);
    MainViewModel mainViewModel = new MainViewModel(MainActivity.this);
    binding.setMainViewModel(mainViewModel);
    }
    }
    

LoginActivity.java
    
    
     public class LoginActivity extends Activity {
    @Override
    protected void onCreate(Bundle savedInstanceState) {
    super.onCreate(savedInstanceState);
    setContentView(R.layout.login);
    }
    }
    

activity_main.xml",1,1,android.content.Context | javax.naming.Context,dataset canonical hint exactly matches an authoritative class,Android 4.1.1.4 + OpenJDK 8u504 + Khronos OpenGL ES 1.1 stubs,android.content.Context,resolved_api,1,,,,,
DATA-0078,data,SO,Intent,android.content.Intent,android.content.Intent,resolved,1,"An Intent provides a facility for performing late runtime binding between the code in different applications. Its most significant use is in the launching of activities, where it can be thought of as the glue between activities. It is basically a passive data structure holding an abstract description of an action to be performed.Developer Guides For information about how to create and resolve intents, read the Intents and Intent Filters developer guide.Intent StructureThe primary pieces of information in an intent are:Some examples of action/data pairs are:In addition to these primary attributes, there are a number of secondary attributes that you can also include with an intent:Here are some examples of other operations you can specify as intents using these additional parameters:Put together, the set of actions, data types, categories, and extra data defines a language for the system allowing for the expression of phrases such as ""call john smith's cell"". As applications are added to the system, they can extend this language by adding new actions, types, and categories, or they can modify the behavior of existing phrases by supplying their own activities that handle them.Intent ResolutionThere are two primary forms of intents you will use.For example, consider the Note Pad sample application that allows user to browse through a list of notes data and view details about individual items. Text in italics indicate places were you would replace a name with one specific to your own package.<manifest xmlns:android=""http://schemas.android.com/apk/res/android""
       package=""com.android.notepad"">
     <application android:icon=""@drawable/app_notes""
             android:label=""@string/app_name"">

         <provider class="".NotePadProvider""
                 android:authorities=""com.google.provider.NotePad"" />

         <activity class="".NotesList"" android:label=""@string/title_notes_list"">
             <intent-filter>
                 <action android:name=""android.intent.action.MAIN"" />
                 <category android:name=""android.intent.category.LAUNCHER"" />
             </intent-filter>
             <intent-filter>
                 <action android:name=""android.intent.action.VIEW"" />
                 <action android:name=""android.intent.action.EDIT"" />
                 <action android:name=""android.intent.action.PICK"" />
                 <category android:name=""android.intent.category.DEFAULT"" />
                 <data android:mimeType=""vnd.android.cursor.dir/vnd.google.note"" />
             </intent-filter>
             <intent-filter>
                 <action android:name=""android.intent.action.GET_CONTENT"" />
                 <category android:name=""android.intent.category.DEFAULT"" />
                 <data android:mimeType=""vnd.android.cursor.item/vnd.google.note"" />
             </intent-filter>
         </activity>

         <activity class="".NoteEditor"" android:label=""@string/title_note"">
             <intent-filter android:label=""@string/resolve_edit"">
                 <action android:name=""android.intent.action.VIEW"" />
                 <action android:name=""android.intent.action.EDIT"" />
                 <category android:name=""android.intent.category.DEFAULT"" />
                 <data android:mimeType=""vnd.android.cursor.item/vnd.google.note"" />
             </intent-filter>

             <intent-filter>
                 <action android:name=""android.intent.action.INSERT"" />
                 <category android:name=""android.intent.category.DEFAULT"" />
                 <data android:mimeType=""vnd.android.cursor.dir/vnd.google.note"" />
             </intent-filter>

         </activity>

         <activity class="".TitleEditor"" android:label=""@string/title_edit_title""
                 android:theme=""@android:style/Theme.Dialog"">
             <intent-filter android:label=""@string/resolve_title"">
                 <action android:name=""com.android.notepad.action.EDIT_TITLE"" />
                 <category android:name=""android.intent.category.DEFAULT"" />
                 <category android:name=""android.intent.category.ALTERNATIVE"" />
                 <category android:name=""android.intent.category.SELECTED_ALTERNATIVE"" />
                 <data android:mimeType=""vnd.android.cursor.item/vnd.google.note"" />
             </intent-filter>
         </activity>

     </application>
 </manifest>Given these capabilities, the following intents will resolve to the NotesList activity:{ action=android.app.action.MAIN } matches all of the activities that can be used as top-level entry points into an application. { action=android.app.action.MAIN, category=android.app.category.LAUNCHER } is the actual intent used by the Launcher to populate its top-level list. { action=android.intent.action.VIEW data=content://com.google.provider.NotePad/notes } displays a list of all the notes under ""content://com.google.provider.NotePad/notes"", which the user can browse through and see the details on. { action=android.app.action.PICK data=content://com.google.provider.NotePad/notes } provides a list of the notes under ""content://com.google.provider.NotePad/notes"", from which the user can pick a note whose data URL is returned back to the caller. { action=android.app.action.GET_CONTENT type=vnd.android.cursor.item/vnd.google.note } is similar to the pick action, but allows the caller to specify the kind of data they want back so that the system can find the appropriate activity to pick something of that data type.Given these capabilities, the following intents will resolve to the NoteEditor activity:{ action=android.intent.action.VIEW data=content://com.google.provider.NotePad/notes/{ID} } shows the user the content of note {ID}. { action=android.app.action.EDIT data=content://com.google.provider.NotePad/notes/{ID} } allows the user to edit the content of note {ID}. { action=android.app.action.INSERT data=content://com.google.provider.NotePad/notes } creates a new, empty note in the notes list at ""content://com.google.provider.NotePad/notes"" and allows the user to edit it. If they keep their changes, the URI of the newly created note is returned to the caller.Given these capabilities, the following intent will resolve to the TitleEditor activity:{ action=com.android.notepad.action.EDIT_TITLE data=content://com.google.provider.NotePad/notes/{ID} } displays and allows the user to edit the title associated with note {ID}.Standard Activity ActionsStandard Broadcast ActionsStandard CategoriesStandard Extra DataFlags",dataset_re,data/RE_reference/RE-data.csv,1,"How to put a delay like 2 seconds after a button is clicked? 

My code is using 'case and break' example 
    
    
     case R.id.student:
    showMessage(""Student"");
    Intent std = new Intent(Home.this, student.class);
    startActivity(std);
    break;
    

Try this
    
    
    switch (menuButton.getId()) {
    case R.id.student:
    new Handler().postDelayed(new Runnable() {
    @Override
    public void run() {
    showMessage(""Student"");
    Intent std = new Intent(Home.this, student.class);
    startActivity(std);
    }
    }, 2000);
    break;
    }",1,1,android.content.Intent,dataset canonical hint exactly matches an authoritative class,Android 4.1.1.4 + OpenJDK 8u504 + Khronos OpenGL ES 1.1 stubs,android.content.Intent,resolved_api,1,,,,,
DATA-0079,data,TU,BackupAgentHelper,android.app.backup.BackupAgentHelper,android.app.backup.BackupAgentHelper,resolved,1,"Developer Guides For more information about using BackupAgentHelper, read the Data Backup developer guide.",dataset_re,data/RE_reference/RE-data.csv,1,"### Backing up other files

When you instantiate a `FileBackupHelper`, you must include the name of one or more files that are saved to your application's internal storage (as specified by `getFilesDir()`, which is the same location where `openFileOutput()` writes files).

For example, to backup two files named ""scores"" and ""stats,"" a backup agent using `BackupAgentHelper` looks like this:
    
    
     public class MyFileBackupAgent extends BackupAgentHelper {     // The name of the file     static final String TOP_SCORES = ""scores"";     static final String PLAYER_STATS = ""stats"";      // A key to uniquely identify the set of backup data     static final String FILES_BACKUP_KEY = ""myfiles"";      // Allocate a helper and add it to the backup agent     void onCreate() {         FileBackupHelper helper = new FileBackupHelper(this, TOP_SCORES, PLAYER_STATS);         addHelper(FILES_BACKUP_KEY, helper);     } } 

The `FileBackupHelper` includes all the code necessary to backup and restore files that are saved to your application's internal storage..

However, reading and writing to files on internal storage is not threadsafe. To ensure that your backup agent does not read or write your files at the same time as your activities, you must use synchronized statements each time you perform a read or write. For example, in any Activity where you read and write the file, you need an object to use as the intrinsic lock for the synchronized statements:
    
    
     // Object for intrinsic lock static final Object sDataLock = new Object(); 

Then create a synchronized statement with this lock each time you read or write the files. For example, here's a synchronized statement for writing the latest score in a game to a file:
    
    
     try {     synchronized (MyActivity.sDataLock) {         File dataFile = new File(getFilesDir(), TOP_SCORES);         RandomAccessFile raFile = new RandomAccessFile(dataFile, ""rw"");         raFile.writeInt(score);     } } catch (IOException e) {     Log.e(TAG, ""Unable to write to file""); } 

You should synchronize your read statements with the same lock.

Then, in your `BackupAgentHelper`, you must override `onBackup()` and `onRestore()` to synchronize the backup and restore operations with the same intrinsic lock. For example, the `MyFileBackupAgent` example from above needs the following methods:
    
    
     @Override public void onBackup(ParcelFileDescriptor oldState, BackupDataOutput data,           ParcelFileDescriptor newState) throws IOException {     // Hold the lock while the FileBackupHelper performs backup     synchronized (MyActivity.sDataLock) {         super.onBackup(oldState, data, newState);     } }  @Override public void onRestore(BackupDataInput data, int appVersionCode,         ParcelFileDescriptor newState) throws IOException {     // Hold the lock while the FileBackupHelper restores the file     synchronized (MyActivity.sDataLock) {         super.onRestore(data, appVersionCode, newState);     } } 

That's it. All you need to do is add your `FileBackupHelper` in the `onCreate()` method and override `onBackup()` and `onRestore()` to synchronize read and write operations.

For an example implementation of `BackupAgentHelper` with `FileBackupHelper`, see the `FileHelperExampleAgent` class in the Backup and Restore sample application.",1,1,android.app.backup.BackupAgentHelper,dataset canonical hint exactly matches an authoritative class,Android 4.1.1.4 + OpenJDK 8u504 + Khronos OpenGL ES 1.1 stubs,android.app.backup.BackupAgentHelper,resolved_api,1,,,,,
DATA-0080,data,TU,File,java.io.File,java.io.File,resolved,1,"An abstract representation of file and directory pathnames.User interfaces and operating systems use system-dependent pathname strings to name files and directories. This class presents an abstract, system-independent view of hierarchical pathnames. An abstract pathname has two components:emptyThe prefix concept is used to handle root directories on UNIX platforms, and drive specifiers, root directories and UNC pathnames on Microsoft Windows platforms, as follows:Instances of this class may or may not denote an actual file-system object such as a file or a directory. If it does denote such an object then that object resides in a partition. A partition is an operating system-specific portion of storage for a file system. A single storage device (e.g. a physical disk-drive, flash memory, CD-ROM) may contain multiple partitions. The object, if any, will reside on the partition named by some ancestor of the absolute form of this pathname.A file system may implement restrictions to certain operations on the actual file-system object, such as reading, writing, and executing. These restrictions are collectively known as access permissions. The file system may have multiple sets of access permissions on a single object. For example, one set may apply to the object's owner, and another may apply to all other users. The access permissions on an object may cause some methods in this class to fail.On Android, the underlying filesystem encoding for filenames is always UTF-8.",dataset_re,data/RE_reference/RE-data.csv,1,"### Saving cache files

If you'd like to cache some data, rather than store it persistently, you should use `getCacheDir()` to open a `File` that represents the internal directory where your application should save temporary cache files.

When the device is low on internal storage space, Android may delete these cache files to recover space. However, you should not rely on the system to clean up these files for you. You should always maintain the cache files yourself and stay within a reasonable limit of space consumed, such as 1MB. When the user uninstalls your application, these files are removed.",1,1,java.io.File,dataset canonical hint exactly matches an authoritative class,Android 4.1.1.4 + OpenJDK 8u504 + Khronos OpenGL ES 1.1 stubs,java.io.File,resolved_api,1,,,,,
DATA-0081,data,SO,SQLiteDatabase,android.database.sqlite.SQLiteDatabase,android.database.sqlite.SQLiteDatabase,resolved,1,"Exposes methods to manage a SQLite database.SQLiteDatabase has methods to create, delete, execute SQL commands, and perform other common database management tasks.See the Notepad sample application in the SDK for an example of creating and managing a database.Database names must be unique within an application, not across all applications.Localized Collation - ORDER BY",dataset_re,data/RE_reference/RE-data.csv,1,"Query if Android database exists! 

I have created a database for my android app which contains static data and does not require update/delete functionality thus when the app starts, I want to check if the db exists and if not then execute my dbAdapter class. I know its a simple if statement but I was just wondering the most efficient way to query whether the db exists. 

Cheers 
    
    
    /**
    * Check if the database exist and can be read.
    * 
    * @return true if it exists and can be read, false if it doesn't
    */
    private boolean checkDataBase() {
    SQLiteDatabase checkDB = null;
    try {
    checkDB = SQLiteDatabase.openDatabase(DB_FULL_PATH, null,
    SQLiteDatabase.OPEN_READONLY);
    checkDB.close();
    } catch (SQLiteException e) {
    // database doesn't exist yet.
    }
    return checkDB != null;
    }
    

where DB_FULL_PATH is the path to your database file",1,1,android.database.sqlite.SQLiteDatabase,dataset canonical hint exactly matches an authoritative class,Android 4.1.1.4 + OpenJDK 8u504 + Khronos OpenGL ES 1.1 stubs,android.database.sqlite.SQLiteDatabase,resolved_api,1,,,,,
DATA-0082,data,SO,Context,android.content.Context,android.content.Context,resolved,1,"Interface to global information about an application environment. This is an abstract class whose implementation is provided by the Android system. It allows access to application-specific resources and classes, as well as up-calls for application-level operations such as launching activities, broadcasting and receiving intents, etc.",dataset_re,data/RE_reference/RE-data.csv,1,"Android backup/restore: how to backup an internal database? 

I have implemented a `BackupAgentHelper` using the provided `FileBackupHelper` to backup and restore the native database I have. This is the database you typically use along with `ContentProviders` and which resides in `/data/data/yourpackage/databases/`.

One would think this is a common case. However the docs aren't clear on what to do: http://developer.android.com/guide/topics/data/backup.html. There is no `BackupHelper` specifically for these typical databases. Hence I used the `FileBackupHelper`, pointed it to my .db file in ""`/databases/`"", introduced locks around any db operation (such as `db.insert`) in my `ContentProviders`, and even tried creating the ""`/databases/`"" directory before `onRestore()` because it does not exist after install.

I have implemented a similar solution for the `SharedPreferences` successfully in a different app in the past. However when I test my new implementation in the emulator-2.2, I see a backup being performed to `LocalTransport` from the logs, as well as a restore being performed (and `onRestore()` called). Yet, the db file itself is never created.

Note that this is all after an install, and before first launch of the app, after the restore has been performed. Apart from that my test strategy was based on http://developer.android.com/guide/topics/data/backup.html#Testing.

Please also note I'm not talking about some sqlite database I manage myself, nor about backing up to SDcard, own server or elsewhere. 

I did see a mention in the docs about databases advising to use a custom `BackupAgent` but it does not seem related:

> However, you might want to extend BackupAgent directly if you need to: * Back up data in a database. If you have an SQLite database that you want to restore when the user re-installs your application, you need to build a custom BackupAgent that reads the appropriate data during a backup operation, then create your table and insert the data during a restore operation.

Some clarity please.

If I really need to do it myself up to the SQL level, then I'm worried about the following topics:

  * Open databases and transactions. I have no idea how to close them from such a singleton class outside of my app's workflow.

  * How to notify the user that a backup is in progress and the database is locked. It might take a long time, so I might need to show a progress bar.

  * How to do the same on restore. As I understand, the restore might happen just when the user has already started using the app (and inputting data into the database). So you can't presume to just restore the backupped data in place (deleting the empty or old data). You'll have to somehow join it in, which for any non-trivial database is impossible due to the id's.

  * How to refresh the app after the restore is done without getting the user stuck at some - now - unreachable point.

  * Can I be sure the database has already been upgraded on backup or restore? Otherwise the expected schema might not match.




A cleaner approach would be to create a custom `BackupHelper`:
    
    
    public class DbBackupHelper extends FileBackupHelper {
    public DbBackupHelper(Context ctx, String dbName) {
    super(ctx, ctx.getDatabasePath(dbName).getAbsolutePath());
    }
    }
    

and then add it to `BackupAgentHelper`:
    
    
    public void onCreate() {
    addHelper(DATABASE, new DbBackupHelper(this, DB.FILE));
    }",1,1,android.content.Context | javax.naming.Context,dataset canonical hint exactly matches an authoritative class,Android 4.1.1.4 + OpenJDK 8u504 + Khronos OpenGL ES 1.1 stubs,android.content.Context,resolved_api,1,,,,,
DATA-0083,data,SO,Intent,android.content.Intent,android.content.Intent,resolved,1,"An Intent provides a facility for performing late runtime binding between the code in different applications. Its most significant use is in the launching of activities, where it can be thought of as the glue between activities. It is basically a passive data structure holding an abstract description of an action to be performed.Developer Guides For information about how to create and resolve intents, read the Intents and Intent Filters developer guide.Intent StructureThe primary pieces of information in an intent are:Some examples of action/data pairs are:In addition to these primary attributes, there are a number of secondary attributes that you can also include with an intent:Here are some examples of other operations you can specify as intents using these additional parameters:Put together, the set of actions, data types, categories, and extra data defines a language for the system allowing for the expression of phrases such as ""call john smith's cell"". As applications are added to the system, they can extend this language by adding new actions, types, and categories, or they can modify the behavior of existing phrases by supplying their own activities that handle them.Intent ResolutionThere are two primary forms of intents you will use.For example, consider the Note Pad sample application that allows user to browse through a list of notes data and view details about individual items. Text in italics indicate places were you would replace a name with one specific to your own package.<manifest xmlns:android=""http://schemas.android.com/apk/res/android""
       package=""com.android.notepad"">
     <application android:icon=""@drawable/app_notes""
             android:label=""@string/app_name"">

         <provider class="".NotePadProvider""
                 android:authorities=""com.google.provider.NotePad"" />

         <activity class="".NotesList"" android:label=""@string/title_notes_list"">
             <intent-filter>
                 <action android:name=""android.intent.action.MAIN"" />
                 <category android:name=""android.intent.category.LAUNCHER"" />
             </intent-filter>
             <intent-filter>
                 <action android:name=""android.intent.action.VIEW"" />
                 <action android:name=""android.intent.action.EDIT"" />
                 <action android:name=""android.intent.action.PICK"" />
                 <category android:name=""android.intent.category.DEFAULT"" />
                 <data android:mimeType=""vnd.android.cursor.dir/vnd.google.note"" />
             </intent-filter>
             <intent-filter>
                 <action android:name=""android.intent.action.GET_CONTENT"" />
                 <category android:name=""android.intent.category.DEFAULT"" />
                 <data android:mimeType=""vnd.android.cursor.item/vnd.google.note"" />
             </intent-filter>
         </activity>

         <activity class="".NoteEditor"" android:label=""@string/title_note"">
             <intent-filter android:label=""@string/resolve_edit"">
                 <action android:name=""android.intent.action.VIEW"" />
                 <action android:name=""android.intent.action.EDIT"" />
                 <category android:name=""android.intent.category.DEFAULT"" />
                 <data android:mimeType=""vnd.android.cursor.item/vnd.google.note"" />
             </intent-filter>

             <intent-filter>
                 <action android:name=""android.intent.action.INSERT"" />
                 <category android:name=""android.intent.category.DEFAULT"" />
                 <data android:mimeType=""vnd.android.cursor.dir/vnd.google.note"" />
             </intent-filter>

         </activity>

         <activity class="".TitleEditor"" android:label=""@string/title_edit_title""
                 android:theme=""@android:style/Theme.Dialog"">
             <intent-filter android:label=""@string/resolve_title"">
                 <action android:name=""com.android.notepad.action.EDIT_TITLE"" />
                 <category android:name=""android.intent.category.DEFAULT"" />
                 <category android:name=""android.intent.category.ALTERNATIVE"" />
                 <category android:name=""android.intent.category.SELECTED_ALTERNATIVE"" />
                 <data android:mimeType=""vnd.android.cursor.item/vnd.google.note"" />
             </intent-filter>
         </activity>

     </application>
 </manifest>Given these capabilities, the following intents will resolve to the NotesList activity:{ action=android.app.action.MAIN } matches all of the activities that can be used as top-level entry points into an application. { action=android.app.action.MAIN, category=android.app.category.LAUNCHER } is the actual intent used by the Launcher to populate its top-level list. { action=android.intent.action.VIEW data=content://com.google.provider.NotePad/notes } displays a list of all the notes under ""content://com.google.provider.NotePad/notes"", which the user can browse through and see the details on. { action=android.app.action.PICK data=content://com.google.provider.NotePad/notes } provides a list of the notes under ""content://com.google.provider.NotePad/notes"", from which the user can pick a note whose data URL is returned back to the caller. { action=android.app.action.GET_CONTENT type=vnd.android.cursor.item/vnd.google.note } is similar to the pick action, but allows the caller to specify the kind of data they want back so that the system can find the appropriate activity to pick something of that data type.Given these capabilities, the following intents will resolve to the NoteEditor activity:{ action=android.intent.action.VIEW data=content://com.google.provider.NotePad/notes/{ID} } shows the user the content of note {ID}. { action=android.app.action.EDIT data=content://com.google.provider.NotePad/notes/{ID} } allows the user to edit the content of note {ID}. { action=android.app.action.INSERT data=content://com.google.provider.NotePad/notes } creates a new, empty note in the notes list at ""content://com.google.provider.NotePad/notes"" and allows the user to edit it. If they keep their changes, the URI of the newly created note is returned to the caller.Given these capabilities, the following intent will resolve to the TitleEditor activity:{ action=com.android.notepad.action.EDIT_TITLE data=content://com.google.provider.NotePad/notes/{ID} } displays and allows the user to edit the title associated with note {ID}.Standard Activity ActionsStandard Broadcast ActionsStandard CategoriesStandard Extra DataFlags",dataset_re,data/RE_reference/RE-data.csv,1,"Android: How to pass data of one activity with the button click in another activity 

I have two classes like firstactivity.java and secondactivity.java. In firstactivity I have a button(submit) when I click the button(submit) I want to pass the data of firstactivity.java to server. How can I do this?

Thanks in advance. 

In `FirstActivity.java` file `onclick` button you should used below code.
    
    
    Intent i1 = new Intent(firstactivity.this, secondactivity.class);
    i1.putExtra(""type"", ""edit"");
    startActivity(i1);
    

In `secondActivity.java` file oncreate .. used below code.
    
    
    Bundle extras = getIntent().getExtras();
    Strinjg Value = extras.getSerializable(""type"").toString();",1,1,android.content.Intent,dataset canonical hint exactly matches an authoritative class,Android 4.1.1.4 + OpenJDK 8u504 + Khronos OpenGL ES 1.1 stubs,android.content.Intent,resolved_api,1,,,,,
DATA-0084,data,SO,FileOutputStream,java.io.FileOutputStream,java.io.FileOutputStream,resolved,1,"FileOutputStream is used to write byte data to a file. In Android internal storage usage, openFileOutput can return a FileOutputStream for writing private application file data, which should be closed after writing.",qwen3.8-max,model:qwen3.8-max,0,"Creating a ZIP file with Android 

How can I create a ZIP file from an XML file?

I want to take a backup of all my inbox messages in XML, and compress the XML file and store it on an SD card.

The following code solved my problem.
    
    
    public class makeZip {
    static final int BUFFER = 2048;
    ZipOutputStream out;
    byte data[];
    public makeZip(String name) {
    FileOutputStream dest=null;
    try {
    dest = new FileOutputStream(name);
    } 
    catch (FileNotFoundException e) {
    // TODO Auto-generated catch block
    e.printStackTrace();
    }
    out = new ZipOutputStream(new BufferedOutputStream(dest));
    data = new byte[BUFFER];
    }
    public void addZipFile (String name) {
    Log.v(""addFile"", ""Adding: "");
    FileInputStream fi=null;
    try {
    fi = new FileInputStream(name);
    Log.v(""addFile"", ""Adding: "");
    }
    catch (FileNotFoundException e) {
    // TODO Auto-generated catch block
    e.printStackTrace();
    Log.v(""atch"", ""Adding: "");
    }
    BufferedInputStream origin = new BufferedInputStream(fi, BUFFER);
    ZipEntry entry = new ZipEntry(name);
    try {
    out.putNextEntry(entry);
    Log.v(""put"", ""Adding: "");
    }
    catch (IOException e) {
    // TODO Auto-generated catch block
    e.printStackTrace();
    }
    int count;
    try {
    while((count = origin.read(data, 0, BUFFER)) != -1) {
    out.write(data, 0, count);
    //Log.v(""Write"", ""Adding: ""+origin.read(data, 0, BUFFER));
    }
    }
    catch (IOException e) {
    // TODO Auto-generated catch block
    e.printStackTrace();
    Log.v(""catch"", ""Adding: "");
    }
    try {
    origin.close();
    }
    catch (IOException e) {
    // TODO Auto-generated catch block
    e.printStackTrace();
    }
    }
    public void closeZip () {
    try {
    out.close();
    }
    catch (IOException e) {
    // TODO Auto-generated catch block
    e.printStackTrace();
    }
    }",1,1,java.io.FileOutputStream,unique authoritative class,Android 4.1.1.4 + OpenJDK 8u504 + Khronos OpenGL ES 1.1 stubs,java.io.FileOutputStream,resolved_api,1,,,,,
DATA-0085,data,SO,SQLiteDatabase,android.database.sqlite.SQLiteDatabase,android.database.sqlite.SQLiteDatabase,resolved,1,"Exposes methods to manage a SQLite database.SQLiteDatabase has methods to create, delete, execute SQL commands, and perform other common database management tasks.See the Notepad sample application in the SDK for an example of creating and managing a database.Database names must be unique within an application, not across all applications.Localized Collation - ORDER BY",dataset_re,data/RE_reference/RE-data.csv,1,"Getting error while executing getwritabledatabase() in android 

I have created one class for database and multiple classes for tables and multiple activity classess everything works fine when I use the database class instance in activity class but at the same time when I use the database class instance in table class and run the application as soon as the control goes to `getwritabledatabase` I am getting exception and application is exited, below is the code for all 3 classes.

Database class.
    
    
    public class Database extends SQLiteOpenHelper{
    private static String dbname=""Manager"";
    private static int dbversion=2;
    SQLiteDatabase db;
    public Database(Context context) {
    super(context, dbname, null, dbversion);
    // TODO Auto-generated constructor stub
    db=this.getWritableDatabase();
    }
    @Override
    public void onCreate(SQLiteDatabase db) {
    // TODO Auto-generated method stub
    StockTable st=new StockTable();
    db.execSQL(st.stocktable);
    }
    @Override
    public void onUpgrade(SQLiteDatabase db, int oldVersion, int newVersion) {
    // TODO Auto-generated method stub
    }
    }
    

Activity class
    
    
    public class stockmanager extends Activity{
    String getentry=null;
    Database d=new Database(this);
    StockTable st=new StockTable();
    protected void onCreate(Bundle savedInstanceState) {
    super.onCreate(savedInstanceState);
    setContentView(R.layout.stockmanager);
    final Button AddStock=(Button) findViewById(R.id.button1);
    final EditText entry=(EditText) findViewById(R.id.editText1);
    final Button BroDetail=(Button) findViewById(R.id.button2);
    AddStock.setOnClickListener(new OnClickListener() {
    @Override
    public void onClick(View v) {
    // TODO Auto-generated method stub
    getentry=entry.getText().toString();
    d.db.insert(st.tablename, null,st.insert());
    }
    });
    }
    }
    

Table Class
    
    
     public class StockTable {
    Context c1;
    Database d1=new Database(c1);
    final String tablename=""StockTable"";
    private String column1=""Stock_ID"";
    private String column2=""StockName"";
    final String stocktable = ""CREATE TABLE "" + tablename + 
    "" ("" + column1+ "" INTEGER PRIMARY KEY , "" + column2 + "" TEXT) "";
    public ContentValues insert(){
    String select=""Select StockID from Stocktable"";
    d.db.execsql(select);
    ContentValues cvi=new ContentValues();
    for(int i=0;i<=sm.getentry.length();i++)
    {
    cvi.put(column1, 1);
    cvi.put(column2,sm.getentry);
    }
    return cvi;
    }
    public void delete(){
    }
    

First when control goes to `getwritabledatabase` of database class from activity class then it is executing but after when control from stock table class goes to database class and executes `getwritabledatabase` exception is occurred, Unfortunately I am unable to paste the exceptions here.

Can anyone please help me to solve this ?

Logcat
    
    
    02-07 10:06:09.624: D/libEGL(10756): loaded /system/lib/egl/libEGL_genymotion.so
    02-07 10:06:09.628: D/(10756): HostConnection::get() New Host Connection established 0xb87f5e00, tid 10756
    02-07 10:06:09.720: D/libEGL(10756): loaded /system/lib/egl/libGLESv1_CM_genymotion.so
    02-07 10:06:09.748: D/libEGL(10756): loaded /system/lib/egl/libGLESv2_genymotion.so
    02-07 10:06:10.024: W/EGL_genymotion(10756): eglSurfaceAttrib not implemented
    02-07 10:06:10.044: E/OpenGLRenderer(10756): Getting MAX_TEXTURE_SIZE from GradienCache
    02-07 10:06:10.196: E/OpenGLRenderer(10756): Getting MAX_TEXTURE_SIZE from Caches::initConstraints()
    02-07 10:06:10.212: D/OpenGLRenderer(10756): Enabling debug mode 0
    02-07 10:07:17.328: W/EGL_genymotion(10756): eglSurfaceAttrib not implemented
    02-07 10:07:19.820: I/Choreographer(10756): Skipped 36 frames! The application may be doing too much work on its main thread.
    02-07 10:07:22.556: W/EGL_genymotion(10756): eglSurfaceAttrib not implemented
    02-07 10:07:22.788: I/Choreographer(10756): Skipped 44 frames! The application may be doing too much work on its main thread.
    02-07 10:07:28.064: D/dalvikvm(10756): GC_FOR_ALLOC freed 105K, 1% free 16944K/17072K, paused 37ms, total 40ms
    02-07 10:07:30.524: I/System.out(10756): asdfdw
    02-07 10:07:30.576: D/AndroidRuntime(10756): Shutting down VM
    02-07 10:07:30.612: W/dalvikvm(10756): threadid=1: thread exiting with uncaught exception (group=0xa4b6e648)
    02-07 10:07:30.652: E/AndroidRuntime(10756): FATAL EXCEPTION: main
    02-07 10:07:30.652: E/AndroidRuntime(10756): android.database.sqlite.SQLiteException: unknown error (code 0): Queries can be performed using SQLiteDatabase query or rawQuery methods only.
    02-07 10:07:30.652: E/AndroidRuntime(10756): at android.database.sqlite.SQLiteConnection.nativeExecuteForChangedRowCount(Native Method)
    02-07 10:07:30.652: E/AndroidRuntime(10756): at android.database.sqlite.SQLiteConnection.executeForChangedRowCount(SQLiteConnection.java:734)
    02-07 10:07:30.652: E/AndroidRuntime(10756): at android.database.sqlite.SQLiteSession.executeForChangedRowCount(SQLiteSession.java:754)
    02-07 10:07:30.652: E/AndroidRuntime(10756): at android.database.sqlite.SQLiteStatement.executeUpdateDelete(SQLiteStatement.java:64)
    02-07 10:07:30.652: E/AndroidRuntime(10756): at android.database.sqlite.SQLiteDatabase.executeSql(SQLiteDatabase.java:1674)
    02-07 10:07:30.652: E/AndroidRuntime(10756): at android.database.sqlite.SQLiteDatabase.execSQL(SQLiteDatabase.java:1603)
    02-07 10:07:30.652: E/AndroidRuntime(10756): at com.example.portfoliomanager.StockTable.insert(StockTable.java:43)
    02-07 10:07:30.652: E/AndroidRuntime(10756): at com.example.portfoliomanager.stockmanager$1.onClick(stockmanager.java:36)
    02-07 10:07:30.652: E/AndroidRuntime(10756): at android.view.View.performClick(View.java:4240)
    02-07 10:07:30.652: E/AndroidRuntime(10756): at android.view.View$PerformClick.run(View.java:17721)
    02-07 10:07:30.652: E/AndroidRuntime(10756): at android.os.Handler.handleCallback(Handler.java:730)
    02-07 10:07:30.652: E/AndroidRuntime(10756): at android.os.Handler.dispatchMessage(Handler.java:92)
    02-07 10:07:30.652: E/AndroidRuntime(10756): at android.os.Looper.loop(Looper.java:137)
    02-07 10:07:30.652: E/AndroidRuntime(10756): at android.app.ActivityThread.main(ActivityThread.java:5103)
    02-07 10:07:30.652: E/AndroidRuntime(10756): at java.lang.reflect.Method.invokeNative(Native Method)
    02-07 10:07:30.652: E/AndroidRuntime(10756): at java.lang.reflect.Method.invoke(Method.java:525)
    02-07 10:07:30.652: E/AndroidRuntime(10756): at com.android.internal.os.ZygoteInit$MethodAndArgsCaller.run(ZygoteInit.java:737)
    02-07 10:07:30.652: E/AndroidRuntime(10756): at com.android.internal.os.ZygoteInit.main(ZygoteInit.java:553)
    02-07 10:07:30.652: E/AndroidRuntime(10756): at dalvik.system.NativeStart.main(Native Method)
    02-07 10:07:34.288: I/Process(10756): Sending signal. PID: 10756 SIG: 9
    02-07 10:07:36.624: D/libEGL(10871): loaded /system/lib/egl/libEGL_genymotion.so
    02-07 10:07:36.644: D/(10871): HostConnection::get() New Host Connection established 0xb87f5e70, tid 10871
    02-07 10:07:36.784: D/libEGL(10871): loaded /system/lib/egl/libGLESv1_CM_genymotion.so
    02-07 10:07:36.784: D/libEGL(10871): loaded /system/lib/egl/libGLESv2_genymotion.so
    02-07 10:07:37.104: W/EGL_genymotion(10871): eglSurfaceAttrib not implemented
    02-07 10:07:37.108: E/OpenGLRenderer(10871): Getting MAX_TEXTURE_SIZE from GradienCache
    02-07 10:07:37.132: E/OpenGLRenderer(10871): Getting MAX_TEXTURE_SIZE from Caches::initConstraints()
    02-07 10:07:37.132: D/OpenGLRenderer(10871): Enabling debug mode 0
    

Error is because you trying to access database with null context. So you need to initialize c1 before passing to Database constructor.

I just Edit your StockTable.java try this
    
    
    import android.content.ContentValues;
    import android.content.Context;
    public class StockTable {
    Context c1;
    Database d1;
    final String tablename = ""StockTable"";
    private String column1 = ""Stock_ID"";
    private String column2 = ""StockName"";
    final String stocktable = ""CREATE TABLE "" + tablename + "" ("" + column1 + "" INTEGER PRIMARY KEY , "" + column2 + "" TEXT) "";
    public StockTable(Context mContext){
    c1= mContext;
    d1= new Database(c1);
    }
    public ContentValues insert() {
    ContentValues cvi = new ContentValues();
    for (int i = 0; i <= sm.getentry.length(); i++) {
    cvi.put(column1, 1);
    cvi.put(column2, sm.getentry);
    }
    return cvi;
    }
    public void delete() {
    }
    }
    

How to Use?
    
    
    public class stockmanager extends Activity {
    String getentry = null;
    Database d;
    StockTable st;
    protected void onCreate(Bundle savedInstanceState) {
    super.onCreate(savedInstanceState);
    setContentView(R.layout.stockmanager);
    d = new Database(this.getApplicationContext());
    st = new StockTable(this.getApplicationContext());
    final Button AddStock = (Button) findViewById(R.id.button1);
    final EditText entry = (EditText) findViewById(R.id.editText1);
    final Button BroDetail = (Button) findViewById(R.id.button2);
    AddStock.setOnClickListener(new OnClickListener() {
    @Override
    public void onClick(View v) {
    // TODO Auto-generated method stub
    getentry = entry.getText().toString();
    d.db.insert(st.tablename, null, st.insert());
    }
    });
    }
    }
    

UPDATE YOUR Database Class
    
    
    public class Database extends SQLiteOpenHelper {
    private static String dbname = ""Manager"";
    private static int dbversion = 2;
    SQLiteDatabase db;
    private Context mContext;
    public Database(Context context) {
    super(context, dbname, null, dbversion);
    // TODO Auto-generated constructor stub
    mContext = context;
    db = this.getWritableDatabase();
    }
    @Override
    public void onCreate(SQLiteDatabase db) {
    // TODO Auto-generated method stub
    StockTable st = new StockTable(mContext);
    db.execSQL(st.stocktable);
    }
    @Override
    public void onUpgrade(SQLiteDatabase db, int oldVersion, int newVersion) {
    // TODO Auto-generated method stub
    }
    }",1,1,android.database.sqlite.SQLiteDatabase,dataset canonical hint exactly matches an authoritative class,Android 4.1.1.4 + OpenJDK 8u504 + Khronos OpenGL ES 1.1 stubs,android.database.sqlite.SQLiteDatabase,resolved_api,1,,,,,
DATA-0086,data,SO,Cursor,android.database.Cursor,android.database.Cursor,resolved,1,This interface provides random read-write access to the result set returned by a database query.Cursor implementations are not required to be synchronized so code using a Cursor from multiple threads should perform its own synchronization when using the Cursor.,dataset_re,data/RE_reference/RE-data.csv,1,"Android Studio populate Database to RecyclerVIew 

I am trying to populate database to RecyclerVIew, before I had ListView and everything was working perfectly now when I run my app it displays nothing .

This is my first time using a recyclerview so I am new to the whole concept, I thought listview and recyclerview were little different on the view only, anyways I am stuck and I'd grateful for some help 

here are my classes

MainActivity
    
    
    public class MainActivity extends AppCompatActivity {
    private ArrayList mwordlist;
    private WordAdapter adapter;
    private RecyclerView recyclerView;
    @Override
    protected void onCreate(Bundle savedInstanceState) {
    super.onCreate(savedInstanceState);
    setContentView(R.layout.activity_main);
    Toolbar toolbar = (Toolbar) findViewById(R.id.toolbar);
    setSupportActionBar(toolbar);
    recyclerView = (RecyclerView) findViewById(R.id.recycler_view);
    adapter = new WordAdapter(getApplicationContext(),mwordlist);
    RecyclerView.LayoutManager mLayoutManager = new LinearLayoutManager(getApplicationContext());
    recyclerView.setLayoutManager(mLayoutManager);
    recyclerView.setItemAnimator(new DefaultItemAnimator());
    recyclerView.setAdapter(adapter);
    DatabaseAccess databaseAccess = DatabaseAccess.getInstance(this);
    databaseAccess.open();
    mwordlist = databaseAccess.getWords(mwordlist);
    adapter.notifyDataSetChanged();
    FloatingActionButton fab = (FloatingActionButton) findViewById(R.id.fab);
    fab.setOnClickListener(new View.OnClickListener() {
    @Override
    public void onClick(View view) {
    Snackbar.make(view, ""Replace with your own action"", Snackbar.LENGTH_LONG)
    .setAction(""Action"", null).show();
    }
    });
    }
    @Override
    public boolean onCreateOptionsMenu(Menu menu) {
    // Inflate the menu; this adds items to the action bar if it is present.
    getMenuInflater().inflate(R.menu.menu_main, menu);
    return true;
    }
    @Override
    public boolean onOptionsItemSelected(MenuItem item) {
    // Handle action bar item clicks here. The action bar will
    // automatically handle clicks on the Home/Up button, so long
    // as you specify a parent activity in AndroidManifest.xml.
    int id = item.getItemId();
    //noinspection SimplifiableIfStatement
    if (id == R.id.action_settings) {
    return true;
    }
    return super.onOptionsItemSelected(item);
    }
    

}

WordAdapter
    
    
    public class WordAdapter extends RecyclerView.Adapter {
    Context context;
    ArrayList mWordlist;
    public WordAdapter(Context context, ArrayList mWordlist) {
    this.context = context;
    this.mWordlist = mWordlist;
    }
    @Override
    public MyViewHolder onCreateViewHolder(ViewGroup parent, int viewType) {
    View view = LayoutInflater.from(parent.getContext()).inflate(R.layout.word_listview,null);
    MyViewHolder holder = new MyViewHolder(view);
    return holder;
    }
    @Override
    public void onBindViewHolder(MyViewHolder holder, int position) {
    holder.tword.setText(mWordlist.get(position).getmWord());
    holder.tkalmad.setText(mWordlist.get(position).getmKalmad());
    }
    @Override
    public int getItemCount() {
    return mWordlist.size();
    }
    

DatabaseAcces
    
    
    public class DatabaseAccess {
    private SQLiteOpenHelper openHelper;
    private SQLiteDatabase database;
    private static DatabaseAccess instance;
    /**
    * Private constructor to avoid object creation from outside classes.
    *
    * @param context
    */
    private DatabaseAccess(Context context) {
    this.openHelper = new DatabaseOpenHelper(context);
    }
    /**
    * Return a singleton instance of DatabaseAccess.
    *
    * @param context the Context
    * @return the instance of DabaseAccess
    */
    public static DatabaseAccess getInstance(Context context) {
    if (instance == null) {
    instance = new DatabaseAccess(context);
    }
    return instance;
    }
    /**
    * Open the database connection.
    */
    public void open() {
    this.database = openHelper.getWritableDatabase();
    }
    /**
    * Close the database connection.
    */
    public void close() {
    if (database != null) {
    this.database.close();
    }
    }
    public ArrayList getWords(ArrayList WordList) {
    Word word = null;
    Cursor cursor = database.rawQuery(""SELECT * FROM dictionary"", null);
    cursor.moveToFirst();
    WordList.clear();
    while (!cursor.isAfterLast()) {
    word = new Word(cursor.getString(1),cursor.getString(2));
    WordList.add(word);
    cursor.moveToNext();
    }
    cursor.close();
    return WordList;
    }
    }
    

.... i tried many solutions but i couldn't get right 

The New logcat
    
    
    08-21 22:42:47.903 20536-20536/com.example.zer0_ll.somalimeddictionary D/ContextImpl: ContextImpl running for user UserHandle{0} 0
    08-21 22:42:47.903 20536-20536/com.example.zer0_ll.somalimeddictionary W/ResourcesManager: getTopLevelResources: null for user 0
    08-21 22:42:47.913 20536-20536/com.example.zer0_ll.somalimeddictionary W/ResourcesManager: getTopLevelResources: null for user 0
    08-21 22:42:47.913 20536-20536/com.example.zer0_ll.somalimeddictionary D/DisplayManager: DisplayManager()
    08-21 22:42:48.294 20536-20543/com.example.zer0_ll.somalimeddictionary W/art: Suspending all threads took: 43.579ms
    08-21 22:42:48.304 20536-20536/com.example.zer0_ll.somalimeddictionary D/PhoneWindow: *FMB* installDecor mIsFloating : false
    08-21 22:42:48.304 20536-20536/com.example.zer0_ll.somalimeddictionary D/PhoneWindow: *FMB* installDecor flags : -2139029248
    08-21 22:42:48.434 20536-20536/com.example.zer0_ll.somalimeddictionary W/art: Before Android 4.1, method android.graphics.PorterDuffColorFilter android.support.graphics.drawable.VectorDrawableCompat.updateTintFilter(andro id.graphics.PorterDuffColorFilter, android.content.res.ColorStateList, android.graphics.PorterDuff$Mode) would have incorrectly overridden the package-private method in android.graphics.drawable.Drawable
    08-21 22:42:48.764 20536-20543/com.example.zer0_ll.somalimeddictionary W/art: Suspending all threads took: 11.779ms
    08-21 22:42:48.924 20536-20536/com.example.zer0_ll.somalimeddictionary I/SQLiteAssetHelper: successfully opened database Database.db
    08-21 22:42:48.924 20536-20536/com.example.zer0_ll.somalimeddictionary D/AndroidRuntime: Shutting down VM
    08-21 22:42:48.924 20536-20536/com.example.zer0_ll.somalimeddictionary E/AndroidRuntime: FATAL EXCEPTION: main
    Process: com.example.zer0_ll.somalimeddictionary, PID: 20536
    java.lang.RuntimeException: Unable to start activity ComponentInfo{com.example.zer0_ll.somalimeddictionary/com.example.zer0_ll.somalimeddictionary.MainActivity}: java.lang.NullPointerException: Attempt to invoke virtual method 'void java.util.ArrayList.clear()' on a null object reference
    at android.app.ActivityThread.performLaunchActivity(ActivityThread.java:2695)
    at android.app.ActivityThread.handleLaunchActivity(ActivityThread.java:2769)
    at android.app.ActivityThread.access$900(ActivityThread.java:177)
    at android.app.ActivityThread$H.handleMessage(ActivityThread.java:1430)
    at android.os.Handler.dispatchMessage(Handler.java:102)
    at android.os.Looper.loop(Looper.java:135)
    at android.app.ActivityThread.main(ActivityThread.java:5910)
    at java.lang.reflect.Method.invoke(Native Method)
    at java.lang.reflect.Method.invoke(Method.java:372)
    at com.android.internal.os.ZygoteInit$MethodAndArgsCaller.run(ZygoteInit.java:1405)
    at com.android.internal.os.ZygoteInit.main(ZygoteInit.java:1200)
    Caused by: java.lang.NullPointerException: Attempt to invoke virtual method 'void java.util.ArrayList.clear()' on a null object reference
    at com.example.zer0_ll.somalimeddictionary.DatabaseAccess.getWords(DatabaseAccess.java:62)
    at com.example.zer0_ll.somalimeddictionary.MainActivity.onCreate(MainActivity.java:43)
    at android.app.Activity.performCreate(Activity.java:6178)
    at android.app.Instrumentation.callActivityOnCreate(Instrumentation.java:1118)
    at android.app.ActivityThread.performLaunchActivity(ActivityThread.java:2648)
    at android.app.ActivityThread.handleLaunchActivity(ActivityThread.java:2769) 
    at android.app.ActivityThread.access$900(ActivityThread.java:177) 
    at android.app.ActivityThread$H.handleMessage(ActivityThread.java:1430) 
    at android.os.Handler.dispatchMessage(Handler.java:102) 
    at android.os.Looper.loop(Looper.java:135) 
    at android.app.ActivityThread.main(ActivityThread.java:5910) 
    at java.lang.reflect.Method.invoke(Native Method) 
    at java.lang.reflect.Method.invoke(Method.java:372) 
    at com.android.internal.os.ZygoteInit$MethodAndArgsCaller.run(ZygoteInit.java:1405) 
    at com.android.internal.os.ZygoteInit.main(ZygoteInit.java:1200) 
    

In `getWords()` function inside `DatabaseAccess` class you are creating new Arraylist (`ArrayList WordList = new ArrayList<>();`) and returning this Arraylist so this function returns ArrayList with new memory location but your adapter is depend on `mWordlist` which is in `MainActivity` that's why `adapter.notifyDataSetChanged();` not working. Try sending reference of `mWordlist` in MainActivity to `getWords()` function like `getWords(mWordlist)` and in `getWords()` use this ArrayList. Don't allocate new ArrayList. You can clear this ArrayList before adding new data in the ArrayList.

Remove this in getWords() function
    
    
     ArrayList WordList = new ArrayList<>();
    

Edited:

getWords() function Code:
    
    
    public ArrayList getWords(ArrayList WordList) {
    Word word = null;
    Cursor cursor = database.rawQuery(""SELECT * FROM dictionary"", null);
    cursor.moveToFirst();
    WordList.clear()
    while (!cursor.isAfterLast()) {
    word = new Word(cursor.getString(1),cursor.getString(2));
    WordList.add(word);
    cursor.moveToNext();
    }
    cursor.close();
    return WordList;
    }
    

MainActivity Code
    
    
    public class MainActivity extends AppCompatActivity {
    private ArrayList mWordlist;
    private WordAdapter adapter;
    private RecyclerView recyclerView;
    @Override
    protected void onCreate(Bundle savedInstanceState) {
    super.onCreate(savedInstanceState);
    setContentView(R.layout.activity_main);
    Toolbar toolbar = (Toolbar) findViewById(R.id.toolbar);
    setSupportActionBar(toolbar);
    recyclerView = (RecyclerView) findViewById(R.id.recycler_view);
    mWordlist = new ArrayList<>()
    adapter = new WordAdapter(getApplicationContext(),mWordlist);
    RecyclerView.LayoutManager mLayoutManager = new LinearLayoutManager(getApplicationContext());
    recyclerView.setLayoutManager(mLayoutManager);
    recyclerView.setItemAnimator(new DefaultItemAnimator());
    recyclerView.setAdapter(adapter);
    DatabaseAccess databaseAccess = DatabaseAccess.getInstance(this);
    databaseAccess.open();
    mWordlist = databaseAccess.getWords(mWordlist);
    adapter.notifyDataSetChanged();
    FloatingActionButton fab = (FloatingActionButton) findViewById(R.id.fab);
    fab.setOnClickListener(new View.OnClickListener() {
    @Override
    public void onClick(View view) {
    Snackbar.make(view, ""Replace with your own action"", Snackbar.LENGTH_LONG)
    .setAction(""Action"", null).show();
    }
    });
    }
    @Override
    public boolean onCreateOptionsMenu(Menu menu) {
    // Inflate the menu; this adds items to the action bar if it is present.
    getMenuInflater().inflate(R.menu.menu_main, menu);
    return true;
    }
    @Override
    public boolean onOptionsItemSelected(MenuItem item) {
    // Handle action bar item clicks here. The action bar will
    // automatically handle clicks on the Home/Up button, so long
    // as you specify a parent activity in AndroidManifest.xml.
    int id = item.getItemId();
    //noinspection SimplifiableIfStatement
    if (id == R.id.action_settings) {
    return true;
    }
    return super.onOptionsItemSelected(item);
    }",1,1,android.database.Cursor | java.awt.Cursor,dataset canonical hint exactly matches an authoritative class,Android 4.1.1.4 + OpenJDK 8u504 + Khronos OpenGL ES 1.1 stubs,android.database.Cursor,resolved_api,1,,,,,
DATA-0087,data,TU,PackageInfo,android.content.pm.PackageInfo,android.content.pm.PackageInfo,resolved,1,Overall information about the contents of a package. This corresponds to all of the information collected from AndroidManifest.xml.,dataset_re,data/RE_reference/RE-data.csv,1,"## Checking the Restore Data Version

When the Backup Manager saves your data to cloud storage, it automatically includes the version of your application, as defined by your manifest file's `android:versionCode` attribute. Before the Backup Manager calls your backup agent to restore your data, it looks at the `android:versionCode` of the installed application and compares it to the value recorded in the restore data set. If the version recorded in the restore data set is newer than the application version on the device, then the user has downgraded their application. In this case, the Backup Manager will abort the restore operation for your application and not call your `onRestore()` method, because the restore set is considered meaningless to an older version.

You can override this behavior with the `android:restoreAnyVersion` attribute. This attribute is either ""`true`"" or ""`false`"" to indicate whether you want to restore the application regardless of the restore set version. The default value is ""`false`"". If you define this to be ""`true`"" then the Backup Manager will ignore the `android:versionCode` and call your `onRestore()` method in all cases. In doing so, you can manually check for the version difference in your `onRestore()` method and take any steps necessary to make the data compatible if the versions conflict.

To help you handle different versions during a restore operation, the `onRestore()` method passes you the version code included with the restore data set as the `appVersionCode` parameter. You can then query the current application's version code with the `PackageInfo.versionCode` field. For example:
    
    
     PackageInfo info; try {     String name = getPackageName();     info = getPackageManager().getPackageInfo(name,0); } catch (NameNotFoundException nnfe) {     info = null; }  int version; if (info != null) {     version = info.versionCode; } 

Then simply compare the `version` acquired from `PackageInfo` to the `appVersionCode` passed into `onRestore()`. 

Caution: Be certain you understand the consequences of setting `android:restoreAnyVersion` to ""`true`"" for your application. If each version of your application that supports backup does not properly account for variations in your data format during `onRestore()`, then the data on the device could be saved in a format incompatible with the version currently installed on the device.",1,1,android.content.pm.PackageInfo,dataset canonical hint exactly matches an authoritative class,Android 4.1.1.4 + OpenJDK 8u504 + Khronos OpenGL ES 1.1 stubs,android.content.pm.PackageInfo,resolved_api,1,,,,,
DATA-0088,data,TU,AbstractThreadedSyncAdapter,android.content.AbstractThreadedSyncAdapter,android.content.AbstractThreadedSyncAdapter,resolved,1,"<intent-filter>
     <action android:name=""android.content.SyncAdapter"" />
   </intent-filter>
   <meta-data android:name=""android.content.SyncAdapter""
             android:resource=""@xml/syncadapter"" /><sync-adapter xmlns:android=""http://schemas.android.com/apk/res/android""
    android:contentAuthority=""authority""
    android:accountType=""accountType""
    android:userVisible=""true|false""
    android:supportsUploading=""true|false""
    android:allowParallelSyncs=""true|false""
    android:isAlwaysSyncable=""true|false""
    android:syncAdapterSettingsAction=""ACTION_OF_SETTINGS_ACTIVITY""
 />",dataset_re,data/RE_reference/RE-data.csv,1,"## Applications That Should NOT Install on External Storage

When the user enables USB mass storage to share files with their computer (or otherwise unmounts or removes the external storage), any application installed on the external storage and currently running is killed. The system effectively becomes unaware of the application until mass storage is disabled and the external storage is remounted on the device. Besides killing the application and making it unavailable to the user, this can break some types of applications in a more serious way. In order for your application to consistently behave as expected, you should not allow your application to be installed on the external storage if it uses any of the following features, due to the cited consequences when the external storage is unmounted:

Services 
     Your running `Service` will be killed and will not be restarted when external storage is remounted. You can, however, register for the `ACTION_EXTERNAL_APPLICATIONS_AVAILABLE` broadcast Intent, which will notify your application when applications installed on external storage have become available to the system again. At which time, you can restart your Service. 
Alarm Services 
     Your alarms registered with `AlarmManager` will be cancelled. You must manually re-register any alarms when external storage is remounted. 
Input Method Engines 
     Your IME will be replaced by the default IME. When external storage is remounted, the user can open system settings to enable your IME again. 
Live Wallpapers 
     Your running Live Wallpaper will be replaced by the default Live Wallpaper. When external storage is remounted, the user can select your Live Wallpaper again. 
App Widgets 
     Your App Widget will be removed from the home screen. When external storage is remounted, your App Widget will not be available for the user to select until the system resets the home application (usually not until a system reboot). 
Account Managers 
     Your accounts created with `AccountManager` will disappear until external storage is remounted. 
Sync Adapters 
     Your `AbstractThreadedSyncAdapter` and all its sync functionality will not work until external storage is remounted. 
Device Administrators 
     Your `DeviceAdminReceiver` and all its admin capabilities will be disabled, which can have unforeseeable consequences for the device functionality, which may persist after external storage is remounted. 
Broadcast Receivers listening for ""boot completed""
     The system delivers the `ACTION_BOOT_COMPLETED` broadcast before the external storage is mounted to the device. If your application is installed on the external storage, it can never receive this broadcast. 

If your application uses any of the features listed above, you should not allow your application to install on external storage. By default, the system will not allow your application to install on the external storage, so you don't need to worry about your existing applications. However, if you're certain that your application should never be installed on the external storage, then you should make this clear by declaring `android:installLocation` with a value of ""`internalOnly`"". Though this does not change the default behavior, it explicitly states that your application should only be installed on the internal storage and serves as a reminder to you and other developers that this decision has been made.",1,1,android.content.AbstractThreadedSyncAdapter,dataset canonical hint exactly matches an authoritative class,Android 4.1.1.4 + OpenJDK 8u504 + Khronos OpenGL ES 1.1 stubs,android.content.AbstractThreadedSyncAdapter,resolved_api,1,,,,,
