source,target,relation,evidence,basis,meaning,scope,evidence_source,evidence_target
jodatime:API:org.joda.time.DateMidnight,jodatime:API:org.joda.time.Chronology,accepts,"org.joda.time.DateMidnight#<init>(int,int,int,org.joda.time.Chronology) accepts org.joda.time.Chronology | org.joda.time.DateMidnight#<init>(java.lang.Object,org.joda.time.Chronology) accepts org.joda.time.Chronology | org.joda.time.DateMidnight#<init>(long,org.joda.time.Chronology) accepts org.joda.time.Chronology",official_declaration,,,,
jodatime:API:org.joda.time.DateMidnight,jodatime:API:org.joda.time.Interval,returns,org.joda.time.DateMidnight#toInterval() returns org.joda.time.Interval,official_declaration,,,,
jodatime:API:org.joda.time.DateMidnight,jodatime:API:org.joda.time.ReadableDuration,accepts,"org.joda.time.DateMidnight#minus(org.joda.time.ReadableDuration) accepts org.joda.time.ReadableDuration | org.joda.time.DateMidnight#plus(org.joda.time.ReadableDuration) accepts org.joda.time.ReadableDuration | org.joda.time.DateMidnight#withDurationAdded(org.joda.time.ReadableDuration,int) accepts org.joda.time.ReadableDuration",official_declaration,,,,
jodatime:API:org.joda.time.DateTime,jodatime:API:org.joda.time.Chronology,accepts,"org.joda.time.DateTime#<init>(int,int,int,int,int,int,int,org.joda.time.Chronology) accepts org.joda.time.Chronology | org.joda.time.DateTime#<init>(int,int,int,int,int,int,org.joda.time.Chronology) accepts org.joda.time.Chronology | org.joda.time.DateTime#<init>(int,int,int,int,int,org.joda.time.Chronology) accepts org.joda.time.Chronology",official_declaration,,,,
jodatime:API:org.joda.time.DateTime,jodatime:API:org.joda.time.DateMidnight,returns,org.joda.time.DateTime#toDateMidnight() returns org.joda.time.DateMidnight,official_declaration,,,,
jodatime:API:org.joda.time.DateTime,jodatime:API:org.joda.time.DateTime.Property,returns,org.joda.time.DateTime#centuryOfEra() returns org.joda.time.DateTime.Property | org.joda.time.DateTime#dayOfMonth() returns org.joda.time.DateTime.Property | org.joda.time.DateTime#dayOfWeek() returns org.joda.time.DateTime.Property,official_declaration,,,,
jodatime:API:org.joda.time.DateTime,jodatime:API:org.joda.time.ReadableDuration,accepts,"org.joda.time.DateTime#minus(org.joda.time.ReadableDuration) accepts org.joda.time.ReadableDuration | org.joda.time.DateTime#plus(org.joda.time.ReadableDuration) accepts org.joda.time.ReadableDuration | org.joda.time.DateTime#withDurationAdded(org.joda.time.ReadableDuration,int) accepts org.joda.time.ReadableDuration",official_declaration,,,,
jodatime:API:org.joda.time.DateTime.Property,jodatime:API:org.joda.time.DateTime,returns,org.joda.time.DateTime.Property#addToCopy(int) returns org.joda.time.DateTime | org.joda.time.DateTime.Property#addToCopy(long) returns org.joda.time.DateTime | org.joda.time.DateTime.Property#addWrapFieldToCopy(int) returns org.joda.time.DateTime,official_declaration,,,,
jodatime:API:org.joda.time.DateTimeUtils,jodatime:API:org.joda.time.Chronology,accepts,org.joda.time.DateTimeUtils#getChronology(org.joda.time.Chronology) accepts org.joda.time.Chronology,official_declaration,,,,
jodatime:API:org.joda.time.DateTimeUtils,jodatime:API:org.joda.time.Chronology,returns,"org.joda.time.DateTimeUtils#getChronology(org.joda.time.Chronology) returns org.joda.time.Chronology | org.joda.time.DateTimeUtils#getInstantChronology(org.joda.time.ReadableInstant) returns org.joda.time.Chronology | org.joda.time.DateTimeUtils#getIntervalChronology(org.joda.time.ReadableInstant,org.joda.time.ReadableInstant) returns org.joda.time.Chronology",official_declaration,,,,
jodatime:API:org.joda.time.DateTimeUtils,jodatime:API:org.joda.time.PeriodType,accepts,org.joda.time.DateTimeUtils#getPeriodType(org.joda.time.PeriodType) accepts org.joda.time.PeriodType,official_declaration,,,,
jodatime:API:org.joda.time.DateTimeUtils,jodatime:API:org.joda.time.PeriodType,returns,org.joda.time.DateTimeUtils#getPeriodType(org.joda.time.PeriodType) returns org.joda.time.PeriodType,official_declaration,,,,
jodatime:API:org.joda.time.DateTimeUtils,jodatime:API:org.joda.time.ReadableDuration,accepts,org.joda.time.DateTimeUtils#getDurationMillis(org.joda.time.ReadableDuration) accepts org.joda.time.ReadableDuration,official_declaration,,,,
jodatime:API:org.joda.time.DateTimeUtils,jodatime:API:org.joda.time.ReadableInstant,accepts,"org.joda.time.DateTimeUtils#getInstantChronology(org.joda.time.ReadableInstant) accepts org.joda.time.ReadableInstant | org.joda.time.DateTimeUtils#getInstantMillis(org.joda.time.ReadableInstant) accepts org.joda.time.ReadableInstant | org.joda.time.DateTimeUtils#getIntervalChronology(org.joda.time.ReadableInstant,org.joda.time.ReadableInstant) accepts org.joda.time.ReadableInstant",official_declaration,,,,
jodatime:API:org.joda.time.Duration,jodatime:API:org.joda.time.ReadableDuration,accepts,"org.joda.time.Duration#minus(org.joda.time.ReadableDuration) accepts org.joda.time.ReadableDuration | org.joda.time.Duration#plus(org.joda.time.ReadableDuration) accepts org.joda.time.ReadableDuration | org.joda.time.Duration#withDurationAdded(org.joda.time.ReadableDuration,int) accepts org.joda.time.ReadableDuration",official_declaration,,,,
jodatime:API:org.joda.time.Duration,jodatime:API:org.joda.time.ReadableDuration,subtype_of,extends/implements org.joda.time.ReadableDuration,official_declaration,,,,
jodatime:API:org.joda.time.Duration,jodatime:API:org.joda.time.ReadableInstant,accepts,"org.joda.time.Duration#<init>(org.joda.time.ReadableInstant,org.joda.time.ReadableInstant) accepts org.joda.time.ReadableInstant",official_declaration,,,,
jodatime:API:org.joda.time.Instant,jodatime:API:org.joda.time.Chronology,returns,org.joda.time.Instant#getChronology() returns org.joda.time.Chronology,official_declaration,,,,
jodatime:API:org.joda.time.Instant,jodatime:API:org.joda.time.DateTime,returns,org.joda.time.Instant#toDateTime() returns org.joda.time.DateTime | org.joda.time.Instant#toDateTimeISO() returns org.joda.time.DateTime,official_declaration,,,,
jodatime:API:org.joda.time.Instant,jodatime:API:org.joda.time.MutableDateTime,returns,org.joda.time.Instant#toMutableDateTime() returns org.joda.time.MutableDateTime | org.joda.time.Instant#toMutableDateTimeISO() returns org.joda.time.MutableDateTime,official_declaration,,,,
jodatime:API:org.joda.time.Instant,jodatime:API:org.joda.time.ReadableDuration,accepts,"org.joda.time.Instant#minus(org.joda.time.ReadableDuration) accepts org.joda.time.ReadableDuration | org.joda.time.Instant#plus(org.joda.time.ReadableDuration) accepts org.joda.time.ReadableDuration | org.joda.time.Instant#withDurationAdded(org.joda.time.ReadableDuration,int) accepts org.joda.time.ReadableDuration",official_declaration,,,,
jodatime:API:org.joda.time.Instant,jodatime:API:org.joda.time.ReadableInstant,subtype_of,extends/implements org.joda.time.ReadableInstant,official_declaration,,,,
jodatime:API:org.joda.time.Interval,jodatime:API:org.joda.time.Chronology,accepts,"org.joda.time.Interval#<init>(java.lang.Object,org.joda.time.Chronology) accepts org.joda.time.Chronology | org.joda.time.Interval#<init>(long,long,org.joda.time.Chronology) accepts org.joda.time.Chronology | org.joda.time.Interval#withChronology(org.joda.time.Chronology) accepts org.joda.time.Chronology",official_declaration,,,,
jodatime:API:org.joda.time.Interval,jodatime:API:org.joda.time.ReadableDuration,accepts,"org.joda.time.Interval#<init>(org.joda.time.ReadableDuration,org.joda.time.ReadableInstant) accepts org.joda.time.ReadableDuration | org.joda.time.Interval#<init>(org.joda.time.ReadableInstant,org.joda.time.ReadableDuration) accepts org.joda.time.ReadableDuration | org.joda.time.Interval#withDurationAfterStart(org.joda.time.ReadableDuration) accepts org.joda.time.ReadableDuration",official_declaration,,,,
jodatime:API:org.joda.time.Interval,jodatime:API:org.joda.time.ReadableInstant,accepts,"org.joda.time.Interval#<init>(org.joda.time.ReadableDuration,org.joda.time.ReadableInstant) accepts org.joda.time.ReadableInstant | org.joda.time.Interval#<init>(org.joda.time.ReadableInstant,org.joda.time.ReadableDuration) accepts org.joda.time.ReadableInstant | org.joda.time.Interval#<init>(org.joda.time.ReadableInstant,org.joda.time.ReadableInstant) accepts org.joda.time.ReadableInstant",official_declaration,,,,
jodatime:API:org.joda.time.MutableDateTime,jodatime:API:org.joda.time.Chronology,accepts,"org.joda.time.MutableDateTime#<init>(int,int,int,int,int,int,int,org.joda.time.Chronology) accepts org.joda.time.Chronology | org.joda.time.MutableDateTime#<init>(java.lang.Object,org.joda.time.Chronology) accepts org.joda.time.Chronology | org.joda.time.MutableDateTime#<init>(long,org.joda.time.Chronology) accepts org.joda.time.Chronology",official_declaration,,,,
jodatime:API:org.joda.time.MutableDateTime,jodatime:API:org.joda.time.ReadableDuration,accepts,"org.joda.time.MutableDateTime#add(org.joda.time.ReadableDuration) accepts org.joda.time.ReadableDuration | org.joda.time.MutableDateTime#add(org.joda.time.ReadableDuration,int) accepts org.joda.time.ReadableDuration",official_declaration,,,,
jodatime:API:org.joda.time.MutableDateTime,jodatime:API:org.joda.time.ReadableInstant,accepts,org.joda.time.MutableDateTime#setDate(org.joda.time.ReadableInstant) accepts org.joda.time.ReadableInstant | org.joda.time.MutableDateTime#setMillis(org.joda.time.ReadableInstant) accepts org.joda.time.ReadableInstant | org.joda.time.MutableDateTime#setTime(org.joda.time.ReadableInstant) accepts org.joda.time.ReadableInstant,official_declaration,,,,
jodatime:API:org.joda.time.Period,jodatime:API:org.joda.time.Chronology,accepts,"org.joda.time.Period#<init>(java.lang.Object,org.joda.time.Chronology) accepts org.joda.time.Chronology | org.joda.time.Period#<init>(java.lang.Object,org.joda.time.PeriodType,org.joda.time.Chronology) accepts org.joda.time.Chronology | org.joda.time.Period#<init>(long,long,org.joda.time.Chronology) accepts org.joda.time.Chronology",official_declaration,,,,
jodatime:API:org.joda.time.Period,jodatime:API:org.joda.time.Duration,returns,org.joda.time.Period#toStandardDuration() returns org.joda.time.Duration,official_declaration,,,,
jodatime:API:org.joda.time.Period,jodatime:API:org.joda.time.PeriodType,accepts,"org.joda.time.Period#<init>(int,int,int,int,int,int,int,int,org.joda.time.PeriodType) accepts org.joda.time.PeriodType | org.joda.time.Period#<init>(java.lang.Object,org.joda.time.PeriodType) accepts org.joda.time.PeriodType | org.joda.time.Period#<init>(java.lang.Object,org.joda.time.PeriodType,org.joda.time.Chronology) accepts org.joda.time.PeriodType",official_declaration,,,,
jodatime:API:org.joda.time.Period,jodatime:API:org.joda.time.ReadableDuration,accepts,"org.joda.time.Period#<init>(org.joda.time.ReadableDuration,org.joda.time.ReadableInstant) accepts org.joda.time.ReadableDuration | org.joda.time.Period#<init>(org.joda.time.ReadableDuration,org.joda.time.ReadableInstant,org.joda.time.PeriodType) accepts org.joda.time.ReadableDuration | org.joda.time.Period#<init>(org.joda.time.ReadableInstant,org.joda.time.ReadableDuration) accepts org.joda.time.ReadableDuration",official_declaration,,,,
jodatime:API:org.joda.time.Period,jodatime:API:org.joda.time.ReadableInstant,accepts,"org.joda.time.Period#<init>(org.joda.time.ReadableDuration,org.joda.time.ReadableInstant) accepts org.joda.time.ReadableInstant | org.joda.time.Period#<init>(org.joda.time.ReadableDuration,org.joda.time.ReadableInstant,org.joda.time.PeriodType) accepts org.joda.time.ReadableInstant | org.joda.time.Period#<init>(org.joda.time.ReadableInstant,org.joda.time.ReadableDuration) accepts org.joda.time.ReadableInstant",official_declaration,,,,
jodatime:API:org.joda.time.ReadableDuration,jodatime:API:org.joda.time.Duration,returns,org.joda.time.ReadableDuration#toDuration() returns org.joda.time.Duration,official_declaration,,,,
jodatime:API:org.joda.time.ReadableDuration,jodatime:API:org.joda.time.Period,returns,org.joda.time.ReadableDuration#toPeriod() returns org.joda.time.Period,official_declaration,,,,
jodatime:API:org.joda.time.ReadableInstant,jodatime:API:org.joda.time.Chronology,returns,org.joda.time.ReadableInstant#getChronology() returns org.joda.time.Chronology,official_declaration,,,,
jodatime:API:org.joda.time.ReadableInstant,jodatime:API:org.joda.time.Instant,returns,org.joda.time.ReadableInstant#toInstant() returns org.joda.time.Instant,official_declaration,,,,
jodatime:API:org.joda.time.chrono.ISOChronology,jodatime:API:org.joda.time.Chronology,returns,org.joda.time.chrono.ISOChronology#withUTC() returns org.joda.time.Chronology | org.joda.time.chrono.ISOChronology#withZone(org.joda.time.DateTimeZone) returns org.joda.time.Chronology,official_declaration,,,,
jodatime:KU:org.joda.time.DateTime:JODATIME-0001,jodatime:KU:org.joda.time.Instant:JODATIME-0002,same_ku,bd16dd16a693fbbb4403e9574a4e822f7889f1eceb1a0e6596475a6405f6605d,deterministic_identity,,,,
jodatime:KU:org.joda.time.ReadableInstant:JODATIME-0003,jodatime:KU:org.joda.time.Interval:JODATIME-0022,same_ku,5b14f8d744edb46e8fcce08ec49b974cf0695386d8f3f6a1a0f2f1422202cacf,deterministic_identity,,,,
jodatime:KU:org.joda.time.ReadableInstant:JODATIME-0003,jodatime:KU:org.joda.time.DateTime:JODATIME-0088,same_ku,5b14f8d744edb46e8fcce08ec49b974cf0695386d8f3f6a1a0f2f1422202cacf,deterministic_identity,,,,
jodatime:KU:org.joda.time.Interval:JODATIME-0022,jodatime:KU:org.joda.time.DateTime:JODATIME-0088,same_ku,5b14f8d744edb46e8fcce08ec49b974cf0695386d8f3f6a1a0f2f1422202cacf,deterministic_identity,,,,
jodatime:KU:org.joda.time.DateTime:JODATIME-0005,jodatime:KU:org.joda.time.PeriodType:JODATIME-0032,same_ku,460378c0a42cc82bdce3f33619205ae2e16e22c5681121201e7b49d84ca0a1ca,deterministic_identity,,,,
jodatime:KU:org.joda.time.DateTime:JODATIME-0005,jodatime:KU:org.joda.time.Period:JODATIME-0071,same_ku,460378c0a42cc82bdce3f33619205ae2e16e22c5681121201e7b49d84ca0a1ca,deterministic_identity,,,,
jodatime:KU:org.joda.time.PeriodType:JODATIME-0032,jodatime:KU:org.joda.time.Period:JODATIME-0071,same_ku,460378c0a42cc82bdce3f33619205ae2e16e22c5681121201e7b49d84ca0a1ca,deterministic_identity,,,,
jodatime:KU:org.joda.time.ReadableInstant:JODATIME-0006,jodatime:KU:org.joda.time.Period:JODATIME-0074,same_ku,c232cc0b6dd4ee98d2869e1300d3fa3badbbf8e70361a2fd8f6460545450a0de,deterministic_identity,,,,
jodatime:KU:org.joda.time.DateTimeZone#getAvailableIDs():JODATIME-0011,jodatime:KU:org.joda.time.DateTime:JODATIME-0041,same_ku,c12c0a10435c1103aa7b709ae5a44d00e10bd1ca4813f5a7ecd37fc994b9c47d,deterministic_identity,,,,
jodatime:KU:org.joda.time.format.DateTimeFormat:JODATIME-0013,jodatime:KU:org.joda.time.DateTime:JODATIME-0023,same_ku,5d0be8b3cbf9012fd2d31918e5778b395f9f092098efe345acc6444f9d251250,deterministic_identity,,,,
jodatime:KU:org.joda.time.ReadableInstant:JODATIME-0015,jodatime:KU:org.joda.time.Instant:JODATIME-0056,same_ku,ed4b6897cfc2f8bf8961b72f211f4de6fb1a13ebe921fa842993f147a0d18460,deterministic_identity,,,,
jodatime:KU:org.joda.time.format.DateTimeFormat:JODATIME-0016,jodatime:KU:org.joda.time.DateTime:JODATIME-0082,same_ku,6164ced47de47736ac684047da1b3b509304d9232c57144e216481ac5c72ec05,deterministic_identity,,,,
jodatime:KU:org.joda.time.DateTime:JODATIME-0017,jodatime:KU:org.joda.time.Instant:JODATIME-0065,same_ku,d2542330004fcd1000ea0c51f4a49ea85c15c321a5fba1a78cfaa1e10351e375,deterministic_identity,,,,
jodatime:KU:org.joda.time.Chronology:JODATIME-0018,jodatime:KU:org.joda.time.DateTime:JODATIME-0084,same_ku,231c2e5ff49164b3ce2363a030128ab113154e92fa2df19a9b96a04b3e2f4b3c,deterministic_identity,,,,
jodatime:KU:org.joda.time.DateTime.Property#addToCopy(int):JODATIME-0019,jodatime:KU:org.joda.time.DateTime.Property#setCopy(int):JODATIME-0039,same_ku,2a9cda2c400e3241c0d81a8d26cc6fbb30a5e2cee8fed63a4305000f7803b533,deterministic_identity,,,,
jodatime:KU:org.joda.time.DateTime.Property#addToCopy(int):JODATIME-0019,jodatime:KU:org.joda.time.DateTime:JODATIME-0060,same_ku,2a9cda2c400e3241c0d81a8d26cc6fbb30a5e2cee8fed63a4305000f7803b533,deterministic_identity,,,,
jodatime:KU:org.joda.time.DateTime.Property#setCopy(int):JODATIME-0039,jodatime:KU:org.joda.time.DateTime:JODATIME-0060,same_ku,2a9cda2c400e3241c0d81a8d26cc6fbb30a5e2cee8fed63a4305000f7803b533,deterministic_identity,,,,
jodatime:KU:org.joda.time.format.DateTimeFormatter#withLocale(java.util.Locale):JODATIME-0020,jodatime:KU:org.joda.time.format.DateTimeFormat:JODATIME-0042,same_ku,9a5207d665de59cabb1e59e05a82697c7b15ab180ff4720db342cb0076d95217,deterministic_identity,,,,
jodatime:KU:org.joda.time.DateTime:JODATIME-0025,jodatime:KU:org.joda.time.Period:JODATIME-0038,same_ku,caffcfd5f12dd7040b17bc38ef30a186b05e4b95355e9d48a826f77a8fac5ae1,deterministic_identity,,,,
jodatime:KU:org.joda.time.DateTime:JODATIME-0025,jodatime:KU:org.joda.time.Duration:JODATIME-0092,same_ku,caffcfd5f12dd7040b17bc38ef30a186b05e4b95355e9d48a826f77a8fac5ae1,deterministic_identity,,,,
jodatime:KU:org.joda.time.Period:JODATIME-0038,jodatime:KU:org.joda.time.Duration:JODATIME-0092,same_ku,caffcfd5f12dd7040b17bc38ef30a186b05e4b95355e9d48a826f77a8fac5ae1,deterministic_identity,,,,
jodatime:KU:org.joda.time.Chronology:JODATIME-0030,jodatime:KU:org.joda.time.DateTime:JODATIME-0069,same_ku,63183bea65ebd55f2761ebdbec11145072b4b583ed49b99fec943627c3d40304,deterministic_identity,,,,
jodatime:KU:org.joda.time.Chronology:JODATIME-0030,jodatime:KU:org.joda.time.chrono.BuddhistChronology#getInstance():JODATIME-0094,same_ku,63183bea65ebd55f2761ebdbec11145072b4b583ed49b99fec943627c3d40304,deterministic_identity,,,,
jodatime:KU:org.joda.time.DateTime:JODATIME-0069,jodatime:KU:org.joda.time.chrono.BuddhistChronology#getInstance():JODATIME-0094,same_ku,63183bea65ebd55f2761ebdbec11145072b4b583ed49b99fec943627c3d40304,deterministic_identity,,,,
jodatime:KU:org.joda.time.LocalDate.Property#addToCopy(int):JODATIME-0033,jodatime:KU:org.joda.time.DateTimeConstants:JODATIME-0045,same_ku,c9bf9ca9c51947bbe9a6b96392b8b5503553f73c336b404cc53c34d06e9b3495,deterministic_identity,,,,
jodatime:KU:org.joda.time.LocalDate.Property#addToCopy(int):JODATIME-0033,jodatime:KU:org.joda.time.LocalDate.Property#setCopy(int):JODATIME-0046,same_ku,c9bf9ca9c51947bbe9a6b96392b8b5503553f73c336b404cc53c34d06e9b3495,deterministic_identity,,,,
jodatime:KU:org.joda.time.LocalDate.Property#addToCopy(int):JODATIME-0033,jodatime:KU:org.joda.time.LocalDate#year():JODATIME-0055,same_ku,c9bf9ca9c51947bbe9a6b96392b8b5503553f73c336b404cc53c34d06e9b3495,deterministic_identity,,,,
jodatime:KU:org.joda.time.DateTimeConstants:JODATIME-0045,jodatime:KU:org.joda.time.LocalDate.Property#setCopy(int):JODATIME-0046,same_ku,c9bf9ca9c51947bbe9a6b96392b8b5503553f73c336b404cc53c34d06e9b3495,deterministic_identity,,,,
jodatime:KU:org.joda.time.DateTimeConstants:JODATIME-0045,jodatime:KU:org.joda.time.LocalDate#year():JODATIME-0055,same_ku,c9bf9ca9c51947bbe9a6b96392b8b5503553f73c336b404cc53c34d06e9b3495,deterministic_identity,,,,
jodatime:KU:org.joda.time.LocalDate.Property#setCopy(int):JODATIME-0046,jodatime:KU:org.joda.time.LocalDate#year():JODATIME-0055,same_ku,c9bf9ca9c51947bbe9a6b96392b8b5503553f73c336b404cc53c34d06e9b3495,deterministic_identity,,,,
jodatime:KU:org.joda.time.format.DateTimeFormat:JODATIME-0036,jodatime:KU:org.joda.time.DateTime#year():JODATIME-0057,same_ku,da8800a60925946bd01d444367a6cae7563f5f66096a04cfdbdfc8fd293570a5,deterministic_identity,,,,
jodatime:KU:org.joda.time.format.DateTimeFormat:JODATIME-0036,jodatime:KU:org.joda.time.DateTime:JODATIME-0064,same_ku,da8800a60925946bd01d444367a6cae7563f5f66096a04cfdbdfc8fd293570a5,deterministic_identity,,,,
jodatime:KU:org.joda.time.DateTime#year():JODATIME-0057,jodatime:KU:org.joda.time.DateTime:JODATIME-0064,same_ku,da8800a60925946bd01d444367a6cae7563f5f66096a04cfdbdfc8fd293570a5,deterministic_identity,,,,
jodatime:KU:org.joda.time.DateTime:JODATIME-0043,jodatime:KU:org.joda.time.format.DateTimeFormat:JODATIME-0089,same_ku,0a5ba5f3a5577772e41044795895e7bfc76a0f3bbcf741e6409066da9a78ff42,deterministic_identity,,,,
jodatime:KU:org.joda.time.Duration:JODATIME-0044,jodatime:KU:org.joda.time.DateTime:JODATIME-0090,same_ku,537a34ebb62b221a5bba5e1d61e4519140c85775d6e1c37d23a90d80ea953588,deterministic_identity,,,,
jodatime:KU:org.joda.time.base.AbstractDateTime#getDayOfYear():JODATIME-0048,jodatime:KU:org.joda.time.DateTime#year():JODATIME-0066,same_ku,18e27090f12fbf919a90a0a3957fa55c7832fcd2cac25a1f434ed44ab5441902,deterministic_identity,,,,
jodatime:KU:org.joda.time.base.AbstractDateTime#getDayOfYear():JODATIME-0048,jodatime:KU:org.joda.time.DateTime#dayOfYear():JODATIME-0083,same_ku,18e27090f12fbf919a90a0a3957fa55c7832fcd2cac25a1f434ed44ab5441902,deterministic_identity,,,,
jodatime:KU:org.joda.time.DateTime#year():JODATIME-0066,jodatime:KU:org.joda.time.DateTime#dayOfYear():JODATIME-0083,same_ku,18e27090f12fbf919a90a0a3957fa55c7832fcd2cac25a1f434ed44ab5441902,deterministic_identity,,,,
jodatime:KU:org.joda.time.format.DateTimeFormatterBuilder#toFormatter():JODATIME-0050,jodatime:KU:org.joda.time.format.DateTimeFormatterBuilder#appendTwoDigitYear(int):JODATIME-0051,same_ku,513275d18b0180ef3921151963f4d8e191d13040a01002a492f22b7ad2301890,deterministic_identity,,,,
jodatime:KU:org.joda.time.Interval:JODATIME-0053,jodatime:KU:org.joda.time.DateMidnight:JODATIME-0079,same_ku,d3afcc1b2b84eac90d14da1749d938f27e8a742f0a0d0c371155e39773047c8b,deterministic_identity,,,,
jodatime:KU:org.joda.time.Interval:JODATIME-0053,jodatime:KU:org.joda.time.DateTime:JODATIME-0087,same_ku,d3afcc1b2b84eac90d14da1749d938f27e8a742f0a0d0c371155e39773047c8b,deterministic_identity,,,,
jodatime:KU:org.joda.time.DateMidnight:JODATIME-0079,jodatime:KU:org.joda.time.DateTime:JODATIME-0087,same_ku,d3afcc1b2b84eac90d14da1749d938f27e8a742f0a0d0c371155e39773047c8b,deterministic_identity,,,,
jodatime:KU:org.joda.time.format.DateTimeFormat:JODATIME-0063,jodatime:KU:org.joda.time.DateTime:JODATIME-0091,same_ku,f89b487c1eb1067938b3bd2b0801c24708a1cf13ee790aa0b20dae22cc5ab216,deterministic_identity,,,,
jodatime:KU:org.joda.time.DateTime:JODATIME-0001,jodatime:API:org.joda.time.DateTime,has_example,"DateTimeZone zone = DateTimeZone.forID(""Europe/Madrid"");
DateTime dt = new DateTime(zone);
int day = dt.getDayOfMonth();
int year = dt.getYear();
int month = dt.getMonthOfYear();
int hours = dt.getHourOfDay();
int minutes = dt.getMinuteOfHour();",llm_quote_grounded,The KU shows how to instantiate a DateTime object with a specific timezone and retrieve fields.,,,
jodatime:KU:org.joda.time.DateTime:JODATIME-0001,jodatime:API:org.joda.time.DateTime,has_guidance,"... or use Joda Time, which tends to make the whole thing clearer, IMO. In Joda Time you'd use a `DateTime` value, which is an instant in time in a particular calendar system and time zone.",llm_quote_grounded,The KU suggests using Joda Time's DateTime as a clearer alternative to java.util.Date for timezone handling.,,,
jodatime:KU:org.joda.time.ReadableInstant:JODATIME-0003,jodatime:API:org.joda.time.ReadableInstant,has_example,public Interval toInterval(final ReadableInstant baseInstant) {,llm_quote_grounded,The KU uses ReadableInstant as a parameter type in a method signature for converting a local interval to an absolute interval.,,,
jodatime:KU:org.joda.time.Interval:JODATIME-0022,jodatime:API:org.joda.time.Interval,has_explanation,"Taking a cue from Joda Time's Interval, which represents an interval in absolute time between two instances (start inclusive, end exclusive), we created a LocalInterval.",llm_quote_grounded,The KU references Joda Time's Interval class to explain the concept of inclusive start and exclusive end points.,,,
jodatime:KU:org.joda.time.Interval:JODATIME-0022,jodatime:API:org.joda.time.Interval,has_example,"return new Interval(start, end);",llm_quote_grounded,The KU shows how to construct an Interval object from DateTime objects.,,,
jodatime:KU:org.joda.time.DateTime:JODATIME-0088,jodatime:API:org.joda.time.DateTime,has_example,"final DateTime start = getStart().toDateTime(baseInstant);
DateTime end = getEnd().toDateTime(baseInstant);",llm_quote_grounded,The KU demonstrates creating DateTime objects from LocalTime and a base instant.,,,
jodatime:KU:org.joda.time.DateTime:JODATIME-0005,jodatime:API:org.joda.time.DateTime,has_example,"DateTime start = new DateTime().withDate(2011, 4, 1);
DateTime end = new DateTime().withDate(2011, 6, 30);",llm_quote_grounded,The KU shows how to initialize DateTime objects with specific dates for calculating periods.,,,
jodatime:KU:org.joda.time.PeriodType:JODATIME-0032,jodatime:API:org.joda.time.PeriodType,has_example,"Period p = new Period(start, end, PeriodType.months().withDaysRemoved());",llm_quote_grounded,The KU uses PeriodType.months().withDaysRemoved() to configure the period calculation.,,,
jodatime:KU:org.joda.time.PeriodType:JODATIME-0032,jodatime:API:org.joda.time.PeriodType,has_guidance,You need the `withDaysRemoved()` part to ensure that adding one to the number of months works.,llm_quote_grounded,The KU advises using withDaysRemoved() to ensure correct month counting logic when adding one to the result.,,,
jodatime:KU:org.joda.time.Period:JODATIME-0071,jodatime:API:org.joda.time.Period,has_example,"Period p = new Period(start, end, PeriodType.months().withDaysRemoved());
int months = p.getMonths() + 1;",llm_quote_grounded,The KU demonstrates creating a Period object and retrieving the months value.,,,
jodatime:KU:org.joda.time.ReadableInstant:JODATIME-0006,jodatime:API:org.joda.time.ReadableInstant,has_explanation,"`ReadableInstant` is an interface implemented by `DateTime`, as well as other classes.",llm_quote_grounded,"Explains that ReadableInstant is an interface implemented by DateTime, which allows it to be used in the Period constructor.",,,
jodatime:KU:org.joda.time.Period:JODATIME-0074,jodatime:API:org.joda.time.Period,has_guidance,"Period has a constructor that takes two `ReadableInstant` instances: Period diff = new Period(start, end);",llm_quote_grounded,Provides specific code guidance on how to create a Period object representing the difference between two instants.,,,
jodatime:KU:org.joda.time.DateTime:JODATIME-0007,jodatime:API:org.joda.time.DateTime,has_explanation,"Joda `DateTime` treats any time in millis like ""millis since 1970y in current time zone"". So, when you create `DateTime` instance, it is created with current time zone.",llm_quote_grounded,Explains the default behavior of the DateTime constructor regarding time zones when created from milliseconds.,,,
jodatime:KU:org.joda.time.Instant:JODATIME-0009,jodatime:API:org.joda.time.Instant,has_explanation,Other implementations of `ReadableInstant` include `Instant` and `DateMidnight`.,llm_quote_grounded,Identifies Instant as one of the implementations of the ReadableInstant interface within Joda-Time.,,,
jodatime:KU:org.joda.time.Duration:JODATIME-0010,jodatime:API:org.joda.time.Duration,has_explanation,"Currently, there is only one implementation of the `ReadableDuration` interface: `Duration`.",llm_quote_grounded,Describes Duration as the sole implementation of the ReadableDuration interface.,,,
jodatime:KU:org.joda.time.Duration:JODATIME-0010,jodatime:API:org.joda.time.Duration,has_explanation,"They have no chronology or time zone, and consist solely of the millisecond duration.",llm_quote_grounded,Explains the fundamental nature of Duration as a simple millisecond count without chronology or timezone.,,,
jodatime:KU:org.joda.time.DateTimeZone#getAvailableIDs():JODATIME-0011,jodatime:API:org.joda.time.DateTimeZone#getAvailableIDs(),has_guidance,"A set of all TimeZone ID strings (such as "",Europe/London"",) may be obtained by calling `DateTimeZone.getAvailableIDs()`.",llm_quote_grounded,Instructs on how to retrieve the set of all available TimeZone ID strings.,,,
jodatime:KU:org.joda.time.DateTime:JODATIME-0041,jodatime:API:org.joda.time.DateTime,has_example,"// get current moment in default time zone DateTime dt = new DateTime(), // translate to London local time DateTime dtLondon = dt.withZone(DateTimeZone.forID("",Europe/London"",)),",llm_quote_grounded,Shows code examples for using DateTime methods to change time zones while retaining either the absolute instant or the local fields.,,,
jodatime:KU:org.joda.time.format.DateTimeFormat:JODATIME-0013,jodatime:API:org.joda.time.format.DateTimeFormat,has_guidance,"Use `DateTimeFormat`: DateTimeFormatter formatter = DateTimeFormat.forPattern(""dd/MM/yyyy HH:mm:ss"");",llm_quote_grounded,Recommends using DateTimeFormat to parse date strings into DateTime objects.,,,
jodatime:KU:org.joda.time.DateTime:JODATIME-0023,jodatime:API:org.joda.time.DateTime,has_example,DateTime dt = formatter.parseDateTime(string);,llm_quote_grounded,Demonstrates parsing a string into a DateTime object using the formatter.,,,
jodatime:KU:org.joda.time.DateTime:JODATIME-0014,jodatime:API:org.joda.time.DateTime,has_explanation,"The basic problem is that Dozer creates a new blank instance of DateTime, via new DateTime(), and thats how you end up with the current date/time instead of the original one.",llm_quote_grounded,Explains why Dozer mapping fails: it creates a new blank DateTime instance instead of copying the value.,,,
jodatime:KU:org.joda.time.DateTime:JODATIME-0014,jodatime:API:org.joda.time.DateTime,has_example,return new DateTime(source);,llm_quote_grounded,Provides a custom converter example that correctly copies the source DateTime to a new instance.,,,
jodatime:KU:org.joda.time.ReadableInstant:JODATIME-0015,jodatime:API:org.joda.time.ReadableInstant,has_explanation,if you just program to the interface (e.g. `ReadableInstant`) then you don't get those guarantees,llm_quote_grounded,Explains the limitation of using ReadableInstant regarding immutability guarantees.,,,
jodatime:KU:org.joda.time.Instant:JODATIME-0056,jodatime:API:org.joda.time.Instant,has_explanation,"That's fine, because `Instant` is immutable. If it were mutable, the validation in the constructor would be worthless",llm_quote_grounded,Uses Instant as an example of an immutable object that allows safe validation without defensive copies.,,,
jodatime:KU:org.joda.time.format.DateTimeFormat:JODATIME-0016,jodatime:API:org.joda.time.format.DateTimeFormat,has_guidance,Create a `DateTimeFormatter` using `DateTimeFormat.forPattern(String)` Using Joda time you would do it like this:,llm_quote_grounded,Provides steps on how to create formatters for parsing and printing dates.,,,
jodatime:KU:org.joda.time.format.DateTimeFormat:JODATIME-0016,jodatime:API:org.joda.time.format.DateTimeFormat,has_example,"String dateTime = ""11/15/2013 08:00:00""; // Format for input DateTimeFormatter dtf = DateTimeFormat.forPattern(""MM/dd/yyyy HH:mm:ss"");",llm_quote_grounded,Shows code examples for formatting DateTime objects.,,,
jodatime:KU:org.joda.time.DateTime:JODATIME-0082,jodatime:API:org.joda.time.DateTime,has_example,"DateTime jodatime = dtf.parseDateTime(dateTime); // Format for output DateTimeFormatter dtfOut = DateTimeFormat.forPattern(""MM/dd/yyyy"");",llm_quote_grounded,Demonstrates usage of DateTime in the context of formatting.,,,
jodatime:KU:org.joda.time.DateTime:JODATIME-0017,jodatime:API:org.joda.time.DateTime,has_guidance,You're making it far more complicated than you need to: DateTime dt = new DateTime(DateTimeZone.UTC); No conversion required at all.,llm_quote_grounded,Advises on the correct way to get current UTC time using DateTime constructor.,,,
jodatime:KU:org.joda.time.DateTime:JODATIME-0017,jodatime:API:org.joda.time.DateTime,has_constraint,"I'd suggest you avoid going via `LocalDateTime`, however, as that way you can lose information due to time zone transitions",llm_quote_grounded,Warns against using LocalDateTime due to potential information loss.,,,
jodatime:KU:org.joda.time.Instant:JODATIME-0065,jodatime:API:org.joda.time.Instant,has_guidance,for the sake of testability I personally like using a `Clock` interface which allows me to get the current time (e.g. as an `Instant`).,llm_quote_grounded,Suggests using Instant for testability via dependency injection.,,,
jodatime:KU:org.joda.time.Chronology:JODATIME-0018,jodatime:API:org.joda.time.Chronology,has_explanation,The millisecond instant can be converted to any date time field using a `Chronology`.,llm_quote_grounded,Explains the role of Chronology in converting millisecond instants to date/time fields.,,,
jodatime:KU:org.joda.time.DateTime:JODATIME-0084,jodatime:API:org.joda.time.DateTime,has_explanation,"The main implementation of this interface, and the class that the average API user needs to be most familiar with, is `DateTime`. DateTime is immutable - and once created the values do not change.",llm_quote_grounded,Describes DateTime as the main implementation of ReadableInstant and its immutability properties.,,,
jodatime:KU:org.joda.time.DateTime.Property#addToCopy(int):JODATIME-0019,jodatime:API:org.joda.time.DateTime.Property#addToCopy(int),has_example,"To add to a date you could use the `addToCopy` method. DateTime result = dt.dayOfWeek().addToCopy(3),",llm_quote_grounded,Shows how to use addToCopy to modify a date field.,,,
jodatime:KU:org.joda.time.DateTime.Property#setCopy(int):JODATIME-0039,jodatime:API:org.joda.time.DateTime.Property#setCopy(int),has_example,"if we wish to modify the `dt` object by changing its day-of-week field to Monday we can do so by using the `setCopy` method of the property: DateTime result = dt.dayOfWeek().setCopy(DateTimeConstants.MONDAY),",llm_quote_grounded,Shows how to use setCopy to modify a date field.,,,
jodatime:KU:org.joda.time.DateTime:JODATIME-0060,jodatime:API:org.joda.time.DateTime,has_explanation,"One way to do this is to use methods on properties. To return to our prior example, if we wish to modify the `dt` object",llm_quote_grounded,Contextualizes the modification methods within the immutable nature of DateTime.,,,
jodatime:KU:org.joda.time.format.DateTimeFormatter#withLocale(java.util.Locale):JODATIME-0020,jodatime:API:org.joda.time.format.DateTimeFormatter#withLocale(java.util.Locale),has_guidance,"This is achieved by calling the `withLocale` method on a formatter, which returns another formatter based on the original.",llm_quote_grounded,Explains how to apply locale-specific formatting.,,,
jodatime:KU:org.joda.time.format.DateTimeFormatter#withLocale(java.util.Locale):JODATIME-0020,jodatime:API:org.joda.time.format.DateTimeFormatter#withLocale(java.util.Locale),has_explanation,"Formatters are immutable, so the original is not altered by the `withLocale` method.",llm_quote_grounded,Clarifies that the operation creates a new instance rather than modifying the existing one.,,,
jodatime:KU:org.joda.time.format.DateTimeFormat:JODATIME-0042,jodatime:API:org.joda.time.format.DateTimeFormat,has_guidance,"If you need a custom formatter which can be described in terms of a format pattern, you can use the factory method provided by the `DateTimeFormat` class.",llm_quote_grounded,Directs users to use DateTimeFormat for custom pattern-based formatters.,,,
jodatime:KU:org.joda.time.format.DateTimeFormat:JODATIME-0042,jodatime:API:org.joda.time.format.DateTimeFormat,has_example,"Thus to get a formatter for a 4 digit year, 2 digit month and 2 digit day of month, i.e. a format of `yyyyMMdd` you would do DateTimeFormatter fmt = DateTimeFormat.forPattern("",yyyyMMdd"",),",llm_quote_grounded,Provides code snippet for creating a formatter with a specific pattern.,,,
jodatime:KU:org.joda.time.DateTime:JODATIME-0021,jodatime:API:org.joda.time.DateTime,has_guidance,"You want: Days.daysBetween(start.toLocalDate(), end.toLocalDate()).getDays()",llm_quote_grounded,Recommends converting to LocalDate to correctly calculate day differences ignoring time components.,,,
jodatime:KU:org.joda.time.DateTime:JODATIME-0021,jodatime:API:org.joda.time.DateTime,has_explanation,"It turns out that ""midnight/start of day"" sometimes means 1am (daylight savings happen this way in some places), which Days.daysBetween doesn't handle properly.",llm_quote_grounded,Explains why using start of day fails in certain timezone scenarios.,,,
jodatime:KU:org.joda.time.DateTime:JODATIME-0024,jodatime:API:org.joda.time.DateTime,has_example,DateTime dateTime1 = new DateTime(date1); DateTime dateTime2 = new DateTime(date2);,llm_quote_grounded,Shows how to instantiate DateTime from Date objects for week calculation.,,,
jodatime:KU:org.joda.time.DateTime:JODATIME-0025,jodatime:API:org.joda.time.DateTime,has_example,"DateTime history = new DateTime( ""1901-01-01"", DateTimeZone.UTC ).withTimeAtStartOfDay();",llm_quote_grounded,The KU provides code examples using DateTime to calculate durations and milliseconds.,,,
jodatime:KU:org.joda.time.DateTime:JODATIME-0025,jodatime:API:org.joda.time.DateTime,has_guidance,"To calculate milliseconds, we'll need to use DateTime rather than LocalDate.",llm_quote_grounded,The KU advises using DateTime instead of LocalDate for calculating milliseconds and setting time zones explicitly.,,,
jodatime:KU:org.joda.time.Period:JODATIME-0038,jodatime:API:org.joda.time.Period,has_explanation,Joda-Time knows hows to parse and generate such strings (Period and Duration classes).,llm_quote_grounded,The KU explains that Joda-Time can handle larger numbers of seconds when presented as ISO 8601 strings via Period/Duration classes.,,,
jodatime:KU:org.joda.time.Duration:JODATIME-0092,jodatime:API:org.joda.time.Duration,has_example,"Duration duration = new Duration( history, today );",llm_quote_grounded,The KU shows code creating a Duration object from two DateTimes.,,,
jodatime:KU:org.joda.time.Duration:JODATIME-0092,jodatime:API:org.joda.time.Duration,has_guidance,Joda-Time offers the Duration class to represent a span of time untied to the timeline,llm_quote_grounded,The KU suggests using the Duration class to represent spans of time untied to the timeline.,,,
jodatime:KU:org.joda.time.Instant:JODATIME-0026,jodatime:API:org.joda.time.Instant,has_example,Instant now = Instant.now(); Instant origin = Instant.EPOCH;,llm_quote_grounded,The KU uses Instant in code snippets to demonstrate finding the start of an interval.,,,
jodatime:KU:org.joda.time.Instant:JODATIME-0026,jodatime:API:org.joda.time.Instant,has_guidance,"Given such an origin instant, like `Instant#EPOCH` or some other constant value, how do I find the start date of the current interval?",llm_quote_grounded,The KU discusses using Instant to represent points in time relative to an origin for scheduling.,,,
jodatime:KU:org.joda.time.DateTime.Property:JODATIME-0027,jodatime:API:org.joda.time.DateTime.Property,has_explanation,"There is much more power available, however, through the use of what is termed a property.",llm_quote_grounded,The KU explains that properties are associated with calendar fields and offer more power than direct getters.,,,
jodatime:KU:org.joda.time.DateTime.Property:JODATIME-0027,jodatime:API:org.joda.time.DateTime.Property,has_guidance,Knowing the methods on the property is the secret to making the most of the API.,llm_quote_grounded,The KU advises knowing the methods on the property to make the most of the API.,,,
jodatime:KU:org.joda.time.ReadableDuration:JODATIME-0028,jodatime:API:org.joda.time.ReadableDuration,has_explanation,"Currently, there is only one implementation of the `ReadableDuration` interface: `Duration`.",llm_quote_grounded,"The KU defines ReadableDuration as the interface implemented by Duration, representing time in milliseconds.",,,
jodatime:KU:org.joda.time.Chronology:JODATIME-0029,jodatime:API:org.joda.time.Chronology,has_explanation,It is a calculation engine that supports the complex rules for a calendar system.,llm_quote_grounded,The KU explains that Chronology is the calculation engine supporting complex calendar rules.,,,
jodatime:KU:org.joda.time.Chronology:JODATIME-0029,jodatime:API:org.joda.time.Chronology,has_guidance,"For most applications, the `Chronology` can be ignored as it will default to the ISOChronology.",llm_quote_grounded,"The KU advises that most users can ignore Chronology as it defaults to ISOChronology, unless specific calendars are needed.",,,
jodatime:KU:org.joda.time.Chronology:JODATIME-0030,jodatime:API:org.joda.time.Chronology,has_example,"DateTime dtBuddhist = dt.withChronology(BuddhistChronology.getInstance()),",llm_quote_grounded,The KU shows changing the chronology of a DateTime instance using withChronology.,,,
jodatime:KU:org.joda.time.DateTime:JODATIME-0069,jodatime:API:org.joda.time.DateTime,has_example,"dt.getYear(), // returns 2004",llm_quote_grounded,The KU demonstrates getting the year from a DateTime object before and after changing its chronology.,,,
jodatime:KU:org.joda.time.chrono.BuddhistChronology#getInstance():JODATIME-0094,jodatime:API:org.joda.time.chrono.BuddhistChronology#getInstance(),has_example,BuddhistChronology.getInstance()` is a factory method for obtaining a Buddhist chronology.,llm_quote_grounded,The KU uses this factory method to obtain a Buddhist chronology instance.,,,
jodatime:KU:org.joda.time.DateTimeUtils:JODATIME-0031,jodatime:API:org.joda.time.DateTimeUtils,has_explanation,All methods that get the current time are indirected via `DateTimeUtils`.,llm_quote_grounded,The KU explains that DateTimeUtils allows indirecting current time queries to change them for testing.,,,
jodatime:KU:org.joda.time.DateTimeUtils:JODATIME-0031,jodatime:API:org.joda.time.DateTimeUtils,has_guidance,Note that changing the current time this way does not affect the system clock.,llm_quote_grounded,The KU notes that changing the current time this way does not affect the system clock.,,,
jodatime:KU:org.joda.time.LocalDate.Property#addToCopy(int):JODATIME-0033,jodatime:API:org.joda.time.LocalDate.Property#addToCopy(int),has_example,return date.dayOfWeek().addToCopy(-7);,llm_quote_grounded,The KU uses addToCopy to adjust the date if the day of week falls into the next month.,,,
jodatime:KU:org.joda.time.DateTimeConstants:JODATIME-0045,jodatime:API:org.joda.time.DateTimeConstants,has_example,"System.out.println(getNthOfMonth(DateTimeConstants.SUNDAY, DateTimeConstants.SEP, 2012));",llm_quote_grounded,The KU uses constants from DateTimeConstants to specify Sunday and September in the example code.,,,
jodatime:KU:org.joda.time.Interval:JODATIME-0034,jodatime:API:org.joda.time.Interval,has_example,"list.add(new Interval(start, i)); start=start + interval; } list.add(new Interval(start, end));",llm_quote_grounded,The KU provides a code snippet using the Interval constructor to split time periods.,,,
jodatime:KU:org.joda.time.format.DateTimeFormat:JODATIME-0036,jodatime:API:org.joda.time.format.DateTimeFormat,has_example,"DateTimeFormatter dateTimeFormatter = DateTimeFormat.forPattern(""yyMMdd""); System.out.println(dateTimeFormatter.print(dt));",llm_quote_grounded,The KU shows how to use DateTimeFormat.forPattern to create a formatter and print a date.,,,
jodatime:KU:org.joda.time.DateTime:JODATIME-0064,jodatime:API:org.joda.time.DateTime,has_guidance,"JodaTime returns a changed copy, so do: DateTime dt = new DateTime() .withYear(year) .withWeekOfWeekyear(weekOfYear) .withDayOfWeek(weekDay);",llm_quote_grounded,The KU explains that DateTime methods return changed copies rather than modifying the instance in place.,,,
jodatime:KU:org.joda.time.DateTime:JODATIME-0064,jodatime:API:org.joda.time.DateTime,has_example,DateTime dt = new DateTime() .withYear(year) .withWeekOfWeekyear(weekOfYear) .withDayOfWeek(weekDay);,llm_quote_grounded,"The KU provides a corrected code example for creating a DateTime with specific year, week, and day.",,,
jodatime:KU:org.joda.time.DateTime:JODATIME-0040,jodatime:API:org.joda.time.DateTime,has_example,"DateTime result = dt.plusDays(3),",llm_quote_grounded,The KU demonstrates adding days to a DateTime object using the plusDays method.,,,
jodatime:KU:org.joda.time.DateTime:JODATIME-0043,jodatime:API:org.joda.time.DateTime,has_example,"DateTime dateTime = f.parseDateTime(""2012-01-10 23:13:26"");",llm_quote_grounded,The KU shows parsing a string into a DateTime object using a formatter.,,,
jodatime:KU:org.joda.time.format.DateTimeFormat:JODATIME-0089,jodatime:API:org.joda.time.format.DateTimeFormat,has_example,"DateTimeFormatter f = DateTimeFormat.forPattern(""yyyy-MM-dd HH:mm:ss""); DateTime dateTime = f.parseDateTime(""2012-01-10 23:13:26"");",llm_quote_grounded,The KU provides examples of using DateTimeFormat.forPattern to parse different date string formats.,,,
jodatime:KU:org.joda.time.Duration:JODATIME-0044,jodatime:API:org.joda.time.Duration,has_example,"final long millisSinceHour = new Duration(hour, dateTime).getMillis();",llm_quote_grounded,The KU uses Duration to calculate milliseconds between an hour floor and the current datetime.,,,
jodatime:KU:org.joda.time.DateTime:JODATIME-0047,jodatime:API:org.joda.time.DateTime,has_example,SomeContainerObject original = new SomeContainerObject(new DateTime());,llm_quote_grounded,The KU shows instantiating a DateTime object within a container object for serialization.,,,
jodatime:KU:org.joda.time.base.AbstractDateTime#getDayOfYear():JODATIME-0048,jodatime:API:org.joda.time.base.AbstractDateTime#getDayOfYear(),has_example,public int getDayOfYear() { //This is library method return getChronology().dayOfYear().get(getMillis()); },llm_quote_grounded,The KU suggests using getDayOfYear as an alternative way to check for the last day of the year.,,,
jodatime:KU:org.joda.time.DateTime:JODATIME-0049,jodatime:API:org.joda.time.DateTime,has_example,"int hour = dt.getHourOfDay(), int min = dt.getMinuteOfHour(), int sec = dt.getSecondOfMinute(),",llm_quote_grounded,"The KU shows how to retrieve hours, minutes, and seconds from a DateTime object using getter methods.",,,
jodatime:KU:org.joda.time.format.DateTimeFormatterBuilder#toFormatter():JODATIME-0050,jodatime:API:org.joda.time.format.DateTimeFormatterBuilder#toFormatter(),has_explanation,The final `toFormatter` method creates the actual formatter that will be used to print/parse.,llm_quote_grounded,Explains that the method creates the actual formatter used for printing/parsing.,,,
jodatime:KU:org.joda.time.format.DateTimeFormatterBuilder#appendTwoDigitYear(int):JODATIME-0051,jodatime:API:org.joda.time.format.DateTimeFormatterBuilder#appendTwoDigitYear(int),has_example,.appendTwoDigitYear(1956) // pivot = 1956,llm_quote_grounded,Provides a code snippet showing how to use appendTwoDigitYear with a pivot value.,,,
jodatime:KU:org.joda.time.format.DateTimeFormatterBuilder#appendTwoDigitYear(int):JODATIME-0051,jodatime:API:org.joda.time.format.DateTimeFormatterBuilder#appendTwoDigitYear(int),has_explanation,"the `appendTwoDigitYear` takes an extra parameter that defines the 100 year range of the two digits, by specifying the mid point of the range.",llm_quote_grounded,Explains how the pivot parameter defines the 100-year range for interpreting two-digit years.,,,
jodatime:KU:org.joda.time.DateTime:JODATIME-0052,jodatime:API:org.joda.time.DateTime,has_example,"int days = Days.daysBetween(new DateTime(past), new DateTime(today)).getDays(); // => 34",llm_quote_grounded,Shows DateTime objects being created from java.util.Date instances to calculate days between them.,,,
jodatime:KU:org.joda.time.DateTime:JODATIME-0052,jodatime:API:org.joda.time.DateTime,has_guidance,I would suggest you use the excellent Joda Time library instead of the flawed java.util.Date and friends.,llm_quote_grounded,Suggests using Joda Time (and thus DateTime) instead of flawed java.util.Date classes.,,,
jodatime:KU:org.joda.time.Interval:JODATIME-0053,jodatime:API:org.joda.time.Interval,has_example,"Interval i = new Interval( new DateMidnight(2010, 3, 2), new DateMidnight(2010, 3, 5));",llm_quote_grounded,Demonstrates creating an Interval using DateMidnight objects.,,,
jodatime:KU:org.joda.time.Interval:JODATIME-0053,jodatime:API:org.joda.time.Interval,has_explanation,The Interval class represents an interval of time from one millisecond instant to another instant (complete with timezone).,llm_quote_grounded,"Explains that Interval represents time from one millisecond instant to another, including timezone.",,,
jodatime:KU:org.joda.time.DateMidnight:JODATIME-0079,jodatime:API:org.joda.time.DateMidnight,has_example,"new DateMidnight(2010, 3, 2), new DateMidnight(2010, 3, 5)",llm_quote_grounded,Shows DateMidnight being used as start and end points for an Interval.,,,
jodatime:KU:org.joda.time.DateMidnight:JODATIME-0079,jodatime:API:org.joda.time.DateMidnight,has_explanation,DateMidnight is such an instant. So your proposed implementation of an interval for DateMidnights is allready there.,llm_quote_grounded,Clarifies that DateMidnight is an instant representing midnight on a given day.,,,
jodatime:KU:org.joda.time.DateTime:JODATIME-0087,jodatime:API:org.joda.time.DateTime,has_example,"i.contains(new DateTime(2010, 3, 1, 23, 59, 59, 999)); // == false",llm_quote_grounded,Uses DateTime objects to test the contains() method of an Interval.,,,
jodatime:KU:org.joda.time.DateTime:JODATIME-0054,jodatime:API:org.joda.time.DateTime,has_constraint,"but I strongly advise you to avoid mixing pure DATE types (i.e. a day in the calendar, without time information) with DATETIME types",llm_quote_grounded,Advises against mixing pure DATE types with DATETIME types like java.util.Date.,,,
jodatime:KU:org.joda.time.Interval:JODATIME-0058,jodatime:API:org.joda.time.Interval,has_explanation,An `Interval` in Joda-Time represents an interval of time from one instant to another instant.,llm_quote_grounded,Defines what an Interval represents in Joda-Time.,,,
jodatime:KU:org.joda.time.Interval:JODATIME-0058,jodatime:API:org.joda.time.Interval,has_constraint,"`Intervals` are implemented as half-open, which is to say that the start instant is inclusive but the end instant is exclusive.",llm_quote_grounded,"Specifies that intervals are half-open (start inclusive, end exclusive).",,,
jodatime:KU:org.joda.time.Interval:JODATIME-0058,jodatime:API:org.joda.time.Interval,has_constraint,Both end-points are restricted to having the same chronology and the same time zone.,llm_quote_grounded,States that both endpoints must have the same chronology and time zone.,,,
jodatime:KU:org.joda.time.Period:JODATIME-0059,jodatime:API:org.joda.time.Period,has_explanation,"A `Period` in Joda-Time represents a period of time defined in terms of fields, for example, 3 years 5 months 2 days and 7 hours.",llm_quote_grounded,Defines what a Period represents in terms of fields.,,,
jodatime:KU:org.joda.time.Period:JODATIME-0059,jodatime:API:org.joda.time.Period,has_explanation,This differs from a duration in that it is inexact in terms of milliseconds. A period can only be resolved to an exact number of milliseconds by specifying the instant (including chronology and time zone) it is relative to.,llm_quote_grounded,Explains why periods are inexact compared to durations regarding milliseconds.,,,
jodatime:KU:org.joda.time.Period:JODATIME-0059,jodatime:API:org.joda.time.Period,has_example,"For example, consider a period of 1 month. If you add this period to the 1st February (ISO) then you will get the 1st March.",llm_quote_grounded,Provides examples of adding periods across month boundaries and daylight savings.,,,
jodatime:KU:org.joda.time.Period:JODATIME-0059,jodatime:API:org.joda.time.Period,has_constraint,`Periods` are not associated with either a chronology or a time zone.,llm_quote_grounded,Notes that Periods are not associated with chronology or time zone.,,,
jodatime:KU:org.joda.time.DateTimeConstants:JODATIME-0061,jodatime:API:org.joda.time.DateTimeConstants,has_example,System.out.println(now.withDayOfWeek(DateTimeConstants.MONDAY)); //prints 2011-01-17,llm_quote_grounded,Shows usage of DateTimeConstants.MONDAY and SUNDAY in withDayOfWeek method.,,,
jodatime:KU:org.joda.time.DateTime:JODATIME-0062,jodatime:API:org.joda.time.DateTime,has_example,return (type != null) && DateTime.class.getPackage().equals(type.getPackage());,llm_quote_grounded,Shows a custom converter checking if a type belongs to the DateTime package.,,,
jodatime:KU:org.joda.time.format.DateTimeFormat:JODATIME-0063,jodatime:API:org.joda.time.format.DateTimeFormat,has_example,"DateTimeFormatter dateTimeFormatter = DateTimeFormat.forPattern(""yyyy-MM-dd HH:mm:ss"");",llm_quote_grounded,The KU provides a code snippet using DateTimeFormat.forPattern to format the generated random dates.,,,
jodatime:KU:org.joda.time.DateTime:JODATIME-0091,jodatime:API:org.joda.time.DateTime,has_example,DateTime startTime = new DateTime(random.nextLong()).withMillisOfSecond(0);,llm_quote_grounded,The KU demonstrates creating and manipulating DateTime instances for random generation.,,,
jodatime:KU:org.joda.time.MutableDateTime:JODATIME-0067,jodatime:API:org.joda.time.MutableDateTime,has_explanation,A companion mutable class to `DateTime` is `MutableDateTime`. Objects of this class can be modified and are not thread-safe.,llm_quote_grounded,The KU explains that MutableDateTime is the mutable companion to DateTime and is not thread-safe.,,,
jodatime:KU:org.joda.time.DateTime:JODATIME-0068,jodatime:API:org.joda.time.DateTime,has_guidance,A datetime object is created by using a `DateTime` constructor. The default constructor is used as follows DateTime dt = new DateTime(),llm_quote_grounded,The KU describes how to construct DateTime objects using default constructors or initialization strings.,,,
jodatime:KU:org.joda.time.DateTime:JODATIME-0068,jodatime:API:org.joda.time.DateTime,has_example,"DateTime dt = new DateTime("",2004-12-13T21:39:45.618-08:00"",)",llm_quote_grounded,The KU provides specific code examples for creating DateTime instances.,,,
jodatime:KU:org.joda.time.DateMidnight:JODATIME-0070,jodatime:API:org.joda.time.DateMidnight,has_example,// first midnight in this month DateMidnight first = new DateMidnight().withDayOfMonth(1);,llm_quote_grounded,The KU shows how to use DateMidnight to find the start and end of a month.,,,
jodatime:KU:org.joda.time.DateMidnight:JODATIME-0070,jodatime:API:org.joda.time.DateMidnight,has_guidance,"If starting from a java.util.Date, a different DateMidnight constructor is used:",llm_quote_grounded,The KU suggests using DateMidnight constructors when starting from a java.util.Date.,,,
jodatime:KU:org.joda.time.DateTimeConstants:JODATIME-0072,jodatime:API:org.joda.time.DateTimeConstants,has_example,LocalDate thisMonday = startDate.withDayOfWeek(DateTimeConstants.MONDAY);,llm_quote_grounded,The KU uses DateTimeConstants.MONDAY in an example to filter dates by day of week.,,,
jodatime:KU:org.joda.time.DateTime:JODATIME-0073,jodatime:API:org.joda.time.DateTime,has_example,"DateTime current = new DateTime(calendar.get(Calendar.YEAR), calendar.get(Calendar.MONTH) + 1, calendar.get(Calendar.DAY_OF_MONTH), 0, 0, 0);",llm_quote_grounded,The KU demonstrates converting java.util.Date to DateTime and constructing DateTime with specific fields.,,,
jodatime:KU:org.joda.time.DateTime:JODATIME-0075,jodatime:API:org.joda.time.DateTime,has_example,"DateTime startOfMonth = new DateTime(2013, 1, 1, 00, 00, 00); System.out.println(startOfMonth.toString());",llm_quote_grounded,The KU provides code examples showing the behavior of plusMonths() on DateTime objects at month boundaries.,,,
jodatime:KU:org.joda.time.DateTime:JODATIME-0075,jodatime:API:org.joda.time.DateTime,has_guidance,The correct way to iterate over the end of month is to iterate over the first day of then month and the subtract one day (or one millisecond):,llm_quote_grounded,The KU advises on the correct way to iterate over end-of-month dates using DateTime operations.,,,
jodatime:KU:org.joda.time.PeriodType:JODATIME-0076,jodatime:API:org.joda.time.PeriodType,has_explanation,"The `PeriodType` class allows this set of fields to be restricted, for example to elimate weeks.",llm_quote_grounded,The KU explains the role of PeriodType in restricting the set of fields within a Period.,,,
jodatime:KU:org.joda.time.MutableDateTime:JODATIME-0077,jodatime:API:org.joda.time.MutableDateTime,has_guidance,"In situations where multiple fields need to be modified, it is more efficient to create a mutable copy of the datetime, modify the copy and finally create a new value datetime.",llm_quote_grounded,The KU provides guidance on when to use MutableDateTime (for multiple field modifications) and how to do it efficiently.,,,
jodatime:KU:org.joda.time.MutableDateTime:JODATIME-0077,jodatime:API:org.joda.time.MutableDateTime,has_example,"MutableDateTime mdt = dt.toMutableDateTime(), // perform various calculations on mdt ... DateTime result = mdt.toDateTime(),",llm_quote_grounded,The KU includes code snippets demonstrating the creation and conversion of MutableDateTime objects.,,,
jodatime:KU:org.joda.time.JodaTimePermission:JODATIME-0078,jodatime:API:org.joda.time.JodaTimePermission,has_explanation,"Joda-Time includes hooks into the standard JDK security scheme for sensitive changes. These include changing the time zone handler, changing the current time and changing the converters. See `JodaTimePermission` for details.",llm_quote_grounded,The KU explains that Joda-Time uses security hooks for sensitive changes and directs the user to JodaTimePermission for details.,,,
jodatime:KU:org.joda.time.DateTimeConstants:JODATIME-0081,jodatime:API:org.joda.time.DateTimeConstants,has_example,if (start.getDayOfWeek() == DateTimeConstants.SATURDAY || start.getDayOfWeek() == DateTimeConstants.SUNDAY) { weekday = weekday.plusWeeks(1).withDayOfWeek(DateTimeConstants.MONDAY); },llm_quote_grounded,"The KU provides a code example using DateTimeConstants.SATURDAY, SUNDAY, MONDAY, and FRIDAY to filter out weekends.",,,
jodatime:KU:org.joda.time.DateTime:JODATIME-0085,jodatime:API:org.joda.time.DateTime,has_explanation,"The `DateTime` class has a constructor which takes an `Object` as input. In particular this constructor can be passed a JDK `Date`, JDK `Calendar` or JDK `GregorianCalendar`",llm_quote_grounded,Explains how the DateTime constructor accepts JDK objects for interoperability.,,,
jodatime:KU:org.joda.time.DateTime:JODATIME-0085,jodatime:API:org.joda.time.DateTime,has_example,"// from Joda to JDK DateTime dt = new DateTime(), Date jdkDate = dt.toDate(), // from JDK to Joda dt = new DateTime(jdkDate),",llm_quote_grounded,"Provides code examples for converting between Joda DateTime and JDK Date, Calendar, and GregorianCalendar.",,,
jodatime:KU:org.joda.time.DateTime:JODATIME-0086,jodatime:API:org.joda.time.DateTime,has_constraint,"`DateTime` objects have value semantics, and cannot be modified after construction (they are immutable).",llm_quote_grounded,States that DateTime objects are immutable and cannot be modified after construction.,,,
jodatime:KU:org.joda.time.DateTime:JODATIME-0086,jodatime:API:org.joda.time.DateTime,has_guidance,WARNING: A common mistake to make with immutable classes is to forget to assign the result to a variable.,llm_quote_grounded,Warns users about the common mistake of forgetting to assign the result of manipulation methods due to immutability.,,,
jodatime:KU:org.joda.time.chrono.ISOChronology:JODATIME-0093,jodatime:API:org.joda.time.chrono.ISOChronology,has_explanation,"For most applications, the Chronology can be ignored as it will default to the `ISOChronology`. This is suitable for most uses.",llm_quote_grounded,Explains that ISOChronology is the default chronology suitable for most uses in Joda-Time.,,,
jodatime:KU:org.joda.time.format.ISODateTimeFormat:JODATIME-0095,jodatime:API:org.joda.time.format.ISODateTimeFormat,has_example,"you would initialize `fmt` as DateTimeFormatter fmt = ISODateTimeFormat.dateTime(),",llm_quote_grounded,Shows how to initialize a formatter using ISODateTimeFormat.dateTime() for standard ISO datetime format.,,,
jodatime:KU:org.joda.time.Chronology:JODATIME-0018,jodatime:KU:org.joda.time.Chronology:JODATIME-0029,complements,,llm_quote_grounded,"The first KU introduces the concept of converting instants using a Chronology, while the second KU provides the detailed definition and design rationale for the Chronology itself.",Conceptual overview vs. detailed design explanation,The millisecond instant can be converted to any date time field using a `Chronology`.,## Chronology The Joda-Time design is based around the `Chronology`. It is a calculation engine that supports the complex rules for a calendar system.
jodatime:KU:org.joda.time.Chronology:JODATIME-0018,jodatime:KU:org.joda.time.Chronology:JODATIME-0030,task_related,,llm_quote_grounded,"Both KUs describe operations involving DateTime and Chronology; the first establishes the relationship between instants and chronologies, and the second demonstrates how to change the chronology of a DateTime instance.",DateTime manipulation with Chronology,The millisecond instant can be converted to any date time field using a `Chronology`.,The `DateTime` class also has one method for changing calendars. This allows you to change the calendar for a given moment in time.
jodatime:KU:org.joda.time.Chronology:JODATIME-0018,jodatime:KU:org.joda.time.DateMidnight:JODATIME-0079,constrains,,llm_quote_grounded,"The first KU defines DateMidnight as an implementation of ReadableInstant (an absolute moment), which constrains the usage discussed in the second KU where users attempt to use it for local date intervals without timezones.",Definition of Instant types vs. LocalDate interval requirements,Other implementations of `ReadableInstant` include `Instant` and `DateMidnight`.,The Interval class represents an interval of time from one millisecond instant to another instant (complete with timezone). DateMidnight is such an instant.
jodatime:KU:org.joda.time.Chronology:JODATIME-0018,jodatime:KU:org.joda.time.DateTime:JODATIME-0068,complements,,llm_quote_grounded,"The first KU identifies DateTime as the main implementation of ReadableInstant, while the second KU details the specific constructors used to create these DateTime objects.",Class identification vs. Construction details,"The main implementation of this interface, and the class that the average API user needs to be most familiar with, is `DateTime`.",### Construction A datetime object is created by using a `DateTime` constructor.
jodatime:KU:org.joda.time.Chronology:JODATIME-0018,jodatime:KU:org.joda.time.DateTime:JODATIME-0069,task_related,,llm_quote_grounded,"The first KU mentions that DateTime uses Chronology to convert instants, and the second KU shows the practical task of changing the Chronology on a DateTime object.",Using Chronology with DateTime,The millisecond instant can be converted to any date time field using a `Chronology`.,The `DateTime` class also has one method for changing calendars. This allows you to change the calendar for a given moment in time.
jodatime:KU:org.joda.time.Chronology:JODATIME-0018,jodatime:KU:org.joda.time.DateTime:JODATIME-0085,complements,,llm_quote_grounded,"The first KU states that the instant definition is consistent with JDK Date/Calendar for interoperability, and the second KU provides the specific code examples for performing that interoperability.",Interoperability claim vs. Implementation example,This definition of milliseconds is consistent with that of the JDK in `Date` or `Calendar`. Interoperating between the two APIs is thus simple.,"### JDK Interoperability The `DateTime` class has a constructor which takes an `Object` as input. In particular this constructor can be passed a JDK `Date`, JDK `Calendar` or JDK `GregorianCalendar`"
jodatime:KU:org.joda.time.Chronology:JODATIME-0018,jodatime:KU:org.joda.time.DateTime:JODATIME-0086,constrains,,llm_quote_grounded,"The first KU asserts that DateTime is immutable and thread-safe, which constrains how manipulations must be performed as described in the second KU (creating new copies rather than modifying existing ones).",Immutability property vs. Manipulation strategy,DateTime is immutable - and once created the values do not change.,"`DateTime` objects have value semantics, and cannot be modified after construction (they are immutable). Therefore, most simple manipulation of a datetime object involves construction of a new datetime as a modified copy of the original."
jodatime:KU:org.joda.time.Chronology:JODATIME-0018,jodatime:KU:org.joda.time.Instant:JODATIME-0009,task_related,,llm_quote_grounded,"Both knowledge units describe the concept of an Instant in Joda-Time, defining it as milliseconds from the epoch and listing implementations like DateTime.",General definition and implementation overview of Instants in Joda-Time.,An Instant is defined as a moment in the datetime continuum specified as a number of milliseconds from 1970-01-01T00:00Z.,An Instant is defined as a moment in the datetime continuum specified as a number of milliseconds from 1970-01-01T00:00Z.
jodatime:KU:org.joda.time.Chronology:JODATIME-0018,jodatime:KU:org.joda.time.Interval:JODATIME-0058,complements,,llm_quote_grounded,"The Chronology KU explains how instants are converted to fields using Chronology, while the Interval KU defines intervals based on those instants, showing how chronology applies to interval endpoints.",Relationship between instant representation/chronology usage and interval definitions.,The millisecond instant can be converted to any date time field using a `Chronology`.,Both end-points are restricted to having the same chronology and the same time zone.
jodatime:KU:org.joda.time.Chronology:JODATIME-0018,jodatime:KU:org.joda.time.MutableDateTime:JODATIME-0067,contrasts_with,,llm_quote_grounded,"The left KU describes DateTime as immutable and thread-safe, while the right KU (which shares the text but is associated with MutableDateTime) highlights MutableDateTime as mutable and not thread-safe.",Comparison of immutability/thread-safety between DateTime and MutableDateTime concepts within the Instant framework.,"DateTime is immutable - and once created the values do not change. Thus, this class can safely be passed around and used in multiple threads without synchronization.",A companion mutable class to `DateTime` is `MutableDateTime`. Objects of this class can be modified and are not thread-safe.
jodatime:KU:org.joda.time.Chronology:JODATIME-0018,jodatime:KU:org.joda.time.MutableDateTime:JODATIME-0077,complements,,llm_quote_grounded,"The left KU introduces MutableDateTime as a companion to DateTime for modification, while the right KU provides specific usage patterns for performing calculations by creating a mutable copy.",Usage guidance for MutableDateTime in calculation workflows.,A companion mutable class to `DateTime` is `MutableDateTime`. Objects of this class can be modified and are not thread-safe.,"In situations where multiple fields need to be modified, it is more efficient to create a mutable copy of the datetime, modify the copy and finally create a new value datetime."
jodatime:KU:org.joda.time.Chronology:JODATIME-0018,jodatime:KU:org.joda.time.Period:JODATIME-0059,constrains,,llm_quote_grounded,"The Period KU states that periods require an instant (including chronology) to resolve to exact milliseconds, which relies on the Chronology mechanism described in the left KU for converting instants to fields.",Resolution of Periods to milliseconds requires Chronology context.,The millisecond instant can be converted to any date time field using a `Chronology`.,A period can only be resolved to an exact number of milliseconds by specifying the instant (including chronology and time zone) it is relative to.
jodatime:KU:org.joda.time.Chronology:JODATIME-0018,jodatime:KU:org.joda.time.PeriodType:JODATIME-0076,constrains,,llm_quote_grounded,"Similar to Period, PeriodType resolution to milliseconds depends on the instant's chronology, linking back to the Chronology's role in field conversion mentioned in the left KU.",PeriodType field population during duration/interval conversion relies on Chronology.,The millisecond instant can be converted to any date time field using a `Chronology`.,"This is significant when converting a duration or interval to a period, as the calculation needs to know which period fields it should populate."
jodatime:KU:org.joda.time.Chronology:JODATIME-0018,jodatime:KU:org.joda.time.chrono.ISOChronology:JODATIME-0093,complements,,llm_quote_grounded,The Chronology concept described in the first KU is concretely implemented and defaulted to by ISOChronology as described in the second KU.,"When using Joda-Time, the abstract Chronology interface is typically satisfied by the default ISOChronology implementation.",The millisecond instant can be converted to any date time field using a `Chronology`.,"For most applications, the Chronology can be ignored as it will default to the `ISOChronology`."
jodatime:KU:org.joda.time.Chronology:JODATIME-0029,jodatime:KU:org.joda.time.Chronology:JODATIME-0030,task_related,,llm_quote_grounded,"Both KUs describe aspects of the Chronology system; one defines its role and defaults, while the other explains how to change it for specific tasks.",Understanding and manipulating calendar systems in Joda-Time.,The Joda-Time design is based around the `Chronology`. It is a calculation engine that supports the complex rules for a calendar system.,## Changing `Chronology` The `DateTime` class also has one method for changing calendars.
jodatime:KU:org.joda.time.Chronology:JODATIME-0029,jodatime:KU:org.joda.time.DateTime:JODATIME-0069,complements,,llm_quote_grounded,The general description of Chronology usage is complemented by a specific example of applying a different chronology (Buddhist) via DateTime.,Applying non-default chronologies to DateTime instances.,You'd also change it if you need a specific calendar like the Coptic calendar illustrated earlier.,"// change to Buddhist chronology DateTime dtBuddhist = dt.withChronology(BuddhistChronology.getInstance()),"
jodatime:KU:org.joda.time.Chronology:JODATIME-0029,jodatime:KU:org.joda.time.DateTime:JODATIME-0084,complements,,llm_quote_grounded,"The Chronology KU describes the engine for calendar calculations, which complements the Instant/DateTime KU's statement that instants are converted to fields using a Chronology.",Converting absolute time instants into human-readable calendar fields.,"It encapsulates the field objects, which are used on demand to split the absolute time instant into recognisable calendar fields like 'day-of-week'.",The millisecond instant can be converted to any date time field using a `Chronology`.
jodatime:KU:org.joda.time.Chronology:JODATIME-0029,jodatime:KU:org.joda.time.Instant:JODATIME-0009,complements,,llm_quote_grounded,Chronology provides the calculation engine to interpret instants as calendar fields.,When converting an absolute time instant into recognizable calendar fields.,"It encapsulates the field objects, which are used on demand to split the absolute time instant into recognisable calendar fields like 'day-of-week'.",The millisecond instant can be converted to any date time field using a Chronology.
jodatime:KU:org.joda.time.Chronology:JODATIME-0029,jodatime:KU:org.joda.time.MutableDateTime:JODATIME-0067,complements,,llm_quote_grounded,Chronology is required to convert the millisecond instant held by MutableDateTime into calendar fields.,Interpreting the internal millisecond value of a mutable datetime object.,"It encapsulates the field objects, which are used on demand to split the absolute time instant into recognisable calendar fields like 'day-of-week'.",The millisecond instant can be converted to any date time field using a Chronology.
jodatime:KU:org.joda.time.Period:JODATIME-0059,jodatime:KU:org.joda.time.Chronology:JODATIME-0029,constrains,,llm_quote_grounded,Resolving a Period to exact milliseconds requires specifying the chronology of the target instant.,When converting a Period (field-based duration) to an exact number of milliseconds.,A period can only be resolved to an exact number of milliseconds by specifying the instant (including chronology and time zone) it is relative to.,It is a calculation engine that supports the complex rules for a calendar system.
jodatime:KU:org.joda.time.PeriodType:JODATIME-0076,jodatime:KU:org.joda.time.Chronology:JODATIME-0029,constrains,,llm_quote_grounded,"Periods defined by PeriodType are not associated with a chronology, limiting their direct use in calendar calculations without an external chronology context.",Understanding the independence of Period/PeriodType from specific calendar systems.,Periods are not associated with either a chronology or a time zone.,It is effectively a pluggable calendar system.
jodatime:KU:org.joda.time.chrono.ISOChronology:JODATIME-0093,jodatime:KU:org.joda.time.Chronology:JODATIME-0029,task_related,,llm_quote_grounded,ISOChronology is the default implementation of the Chronology interface described in the general Chronology documentation.,Default behavior when no specific chronology is requested.,"For most applications, the Chronology can be ignored as it will default to the `ISOChronology`.","For most applications, the `Chronology` can be ignored as it will default to the ISOChronology."
jodatime:KU:org.joda.time.DateMidnight:JODATIME-0070,jodatime:KU:org.joda.time.DateMidnight:JODATIME-0079,complements,,llm_quote_grounded,"The left KU demonstrates how to create DateMidnight instances for specific days (start/end of month), which are the exact components used in the right KU to construct an Interval representing a date range.",Using DateMidnight objects as boundaries for Joda-Time Intervals.,// first midnight in this month DateMidnight first = new DateMidnight().withDayOfMonth(1); // last midnight in this month DateMidnight last = first.plusMonths(1).minusDays(1);,"Interval i = new Interval( new DateMidnight(2010, 3, 2), new DateMidnight(2010, 3, 5));"
jodatime:KU:org.joda.time.DateMidnight:JODATIME-0079,jodatime:KU:org.joda.time.DateTime:JODATIME-0084,task_related,,llm_quote_grounded,"Both KUs discuss the concept of 'instants' in Joda-Time, with KU-0079 using DateMidnight as an instant for intervals and KU-0084 defining DateTime as the main implementation of ReadableInstant.",Conceptual understanding of instants in Joda-Time,DateMidnight is such an instant.,The most frequently used concept in Joda-Time is that of the instant.
jodatime:KU:org.joda.time.DateMidnight:JODATIME-0079,jodatime:KU:org.joda.time.Instant:JODATIME-0009,task_related,,llm_quote_grounded,"Both KUs address the definition and usage of 'instants' in Joda-Time. KU-0079 identifies DateMidnight as an instant, while KU-0009 defines Instant and lists DateMidnight as an implementation of ReadableInstant.",Definition and classification of instant types,DateMidnight is such an instant.,Other implementations of `ReadableInstant` include `Instant` and `DateMidnight`.
jodatime:KU:org.joda.time.DateTime#dayOfYear():JODATIME-0083,jodatime:KU:org.joda.time.DateTime:JODATIME-0075,task_related,,llm_quote_grounded,"Both KUs address the challenge of determining or manipulating the 'end of year' or 'end of month' boundaries in Joda-Time, specifically dealing with the fact that these dates are not fixed (due to leap years or varying month lengths) and require specific logic rather than simple addition.",Date boundary calculations involving end-of-period checks in Joda-Time.,check if a specific date is not the last day of a year,The correct way to iterate over the end of month is to iterate over the first day of then month and the subtract one day
jodatime:KU:org.joda.time.DateTime.Property#addToCopy(int):JODATIME-0019,jodatime:KU:org.joda.time.DateTime.Property:JODATIME-0027,complements,,llm_quote_grounded,"The right KU introduces the general concept of properties and their importance, while the left KU provides a specific example of using a property method (`addToCopy`) to modify fields.",General API usage patterns for DateTime properties,One way to do this is to use methods on properties.,"There is much more power available, however, through the use of what is termed a property."
jodatime:KU:org.joda.time.DateTime.Property#addToCopy(int):JODATIME-0019,jodatime:KU:org.joda.time.DateTime:JODATIME-0040,contrasts_with,,llm_quote_grounded,"Both KUs describe ways to add time to a DateTime object. The left KU uses the Property API (`dayOfWeek().addToCopy`), while the right KU uses direct DateTime methods (`plusDays`). They represent alternative approaches to the same task.",Methods for adding duration to a DateTime instance,"To add to a date you could use the `addToCopy` method. DateTime result = dt.dayOfWeek().addToCopy(3),","Another means of accomplishing similar calculations is to use methods on the `DateTime` object itself. Thus we could add 3 days to `dt` directly as follows: DateTime result = dt.plusDays(3),"
jodatime:KU:org.joda.time.DateTime.Property#addToCopy(int):JODATIME-0019,jodatime:KU:org.joda.time.DateTime:JODATIME-0049,task_related,,llm_quote_grounded,"Both KUs discuss manipulating or accessing time-related fields in Joda-Time. The left KU focuses on modifying fields via properties, while the right KU discusses accessing time fields (hours, minutes) and mentions that they also have corresponding property methods for manipulation.",Handling time-based fields in DateTime objects,One way to do this is to use methods on properties.,Again each of these has a corresponding property method for more complex manipulation.
jodatime:KU:org.joda.time.DateTime.Property#addToCopy(int):JODATIME-0019,jodatime:KU:org.joda.time.DateTimeConstants:JODATIME-0045,task_related,,llm_quote_grounded,The left KU demonstrates using `addToCopy` with constants like `DateTimeConstants.MONDAY`. The right KU shows a practical application of `addToCopy` combined with `DateTimeConstants.SUNDAY` to find the last Sunday of a month.,Using DateTimeConstants with property modification methods,DateTime result = dt.dayOfWeek().setCopy(DateTimeConstants.MONDAY),return date.dayOfWeek().addToCopy(-7);
jodatime:KU:org.joda.time.DateTime.Property#addToCopy(int):JODATIME-0019,jodatime:KU:org.joda.time.LocalDate#year():JODATIME-0055,task_related,,llm_quote_grounded,"The left KU explains the `addToCopy` method on DateTime properties. The right KU provides a code example using `LocalDate` (which shares the same property API structure) where `dayOfWeek().addToCopy(-7)` is used to adjust dates, demonstrating the utility described in the left KU.",Application of property modification methods in date calculation tasks,To add to a date you could use the `addToCopy` method.,return date.dayOfWeek().addToCopy(-7);
jodatime:KU:org.joda.time.DateTime.Property#addToCopy(int):JODATIME-0019,jodatime:KU:org.joda.time.LocalDate.Property#addToCopy(int):JODATIME-0033,task_related,,llm_quote_grounded,"Both KUs relate to the `addToCopy` method. The left KU describes it for `DateTime.Property`, while the right KU shows its usage for `LocalDate.Property` in a specific algorithm. They are parallel implementations of the same concept across different classes.",Usage of addToCopy across DateTime and LocalDate property types,To add to a date you could use the `addToCopy` method.,return date.dayOfWeek().addToCopy(-7);
jodatime:KU:org.joda.time.DateTime.Property#addToCopy(int):JODATIME-0019,jodatime:KU:org.joda.time.MutableDateTime:JODATIME-0077,contrasts_with,,llm_quote_grounded,"The left KU describes modifying fields via property methods (like addToCopy) which return new immutable objects, while the right KU contrasts this by recommending MutableDateTime for efficiency when multiple fields need modification.",Comparison of immutability patterns vs mutable optimization in Joda-Time field modification.,To add to a date you could use the `addToCopy` method.,"In situations where multiple fields need to be modified, it is more efficient to create a mutable copy of the datetime"
jodatime:KU:org.joda.time.DateTime.Property#setCopy(int):JODATIME-0039,jodatime:KU:org.joda.time.DateTime.Property:JODATIME-0027,complements,,llm_quote_grounded,"The left KU provides specific usage examples of the setCopy method on properties, while the right KU defines the general concept and importance of DateTime.Property classes, providing the necessary context for understanding the specific method usage.",General definition of Property class complementing specific method usage.,we can do so by using the `setCopy` method of the property,The property class associated with `DateTime` is `DateTime.Property`. Knowing the methods on the property is the secret to making the most of the API.
jodatime:KU:org.joda.time.DateTime.Property#setCopy(int):JODATIME-0039,jodatime:KU:org.joda.time.DateTime:JODATIME-0040,contrasts_with,,llm_quote_grounded,"The left KU demonstrates modifying fields using property methods (setCopy/addToCopy), while the right KU presents an alternative approach using direct methods on the DateTime object itself (plusDays).",Comparison between property-based manipulation and direct DateTime method manipulation.,One way to do this is to use methods on properties.,Another means of accomplishing similar calculations is to use methods on the `DateTime` object itself.
jodatime:KU:org.joda.time.DateTime.Property#setCopy(int):JODATIME-0039,jodatime:KU:org.joda.time.MutableDateTime:JODATIME-0077,contrasts_with,,llm_quote_grounded,"The first KU describes modifying fields via immutable property methods (creating copies), while the second KU contrasts this by recommending MutableDateTime for efficiency when multiple fields need modification.",Comparison of strategies for modifying DateTime objects in Joda-Time.,One way to do this is to use methods on properties.,"In situations where multiple fields need to be modified, it is more efficient to create a mutable copy of the datetime"
jodatime:KU:org.joda.time.DateTime.Property:JODATIME-0027,jodatime:KU:org.joda.time.DateTime:JODATIME-0040,complements,,llm_quote_grounded,"The first KU introduces properties as a powerful mechanism for field access and manipulation, while the second KU provides an alternative method using direct DateTime object methods for similar calculations, complementing the property-based approach.",Methods available for performing date/time calculations on DateTime objects.,"There is much more power available, however, through the use of what is termed a property.",Another means of accomplishing similar calculations is to use methods on the `DateTime` object itself.
jodatime:KU:org.joda.time.DateTime.Property:JODATIME-0027,jodatime:KU:org.joda.time.DateTime:JODATIME-0049,complements,,llm_quote_grounded,"The first KU defines the general concept of properties associated with calendar fields, while the second KU applies this concept specifically to time fields (hours, minutes, seconds), showing how each getter has a corresponding property method.",Application of the property pattern to intra-day time fields.,Each calendar field is associated with such a property.,Again each of these has a corresponding property method for more complex manipulation.
jodatime:KU:org.joda.time.DateTime.Property:JODATIME-0027,jodatime:KU:org.joda.time.DateTime:JODATIME-0060,complements,,llm_quote_grounded,"The left KU introduces the concept of properties and their importance, while the right KU provides concrete examples of using property methods (setCopy, addToCopy) to modify DateTime fields.",Usage of DateTime.Property for field modification,Knowing the methods on the property is the secret to making the most of the API.,One way to do this is to use methods on properties.
jodatime:KU:org.joda.time.DateTime:JODATIME-0001,jodatime:KU:org.joda.time.DateTime:JODATIME-0005,task_related,,llm_quote_grounded,Both KUs address common tasks involving Joda-Time DateTime objects: retrieving current time in a specific timezone and calculating date differences (months).,General usage of org.joda.time.DateTime for time retrieval and calculation,How to get the current date and time of your timezone in Java?,How to calculate difference ONLY in months using Java's Joda API
jodatime:KU:org.joda.time.DateTime:JODATIME-0001,jodatime:KU:org.joda.time.DateTime:JODATIME-0007,contrasts_with,,llm_quote_grounded,"The left KU demonstrates creating a DateTime with a specific timezone to get local time, while the right KU discusses the challenge of changing timezone representation without altering the underlying instant/time value, highlighting different aspects of timezone handling.",Timezone manipulation semantics in DateTime,DateTime dt = new DateTime(zone);,In joda time how to convert time zone without changing time
jodatime:KU:org.joda.time.DateTime:JODATIME-0001,jodatime:KU:org.joda.time.DateTime:JODATIME-0021,task_related,,llm_quote_grounded,"Both KUs involve standard operations on DateTime instances: retrieving components (day, month, year) in the left KU and calculating differences between two DateTime instances in the right KU.",Basic DateTime operations (accessors and arithmetic),int day = dt.getDayOfMonth();,How do I find the difference in Days between two Joda-Time `DateTime` instances?
jodatime:KU:org.joda.time.DateTime:JODATIME-0001,jodatime:KU:org.joda.time.DateTime:JODATIME-0041,complements,,llm_quote_grounded,"The left KU shows initializing a DateTime with a timezone, while the right KU explains how to change the timezone of an existing DateTime instance using `withZone`, providing complementary methods for timezone management.",Setting vs Changing Timezones on DateTime,DateTime dt = new DateTime(zone);,"translate to London local time DateTime dtLondon = dt.withZone(DateTimeZone.forID("",Europe/London"",)),"
jodatime:KU:org.joda.time.DateTime:JODATIME-0001,jodatime:KU:org.joda.time.DateTime:JODATIME-0068,complements,,llm_quote_grounded,"The left KU provides a practical example of constructing a DateTime with a specific timezone, while the right KU explains the general construction rules and default behaviors of the DateTime constructor.",Construction of DateTime objects in Joda-Time,DateTime dt = new DateTime(zone);,A datetime object is created by using a `DateTime` constructor.
jodatime:KU:org.joda.time.DateTime:JODATIME-0004,jodatime:KU:org.joda.time.DateTime:JODATIME-0021,complements,,llm_quote_grounded,"JODATIME-0004 establishes the pattern of converting DateTime to LocalDate for day-based logic, which JODATIME-0021 identifies as the correct approach for calculating day differences to avoid DST issues.",Calculating date ranges or differences involving whole days in Joda-Time.,LocalDate today = now.toLocalDate();,Going via a `LocalDate` sidesteps the whole issue.
jodatime:KU:org.joda.time.DateTime:JODATIME-0004,jodatime:KU:org.joda.time.DateTime:JODATIME-0041,constrains,,llm_quote_grounded,"JODATIME-0004's method for defining 'today' relies on the current zone (`now.getZone()`), while JODATIME-0041 explains that changing zones alters field values but not absolute time, constraining how one must interpret the resulting start/end times if the zone context shifts.",Defining time boundaries relative to a specific timezone.,DateTime startOfToday = today.toDateTimeAtStartOfDay(now.getZone());,"The resulting value `dtLondon` has the same absolute millisecond time, but a different set of field values."
jodatime:KU:org.joda.time.DateTime:JODATIME-0005,jodatime:KU:org.joda.time.DateTime:JODATIME-0021,task_related,,llm_quote_grounded,"Both KUs address the problem of calculating date differences (months vs days) where standard methods yield unexpected results due to time-of-day components, and both propose solutions involving ignoring or removing lower-significance fields.",Calculating integer differences between two DateTime instances in Joda-Time when partial units should be ignored.,"Using this, I am still getting ""2"" as the number of months, whereas it is actually ""3"" months.","`Days.daysBetween(start, end).getDays()` gives me 0 if start is in the evening and end in the morning."
jodatime:KU:org.joda.time.DateTime:JODATIME-0005,jodatime:KU:org.joda.time.DateTime:JODATIME-0024,task_related,,llm_quote_grounded,Both KUs describe tasks related to calculating the difference between two dates in specific calendar units (months vs weeks) using Joda-Time.,Computing period differences between two DateTime objects.,How to calculate difference ONLY in months using Java's Joda API,I want to calculate the number of weeks between these two dates.
jodatime:KU:org.joda.time.DateTime:JODATIME-0005,jodatime:KU:org.joda.time.DateTime:JODATIME-0075,task_related,,llm_quote_grounded,"Both KUs address the complexities of calculating or manipulating month-based intervals in Joda-Time, specifically dealing with how partial months and varying month lengths affect results.",Month arithmetic and interval calculation using DateTime/Period/Months classes.,calculate the number of months between 1 April and 30 June,Adding one month to date fails using Joda-Time DateTime
jodatime:KU:org.joda.time.Period:JODATIME-0059,jodatime:KU:org.joda.time.DateTime:JODATIME-0005,constrains,,llm_quote_grounded,"The Period documentation explains that periods are inexact and field-based, which constrains how DateTime differences must be calculated (using PeriodType) rather than simple millisecond subtraction.",When calculating date differences using Joda-Time Periods vs Durations.,This differs from a duration in that it is inexact in terms of milliseconds.,"Period p = new Period(start, end, PeriodType.months().withDaysRemoved());"
jodatime:KU:org.joda.time.Period:JODATIME-0074,jodatime:KU:org.joda.time.DateTime:JODATIME-0005,complements,,llm_quote_grounded,"The right KU provides the general mechanism for subtracting two DateTime objects to get a Period, which complements the specific use case in the left KU where a Period is constructed from two DateTimes to calculate month differences.",Calculating the difference between two DateTime instances using Joda-Time.,"Period has a constructor that takes two `ReadableInstant` instances: Period diff = new Period(start, end);","Period p = new Period(start, end, PeriodType.months().withDaysRemoved());"
jodatime:KU:org.joda.time.DateTime:JODATIME-0005,jodatime:KU:org.joda.time.PeriodType:JODATIME-0076,complements,,llm_quote_grounded,"The left KU uses PeriodType to restrict fields for month calculation, which is explained by the right KU's definition of PeriodType restricting field sets.","When calculating periods with specific field restrictions (e.g., months only).","Period p = new Period(start, end, PeriodType.months().withDaysRemoved());","The `PeriodType` class allows this set of fields to be restricted, for example to elimate weeks."
jodatime:KU:org.joda.time.DateTime:JODATIME-0005,jodatime:KU:org.joda.time.ReadableInstant:JODATIME-0006,task_related,,llm_quote_grounded,Both KUs address calculating differences between DateTime objects using Joda-Time APIs (Months/Period vs ReadableInstant constructor).,Calculating time intervals or differences between two date/time points.,How to calculate difference ONLY in months using Java's Joda API,How to subtract two joda datetimes?
jodatime:KU:org.joda.time.DateTime:JODATIME-0007,jodatime:KU:org.joda.time.DateTime:JODATIME-0014,constrains,,llm_quote_grounded,"The left KU explains that DateTime creation applies local timezone logic, which constrains how Dozer (right KU) must handle mapping to avoid unintended timezone shifts or current-time defaults.",Mapping or converting DateTime objects where timezone context matters.,"Joda `DateTime` treats any time in millis like ""millis since 1970y in current time zone"". So, when you create `DateTime` instance, it is created with current time zone.","The basic problem is that Dozer creates a new blank instance of DateTime, via new DateTime(), and thats how you end up with the current date/time instead of the original one."
jodatime:KU:org.joda.time.DateTime:JODATIME-0007,jodatime:KU:org.joda.time.DateTime:JODATIME-0017,contrasts_with,,llm_quote_grounded,"Left KU focuses on preserving wall-clock time while changing timezone representation; Right KU focuses on getting the correct UTC instant/time, highlighting different goals for timezone handling.",Timezone conversion strategies in Joda-Time.,Is there any way by which I can change TimeZone without affecting current time,I want to get the current time in UTC.
jodatime:KU:org.joda.time.DateTime:JODATIME-0007,jodatime:KU:org.joda.time.DateTime:JODATIME-0041,contrasts_with,,llm_quote_grounded,"The left KU describes a problem where changing the timezone constructor argument shifts the displayed time (absolute instant changes), while the right KU explains that `withZone` preserves the absolute millisecond time but changes field values, and `withZoneRetainFields` does the opposite.",Timezone conversion semantics regarding absolute vs. local time preservation.,changing the timezone but with every thing it changes the time from `10:00 AM` to something else,"The resulting value `dtLondon` has the same absolute millisecond time, but a different set of field values."
jodatime:KU:org.joda.time.DateTime:JODATIME-0007,jodatime:KU:org.joda.time.DateTime:JODATIME-0068,constrains,,llm_quote_grounded,"The right KU defines the default behavior of the DateTime constructor (using system clock/default timezone), which explains the constraint described in the left KU where creating a DateTime from millis results in local timezone interpretation.",DateTime construction defaults and their impact on timezone handling.,"Joda `DateTime` treats any time in millis like ""millis since 1970y in current time zone"". So, when you create `DateTime` instance, it is created with current time zone.",It is constructed using the ISO calendar in the default time zone.
jodatime:KU:org.joda.time.DateTimeZone#getAvailableIDs():JODATIME-0011,jodatime:KU:org.joda.time.DateTime:JODATIME-0007,complements,,llm_quote_grounded,"The right KU explains the behavior of DateTime constructor regarding time zones (applying local zone to millis), which complements the left KU's explanation of how to change time zones using withZone and withZoneRetainFields.",Understanding Joda-Time DateTime timezone handling and conversion methods.,`DateTime` comes with support for a couple of common timezone calculations.,"Joda `DateTime` treats any time in millis like ""millis since 1970y in current time zone"". So, when you create `DateTime` instance, it is created with current time zone."
jodatime:KU:org.joda.time.DateTime:JODATIME-0007,jodatime:KU:org.joda.time.Instant:JODATIME-0065,task_related,,llm_quote_grounded,"Both KUs address the task of converting or setting time zones for DateTime instances, specifically dealing with UTC and local time representations.",Time zone conversion in Joda-Time,In joda time how to convert time zone without changing time,JodaTime - how to get current time in UTC
jodatime:KU:org.joda.time.DateTime:JODATIME-0014,jodatime:KU:org.joda.time.DateTime:JODATIME-0017,contrasts_with,,llm_quote_grounded,"The first KU highlights an issue where `new DateTime()` creates a current time instance (causing mapping errors), while the second KU demonstrates using `new DateTime(DateTimeZone.UTC)` to explicitly control the timezone/instant, avoiding implicit local time creation.",Instantiation behavior of DateTime regarding default vs explicit timezone,"Dozer creates a new blank instance of DateTime, via new DateTime(), and thats how you end up with the current date/time instead of the original one.",DateTime dt = new DateTime(DateTimeZone.UTC); No conversion required at all.
jodatime:KU:org.joda.time.Instant:JODATIME-0056,jodatime:KU:org.joda.time.DateTime:JODATIME-0014,constrains,,llm_quote_grounded,"The immutability of Joda objects (like DateTime) means that mapping frameworks cannot modify existing instances in place, forcing the creation of new copies or requiring custom converters to handle value transfer correctly.",When using Dozer or similar mappers with immutable Joda types like DateTime.,"If I want to change the year, hour, and timezone of a Joda DateTime object, I need to make three copies!","The basic problem is that Dozer creates a new blank instance of DateTime, via new DateTime(), and thats how you end up with the current date/time instead of the original one."
jodatime:KU:org.joda.time.ReadableInstant:JODATIME-0015,jodatime:KU:org.joda.time.DateTime:JODATIME-0014,constrains,,llm_quote_grounded,"Programming to interfaces like ReadableInstant can obscure the immutability guarantees, which relates to why Dozer might fail to map DateTime properties correctly if it assumes mutability or fails to create proper copies.",General usage of Joda Time interfaces vs concrete classes in mapping scenarios.,Joda Time actually fails somewhat because it has both mutable and immutable types - if you just program to the interface (e.g. `ReadableInstant`) then you don't get those guarantees.,"The basic problem is that Dozer creates a new blank instance of DateTime, via new DateTime(), and thats how you end up with the current date/time instead of the original one."
jodatime:KU:org.joda.time.DateTime:JODATIME-0017,jodatime:KU:org.joda.time.DateTime:JODATIME-0021,task_related,,llm_quote_grounded,Both KUs address common pitfalls in Joda-Time DateTime operations: handling time zones correctly for UTC conversion and calculating day differences accurately by avoiding DST issues.,Using org.joda.time.DateTime for time zone conversions and duration calculations.,"I'd suggest you avoid going via `LocalDateTime`, however, as that way you can lose information due to time zone transitions","It turns out that ""midnight/start of day"" sometimes means 1am (daylight savings happen this way in some places), which Days.daysBetween doesn't handle properly."
jodatime:KU:org.joda.time.DateTime:JODATIME-0017,jodatime:KU:org.joda.time.DateTime:JODATIME-0041,complements,,llm_quote_grounded,"The tutorial unit explains the semantics of `withZone` (preserving absolute milliseconds) which clarifies why the user's attempt to convert UTC to local time in the SO unit resulted in different millisecond values when using `LocalDateTime`, and confirms that `withZone` is the correct method for timezone conversion without losing instant information.",When converting between timezones while preserving the absolute point in time (milliseconds since epoch).,"If you find you actually need to convert, you can use `withZone`. I'd suggest you avoid going via `LocalDateTime`, however, as that way you can lose information due to time zone transitions","The resulting value `dtLondon` has the same absolute millisecond time, but a different set of field values."
jodatime:KU:org.joda.time.DateTime:JODATIME-0017,jodatime:KU:org.joda.time.DateTimeZone#getAvailableIDs():JODATIME-0011,task_related,,llm_quote_grounded,"Both units address the task of handling time zones in Joda-Time. The SO unit discusses converting current time to UTC/local using specific zones, while the TU unit provides the mechanism (`getAvailableIDs`) to discover valid zone identifiers needed for such conversions.",General time zone manipulation and identification in Joda-Time.,How do I correctly convert from one time zone to another (inlcusive the millisecond representation)?,"A set of all TimeZone ID strings (such as "",Europe/London"",) may be obtained by calling `DateTimeZone.getAvailableIDs()`."
jodatime:KU:org.joda.time.DateTime:JODATIME-0017,jodatime:KU:org.joda.time.Instant:JODATIME-0056,complements,,llm_quote_grounded,"The DateTime KU suggests using an Instant for testability, while the Instant KU explains why Instant's immutability makes it reliable and safe to pass around.",When designing time-related code that requires both timezone conversion (DateTime) and robust state management/testability (Instant).,I personally like using a `Clock` interface which allows me to get the current time (e.g. as an `Instant`).,"That's fine, because `Instant` is immutable."
jodatime:KU:org.joda.time.DateTime:JODATIME-0017,jodatime:KU:org.joda.time.Instant:JODATIME-0080,constrains,,llm_quote_grounded,"The DateTime KU warns against converting via LocalDateTime due to information loss during time zone transitions, which is exactly the scenario where the Instant KU demonstrates handling illegal instants caused by such transitions.",Converting between local wall-clock times and absolute instants across daylight saving time boundaries.,"avoid going via `LocalDateTime`, however, as that way you can lose information due to time zone transitions",Illegal instant due to time zone offset transition
jodatime:KU:org.joda.time.DateTime:JODATIME-0017,jodatime:KU:org.joda.time.ReadableInstant:JODATIME-0015,contrasts_with,,llm_quote_grounded,"The DateTime KU recommends using Instant (an implementation of ReadableInstant) for reliability, while the ReadableInstant KU contrasts this by noting that programming to the ReadableInstant interface itself does not guarantee immutability/reliability.",Choosing between concrete types vs interfaces for time objects in Joda-Time.,get the current time (e.g. as an `Instant`),if you just program to the interface (e.g. `ReadableInstant`) then you don't get those guarantees
jodatime:KU:org.joda.time.DateTime:JODATIME-0021,jodatime:KU:org.joda.time.DateTime:JODATIME-0024,task_related,,llm_quote_grounded,"Both KUs address calculating the difference between two dates/times using Joda-Time DateTime instances, specifically dealing with calendar units (days/weeks) rather than raw milliseconds.","Calculating elapsed time in human-readable units (days, weeks) between two points in time.",How do I find the difference in Days between two Joda-Time `DateTime` instances?,I want to calculate the number of weeks between these two dates.
jodatime:KU:org.joda.time.DateTime:JODATIME-0021,jodatime:KU:org.joda.time.Period:JODATIME-0059,constrains,,llm_quote_grounded,"The Period KU explains the fundamental inexactness of field-based calculations (like days/months) relative to milliseconds, which constrains how one must interpret or implement date differences like those discussed in the DateTime KU.","When calculating differences between dates using fields (days, months) rather than absolute time.","It turns out that ""midnight/start of day"" sometimes means 1am (daylight savings happen this way in some places), which Days.daysBetween doesn't handle properly.",This differs from a duration in that it is inexact in terms of milliseconds. A period can only be resolved to an exact number of milliseconds by specifying the instant (including chronology and time zone) it is relative to.
jodatime:KU:org.joda.time.DateTime:JODATIME-0021,jodatime:KU:org.joda.time.Period:JODATIME-0074,task_related,,llm_quote_grounded,"Both KUs deal with computing differences between two `DateTime` objects. The left KU focuses on a specific unit (days) with calendar semantics, while the right KU provides the general mechanism (`Period`) for subtracting two instants.",Computing the difference between two Joda-Time DateTime instances.,How do I find the difference in Days between two Joda-Time `DateTime` instances?,"If you have two DateTime objects, what's a good way to subtract them?"
jodatime:KU:org.joda.time.DateTime:JODATIME-0021,jodatime:KU:org.joda.time.PeriodType:JODATIME-0032,task_related,,llm_quote_grounded,"Both KUs solve the problem of obtaining a specific calendar unit count (days vs months) from a difference between two dates, addressing cases where default calculation methods return values that don't match user expectations regarding partial periods.",Calculating discrete calendar field differences (days/months) between DateTime instances.,I'm also having the same issue with other date fields so I was hoping there would be a generic way to 'ignore' the fields of lesser significance.,"I am only calculating the number of months (i.e. from 1st of the start month t the last date of the end month) and I dont need additional analysis like days, weeks, hours, etc."
jodatime:KU:org.joda.time.DateTime:JODATIME-0021,jodatime:KU:org.joda.time.ReadableInstant:JODATIME-0006,task_related,,llm_quote_grounded,"Both KUs involve operations on `DateTime` objects to determine differences. The left KU uses `DateTime` methods to calculate day differences, while the right KU explains how `DateTime` implements `ReadableInstant` to allow subtraction via `Period`.",Performing arithmetic/difference operations on Joda-Time DateTime instances.,How do I find the difference in Days between two Joda-Time `DateTime` instances?,"`ReadableInstant` is an interface implemented by `DateTime`, as well as other classes."
jodatime:KU:org.joda.time.DateTime:JODATIME-0023,jodatime:KU:org.joda.time.DateTime:JODATIME-0068,contrasts_with,,llm_quote_grounded,"The left KU demonstrates that the DateTime constructor fails for non-ISO formats, while the right KU specifies that the constructor only accepts ISO8601 compatible strings.",Construction of DateTime objects from string inputs,"Invalid format: ""04/02/2011 14:42:17"" is malformed at ""/02/2011 14:42:17""",The initialization string must be in a format that is compatible with the ISO8601 standard.
jodatime:KU:org.joda.time.DateTime:JODATIME-0023,jodatime:KU:org.joda.time.DateTime:JODATIME-0082,task_related,,llm_quote_grounded,Both KUs address parsing date strings into DateTime objects using custom patterns via DateTimeFormat.forPattern.,Parsing date strings to DateTime objects,"DateTimeFormatter formatter = DateTimeFormat.forPattern(""dd/MM/yyyy HH:mm:ss"");","DateTimeFormatter dtf = DateTimeFormat.forPattern(""MM/dd/yyyy HH:mm:ss"");"
jodatime:KU:org.joda.time.DateTime:JODATIME-0023,jodatime:KU:org.joda.time.format.DateTimeFormat:JODATIME-0016,task_related,,llm_quote_grounded,Both KUs address the task of parsing date strings into DateTime objects using specific patterns via DateTimeFormat.,Parsing string inputs to DateTime objects in Joda-Time.,"Use `DateTimeFormat`: DateTimeFormatter formatter = DateTimeFormat.forPattern(""dd/MM/yyyy HH:mm:ss""); DateTime dt = formatter.parseDateTime(string);","Create a `DateTimeFormatter` using `DateTimeFormat.forPattern(String)` Using Joda time you would do it like this: String dateTime = ""11/15/2013 08:00:00""; // Format for input DateTimeFormatter dtf = DateTimeFormat.forPattern(""MM/dd/yyyy HH:mm:ss""); // Parsing the date DateTime jodatime = dtf.parseDateTime(dateTime);"
jodatime:KU:org.joda.time.DateTime:JODATIME-0023,jodatime:KU:org.joda.time.format.DateTimeFormat:JODATIME-0036,task_related,,llm_quote_grounded,"Both KUs involve creating and using DateTimeFormatter instances with DateTimeFormat.forPattern to handle date/time representations, though one parses and the other prints.",Usage of DateTimeFormat.forPattern for formatting/parsing operations.,"DateTimeFormatter formatter = DateTimeFormat.forPattern(""dd/MM/yyyy HH:mm:ss"");","DateTimeFormatter dateTimeFormatter = DateTimeFormat.forPattern(""yyMMdd""); System.out.println(dateTimeFormatter.print(dt));"
jodatime:KU:org.joda.time.DateTime:JODATIME-0023,jodatime:KU:org.joda.time.format.DateTimeFormat:JODATIME-0063,task_related,,llm_quote_grounded,"Both KUs demonstrate the use of DateTimeFormat.forPattern to create formatters for handling DateTime objects, specifically involving pattern-based conversion or output.",Application of custom date patterns using DateTimeFormat.,"DateTimeFormatter formatter = DateTimeFormat.forPattern(""dd/MM/yyyy HH:mm:ss"");","DateTimeFormatter dateTimeFormatter = DateTimeFormat.forPattern(""yyyy-MM-dd HH:mm:ss""); System.out.println(dateTimeFormatter.print(startTime));"
jodatime:KU:org.joda.time.DateTime:JODATIME-0024,jodatime:KU:org.joda.time.DateTime:JODATIME-0052,task_related,,llm_quote_grounded,Both KUs solve the problem of calculating the difference between two dates (weeks vs days) using Joda-Time's specific period classes (Weeks/Days).,Calculating temporal differences between two DateTime instances.,"int weeks = Weeks.weeksBetween(dateTime1, dateTime2).getWeeks();","int days = Days.daysBetween(new DateTime(past), new DateTime(today)).getDays(); // => 34"
jodatime:KU:org.joda.time.DateTime:JODATIME-0024,jodatime:KU:org.joda.time.DateTime:JODATIME-0054,task_related,,llm_quote_grounded,Both KUs involve manipulating DateTime/LocalDate objects to derive specific calendar values (calculating intervals vs finding start of next month) using Joda-Time methods.,General date arithmetic and manipulation using Joda-Time types.,"It is pretty easy with joda time: DateTime dateTime1 = new DateTime(date1); DateTime dateTime2 = new DateTime(date2); int weeks = Weeks.weeksBetween(dateTime1, dateTime2).getWeeks();",LocalDate today = new LocalDate(); LocalDate d1 = today.plusMonths(1).withDayOfMonth(1);
jodatime:KU:org.joda.time.DateTime:JODATIME-0024,jodatime:KU:org.joda.time.DateTime:JODATIME-0064,task_related,,llm_quote_grounded,"Both KUs demonstrate constructing or modifying DateTime objects to perform date calculations or retrievals, highlighting different aspects of DateTime usage (interval calculation vs field modification).",Core usage of the org.joda.time.DateTime class for date logic.,"DateTime dateTime1 = new DateTime(date1); DateTime dateTime2 = new DateTime(date2); int weeks = Weeks.weeksBetween(dateTime1, dateTime2).getWeeks();",DateTime dt = new DateTime() .withYear(year) .withWeekOfWeekyear(weekOfYear) .withDayOfWeek(weekDay);
jodatime:KU:org.joda.time.DateTime:JODATIME-0024,jodatime:KU:org.joda.time.DateTime:JODATIME-0085,complements,,llm_quote_grounded,"The right KU explains the mechanism for converting JDK Date objects to DateTime, which is a prerequisite step shown in the left KU's code.",When using Joda-Time with legacy java.util.Date inputs.,DateTime dateTime1 = new DateTime(date1);,The `DateTime` class has a constructor which takes an `Object` as input. In particular this constructor can be passed a JDK `Date`
jodatime:KU:org.joda.time.DateTime:JODATIME-0024,jodatime:KU:org.joda.time.DateTimeConstants:JODATIME-0072,task_related,,llm_quote_grounded,"Both KUs address date interval calculations using Joda-Time; one calculates the count of weeks between dates, while the other iterates through specific days (Mondays) within a date range.",Operations involving ranges or intervals of dates in Joda-Time.,Get the number of weeks between two Dates.,I have a start and end date and I want to get the date for all mondays between these two dates.
jodatime:KU:org.joda.time.DateTime:JODATIME-0024,jodatime:KU:org.joda.time.DateTimeConstants:JODATIME-0081,task_related,,llm_quote_grounded,"Both KUs involve processing date ranges/intervals in Joda-Time; one counts weeks between dates, the other filters days within a range based on weekday constants.",Date range manipulation and filtering in Joda-Time.,calculate the number of weeks between these two dates,get every day except weekend or Saturday or Sunday between two dates
jodatime:KU:org.joda.time.DateTime:JODATIME-0024,jodatime:KU:org.joda.time.Interval:JODATIME-0053,contrasts_with,,llm_quote_grounded,"The left KU uses `Interval` to calculate duration (which is noted as potentially wrong/complex), while the right KU clarifies that `Interval` is strictly for millisecond instants and suggests alternatives for date-only logic, highlighting a conceptual distinction in usage.",Choosing appropriate Joda-Time classes for date vs. instant-based operations.,"Interval interval = new Interval(start, end); Period p = interval.toPeriod(); return p.getWeeks();",The Interval class represents an interval of time from one millisecond instant to another instant (complete with timezone).
jodatime:KU:org.joda.time.DateTime:JODATIME-0025,jodatime:KU:org.joda.time.DateTime:JODATIME-0052,task_related,,llm_quote_grounded,"Both KUs address the task of calculating the difference between two dates using Joda-Time, specifically dealing with integer overflow or precision issues in time calculations.",Calculating time differences (seconds/days) between two DateTime objects in Java using Joda-Time.,I am using following code to calculate difference in seconds between two dates,I need to find the number of days between two dates
jodatime:KU:org.joda.time.DateTime:JODATIME-0040,jodatime:KU:org.joda.time.DateTime:JODATIME-0049,task_related,,llm_quote_grounded,"Both KUs describe operations on DateTime objects for time calculations, one for adding durations and the other for accessing time fields.",DateTime manipulation and inspection,Another means of accomplishing similar calculations is to use methods on the `DateTime` object itself.,Another set of properties access fields representing intra-day durations for time calculations.
jodatime:KU:org.joda.time.DateTime:JODATIME-0040,jodatime:KU:org.joda.time.DateTime:JODATIME-0060,contrasts_with,,llm_quote_grounded,"The first KU describes using direct methods on the DateTime object (e.g., plusDays), while the second describes modifying fields via property methods (e.g., dayOfWeek().setCopy).",Methods for altering DateTime instances,"Another means of accomplishing similar calculations is to use methods on the `DateTime` object itself. Thus we could add 3 days to `dt` directly as follows: DateTime result = dt.plusDays(3),","One way to do this is to use methods on properties. To return to our prior example, if we wish to modify the `dt` object by changing its day-of-week field to Monday we can do so by using the `setCopy` method of the property: DateTime result = dt.dayOfWeek().setCopy(DateTimeConstants.MONDAY),"
jodatime:KU:org.joda.time.DateTime:JODATIME-0040,jodatime:KU:org.joda.time.DateTime:JODATIME-0068,constrains,,llm_quote_grounded,"The calculation methods described in the left KU operate on a DateTime instance, which must be created using the constructors described in the right KU.",Prerequisite for using DateTime methods,"Thus we could add 3 days to `dt` directly as follows: DateTime result = dt.plusDays(3),","A datetime object is created by using a `DateTime` constructor. The default constructor is used as follows DateTime dt = new DateTime(),"
jodatime:KU:org.joda.time.DateTime:JODATIME-0086,jodatime:KU:org.joda.time.DateTime:JODATIME-0040,constrains,,llm_quote_grounded,"The immutability constraint described in JODATIME-0086 dictates that the calculation method shown in JODATIME-0040 must assign the result to a new variable, as modifying the original object has no effect.",DateTime manipulation operations,"`DateTime` objects have value semantics, and cannot be modified after construction (they are immutable).","DateTime result = dt.plusDays(3),"
jodatime:KU:org.joda.time.DateTime:JODATIME-0040,jodatime:KU:org.joda.time.MutableDateTime:JODATIME-0077,contrasts_with,,llm_quote_grounded,"JODATIME-0040 demonstrates simple calculations using immutable DateTime methods, while JODATIME-0077 presents MutableDateTime as a more efficient alternative for situations requiring multiple field modifications.",Efficiency of datetime modification strategies,Another means of accomplishing similar calculations is to use methods on the `DateTime` object itself.,"In situations where multiple fields need to be modified, it is more efficient to create a mutable copy of the datetime"
jodatime:KU:org.joda.time.DateTime:JODATIME-0041,jodatime:KU:org.joda.time.Instant:JODATIME-0002,task_related,,llm_quote_grounded,"Both KUs address the task of obtaining or manipulating date/time values in specific time zones using Joda-Time. JODATIME-0041 provides documentation on converting between zones, while JODATIME-0002 provides a Stack Overflow example of creating a DateTime in a specific zone.",Time zone handling in Joda-Time,get the local time in London at this very moment,How can I obtain the current date / time with my time zone.
jodatime:KU:org.joda.time.DateTime:JODATIME-0041,jodatime:KU:org.joda.time.Instant:JODATIME-0065,task_related,,llm_quote_grounded,"Both KUs deal with the task of converting DateTime instances between time zones (specifically involving UTC and local zones). JODATIME-0041 explains the mechanism (`withZone`), and JODATIME-0065 demonstrates its application in a debugging context.",Time zone conversion tasks,"translate to London local time DateTime dtLondon = dt.withZone(DateTimeZone.forID("",Europe/London"",))","If you find you actually need to convert, you can use `withZone`."
jodatime:KU:org.joda.time.DateTime:JODATIME-0043,jodatime:KU:org.joda.time.DateTime:JODATIME-0082,task_related,,llm_quote_grounded,Both KUs address the task of parsing date strings into Joda-Time objects using DateTimeFormat patterns.,Parsing specific string formats (yyyy-MM-dd HH:mm:ss and MM/dd/yyyy HH:mm:ss) into DateTime/LocalDateTime objects.,"Using Joda-Time, take a look at DateTimeFormat; it allows parsing both kind of date strings that you mention",Create a `DateTimeFormatter` using `DateTimeFormat.forPattern(String)` Using Joda time you would do it like this:
jodatime:KU:org.joda.time.DateTime:JODATIME-0043,jodatime:KU:org.joda.time.format.DateTimeFormat:JODATIME-0013,complements,,llm_quote_grounded,"The left KU provides the general strategy and code examples for parsing various date formats using DateTimeFormat, while the right KU provides a specific solution for a common failure case (parsing 'dd/MM/yyyy HH:mm:ss') where direct constructor usage fails.",Parsing date strings into Joda-Time objects when standard constructors fail due to format mismatches.,"Using Joda-Time, take a look at DateTimeFormat; it allows parsing both kind of date strings that you mention","Use `DateTimeFormat`: DateTimeFormatter formatter = DateTimeFormat.forPattern(""dd/MM/yyyy HH:mm:ss"");"
jodatime:KU:org.joda.time.DateTime:JODATIME-0043,jodatime:KU:org.joda.time.format.DateTimeFormat:JODATIME-0063,task_related,,llm_quote_grounded,Both KUs demonstrate the use of `DateTimeFormat.forPattern` to create a `DateTimeFormatter` for parsing or printing date strings.,Usage of DateTimeFormat API within Joda-Time context,"DateTimeFormatter f = DateTimeFormat.forPattern(""yyyy-MM-dd HH:mm:ss"");","DateTimeFormatter dateTimeFormatter = DateTimeFormat.forPattern(""yyyy-MM-dd HH:mm:ss"");"
jodatime:KU:org.joda.time.DateTime:JODATIME-0049,jodatime:KU:org.joda.time.DateTime:JODATIME-0060,complements,,llm_quote_grounded,"The first KU describes reading time fields (getters), while the second KU describes modifying those same fields via property methods (setCopy/addToCopy). Together they cover the full lifecycle of accessing and manipulating DateTime properties.",DateTime field access and modification,Another set of properties access fields representing intra-day durations for time calculations.,"One way to do this is to use methods on properties. To return to our prior example, if we wish to modify the `dt` object by changing its day-of-week field to Monday we can do so by using the `setCopy` method of the property"
jodatime:KU:org.joda.time.DateTime:JODATIME-0068,jodatime:KU:org.joda.time.DateTime:JODATIME-0049,task_related,,llm_quote_grounded,Both KUs describe fundamental operations on the `DateTime` class: construction (creating an instance) and field access (reading values from an instance). They are related as core usage patterns for the same API.,Basic DateTime usage,A datetime object is created by using a `DateTime` constructor.,Another set of properties access fields representing intra-day durations for time calculations.
jodatime:KU:org.joda.time.DateTime:JODATIME-0084,jodatime:KU:org.joda.time.DateTime:JODATIME-0049,complements,,llm_quote_grounded,"The first KU introduces the concept of `DateTime` as an immutable representation of an instant and mentions that methods act as getters for common fields. The second KU provides the specific examples of those getter methods (`getHourOfDay`, etc.) for time fields, detailing the 'common date and time fields' mentioned in the first KU.",DateTime immutability and field access,"To assist with this, methods are provided on `DateTime` that act as getters for the most common date and time fields.","Thus to compute the hours, minutes and seconds of the instant represented by a `DateTime`, we would write int hour = dt.getHourOfDay(), int min = dt.getMinuteOfHour(), int sec = dt.getSecondOfMinute()"
jodatime:KU:org.joda.time.DateTime:JODATIME-0049,jodatime:KU:org.joda.time.DateTime:JODATIME-0090,task_related,,llm_quote_grounded,"The first KU explains how to read minute fields from a DateTime. The second KU solves a specific task (rounding to nearest X minutes) that relies on understanding and manipulating these minute fields, using property methods like `hourOfDay().roundFloorCopy()` which are extensions of the basic field access described in the first KU.",Manipulating time fields,Again each of these has a corresponding property method for more complex manipulation.,"final DateTime hour = dateTime.hourOfDay().roundFloorCopy(); final long millisSinceHour = new Duration(hour, dateTime).getMillis(); final int roundedMinutes = ((int)Math.round( millisSinceHour / 60000.0 / minutes)) * minutes;"
jodatime:KU:org.joda.time.DateTime:JODATIME-0049,jodatime:KU:org.joda.time.DateTimeZone#getAvailableIDs():JODATIME-0011,contrasts_with,,llm_quote_grounded,"The first KU focuses on accessing local time fields (hours, minutes) which depend on the timezone/chronology context. The second KU focuses on managing the timezone itself (changing zones, getting IDs). They contrast the view of DateTime as a container of local field values versus a container of absolute instants whose representation changes with timezone.",Local fields vs Timezone management,"compute the hours, minutes and seconds of the instant represented by a `DateTime`","The resulting value `dtLondon` has the same absolute millisecond time, but a different set of field values."
jodatime:KU:org.joda.time.DateTime:JODATIME-0049,jodatime:KU:org.joda.time.Duration:JODATIME-0044,complements,,llm_quote_grounded,"The left KU describes accessing time fields (hours, minutes) of a DateTime, which are the components manipulated in the right KU's algorithm for rounding DateTime to nearest X minutes.",When performing time-based calculations or rounding on DateTime objects using field accessors.,"compute the hours, minutes and seconds of the instant represented by a `DateTime`",How to round `DateTime` of `Joda` library to the nearest `X` minutes ?
jodatime:KU:org.joda.time.DateTime:JODATIME-0049,jodatime:KU:org.joda.time.Instant:JODATIME-0002,task_related,,llm_quote_grounded,"Both KUs involve retrieving specific time components (hour, minute) from a DateTime object to represent local time or perform calculations.",Accessing date/time fields from a DateTime instance.,"int hour = dt.getHourOfDay(), int min = dt.getMinuteOfHour()",int hours = dt.getHourOfDay(); int minutes = dt.getMinuteOfHour();
jodatime:KU:org.joda.time.DateTime:JODATIME-0049,jodatime:KU:org.joda.time.Instant:JODATIME-0009,complements,,llm_quote_grounded,"The right KU establishes that DateTime provides getters for common date/time fields, while the left KU details the specific intra-day duration fields (hours, minutes, seconds) available via those getters.",Understanding the API surface of DateTime regarding field access.,Another set of properties access fields representing intra-day durations for time calculations.,methods are provided on `DateTime` that act as getters for the most common date and time fields.
jodatime:KU:org.joda.time.DateTime:JODATIME-0049,jodatime:KU:org.joda.time.MutableDateTime:JODATIME-0077,contrasts_with,,llm_quote_grounded,"The left KU describes reading immutable time fields from DateTime, whereas the right KU describes modifying multiple fields efficiently using MutableDateTime.",Choosing between reading fields from an immutable DateTime vs. modifying fields on a mutable copy.,"compute the hours, minutes and seconds of the instant represented by a `DateTime`","In situations where multiple fields need to be modified, it is more efficient to create a mutable copy of the datetime"
jodatime:KU:org.joda.time.DateTime:JODATIME-0052,jodatime:KU:org.joda.time.Period:JODATIME-0071,task_related,,llm_quote_grounded,"Both KUs address calculating the difference between two dates using Joda-Time, specifically focusing on converting java.util.Date to DateTime and then computing time intervals (days vs months).",Date arithmetic and interval calculation in Java using Joda-Time.,"int days = Days.daysBetween(new DateTime(past), new DateTime(today)).getDays();","DateTime start = new DateTime().withDate(2011, 4, 1); DateTime end = new DateTime().withDate(2011, 6, 30);"
jodatime:KU:org.joda.time.DateTime:JODATIME-0052,jodatime:KU:org.joda.time.PeriodType:JODATIME-0032,task_related,,llm_quote_grounded,"Both KUs involve calculating date differences using Joda-Time. The left KU calculates days between dates, while the right KU calculates months between dates, both relying on DateTime objects as inputs for period calculations.",Calculating temporal differences (days/months) between specific dates using Joda-Time APIs.,"int days = Days.daysBetween(new DateTime(past), new DateTime(today)).getDays();","Period p = new Period(start, end, PeriodType.months().withDaysRemoved());"
jodatime:KU:org.joda.time.DateTime:JODATIME-0054,jodatime:KU:org.joda.time.DateTime:JODATIME-0075,complements,,llm_quote_grounded,"The left KU provides a simple method to get the first day of the next month using `plusMonths(1).withDayOfMonth(1)`. The right KU explains why this approach (or similar month arithmetic) can be tricky if not anchored to the start of the month, providing context on how `plusMonths` behaves with end-of-month dates, thus complementing the safe usage shown in the left KU.",Month arithmetic and boundary conditions in Joda-Time.,LocalDate d1 = today.plusMonths(1).withDayOfMonth(1);,The correct way to iterate over the end of month is to iterate over the first day of then month and the subtract one day
jodatime:KU:org.joda.time.DateTime:JODATIME-0054,jodatime:KU:org.joda.time.DateTimeConstants:JODATIME-0045,task_related,,llm_quote_grounded,"Both KUs demonstrate how to perform calendar calculations (finding specific days like 'first day of next month' vs 'last Sunday of month') using Joda-Time's `LocalDate` API, replacing verbose `Calendar` code.",Using Joda-Time LocalDate for calendar-based date manipulation.,"How would you rewrite the method below, which returns the first day of next month, with the `org.joda.time` package in Joda-Time?",What is a clean and elegant way to achieve the same result using `Joda-Time`?
jodatime:KU:org.joda.time.DateTime:JODATIME-0054,jodatime:KU:org.joda.time.LocalDate#year():JODATIME-0055,task_related,,llm_quote_grounded,Both KUs involve manipulating `LocalDate` objects to find specific dates within a month/year structure. The left KU finds the first day of the next month; the right KU finds the last Sunday of a given month. Both use fluent `LocalDate` methods.,Fluent date manipulation using Joda-Time LocalDate.,LocalDate d1 = today.plusMonths(1).withDayOfMonth(1);,"LocalDate date = new LocalDate(year, month, 1).dayOfMonth() .withMaximumValue() .dayOfWeek() .setCopy(day_of_week);"
jodatime:KU:org.joda.time.DateTime:JODATIME-0060,jodatime:KU:org.joda.time.DateTime:JODATIME-0068,task_related,,llm_quote_grounded,"Both KUs describe fundamental operations on the DateTime class: JODATIME-0068 covers construction (creating an instance), while JODATIME-0060 covers modification (changing fields of an existing instance). Together they represent the lifecycle of manipulating a DateTime object.",General usage of org.joda.time.DateTime for creating and modifying date/time instances.,"One way to do this is to use methods on properties. To return to our prior example, if we wish to modify the `dt` object by changing its day-of-week field to Monday we can do so by using the `setCopy` method of the property","A datetime object is created by using a `DateTime` constructor. The default constructor is used as follows DateTime dt = new DateTime(), and creates a datetime object representing the current date and time"
jodatime:KU:org.joda.time.DateTime:JODATIME-0060,jodatime:KU:org.joda.time.DateTime:JODATIME-0069,contrasts_with,,llm_quote_grounded,"JODATIME-0060 describes modifying specific calendar fields (like day-of-week) within the same chronology, whereas JODATIME-0069 describes changing the entire chronology (calendar system) of the DateTime object, which alters how all fields are interpreted.",Different types of 'changes' applied to a DateTime object: field-level modification vs. global chronology change.,if we wish to modify the `dt` object by changing its day-of-week field to Monday we can do so by using the `setCopy` method of the property,The `DateTime` class also has one method for changing calendars. This allows you to change the calendar for a given moment in time.
jodatime:KU:org.joda.time.DateTime:JODATIME-0060,jodatime:KU:org.joda.time.DateTimeConstants:JODATIME-0045,complements,,llm_quote_grounded,"The left KU describes the general mechanism for modifying date fields using `setCopy` and `addToCopy`. The right KU provides a concrete, complex application of these methods (specifically `dayOfWeek().setCopy()` and `dayOfWeek().addToCopy()`) to solve a specific problem (finding the last Sunday of a month), demonstrating how the general API usage is applied in practice.",Applying DateTime property modification methods to LocalDate calculations involving day-of-week constants.,"To return to our prior example, if we wish to modify the `dt` object by changing its day-of-week field to Monday we can do so by using the `setCopy` method of the property",.dayOfWeek() .setCopy(day_of_week); if(date.getMonthOfYear() != month) { return date.dayOfWeek().addToCopy(-7); }
jodatime:KU:org.joda.time.DateTime:JODATIME-0060,jodatime:KU:org.joda.time.DateTimeConstants:JODATIME-0061,contrasts_with,,llm_quote_grounded,The left KU demonstrates modifying a `DateTime` object's day-of-week using the property-based `setCopy` method. The right KU suggests using `LocalDate.withDayOfWeek` as an alternative approach for finding specific days of the week. These represent different API patterns (property chain vs direct method) for achieving similar goals on related types.,Comparison between DateTime property modification (`setCopy`) and LocalDate direct setting (`withDayOfWeek`).,if we wish to modify the `dt` object by changing its day-of-week field to Monday we can do so by using the `setCopy` method of the property,Try LocalDate.withDayOfWeek: LocalDate now = new LocalDate(); System.out.println(now.withDayOfWeek(DateTimeConstants.MONDAY));
jodatime:KU:org.joda.time.DateTime:JODATIME-0060,jodatime:KU:org.joda.time.LocalDate#year():JODATIME-0055,complements,,llm_quote_grounded,"The left KU explains the general concept of modifying fields via properties like `dayOfWeek().setCopy()`. The right KU shows a practical implementation of this concept on a `LocalDate`, specifically chaining `.dayOfMonth().withMaximumValue().dayOfWeek().setCopy(...)`, illustrating how the described pattern is used in real code.",General explanation of DateTime property modification vs specific usage in LocalDate calculation.,One way to do this is to use methods on properties.,"LocalDate date = new LocalDate(year, month, 1).dayOfMonth() .withMaximumValue() .dayOfWeek() .setCopy(day_of_week);"
jodatime:KU:org.joda.time.DateTime:JODATIME-0060,jodatime:KU:org.joda.time.LocalDate.Property#addToCopy(int):JODATIME-0033,complements,,llm_quote_grounded,"The left KU introduces the `addToCopy` method for adding to a date field. The right KU provides a concrete example of using `addToCopy` (specifically `date.dayOfWeek().addToCopy(-7)`) to adjust a date backwards by a week, demonstrating the utility described in the left KU.",Introduction of addToCopy method vs its application in adjusting dates.,To add to a date you could use the `addToCopy` method.,return date.dayOfWeek().addToCopy(-7);
jodatime:KU:org.joda.time.DateTime:JODATIME-0060,jodatime:KU:org.joda.time.LocalDate.Property#setCopy(int):JODATIME-0046,complements,,llm_quote_grounded,"The left KU explains using `setCopy` to modify a field value. The right KU shows a specific instance of this pattern where `setCopy` is used to set the day of the week to a target constant, reinforcing the general instruction with a concrete use case.",General instruction on setCopy vs specific usage in LocalDate logic.,we can do so by using the `setCopy` method of the property,.dayOfWeek() .setCopy(day_of_week);
jodatime:KU:org.joda.time.DateTime:JODATIME-0064,jodatime:KU:org.joda.time.DateTime:JODATIME-0069,task_related,,llm_quote_grounded,Both KUs demonstrate how to modify a DateTime instance using 'with' methods (withYear/withWeekOfWeekyear vs withChronology) to derive a new date/time value.,DateTime modification via immutable copy-on-write pattern,DateTime dt = new DateTime() .withYear(year) .withWeekOfWeekyear(weekOfYear) .withDayOfWeek(weekDay);,DateTime dtBuddhist = dt.withChronology(BuddhistChronology.getInstance())
jodatime:KU:org.joda.time.DateTime:JODATIME-0064,jodatime:KU:org.joda.time.DateTime:JODATIME-0082,task_related,,llm_quote_grounded,Both KUs involve creating a DateTime object and then formatting it for output using DateTimeFormat.forPattern and print().,DateTime creation and string formatting,"DateTimeFormatter dateTimeFormatter = DateTimeFormat.forPattern(""yyMMdd""); System.out.println(dateTimeFormatter.print(dt));","DateTimeFormatter dtfOut = DateTimeFormat.forPattern(""MM/dd/yyyy""); // Printing the date System.out.println(dtfOut.print(jodatime));"
jodatime:KU:org.joda.time.DateTime:JODATIME-0064,jodatime:KU:org.joda.time.format.DateTimeFormat:JODATIME-0013,task_related,,llm_quote_grounded,"Both KUs involve using DateTimeFormat to handle date/time objects, one for printing a constructed DateTime and the other for parsing a string into a DateTime.",Usage of org.joda.time.format.DateTimeFormat in Joda-Time operations.,"DateTimeFormatter dateTimeFormatter = DateTimeFormat.forPattern(""yyMMdd"");","Use `DateTimeFormat`: DateTimeFormatter formatter = DateTimeFormat.forPattern(""dd/MM/yyyy HH:mm:ss"");"
jodatime:KU:org.joda.time.DateTime:JODATIME-0064,jodatime:KU:org.joda.time.format.DateTimeFormat:JODATIME-0016,task_related,,llm_quote_grounded,Both KUs demonstrate creating a DateTimeFormatter via DateTimeFormat.forPattern to format or print a DateTime object.,Formatting DateTime objects using pattern-based formatters.,"DateTimeFormatter dateTimeFormatter = DateTimeFormat.forPattern(""yyMMdd"");",Create a `DateTimeFormatter` using `DateTimeFormat.forPattern(String)`
jodatime:KU:org.joda.time.DateTime:JODATIME-0064,jodatime:KU:org.joda.time.format.DateTimeFormat:JODATIME-0042,complements,,llm_quote_grounded,"The left KU uses DateTimeFormat.forPattern to create a formatter, while the right KU explains that this factory method is used for custom formatters described by patterns.",Creation of DateTimeFormatter instances from patterns.,"DateTimeFormatter dateTimeFormatter = DateTimeFormat.forPattern(""yyMMdd"");","If you need a custom formatter which can be described in terms of a format pattern, you can use the factory method provided by the `DateTimeFormat` class."
jodatime:KU:org.joda.time.DateTime:JODATIME-0068,jodatime:KU:org.joda.time.DateTime:JODATIME-0069,task_related,,llm_quote_grounded,Both KUs describe aspects of working with DateTime objects: construction (left) and changing chronology/calendar (right).,General usage and manipulation of org.joda.time.DateTime instances.,A datetime object is created by using a `DateTime` constructor.,The `DateTime` class also has one method for changing calendars.
jodatime:KU:org.joda.time.DateTime:JODATIME-0068,jodatime:KU:org.joda.time.DateTime:JODATIME-0084,complements,,llm_quote_grounded,"The construction KU explains how to create DateTime objects, while the Instants KU provides the underlying definition of what a DateTime represents (an instant in milliseconds) and its immutability properties.",Understanding the nature and creation of DateTime objects.,A datetime object is created by using a `DateTime` constructor.,An Instant is defined as a moment in the datetime continuum specified as a number of milliseconds from 1970-01-01T00:00Z.
jodatime:KU:org.joda.time.DateTime:JODATIME-0068,jodatime:KU:org.joda.time.DateTime:JODATIME-0085,complements,,llm_quote_grounded,"The construction KU describes general constructors for DateTime, while the JDK Interoperability KU details specific constructors that accept JDK Date/Calendar objects, extending the construction capabilities.",Creating DateTime instances from various sources including JDK types.,`DateTime` also provides other constructors to create a specific date and time using a variety of standard fields.,"The `DateTime` class has a constructor which takes an `Object` as input. In particular this constructor can be passed a JDK `Date`, JDK `Calendar` or JDK `GregorianCalendar`"
jodatime:KU:org.joda.time.DateTime:JODATIME-0068,jodatime:KU:org.joda.time.DateTime:JODATIME-0086,constrains,,llm_quote_grounded,"The Manipulating DateTimes KU constrains the usage of constructed DateTime objects by enforcing immutability, meaning modifications require creating new instances rather than changing existing ones.",Post-construction behavior and modification of DateTime objects.,A datetime object is created by using a `DateTime` constructor.,"`DateTime` objects have value semantics, and cannot be modified after construction (they are immutable)."
jodatime:KU:org.joda.time.DateTime:JODATIME-0068,jodatime:KU:org.joda.time.DateTimeZone#getAvailableIDs():JODATIME-0011,task_related,,llm_quote_grounded,"Both KUs relate to the task of handling time zones during DateTime operations; one covers construction with default/specific time zones, the other covers retrieving available IDs for zone manipulation.",Time zone management in Joda-Time.,It is constructed using the ISO calendar in the default time zone.,"A set of all TimeZone ID strings (such as "",Europe/London"",) may be obtained by calling `DateTimeZone.getAvailableIDs()`."
jodatime:KU:org.joda.time.DateTime:JODATIME-0068,jodatime:KU:org.joda.time.Instant:JODATIME-0009,complements,,llm_quote_grounded,"The construction KU shows how to create DateTime objects, while the Instant KU defines the fundamental concept (milliseconds since epoch) that underpins these objects and identifies DateTime as the main implementation.",Conceptual understanding of DateTime's basis in Instant.,creates a datetime object representing the current date and time in milliseconds as determined by the system clock.,An Instant is defined as a moment in the datetime continuum specified as a number of milliseconds from 1970-01-01T00:00Z.
jodatime:KU:org.joda.time.DateTime:JODATIME-0068,jodatime:KU:org.joda.time.MutableDateTime:JODATIME-0067,contrasts_with,,llm_quote_grounded,"The construction KU describes creating immutable DateTime objects, contrasting with MutableDateTime which allows modification and is not thread-safe.",Immutability vs mutability of datetime classes.,A datetime object is created by using a `DateTime` constructor.,A companion mutable class to `DateTime` is `MutableDateTime`. Objects of this class can be modified and are not thread-safe.
jodatime:KU:org.joda.time.DateTime:JODATIME-0068,jodatime:KU:org.joda.time.chrono.BuddhistChronology#getInstance():JODATIME-0094,task_related,,llm_quote_grounded,"Both KUs address the use of chronologies/calendars in DateTime operations; one mentions constructing with any calendar, the other demonstrates changing the chronology of an existing instance.",Calendar/Chronology support in DateTime.,This also permits the use of any calendar and timezone.,The `DateTime` class also has one method for changing calendars.
jodatime:KU:org.joda.time.DateTime:JODATIME-0068,jodatime:KU:org.joda.time.format.DateTimeFormat:JODATIME-0013,constrains,,llm_quote_grounded,"The DateTime constructor requires ISO8601 format, which constrains the input string and necessitates using DateTimeFormat for non-ISO patterns.",Parsing date strings into DateTime objects,The initialization string must be in a format that is compatible with the ISO8601 standard.,"But I'm getting the following error : Invalid format: ""04/02/2011 14:42:17"" is malformed at ""/02/2011 14:42:17"""
jodatime:KU:org.joda.time.DateTime:JODATIME-0068,jodatime:KU:org.joda.time.format.DateTimeFormat:JODATIME-0016,complements,,llm_quote_grounded,"DateTime construction via constructor handles ISO8601, while DateTimeFormat complements this by handling custom pattern parsing and formatting.",Creating and manipulating DateTime objects from/to strings,"To create a datetime object representing a specific date and time, you may use an initialization string",Create a `DateTimeFormatter` using `DateTimeFormat.forPattern(String)`
jodatime:KU:org.joda.time.DateTime:JODATIME-0068,jodatime:KU:org.joda.time.format.ISODateTimeFormat:JODATIME-0095,task_related,,llm_quote_grounded,Both units address the creation or representation of DateTime objects using the ISO8601 standard.,ISO8601 compliance in DateTime operations,The initialization string must be in a format that is compatible with the ISO8601 standard.,Support for standard formats based on ISO8601 is provided by the `ISODateTimeFormat` class.
jodatime:KU:org.joda.time.DateTime:JODATIME-0069,jodatime:KU:org.joda.time.format.DateTimeFormat:JODATIME-0036,complements,,llm_quote_grounded,"The left KU explains the immutable nature of DateTime methods (returning new instances), which is the underlying principle required to correctly use the chained `with...` methods shown in the right KU's solution.",When constructing or modifying DateTime objects using `with` methods.,DateTime dtBuddhist = dt.withChronology(BuddhistChronology.getInstance()),"JodaTime returns a changed copy, so do: DateTime dt = new DateTime() .withYear(year) .withWeekOfWeekyear(weekOfYear) .withDayOfWeek(weekDay);"
jodatime:KU:org.joda.time.DateTime:JODATIME-0073,jodatime:KU:org.joda.time.DateTime:JODATIME-0075,task_related,,llm_quote_grounded,"Both KUs address common pitfalls and correct usage patterns for manipulating `DateTime` objects, specifically regarding time zone/chronology conversion issues and month arithmetic edge cases.",General usage and troubleshooting of the `org.joda.time.DateTime` class.,How to convert from java.util.date to JodaTime and get same date,Adding one month to date fails using Joda-Time DateTime in Java
jodatime:KU:org.joda.time.DateTime:JODATIME-0073,jodatime:KU:org.joda.time.DateTime:JODATIME-0082,task_related,,llm_quote_grounded,Both KUs provide solutions for specific data handling tasks involving the `DateTime` class: converting legacy `java.util.Date` objects and formatting/parsing string representations.,Input/Output operations and type conversions for `org.joda.time.DateTime`.,Convert from java.util.date to JodaTime,How to format Joda-Time DateTime to only mm/dd/yyyy?
jodatime:KU:org.joda.time.DateTime:JODATIME-0086,jodatime:KU:org.joda.time.DateTime:JODATIME-0075,constrains,,llm_quote_grounded,"The immutability constraint described in JODATIME-0086 explains why the user in JODATIME-0075 must reassign variables (e.g., `startOfMonth = startOfMonth.plusMonths(1)`) to see changes, and warns against the common mistake of ignoring the return value.",When using DateTime manipulation methods like plusMonths() or with*(),"`DateTime` objects have value semantics, and cannot be modified after construction (they are immutable).",startOfMonth = startOfMonth.plusMonths(1);
jodatime:KU:org.joda.time.Period:JODATIME-0059,jodatime:KU:org.joda.time.DateTime:JODATIME-0075,complements,,llm_quote_grounded,The Period documentation explains the underlying mechanism (inexact resolution relative to an instant) that causes the specific date reconciliation behavior observed in the DateTime example.,When adding calendar-based periods (like months) to instants where field values exceed the target unit's capacity.,consider a period of 1 month. If you add this period to the 1st February (ISO) then you will get the 1st March. If you add the same period to the 1st March you will get the 1st April. But the duration added (in milliseconds) in these two cases is very different.,"If you add ""one month"" to January 31st, the software can't guess what you want to achieve, so it adds increments the month which gives you February, 31st - which isn't valid. The next step is then to reconcile the date"
jodatime:KU:org.joda.time.DateTime:JODATIME-0082,jodatime:KU:org.joda.time.DateTime:JODATIME-0091,task_related,,llm_quote_grounded,Both KUs demonstrate the use of `DateTimeFormat.forPattern` to create a `DateTimeFormatter` for printing or parsing Joda-Time `DateTime` objects.,General usage of Joda-Time formatting APIs on DateTime objects.,Create a `DateTimeFormatter` using `DateTimeFormat.forPattern(String)`,"DateTimeFormatter dateTimeFormatter = DateTimeFormat.forPattern(""yyyy-MM-dd HH:mm:ss"");"
jodatime:KU:org.joda.time.DateTime:JODATIME-0082,jodatime:KU:org.joda.time.format.DateTimeFormat:JODATIME-0013,complements,,llm_quote_grounded,"The left KU shows how to format a DateTime object to a string, while the right KU shows how to parse a string into a DateTime object. Together they cover the bidirectional conversion workflow using `DateTimeFormat`.",String-to-DateTime and DateTime-to-String conversions in Joda-Time.,// Printing the date System.out.println(dtfOut.print(jodatime));,DateTime dt = formatter.parseDateTime(string);
jodatime:KU:org.joda.time.DateTime:JODATIME-0082,jodatime:KU:org.joda.time.format.DateTimeFormat:JODATIME-0036,task_related,,llm_quote_grounded,Both KUs utilize `DateTimeFormat.forPattern` to instantiate a `DateTimeFormatter` which is then used to print a `DateTime` object.,Printing DateTime objects using custom patterns.,"DateTimeFormatter dtfOut = DateTimeFormat.forPattern(""MM/dd/yyyy""); // Printing the date System.out.println(dtfOut.print(jodatime));","DateTimeFormatter dateTimeFormatter = DateTimeFormat.forPattern(""yyMMdd""); System.out.println(dateTimeFormatter.print(dt));"
jodatime:KU:org.joda.time.DateTime:JODATIME-0082,jodatime:KU:org.joda.time.format.DateTimeFormat:JODATIME-0042,complements,,llm_quote_grounded,The left KU provides a specific use case (formatting DateTime) that relies on the factory method `DateTimeFormat.forPattern` described in the right KU.,When creating formatters for parsing and printing dates using pattern strings.,Create a `DateTimeFormatter` using `DateTimeFormat.forPattern(String)`,you can use the factory method provided by the `DateTimeFormat` class.
jodatime:KU:org.joda.time.DateTime:JODATIME-0082,jodatime:KU:org.joda.time.format.DateTimeFormat:JODATIME-0063,task_related,,llm_quote_grounded,"Both KUs demonstrate the usage of `DateTimeFormat.forPattern` to create formatters for printing or parsing `DateTime` objects, albeit for different tasks (formatting vs random generation).",Usage of Joda-Time formatting APIs with DateTime objects.,"DateTimeFormatter dtf = DateTimeFormat.forPattern(""MM/dd/yyyy HH:mm:ss"");","DateTimeFormatter dateTimeFormatter = DateTimeFormat.forPattern(""yyyy-MM-dd HH:mm:ss"");"
jodatime:KU:org.joda.time.DateTime:JODATIME-0082,jodatime:KU:org.joda.time.format.DateTimeFormatter#withLocale(java.util.Locale):JODATIME-0020,constrains,,llm_quote_grounded,"The right KU explains that formatters are immutable and locale-specific behavior requires calling `withLocale`, which constrains how the formatter created in the left KU should be modified if localization is needed.",Modifying formatters for locale-specific output.,"DateTimeFormatter dtfOut = DateTimeFormat.forPattern(""MM/dd/yyyy"");","Formatters are immutable, so the original is not altered by the `withLocale` method."
jodatime:KU:org.joda.time.DateTime:JODATIME-0082,jodatime:KU:org.joda.time.format.DateTimeFormatterBuilder#appendTwoDigitYear(int):JODATIME-0051,contrasts_with,,llm_quote_grounded,"The left KU uses simple pattern-based formatting (`forPattern`), while the right KU describes programmatic building via `DateTimeFormatterBuilder` for complex cases like two-digit years, highlighting an alternative approach.",Methods for creating DateTimeFormatters.,"DateTimeFormatter dtf = DateTimeFormat.forPattern(""MM/dd/yyyy HH:mm:ss"");","if you have a format that is not easily represented by a pattern string, Joda Time architecture exposes a builder class"
jodatime:KU:org.joda.time.DateTime:JODATIME-0082,jodatime:KU:org.joda.time.format.DateTimeFormatterBuilder#toFormatter():JODATIME-0050,contrasts_with,,llm_quote_grounded,"The left KU demonstrates standard pattern-based formatter creation, whereas the right KU details the builder pattern's final step (`toFormatter`) for programmatically defined formats.",Formatter construction strategies.,"DateTimeFormatter dtf = DateTimeFormat.forPattern(""MM/dd/yyyy HH:mm:ss"");",The final `toFormatter` method creates the actual formatter that will be used to print/parse.
jodatime:KU:org.joda.time.DateTime:JODATIME-0082,jodatime:KU:org.joda.time.format.ISODateTimeFormat:JODATIME-0095,contrasts_with,,llm_quote_grounded,"The left KU uses custom patterns via `DateTimeFormat.forPattern`, while the right KU introduces `ISODateTimeFormat` as a source of standard ISO8601 formatters, offering an alternative to manual pattern definition.",Sources for obtaining DateTimeFormatters.,"DateTimeFormatter dtf = DateTimeFormat.forPattern(""MM/dd/yyyy HH:mm:ss"");",Support for standard formats based on ISO8601 is provided by the `ISODateTimeFormat` class.
jodatime:KU:org.joda.time.DateTime:JODATIME-0084,jodatime:KU:org.joda.time.DateTime:JODATIME-0085,complements,,llm_quote_grounded,"The left KU defines `DateTime` as an instant representation compatible with JDK concepts, while the right KU details the specific methods and constructors for interoperating between Joda `DateTime` and JDK `Date`/`Calendar`.",Interoperability between Joda-Time and Java Standard Library date classes.,This definition of milliseconds is consistent with that of the JDK in `Date` or `Calendar`. Interoperating between the two APIs is thus simple.,"The `DateTime` class has a constructor which takes an `Object` as input. In particular this constructor can be passed a JDK `Date`, JDK `Calendar` or JDK `GregorianCalendar`"
jodatime:KU:org.joda.time.DateTime:JODATIME-0084,jodatime:KU:org.joda.time.DateTime:JODATIME-0086,complements,,llm_quote_grounded,"The left KU establishes that `DateTime` is immutable, while the right KU explains the consequence of this immutability: manipulation requires constructing new instances rather than modifying existing ones.",Handling and modifying DateTime objects.,DateTime is immutable - and once created the values do not change.,"`DateTime` objects have value semantics, and cannot be modified after construction (they are immutable). Therefore, most simple manipulation of a datetime object involves construction of a new datetime as a modified copy of the original."
jodatime:KU:org.joda.time.DateTime:JODATIME-0084,jodatime:KU:org.joda.time.DateTime:JODATIME-0087,complements,,llm_quote_grounded,"The left KU defines the fundamental concept of an Instant and DateTime, while the right KU applies this concept to solve a specific problem (LocalDate intervals) by explaining how DateMidnight (an instant) integrates with Interval.",Understanding how Joda-Time's instant-based architecture supports interval operations for date-only scenarios.,Other implementations of `ReadableInstant` include `Instant` and `DateMidnight`.,DateMidnight is such an instant. So your proposed implementation of an interval for DateMidnights is allready there.
jodatime:KU:org.joda.time.Duration:JODATIME-0010,jodatime:KU:org.joda.time.DateTime:JODATIME-0084,constrains,,llm_quote_grounded,"The Duration KU specifies that durations are added to instants to produce new instants, relying on the definition of an instant provided in the DateTime KU.",Arithmetic operations involving Durations and Instants.,"`Durations` can be added to an instant, or to either end of an interval to change those objects. In datetime maths you could say: instant + duration = instant",An Instant is defined as a moment in the datetime continuum specified as a number of milliseconds from 1970-01-01T00:00Z.
jodatime:KU:org.joda.time.DateTime:JODATIME-0084,jodatime:KU:org.joda.time.Instant:JODATIME-0009,task_related,,llm_quote_grounded,"Both KUs describe the same core concept of 'Instants' in Joda-Time, defining them as milliseconds since epoch and listing DateTime and Instant as implementations.",Definition and representation of time instants in Joda-Time.,## Instants The most frequently used concept in Joda-Time is that of the instant. An Instant is defined as a moment in the datetime continuum specified as a number of milliseconds from 1970-01-01T00:00Z.,## Instants The most frequently used concept in Joda-Time is that of the `Instant`. An Instant is defined as a moment in the datetime continuum specified as a number of milliseconds from 1970-01-01T00:00Z.
jodatime:KU:org.joda.time.DateTime:JODATIME-0084,jodatime:KU:org.joda.time.Interval:JODATIME-0053,complements,,llm_quote_grounded,"The left KU establishes that DateMidnight is an implementation of ReadableInstant, which the right KU uses to explain why Interval works for date ranges without explicit time components.",Using Interval for date-only ranges via DateMidnight.,Other implementations of `ReadableInstant` include `Instant` and `DateMidnight`.,DateMidnight is such an instant. So your proposed implementation of an interval for DateMidnights is allready there.
jodatime:KU:org.joda.time.Interval:JODATIME-0058,jodatime:KU:org.joda.time.DateTime:JODATIME-0084,constrains,,llm_quote_grounded,"The Interval KU defines intervals based on instants, requiring the user to understand the nature of an instant as defined in the DateTime KU.",Construction and semantics of Intervals.,"An `Interval` in Joda-Time represents an interval of time from one instant to another instant. Both instants are fully specified instants in the datetime continuum, complete with time zone.",An Instant is defined as a moment in the datetime continuum specified as a number of milliseconds from 1970-01-01T00:00Z.
jodatime:KU:org.joda.time.DateTime:JODATIME-0084,jodatime:KU:org.joda.time.MutableDateTime:JODATIME-0067,contrasts_with,,llm_quote_grounded,"The left KU describes DateTime as immutable and thread-safe, while the right KU (which contains identical text but is associated with MutableDateTime API node) highlights MutableDateTime as mutable and not thread-safe, presenting a contrast in mutability and concurrency safety.",Comparison between immutable and mutable instant representations.,"DateTime is immutable - and once created the values do not change. Thus, this class can safely be passed around and used in multiple threads without synchronization.",A companion mutable class to `DateTime` is `MutableDateTime`. Objects of this class can be modified and are not thread-safe.
jodatime:KU:org.joda.time.DateTime:JODATIME-0084,jodatime:KU:org.joda.time.MutableDateTime:JODATIME-0077,complements,,llm_quote_grounded,"The left KU introduces MutableDateTime as a companion to DateTime, while the right KU provides specific usage patterns for MutableDateTime, showing how to convert between the two.",Usage workflow involving conversion between DateTime and MutableDateTime.,A companion mutable class to `DateTime` is `MutableDateTime`.,"MutableDateTime mdt = dt.toMutableDateTime(), // perform various calculations on mdt ... DateTime result = mdt.toDateTime(),"
jodatime:KU:org.joda.time.Period:JODATIME-0059,jodatime:KU:org.joda.time.DateTime:JODATIME-0084,constrains,,llm_quote_grounded,"The Period KU states that periods must be resolved relative to an instant (including chronology/timezone), which relies on the definition of an instant provided in the DateTime KU.",Resolution of Periods to exact millisecond durations.,A period can only be resolved to an exact number of milliseconds by specifying the instant (including chronology and time zone) it is relative to.,An Instant is defined as a moment in the datetime continuum specified as a number of milliseconds from 1970-01-01T00:00Z.
jodatime:KU:org.joda.time.DateTime:JODATIME-0084,jodatime:KU:org.joda.time.chrono.ISOChronology:JODATIME-0093,complements,,llm_quote_grounded,"The DateTime KU states that the millisecond instant is converted to date/time fields using a Chronology, while the ISOChronology KU explains that this chronology defaults to ISOChronology for most applications.",When interpreting or converting DateTime instances without explicitly specifying a calendar system.,The millisecond instant can be converted to any date time field using a `Chronology`.,"For most applications, the Chronology can be ignored as it will default to the `ISOChronology`."
jodatime:KU:org.joda.time.DateTime:JODATIME-0085,jodatime:KU:org.joda.time.MutableDateTime:JODATIME-0067,task_related,,llm_quote_grounded,"Both KUs discuss the `DateTime` class and its relationship with JDK interoperability or Joda-Time core concepts, providing complementary information about how `DateTime` functions within the library.",General usage of DateTime in Joda-Time context,The `DateTime` class has a constructor which takes an `Object` as input.,"The main implementation of this interface, and the class that the average API user needs to be most familiar with, is `DateTime`."
jodatime:KU:org.joda.time.DateTime:JODATIME-0085,jodatime:KU:org.joda.time.chrono.BuddhistChronology#getInstance():JODATIME-0094,task_related,,llm_quote_grounded,"Both KUs describe operations on the `DateTime` object. The first covers conversion to/from JDK types, while the second covers changing the chronology (calendar system) of a `DateTime`. They represent different manipulation tasks for the same class.",Manipulation of DateTime instances,Thus inter-conversion between Joda `DateTime` and JDK `Date` can be performed as follows,The `DateTime` class also has one method for changing calendars.
jodatime:KU:org.joda.time.DateTime:JODATIME-0086,jodatime:KU:org.joda.time.DateTime:JODATIME-0087,constrains,,llm_quote_grounded,"The left KU establishes that `DateTime` objects are immutable and require creating new copies for modification. The right KU discusses using `Interval` with `DateMidnight` (which are instants) and notes that `Interval` is based on instants, implicitly relying on the immutability/value semantics described in the left KU for correct handling of time ranges.",Usage patterns involving DateTime and related instant-based classes,"`DateTime` objects have value semantics, and cannot be modified after construction (they are immutable).",The Interval class represents an interval of time from one millisecond instant to another instant
jodatime:KU:org.joda.time.DateTime:JODATIME-0086,jodatime:KU:org.joda.time.DateTime:JODATIME-0090,constrains,,llm_quote_grounded,"The left KU warns that calling methods on an immutable `DateTime` has no effect unless the result is assigned. The right KU provides code examples (`roundFloorCopy`, `plusMinutes`) that correctly follow this constraint by returning new `DateTime` objects rather than modifying existing ones.",Correct implementation of DateTime manipulation methods,Remember that calling an add or set method on an immtable object has no effect on that object - only the result is updated.,return hour.plusMinutes(roundedMinutes);
jodatime:KU:org.joda.time.DateTime:JODATIME-0086,jodatime:KU:org.joda.time.Instant:JODATIME-0009,complements,,llm_quote_grounded,"The Instant KU provides the broader context and definition of DateTime as an immutable implementation of ReadableInstant, complementing the specific manipulation warnings in the DateTime KU.",General Joda-Time architecture and class hierarchy,"`DateTime` objects have value semantics, and cannot be modified after construction (they are immutable).",DateTime is immutable - and once created the values do not change.
jodatime:KU:org.joda.time.DateTime:JODATIME-0086,jodatime:KU:org.joda.time.MutableDateTime:JODATIME-0067,contrasts_with,,llm_quote_grounded,"The DateTime KU emphasizes immutability and copy-on-write semantics, while the MutableDateTime KU introduces a companion mutable class that allows direct modification.",Mutability vs Immutability in Joda-Time instant classes,"`DateTime` objects have value semantics, and cannot be modified after construction (they are immutable).",A companion mutable class to `DateTime` is `MutableDateTime`. Objects of this class can be modified and are not thread-safe.
jodatime:KU:org.joda.time.DateTime:JODATIME-0086,jodatime:KU:org.joda.time.MutableDateTime:JODATIME-0077,complements,,llm_quote_grounded,"The MutableDateTime KU provides the recommended workflow for complex manipulations (create mutable copy, modify, convert back) which addresses the inefficiency or complexity implied by the 'construction of a new datetime' rule in the DateTime KU.",Best practices for modifying DateTime objects,most simple manipulation of a datetime object involves construction of a new datetime as a modified copy of the original.,"In situations where multiple fields need to be modified, it is more efficient to create a mutable copy of the datetime, modify the copy and finally create a new value datetime."
jodatime:KU:org.joda.time.DateTime:JODATIME-0087,jodatime:KU:org.joda.time.Instant:JODATIME-0009,constrains,,llm_quote_grounded,"The left KU explains that Joda-Time's interval concepts are fundamentally based on instants, which constrains the design of any custom LocalDate interval by forcing it to either implement instant-based interfaces (which is discouraged) or avoid them entirely.",Designing custom date-only intervals in Joda-Time,"It would interfere with your wishes, because it is, as stated before, based on instants.",An Instant is defined as a moment in the datetime continuum specified as a number of milliseconds from 1970-01-01T00:00Z.
jodatime:KU:org.joda.time.DateTime:JODATIME-0087,jodatime:KU:org.joda.time.Interval:JODATIME-0022,contrasts_with,,llm_quote_grounded,"The left KU discusses the lack of built-in support for LocalDate intervals and advises against using instant-based interfaces, while the right KU details a specific workaround (LocalTimeInterval) created to handle local time intervals, highlighting the gap between standard Joda-Time capabilities and user needs for local ranges.",Handling local date/time ranges without timezone/absolute instant semantics,However the concept of your searched interval for LocalDates aka a Partial (without timezones) is not yet existent.,"Taking a cue from Joda Time's Interval, which represents an interval in absolute time between two instances (start inclusive, end exclusive), we created a LocalInterval."
jodatime:KU:org.joda.time.DateTime:JODATIME-0087,jodatime:KU:org.joda.time.ReadableInstant:JODATIME-0003,contrasts_with,,llm_quote_grounded,"The left KU argues that implementing instant-based interfaces like ReadableInterval interferes with the goal of having a pure LocalDate range, whereas the right KU demonstrates a practical implementation where a local interval class explicitly converts to an absolute Interval using a ReadableInstant base, showing the tension between local semantics and instant-based APIs.",Integration of local interval types with Joda-Time's instant-based hierarchy,"If you're going to implement it for yourself, don't implement any interval interfaces at all. It would interfere with your wishes, because it is, as stated before, based on instants.",public Interval toInterval(final ReadableInstant baseInstant) { final DateTime start = getStart().toDateTime(baseInstant);
jodatime:KU:org.joda.time.DateTime:JODATIME-0088,jodatime:KU:org.joda.time.Interval:JODATIME-0034,task_related,,llm_quote_grounded,"Both KUs address the task of managing time intervals or schedules, with one focusing on local time constraints and the other on slicing absolute time periods.",Scheduling and time interval management in Joda-Time,We're creating a scheduling application and we need to represent someone's available schedule during the day,I want to make a personal schedule manager using Java and Joda Time.
jodatime:KU:org.joda.time.DateTime:JODATIME-0088,jodatime:KU:org.joda.time.Interval:JODATIME-0053,contrasts_with,,llm_quote_grounded,"The left KU describes a workaround for representing end-of-day (24:00) in LocalTime/LocalInterval contexts, while the right KU explains that standard Interval classes are based on instants and do not support pure LocalDate ranges without timezones.",Representation of date/time ranges and boundaries in Joda-Time,"This throws an exception, because LocalTime cannot hold any hour greater than 23.",However the concept of your searched interval for LocalDates aka a Partial (without timezones) is not yet existent.
jodatime:KU:org.joda.time.DateTime:JODATIME-0090,jodatime:KU:org.joda.time.Duration:JODATIME-0010,complements,,llm_quote_grounded,"The rounding algorithm in the left KU relies on creating a Duration between two instants to calculate milliseconds, which is exactly what the right KU describes as the primary function of Duration.",When implementing time rounding logic that requires precise millisecond differences between DateTime instances.,"final long millisSinceHour = new Duration(hour, dateTime).getMillis();",A `Duration` in Joda-Time represents a duration of time measured in milliseconds. The duration is often obtained from an interval.
jodatime:KU:org.joda.time.DateTime:JODATIME-0090,jodatime:KU:org.joda.time.Duration:JODATIME-0092,constrains,,llm_quote_grounded,"The right KU highlights that Joda's Seconds class throws exceptions for large values due to int limits, implying that when calculating durations (as done in the left KU), one must be careful with data types or use Duration/long instead of Seconds/int for robustness.",Calculating time differences where the span might exceed integer limits or require high precision.,"final long millisSinceHour = new Duration(hour, dateTime).getMillis();",java.lang.ArithmeticException: Value cannot fit in an int: 3584908800
jodatime:KU:org.joda.time.DateTime:JODATIME-0091,jodatime:KU:org.joda.time.Period:JODATIME-0074,task_related,,llm_quote_grounded,"Both KUs address operations involving the difference or interval between two DateTime instances. The left KU generates a random period between two dates, while the right KU explains how to calculate the Period (difference) between two existing dates.",Operations on DateTime intervals/differences,Date2 minus Date1 will be greater than 2 minutes but less than 60minutes,"If you have two DateTime objects, what's a good way to subtract them?"
jodatime:KU:org.joda.time.DateTime:JODATIME-0091,jodatime:KU:org.joda.time.ReadableInstant:JODATIME-0006,task_related,,llm_quote_grounded,"Both KUs involve calculating or defining the time difference between two DateTime objects. The left KU constructs a random duration between start and end times, while the right KU provides the method to compute the Period between two ReadableInstants (which DateTime implements).",Calculating differences/intervals between DateTime objects,Date2 minus Date1 will be greater than 2 minutes but less than 60minutes,"Period has a constructor that takes two `ReadableInstant` instances: Period diff = new Period(start, end);"
jodatime:KU:org.joda.time.DateTime:JODATIME-0091,jodatime:KU:org.joda.time.format.DateTimeFormat:JODATIME-0013,complements,,llm_quote_grounded,The left KU uses `DateTimeFormat.forPattern` to format generated DateTime objects for output. The right KU explains how to use `DateTimeFormat` to parse strings into DateTime objects. Together they cover the formatting and parsing capabilities of the class used in the left KU's solution.,Usage of DateTimeFormat for string conversion,"DateTimeFormatter dateTimeFormatter = DateTimeFormat.forPattern(""yyyy-MM-dd HH:mm:ss"");","Use `DateTimeFormat`: DateTimeFormatter formatter = DateTimeFormat.forPattern(""dd/MM/yyyy HH:mm:ss"");"
jodatime:KU:org.joda.time.DateTime:JODATIME-0091,jodatime:KU:org.joda.time.format.DateTimeFormat:JODATIME-0016,complements,,llm_quote_grounded,"The left KU demonstrates using `DateTimeFormat.forPattern` to create a formatter for printing DateTime objects. The right KU provides a specific example of creating formatters with different patterns for parsing and printing, illustrating the same API usage pattern found in the left KU.",Creating DateTimeFormatters with specific patterns,"DateTimeFormatter dateTimeFormatter = DateTimeFormat.forPattern(""yyyy-MM-dd HH:mm:ss"");",Create a `DateTimeFormatter` using `DateTimeFormat.forPattern(String)`
jodatime:KU:org.joda.time.DateTimeConstants:JODATIME-0045,jodatime:KU:org.joda.time.DateTimeConstants:JODATIME-0061,task_related,,llm_quote_grounded,Both KUs demonstrate using DateTimeConstants (specifically SUNDAY and MONDAY) with LocalDate methods to determine specific days of the week relative to a date.,Usage of DateTimeConstants for day-of-week calculations in Joda-Time.,"System.out.println(getNthOfMonth(DateTimeConstants.SUNDAY, DateTimeConstants.SEP, 2012));",System.out.println(now.withDayOfWeek(DateTimeConstants.MONDAY));
jodatime:KU:org.joda.time.DateTimeConstants:JODATIME-0045,jodatime:KU:org.joda.time.DateTimeConstants:JODATIME-0072,task_related,,llm_quote_grounded,Both KUs use DateTimeConstants.SUNDAY/MONDAY to manipulate or identify specific weekdays within a date range or month context.,Weekday-based date logic using DateTimeConstants.,"getNthOfMonth(DateTimeConstants.SUNDAY, DateTimeConstants.SEP, 2012)",LocalDate thisMonday = startDate.withDayOfWeek(DateTimeConstants.MONDAY);
jodatime:KU:org.joda.time.DateTimeConstants:JODATIME-0045,jodatime:KU:org.joda.time.DateTimeConstants:JODATIME-0081,task_related,,llm_quote_grounded,Both KUs utilize DateTimeConstants for weekend/weekday identification (SUNDAY/SATURDAY) to filter or calculate dates.,Excluding or targeting weekends using DateTimeConstants.,"getNthOfMonth(DateTimeConstants.SUNDAY, DateTimeConstants.SEP, 2012)",if (start.getDayOfWeek() == DateTimeConstants.SATURDAY || start.getDayOfWeek() == DateTimeConstants.SUNDAY)
jodatime:KU:org.joda.time.DateTimeConstants:JODATIME-0061,jodatime:KU:org.joda.time.DateTimeConstants:JODATIME-0072,complements,,llm_quote_grounded,"The first KU shows how to find the Monday of a specific week, which is the foundational step used in the second KU to iterate through all Mondays between two dates.",Finding the start of a weekly cycle for iteration.,now.withDayOfWeek(DateTimeConstants.MONDAY),startDate.withDayOfWeek(DateTimeConstants.MONDAY)
jodatime:KU:org.joda.time.DateTimeConstants:JODATIME-0061,jodatime:KU:org.joda.time.DateTimeConstants:JODATIME-0081,task_related,,llm_quote_grounded,"Both KUs address date manipulation within a week using Joda-Time, specifically utilizing DateTimeConstants for day-of-week identification and LocalDate methods to navigate or set specific days.",Date calculation involving weekly cycles and weekend/weekday distinctions in Joda-Time.,System.out.println(now.withDayOfWeek(DateTimeConstants.MONDAY));,if (start.getDayOfWeek() == DateTimeConstants.SATURDAY || start.getDayOfWeek() == DateTimeConstants.SUNDAY) {
jodatime:KU:org.joda.time.DateTimeConstants:JODATIME-0061,jodatime:KU:org.joda.time.LocalDate#year():JODATIME-0055,task_related,,llm_quote_grounded,Both KUs solve problems related to finding specific dates based on day-of-week constraints (Monday/Sunday) using Joda-Time's LocalDate API and DateTimeConstants.,Calculating specific weekday dates within a given timeframe (week or month).,System.out.println(now.withDayOfWeek(DateTimeConstants.SUNDAY));,"public static void main(String[] args) { System.out.println(getNthOfMonth(DateTimeConstants.SUNDAY, DateTimeConstants.SEP, 2012)); }"
jodatime:KU:org.joda.time.DateTimeConstants:JODATIME-0061,jodatime:KU:org.joda.time.LocalDate.Property#addToCopy(int):JODATIME-0033,complements,,llm_quote_grounded,"The first KU demonstrates setting a day of the week directly, while the second KU uses `addToCopy` on a property to adjust the date after setting the day of the week, showing complementary techniques for date arithmetic.",Manipulating LocalDate instances to find specific weekdays.,LocalDate now = new LocalDate(); System.out.println(now.withDayOfWeek(DateTimeConstants.MONDAY));,return date.dayOfWeek().addToCopy(-7);
jodatime:KU:org.joda.time.DateTimeConstants:JODATIME-0061,jodatime:KU:org.joda.time.LocalDate.Property#setCopy(int):JODATIME-0046,complements,,llm_quote_grounded,"The first KU uses `withDayOfWeek` to set the day, while the second KU uses `setCopy` on the `dayOfWeek` property. These are alternative or complementary ways to achieve similar state changes on a LocalDate object regarding the day of the week.",Setting the day of the week on a LocalDate instance.,now.withDayOfWeek(DateTimeConstants.MONDAY),.dayOfWeek() .setCopy(day_of_week);
jodatime:KU:org.joda.time.DateTimeConstants:JODATIME-0072,jodatime:KU:org.joda.time.DateTimeConstants:JODATIME-0081,contrasts_with,,llm_quote_grounded,"The first KU focuses on iterating through all Mondays between two dates, while the second KU explicitly contrasts this by addressing how to exclude weekends (Saturday/Sunday) from a range, referencing the Monday-specific logic as insufficient for general weekday filtering.",Iterating over date ranges with different filtering criteria (specific day vs. excluding weekends).,I want to get the date for all mondays between these two dates.,I looked at this post Joda time - all mondays between two dates. It offered some guidance but still vague as how to exclude two dates.
jodatime:KU:org.joda.time.DateTimeConstants:JODATIME-0072,jodatime:KU:org.joda.time.LocalDate#year():JODATIME-0055,task_related,,llm_quote_grounded,Both KUs address the task of calculating specific dates (Mondays or Sundays) within a range or month using Joda-Time's LocalDate and DateTimeConstants.,Date calculation tasks involving day-of-week constraints in Joda-Time.,I want to get the date for all mondays between these two dates,Get first/second/last sunday of month
jodatime:KU:org.joda.time.DateTimeConstants:JODATIME-0072,jodatime:KU:org.joda.time.LocalDate.Property#addToCopy(int):JODATIME-0033,task_related,,llm_quote_grounded,"Both KUs involve manipulating LocalDate objects to find specific days of the week, utilizing property methods like addToCopy or plusWeeks.",LocalDate manipulation for weekly/monthly day calculations.,startDate = thisMonday.plusWeeks(1); // start on next monday,return date.dayOfWeek().addToCopy(-7);
jodatime:KU:org.joda.time.DateTimeConstants:JODATIME-0072,jodatime:KU:org.joda.time.LocalDate.Property#setCopy(int):JODATIME-0046,task_related,,llm_quote_grounded,Both KUs demonstrate setting a specific day of the week on a LocalDate object using DateTimeConstants and property setters.,Setting day-of-week values on LocalDate instances.,LocalDate thisMonday = startDate.withDayOfWeek(DateTimeConstants.MONDAY);,.dayOfWeek() .setCopy(day_of_week);
jodatime:KU:org.joda.time.DateTimeConstants:JODATIME-0081,jodatime:KU:org.joda.time.LocalDate#year():JODATIME-0055,task_related,,llm_quote_grounded,Both KUs address date calculation tasks involving specific days of the week (weekends vs. Sundays) using Joda-Time.,Date iteration and selection logic within a range or month.,get everyday exept weekend or Saturday or Sunday between these two dates,Get first/second/last sunday of month
jodatime:KU:org.joda.time.DateTimeConstants:JODATIME-0081,jodatime:KU:org.joda.time.LocalDate.Property#addToCopy(int):JODATIME-0033,task_related,,llm_quote_grounded,"Both KUs involve manipulating LocalDate objects to find specific days of the week, though using different methods (iteration vs. property adjustment).",LocalDate manipulation for day-of-week targeting.,weekday = weekday.plusWeeks(1).withDayOfWeek(DateTimeConstants.MONDAY);,return date.dayOfWeek().addToCopy(-7);
jodatime:KU:org.joda.time.DateTimeConstants:JODATIME-0081,jodatime:KU:org.joda.time.LocalDate.Property#setCopy(int):JODATIME-0046,task_related,,llm_quote_grounded,Both KUs demonstrate setting or adjusting the day of the week on a LocalDate object to achieve a target date.,Setting day-of-week properties on LocalDate instances.,weekday = weekday.plusWeeks(1).withDayOfWeek(DateTimeConstants.MONDAY);,.dayOfWeek() .setCopy(day_of_week);
jodatime:KU:org.joda.time.JodaTimePermission:JODATIME-0078,jodatime:KU:org.joda.time.DateTimeUtils:JODATIME-0031,constrains,,llm_quote_grounded,The security permission system restricts who can change the current time via DateTimeUtils.,Security constraints on modifying global time settings.,"These include changing the time zone handler, changing the current time and changing the converters.","DateTimeUtils.setCurrentMillisFixed(millis), // offset the real time DateTimeUtils.setCurrentMillisOffset(millis),"
jodatime:KU:org.joda.time.Duration:JODATIME-0010,jodatime:KU:org.joda.time.Duration:JODATIME-0044,complements,,llm_quote_grounded,"The tutorial defines Duration as a millisecond-based object, while the Stack Overflow answer demonstrates its practical application in calculating time differences for rounding logic.",Using Duration objects to compute elapsed milliseconds between two DateTime instances.,A `Duration` in Joda-Time represents a duration of time measured in milliseconds.,"final long millisSinceHour = new Duration(hour, dateTime).getMillis();"
jodatime:KU:org.joda.time.Duration:JODATIME-0010,jodatime:KU:org.joda.time.Duration:JODATIME-0092,constrains,,llm_quote_grounded,"The tutorial states Duration consists solely of millisecond duration (long), which constrains the solution in the SO post where using Seconds (int) caused an overflow; the user must use Duration.getMillis() instead.",Handling large time spans that exceed 32-bit integer limits.,consist solely of the millisecond duration,Joda-Time offers methods to access those milliseconds as `long` values.
jodatime:KU:org.joda.time.Duration:JODATIME-0010,jodatime:KU:org.joda.time.Instant:JODATIME-0009,task_related,,llm_quote_grounded,"Both KUs describe core Joda-Time concepts involving milliseconds from epoch; Duration is added to Instants to produce new Instants, linking their definitions and operations.",Basic datetime arithmetic and representation in Joda-Time.,`Durations` can be added to an instant,An Instant is defined as a moment in the datetime continuum specified as a number of milliseconds
jodatime:KU:org.joda.time.Duration:JODATIME-0010,jodatime:KU:org.joda.time.Interval:JODATIME-0058,complements,,llm_quote_grounded,"The Duration KU explains that durations are often obtained from intervals, while the Interval KU defines the structure (start/end instants) from which such durations are derived.",Deriving a Duration object from an Interval object.,The duration is often obtained from an interval.,An `Interval` in Joda-Time represents an interval of time from one instant to another instant.
jodatime:KU:org.joda.time.Duration:JODATIME-0010,jodatime:KU:org.joda.time.Period:JODATIME-0059,contrasts_with,,llm_quote_grounded,"Duration is an exact millisecond count, while Period is a field-based (years/months/etc.) representation that is inexact in milliseconds and depends on the instant it is added to.",Conceptual difference between time measurement types in Joda-Time,A `Duration` in Joda-Time represents a duration of time measured in milliseconds.,This differs from a duration in that it is inexact in terms of milliseconds.
jodatime:KU:org.joda.time.Duration:JODATIME-0010,jodatime:KU:org.joda.time.PeriodType:JODATIME-0076,contrasts_with,,llm_quote_grounded,"Duration is defined by milliseconds, whereas Period (and its type) is defined by fields like years and months which are inexact in milliseconds.",Comparison of Duration vs Period concepts,A `Duration` in Joda-Time represents a duration of time measured in milliseconds.,This differs from a duration in that it is inexact in terms of milliseconds.
jodatime:KU:org.joda.time.ReadableDuration:JODATIME-0028,jodatime:KU:org.joda.time.Duration:JODATIME-0010,complements,,llm_quote_grounded,"The ReadableDuration KU describes the interface concept, and the Duration KU identifies Duration as the sole implementation of that interface.",Interface and Implementation relationship,"Currently, there is only one implementation of the `ReadableDuration` interface: `Duration`.","Currently, there is only one implementation of the `ReadableDuration` interface: `Duration`."
jodatime:KU:org.joda.time.Duration:JODATIME-0092,jodatime:KU:org.joda.time.Duration:JODATIME-0044,task_related,,llm_quote_grounded,Both KUs involve using the Duration class to calculate time differences (millis/seconds) between two DateTime objects for specific tasks (rounding vs. calculating span).,Usage of Duration constructor with two instants,"Duration duration = new Duration( history, today );","final long millisSinceHour = new Duration(hour, dateTime).getMillis();"
jodatime:KU:org.joda.time.Duration:JODATIME-0092,jodatime:KU:org.joda.time.Period:JODATIME-0059,contrasts_with,,llm_quote_grounded,"Duration represents an exact span of time in milliseconds, whereas Period represents a field-based span (years, months, etc.) that is inexact in terms of milliseconds until resolved against an instant.",Conceptual difference between Duration and Period classes in Joda-Time.,Joda-Time offers the Duration class to represent a span of time untied to the timeline,This differs from a duration in that it is inexact in terms of milliseconds.
jodatime:KU:org.joda.time.Duration:JODATIME-0092,jodatime:KU:org.joda.time.PeriodType:JODATIME-0076,contrasts_with,,llm_quote_grounded,"The left KU discusses Duration as an exact millisecond span, while the right KU defines Periods as field-based spans that differ from durations because they are inexact in milliseconds.",Comparison of Duration vs Period concepts.,Joda-Time offers the Duration class to represent a span of time untied to the timeline,This differs from a duration in that it is inexact in terms of milliseconds.
jodatime:KU:org.joda.time.Instant:JODATIME-0002,jodatime:KU:org.joda.time.Instant:JODATIME-0056,complements,,llm_quote_grounded,"The left KU uses DateTime/Instant for timezone-aware operations, while the right KU explains why these objects are immutable, which ensures safety when passing them around or storing them (as implied by the 'reliable' nature mentioned in the left context).",Usage and design rationale of Instant/DateTime objects.,"In Joda Time you'd use a `DateTime` value, which is an instant in time in a particular calendar system and time zone.","That's fine, because `Instant` is immutable. If it were mutable, the validation in the constructor would be worthless"
jodatime:KU:org.joda.time.Instant:JODATIME-0002,jodatime:KU:org.joda.time.Instant:JODATIME-0065,task_related,,llm_quote_grounded,Both KUs address the task of obtaining and manipulating current date/time values with specific time zones using Joda-Time.,General usage of DateTime and DateTimeZone for local vs UTC time retrieval.,How to get the current date and time of your timezone in Java?,JodaTime - how to get current time in UTC
jodatime:KU:org.joda.time.Instant:JODATIME-0002,jodatime:KU:org.joda.time.Instant:JODATIME-0080,constrains,,llm_quote_grounded,"The general approach of creating a DateTime in a specific zone (as shown in KU-0002) is constrained by the need to handle invalid instants during daylight savings transitions, as detailed in KU-0080.",Creating DateTime objects for specific local times that may fall into DST gaps.,DateTime dt = new DateTime(zone);,Illegal instant due to time zone offset transition
jodatime:KU:org.joda.time.Instant:JODATIME-0009,jodatime:KU:org.joda.time.Instant:JODATIME-0026,complements,,llm_quote_grounded,"KU-0009 defines the fundamental concept of an Instant as milliseconds from epoch, which complements the practical application in KU-0026 where these millisecond values are used to calculate interval positions.",Using the underlying millisecond representation of Instants for arithmetic operations.,An Instant is defined as a moment in the datetime continuum specified as a number of milliseconds from 1970-01-01T00:00Z.,long sinceOrigin = duration.toMillis();
jodatime:KU:org.joda.time.Instant:JODATIME-0009,jodatime:KU:org.joda.time.Instant:JODATIME-0080,constrains,,llm_quote_grounded,"The theoretical definition of an Instant as a millisecond count implies that local time fields (like hourOfDay) may not map to valid instants during timezone transitions, constraining how DateTime objects can be constructed from local values.",When constructing DateTime or MutableDateTime from local wall-clock fields in zones with Daylight Saving Time transitions.,An Instant is defined as a moment in the datetime continuum specified as a number of milliseconds from 1970-01-01T00:00Z.,"Exception in thread ""main"" org.joda.time.IllegalFieldValueException: Value 2 for hourOfDay is not supported: Illegal instant due to time zone offset transition"
jodatime:KU:org.joda.time.Instant:JODATIME-0009,jodatime:KU:org.joda.time.Interval:JODATIME-0053,complements,,llm_quote_grounded,"The Interval class uses DateMidnight (an implementation of ReadableInstant) to represent date-only boundaries, effectively complementing the Instant concept by allowing intervals to be defined without explicit time-of-day components.",Creating intervals that span whole days using DateMidnight instances.,Other implementations of `ReadableInstant` include `Instant` and `DateMidnight`.,"Interval i = new Interval( new DateMidnight(2010, 3, 2), new DateMidnight(2010, 3, 5));"
jodatime:KU:org.joda.time.Instant:JODATIME-0009,jodatime:KU:org.joda.time.Interval:JODATIME-0058,task_related,,llm_quote_grounded,"Both KUs define core Joda-Time concepts where Intervals are explicitly composed of two Instants, linking the definition of a single point in time to a range between two such points.",Understanding the structural relationship between Instant and Interval types.,An Instant is defined as a moment in the datetime continuum specified as a number of milliseconds from 1970-01-01T00:00Z.,An `Interval` in Joda-Time represents an interval of time from one instant to another instant.
jodatime:KU:org.joda.time.Instant:JODATIME-0009,jodatime:KU:org.joda.time.MutableDateTime:JODATIME-0077,complements,,llm_quote_grounded,"The Instant overview introduces MutableDateTime as a companion class, while the specific KU details the workflow of converting an immutable DateTime (based on an Instant) to a mutable one for calculations and back, completing the usage pattern.",Performing multiple field modifications efficiently by switching between immutable and mutable representations.,A companion mutable class to `DateTime` is `MutableDateTime`. Objects of this class can be modified and are not thread-safe.,"In situations where multiple fields need to be modified, it is more efficient to create a mutable copy of the datetime, modify the copy and finally create a new value datetime. MutableDateTime mdt = dt.toMutableDateTime(), // perform various calculations on mdt ... DateTime result = mdt.toDateTime(),"
jodatime:KU:org.joda.time.Instant:JODATIME-0009,jodatime:KU:org.joda.time.Period:JODATIME-0059,contrasts_with,,llm_quote_grounded,"The Instant KU defines time as an exact millisecond count, whereas the Period KU contrasts this by defining periods as inexact field-based durations that require an Instant context to resolve to milliseconds.",Comparing absolute time representation (Instant) vs relative time representation (Period).,An Instant is defined as a moment in the datetime continuum specified as a number of milliseconds from 1970-01-01T00:00Z.,This differs from a duration in that it is inexact in terms of milliseconds. A period can only be resolved to an exact number of milliseconds by specifying the instant (including chronology and time zone) it is relative to.
jodatime:KU:org.joda.time.Instant:JODATIME-0009,jodatime:KU:org.joda.time.PeriodType:JODATIME-0076,contrasts_with,,llm_quote_grounded,"Similar to the Period contrast, this KU highlights that Periods are distinct from the exact millisecond definition of an Instant because they are inexact and rely on an Instant for resolution.",Comparing the nature of Instant (exact ms) vs Period/PeriodType (inexact fields).,An Instant is defined as a moment in the datetime continuum specified as a number of milliseconds from 1970-01-01T00:00Z.,This differs from a duration in that it is inexact in terms of milliseconds. A period can only be resolved to an exact number of milliseconds by specifying the instant (including chronology and time zone) it is relative to.
jodatime:KU:org.joda.time.Instant:JODATIME-0009,jodatime:KU:org.joda.time.chrono.ISOChronology:JODATIME-0093,complements,,llm_quote_grounded,"The Instant KU explains that millisecond instants are converted to date-time fields using a Chronology, while the ISOChronology KU details how the Chronology acts as a calculation engine to split absolute time into calendar fields.",Understanding the relationship between raw milliseconds (Instant) and human-readable calendar fields via Chronology.,The millisecond instant can be converted to any date time field using a Chronology.,"It encapsulates the field objects, which are used on demand to split the absolute time instant into recognisable calendar fields like 'day-of-week'."
jodatime:KU:org.joda.time.Instant:JODATIME-0026,jodatime:KU:org.joda.time.Interval:JODATIME-0034,task_related,,llm_quote_grounded,"Both KUs address the task of dividing or slicing a period of time into equal intervals. The left KU discusses finding the current interval relative to an origin, while the right KU provides code to split a start/end range into multiple Interval objects.",Algorithms for partitioning time ranges into fixed-size segments.,How do you divide a time period into equal intervals and find the current one?,How to slice a period of time into several slices in Joda Time?
jodatime:KU:org.joda.time.Instant:JODATIME-0026,jodatime:KU:org.joda.time.Period:JODATIME-0059,contrasts_with,,llm_quote_grounded,"The left KU uses `Duration` (exact milliseconds) to calculate interval boundaries, whereas the right KU contrasts this by explaining that `Period` is inexact in terms of milliseconds and depends on the specific instant/chronology, highlighting the difference between exact duration math and calendar-based period math.",Choosing between Duration (milliseconds) and Period (calendar fields) for time calculations.,I'm not sure the transformation to milliseconds everywhere will uphold actual dates.,This differs from a duration in that it is inexact in terms of milliseconds. A period can only be resolved to an exact number of milliseconds by specifying the instant (including chronology and time zone) it is relative to.
jodatime:KU:org.joda.time.Instant:JODATIME-0026,jodatime:KU:org.joda.time.PeriodType:JODATIME-0076,contrasts_with,,llm_quote_grounded,"The left KU uses Duration (exact milliseconds) for interval division, while the right KU explains that Periods are inexact and require an instant to resolve to milliseconds, contrasting the two time measurement approaches.",When choosing between Duration and Period for time calculations involving fixed intervals vs calendar fields.,"Duration interval = Duration.ofDays(4); Duration duration = Duration.between(origin, now); long sinceOrigin = duration.toMillis();",This differs from a duration in that it is inexact in terms of milliseconds. A period can only be resolved to an exact number of milliseconds by specifying the instant
jodatime:KU:org.joda.time.Instant:JODATIME-0065,jodatime:KU:org.joda.time.Instant:JODATIME-0080,task_related,,llm_quote_grounded,"Both KUs address the complexities and pitfalls of converting between local time zones and UTC/instants in Joda-Time, specifically regarding information loss or exceptions during transitions.",Time zone conversion and handling daylight savings/timezone gaps in Joda-Time.,"I'd suggest you avoid going via `LocalDateTime`, however, as that way you can lose information due to time zone transitions",Illegal instant due to time zone offset transition
jodatime:KU:org.joda.time.Interval:JODATIME-0022,jodatime:KU:org.joda.time.Interval:JODATIME-0034,task_related,,llm_quote_grounded,"Both KUs address the task of managing time intervals for scheduling applications, specifically dealing with the representation and manipulation of time ranges.",Scheduling application development using Joda-Time Interval/LocalInterval concepts.,We're creating a scheduling application and we need to represent someone's available schedule during the day,I want to make a personal schedule manager using Java and Joda Time.
jodatime:KU:org.joda.time.Interval:JODATIME-0022,jodatime:KU:org.joda.time.Interval:JODATIME-0053,contrasts_with,,llm_quote_grounded,"The left KU describes a workaround for representing end-of-day (24:00) in local time intervals due to LocalTime limitations, while the right KU discusses using absolute instants (DateMidnight) within an Interval to handle date ranges without time components, highlighting different approaches to handling boundaries in interval representations.",Handling boundary conditions (end-of-day vs. midnight start) in Joda-Time intervals.,"This throws an exception, because LocalTime cannot hold any hour greater than 23.",The Interval class represents an interval of time from one millisecond instant to another instant (complete with timezone). DateMidnight is such an instant.
jodatime:KU:org.joda.time.Interval:JODATIME-0022,jodatime:KU:org.joda.time.Interval:JODATIME-0058,constrains,,llm_quote_grounded,"The right KU defines the fundamental constraint of Joda-Time Intervals (half-open, inclusive start, exclusive end), which directly causes the problem described in the left KU where `LocalTime(24, 0)` is invalid for the exclusive end point.",Definition of Interval semantics affecting LocalInterval implementation.,"Since the end of an interval is exclusive, this should be easily represented as such: new LocalInterval(new LocalTime(23, 0), new LocalTime(24, 0)); Ack! No go.","`Intervals` are implemented as half-open, which is to say that the start instant is inclusive but the end instant is exclusive."
jodatime:KU:org.joda.time.Interval:JODATIME-0034,jodatime:KU:org.joda.time.Interval:JODATIME-0058,complements,,llm_quote_grounded,"The tutorial KU defines the fundamental properties of Interval (half-open, inclusive start, exclusive end) which are implicitly relied upon by the code example in the SO KU to correctly slice time without overlap or gaps.",Understanding the boundary conditions of the `Interval` objects created in the splitting logic.,"list.add(new Interval(start, i));","`Intervals` are implemented as half-open, which is to say that the start instant is inclusive but the end instant is exclusive."
jodatime:KU:org.joda.time.Interval:JODATIME-0053,jodatime:KU:org.joda.time.Interval:JODATIME-0058,constrains,,llm_quote_grounded,"The definition of Interval as being based on fully specified instants with time zones (from the tutorial) constrains the user's request for a LocalDate-only interval, explaining why standard Interval cannot be used directly for date-only ranges without time components.",Determining if `Interval` can represent a range of `LocalDate`s without time/zone information.,"I want an object that represents, for example ""from 1/1/2011 to 10/1/2011"", without the time (or timezones) ever coming into the picture.","Both instants are fully specified instants in the datetime continuum, complete with time zone."
jodatime:KU:org.joda.time.ReadableInstant:JODATIME-0003,jodatime:KU:org.joda.time.Interval:JODATIME-0053,task_related,,llm_quote_grounded,"Both KUs address the challenge of representing time intervals where the endpoint might be 'end-of-day' or midnight, dealing with the limitations of Joda-Time's strict instant-based model for local scheduling.",Handling edge cases in time interval representation (specifically 24:00/end-of-day vs midnight).,"Since the end of an interval is exclusive, this should be easily represented as such: new LocalInterval(new LocalTime(23, 0), new LocalTime(24, 0)); Ack! No go. This throws an exception, because LocalTime cannot hold any hour greater than 23.",However the concept of your searched interval for LocalDates aka a Partial (without timezones) is not yet existent.
jodatime:KU:org.joda.time.PeriodType:JODATIME-0076,jodatime:KU:org.joda.time.Interval:JODATIME-0058,constrains,,llm_quote_grounded,"The PeriodType KU states that converting an interval to a period requires knowing which fields to populate, implying that the conversion process depends on the specific PeriodType chosen.",Conversion operations between Intervals and Periods.,"This is significant when converting a duration or interval to a period, as the calculation needs to know which period fields it should populate.",An `Interval` in Joda-Time represents an interval of time from one instant to another instant.
jodatime:KU:org.joda.time.ReadableDuration:JODATIME-0028,jodatime:KU:org.joda.time.Interval:JODATIME-0058,complements,,llm_quote_grounded,"The Duration KU mentions that durations are often obtained from intervals, directly linking the two concepts.",Deriving duration values from interval objects.,The duration is often obtained from an interval.,An `Interval` in Joda-Time represents an interval of time from one instant to another instant.
jodatime:KU:org.joda.time.MutableDateTime:JODATIME-0067,jodatime:KU:org.joda.time.MutableDateTime:JODATIME-0077,complements,,llm_quote_grounded,"The first KU defines MutableDateTime as a mutable companion to DateTime, while the second KU provides specific usage instructions and code examples for utilizing MutableDateTime in calculations.",General API definition vs. specific implementation guidance,A companion mutable class to `DateTime` is `MutableDateTime`. Objects of this class can be modified and are not thread-safe.,"### Using a MutableDateTime The methods outlined above are suitable for simple calculations involving one or two fields. In situations where multiple fields need to be modified, it is more efficient to create a mutable copy of the datetime"
jodatime:KU:org.joda.time.Period:JODATIME-0059,jodatime:KU:org.joda.time.Period:JODATIME-0038,constrains,,llm_quote_grounded,"The Period documentation explains that periods are implemented as int fields, which causes the ArithmeticException when calculating seconds between distant dates in the StackOverflow example.","When using Joda-Time Period or Seconds classes for large time spans (e.g., centuries).",`Periods` are implemented as a set of `int` fields.,java.lang.ArithmeticException: Value cannot fit in an int: 3584908800
jodatime:KU:org.joda.time.Period:JODATIME-0059,jodatime:KU:org.joda.time.Period:JODATIME-0071,complements,,llm_quote_grounded,"The Period documentation describes how to restrict period fields using PeriodType, which is used in the StackOverflow answer to calculate months by removing days.",Calculating specific date differences (like months) by manipulating Period fields.,"The `PeriodType` class allows this set of fields to be restricted, for example to elimate weeks.","Period p = new Period(start, end, PeriodType.months().withDaysRemoved());"
jodatime:KU:org.joda.time.Period:JODATIME-0059,jodatime:KU:org.joda.time.Period:JODATIME-0074,complements,,llm_quote_grounded,"The Period documentation states that periods can be added to instants, while the StackOverflow question demonstrates creating a Period from two DateTime objects (instants) to find the difference.",Using Period objects to represent the difference between two DateTime instances.,"`Periods` can be added to an instant, or to either end of an interval to change those objects.","Period has a constructor that takes two `ReadableInstant` instances: Period diff = new Period(start, end);"
jodatime:KU:org.joda.time.PeriodType:JODATIME-0076,jodatime:KU:org.joda.time.Period:JODATIME-0038,constrains,,llm_quote_grounded,"The PeriodType documentation notes that periods use int fields, which leads to the overflow exception seen in the StackOverflow post when calculating seconds over long durations.",Limitations on the magnitude of values stored in Period/Seconds fields.,Periods are implemented as a set of `int` fields.,java.lang.ArithmeticException: Value cannot fit in an int: 3584908800
jodatime:KU:org.joda.time.Period:JODATIME-0059,jodatime:KU:org.joda.time.Period:JODATIME-0071,complements,,llm_quote_grounded,"The Period documentation explains field restriction via PeriodType, which is applied in the StackOverflow solution to isolate month calculations.",Configuring Period objects to exclude certain fields like days.,"The `PeriodType` class allows this set of fields to be restricted, for example to elimate weeks.","Period p = new Period(start, end, PeriodType.months().withDaysRemoved());"
jodatime:KU:org.joda.time.Period:JODATIME-0059,jodatime:KU:org.joda.time.Period:JODATIME-0074,complements,,llm_quote_grounded,"The Period documentation describes the relationship between periods and instants, which is utilized in the StackOverflow example to create a Period from two DateTime objects.",Constructing a Period representing the difference between two instants.,"`Periods` can be added to an instant, or to either end of an interval to change those objects.","Period has a constructor that takes two `ReadableInstant` instances: Period diff = new Period(start, end);"
jodatime:KU:org.joda.time.PeriodType:JODATIME-0032,jodatime:KU:org.joda.time.Period:JODATIME-0059,complements,,llm_quote_grounded,The PeriodType KU provides a specific implementation strategy (using `PeriodType.months().withDaysRemoved()`) to achieve the field-restricted behavior described generally in the Period KU.,"When calculating differences restricted to specific fields like months, ignoring others.","Period p = new Period(start, end, PeriodType.months().withDaysRemoved());","The `PeriodType` class allows this set of fields to be restricted, for example to elimate weeks."
jodatime:KU:org.joda.time.Period:JODATIME-0059,jodatime:KU:org.joda.time.ReadableDuration:JODATIME-0028,contrasts_with,,llm_quote_grounded,"The Period KU explicitly defines itself by contrasting with Duration, noting that Periods are inexact in milliseconds and field-based, whereas Durations are exact millisecond measurements.",Conceptual definition and calculation semantics of time intervals.,This differs from a duration in that it is inexact in terms of milliseconds.,A duration in Joda-Time represents a duration of time measured in milliseconds.
jodatime:KU:org.joda.time.Period:JODATIME-0059,jodatime:KU:org.joda.time.ReadableInstant:JODATIME-0003,task_related,,llm_quote_grounded,"Both KUs discuss operations involving instants. The Period KU describes adding periods to instants, while the ReadableInstant KU (via the SO context) discusses converting local times/intervals to absolute Intervals using a base instant.",Manipulating or resolving time values relative to an instant.,`Periods` can be added to an instant,public Interval toInterval(final ReadableInstant baseInstant)
jodatime:KU:org.joda.time.Period:JODATIME-0059,jodatime:KU:org.joda.time.chrono.ISOChronology:JODATIME-0093,constrains,,llm_quote_grounded,"The Period KU states that periods are not associated with a chronology, but the ISOChronology KU explains that the chronology is the calculation engine used to resolve these fields into calendar dates when needed (or defaults to ISO).",Resolution of period fields to calendar dates.,`Periods` are not associated with either a chronology or a time zone.,It is a calculation engine that supports the complex rules for a calendar system.
jodatime:KU:org.joda.time.Period:JODATIME-0071,jodatime:KU:org.joda.time.Period:JODATIME-0074,task_related,,llm_quote_grounded,"Both KUs address tasks involving the calculation of differences between two DateTime objects using the Period class, though one focuses on restricting fields to months and the other on general subtraction.",Calculating time differences between two instants.,calculate the number of months between 1 April and 30 June,"If you have two DateTime objects, what's a good way to subtract them?"
jodatime:KU:org.joda.time.PeriodType:JODATIME-0076,jodatime:KU:org.joda.time.Period:JODATIME-0071,complements,,llm_quote_grounded,The PeriodType documentation explains the mechanism (field restriction) used in the Period example to achieve month-only calculation.,When using Period with specific field constraints like months only.,"The `PeriodType` class allows this set of fields to be restricted, for example to elimate weeks.","Period p = new Period(start, end, PeriodType.months().withDaysRemoved());"
jodatime:KU:org.joda.time.ReadableInstant:JODATIME-0006,jodatime:KU:org.joda.time.Period:JODATIME-0071,task_related,,llm_quote_grounded,"Both KUs address calculating differences between DateTime objects using Joda-Time Periods, though for different specific goals (general subtraction vs. month-only count).",Calculating time differences between two instants.,"Period has a constructor that takes two `ReadableInstant` instances: Period diff = new Period(start, end);","Period p = new Period(start, end, PeriodType.months().withDaysRemoved());"
jodatime:KU:org.joda.time.PeriodType:JODATIME-0032,jodatime:KU:org.joda.time.Period:JODATIME-0074,complements,,llm_quote_grounded,The PeriodType KU provides a specific use case (month-only difference) that complements the general Period construction shown in the other KU.,Constructing Periods for date differences.,"Period p = new Period(start, end, PeriodType.months().withDaysRemoved());","Period has a constructor that takes two `ReadableInstant` instances: Period diff = new Period(start, end);"
jodatime:KU:org.joda.time.PeriodType:JODATIME-0076,jodatime:KU:org.joda.time.PeriodType:JODATIME-0032,complements,,llm_quote_grounded,The theoretical explanation of PeriodType field restriction in KU-0076 supports the practical application of restricting fields to months in KU-0032.,Understanding and applying PeriodType restrictions.,"The `PeriodType` class allows this set of fields to be restricted, for example to elimate weeks.","Period p = new Period(start, end, PeriodType.months().withDaysRemoved());"
jodatime:KU:org.joda.time.PeriodType:JODATIME-0076,jodatime:KU:org.joda.time.ReadableDuration:JODATIME-0028,contrasts_with,,llm_quote_grounded,"Periods are field-based and inexact in milliseconds, whereas Durations are millisecond-based and exact.",Conceptual definition of time measurement units in Joda-Time,This differs from a duration in that it is inexact in terms of milliseconds.,A duration in Joda-Time represents a duration of time measured in milliseconds.
jodatime:KU:org.joda.time.PeriodType:JODATIME-0076,jodatime:KU:org.joda.time.chrono.ISOChronology:JODATIME-0093,constrains,,llm_quote_grounded,"Resolving a Period to an exact duration requires specifying the chronology (and instant), which is provided by Chronology classes like ISOChronology.",Conversion/Resolution of Periods to absolute time,A period can only be resolved to an exact number of milliseconds by specifying the instant (including chronology and time zone) it is relative to.,It is a calculation engine that supports the complex rules for a calendar system.
jodatime:KU:org.joda.time.ReadableInstant:JODATIME-0003,jodatime:KU:org.joda.time.ReadableInstant:JODATIME-0006,task_related,,llm_quote_grounded,"Both KUs address tasks involving `ReadableInstant` implementations (`DateTime`, `LocalTime`) for calculating or representing time intervals/differences.",Handling time intervals and differences using Joda-Time instants,"Taking a cue from Joda Time's Interval, which represents an interval in absolute time between two instances",Period has a constructor that takes two `ReadableInstant` instances
jodatime:KU:org.joda.time.format.DateTimeFormat:JODATIME-0013,jodatime:KU:org.joda.time.format.DateTimeFormat:JODATIME-0016,task_related,,llm_quote_grounded,Both KUs demonstrate using `DateTimeFormat.forPattern` to create a formatter for parsing or printing date strings.,General usage of DateTimeFormat factory method for string-to-date conversion.,"Use `DateTimeFormat`: DateTimeFormatter formatter = DateTimeFormat.forPattern(""dd/MM/yyyy HH:mm:ss"");",Create a `DateTimeFormatter` using `DateTimeFormat.forPattern(String)`
jodatime:KU:org.joda.time.format.DateTimeFormat:JODATIME-0013,jodatime:KU:org.joda.time.format.DateTimeFormat:JODATIME-0036,task_related,,llm_quote_grounded,"Both KUs involve creating a `DateTimeFormatter` via `DateTimeFormat.forPattern` to handle date/time representation, though one parses and the other prints.",Usage of DateTimeFormat factory method in Joda-Time.,"DateTimeFormatter formatter = DateTimeFormat.forPattern(""dd/MM/yyyy HH:mm:ss"");","DateTimeFormatter dateTimeFormatter = DateTimeFormat.forPattern(""yyMMdd"");"
jodatime:KU:org.joda.time.format.DateTimeFormat:JODATIME-0013,jodatime:KU:org.joda.time.format.DateTimeFormat:JODATIME-0042,complements,,llm_quote_grounded,"The left KU shows basic pattern-based formatting/parsing, while the right KU explains how to extend this with locale-specific behavior using `withLocale` on the formatter created by `DateTimeFormat`.",Enhancing formatters created by DateTimeFormat with Locale settings.,"DateTimeFormatter formatter = DateTimeFormat.forPattern(""dd/MM/yyyy HH:mm:ss"");",You may need to print or parse in a particular `Locale`. This is achieved by calling the `withLocale` method on a formatter
jodatime:KU:org.joda.time.format.DateTimeFormat:JODATIME-0013,jodatime:KU:org.joda.time.format.DateTimeFormat:JODATIME-0063,task_related,,llm_quote_grounded,Both KUs use `DateTimeFormat.forPattern` to instantiate a formatter for handling date/time strings.,Instantiation of DateTimeFormatter using patterns.,"DateTimeFormatter formatter = DateTimeFormat.forPattern(""dd/MM/yyyy HH:mm:ss"");","DateTimeFormatter dateTimeFormatter = DateTimeFormat.forPattern(""yyyy-MM-dd HH:mm:ss"");"
jodatime:KU:org.joda.time.format.DateTimeFormat:JODATIME-0013,jodatime:KU:org.joda.time.format.ISODateTimeFormat:JODATIME-0095,contrasts_with,,llm_quote_grounded,"The left KU demonstrates parsing a custom date format using `DateTimeFormat.forPattern`, while the right KU describes using standard ISO8601 formats via factory methods in `ISODateTimeFormat`.",Comparison of custom pattern-based formatting vs. standard ISO format support.,"Use `DateTimeFormat`: DateTimeFormatter formatter = DateTimeFormat.forPattern(""dd/MM/yyyy HH:mm:ss"");",Support for standard formats based on ISO8601 is provided by the `ISODateTimeFormat` class.
jodatime:KU:org.joda.time.format.DateTimeFormat:JODATIME-0016,jodatime:KU:org.joda.time.format.DateTimeFormat:JODATIME-0042,complements,,llm_quote_grounded,"The left KU provides a specific example of creating a formatter with `DateTimeFormat.forPattern`, which is the general mechanism described and expanded upon (with locale support) in the right KU.",Usage of `DateTimeFormat.forPattern` for creating formatters.,Create a `DateTimeFormatter` using `DateTimeFormat.forPattern(String)`,"If you need a custom formatter which can be described in terms of a format pattern, you can use the factory method provided by the `DateTimeFormat` class."
jodatime:KU:org.joda.time.format.DateTimeFormat:JODATIME-0016,jodatime:KU:org.joda.time.format.DateTimeFormatter#withLocale(java.util.Locale):JODATIME-0020,complements,,llm_quote_grounded,"The left KU shows basic usage of `DateTimeFormat.forPattern` to create a formatter. The right KU explains how to modify such a formatter to handle specific locales using `withLocale`, complementing the creation step with configuration.",Creating and configuring formatters for different locales.,Create a `DateTimeFormatter` using `DateTimeFormat.forPattern(String)`,You may need to print or parse in a particular `Locale`. This is achieved by calling the `withLocale` method on a formatter
jodatime:KU:org.joda.time.format.DateTimeFormat:JODATIME-0016,jodatime:KU:org.joda.time.format.DateTimeFormatterBuilder#appendTwoDigitYear(int):JODATIME-0051,contrasts_with,,llm_quote_grounded,The left KU uses simple pattern strings via `DateTimeFormat.forPattern` for standard formats. The right KU contrasts this by introducing `DateTimeFormatterBuilder` for 'Freaky Formatters' that are not easily represented by a pattern string.,Simple pattern-based formatting vs. complex builder-based formatting.,Create a `DateTimeFormatter` using `DateTimeFormat.forPattern(String)`,"Finally, if you have a format that is not easily represented by a pattern string, Joda Time architecture exposes a builder class"
jodatime:KU:org.joda.time.format.DateTimeFormat:JODATIME-0016,jodatime:KU:org.joda.time.format.DateTimeFormatterBuilder#toFormatter():JODATIME-0050,contrasts_with,,llm_quote_grounded,"The left KU demonstrates creating a formatter directly from a pattern string. The right KU presents an alternative approach using `DateTimeFormatterBuilder` for formats not easily represented by a pattern string, contrasting the two creation methods.",Formatter creation strategies: Pattern String vs. Builder Class.,Create a `DateTimeFormatter` using `DateTimeFormat.forPattern(String)`,"if you have a format that is not easily represented by a pattern string, Joda Time architecture exposes a builder class"
jodatime:KU:org.joda.time.format.DateTimeFormat:JODATIME-0016,jodatime:KU:org.joda.time.format.ISODateTimeFormat:JODATIME-0095,contrasts_with,,llm_quote_grounded,"The left KU demonstrates using custom patterns via `DateTimeFormat.forPattern` for specific formats like 'MM/dd/yyyy', while the right KU describes using standard ISO8601 factory methods from `ISODateTimeFormat`.",Comparison of formatter creation strategies (custom pattern vs. standard factory).,Create a `DateTimeFormatter` using `DateTimeFormat.forPattern(String)`,Support for standard formats based on ISO8601 is provided by the `ISODateTimeFormat` class.
jodatime:KU:org.joda.time.format.DateTimeFormat:JODATIME-0036,jodatime:KU:org.joda.time.format.DateTimeFormat:JODATIME-0042,complements,,llm_quote_grounded,"The left KU shows a practical application of creating a formatter with `DateTimeFormat.forPattern` to print a date, which relies on the general mechanism described in the right KU about how to create custom formatters using that same method.",Usage of `DateTimeFormat.forPattern` for printing dates.,"DateTimeFormatter dateTimeFormatter = DateTimeFormat.forPattern(""yyMMdd"");","If you need a custom formatter which can be described in terms of a format pattern, you can use the factory method provided by the `DateTimeFormat` class."
jodatime:KU:org.joda.time.format.DateTimeFormat:JODATIME-0036,jodatime:KU:org.joda.time.format.DateTimeFormat:JODATIME-0063,task_related,,llm_quote_grounded,"Both KUs involve generating or manipulating `DateTime` objects and then formatting them for output using `DateTimeFormat.forPattern`, addressing similar tasks of date construction and presentation.",Date manipulation followed by formatting/printing.,DateTime dt = new DateTime() .withYear(year) .withWeekOfWeekyear(weekOfYear) .withDayOfWeek(weekDay);,DateTime startTime = new DateTime(random.nextLong()).withMillisOfSecond(0);
jodatime:KU:org.joda.time.format.DateTimeFormat:JODATIME-0036,jodatime:KU:org.joda.time.format.DateTimeFormat:JODATIME-0089,task_related,,llm_quote_grounded,"Both KUs demonstrate the use of `DateTimeFormat.forPattern` to handle date strings, one for printing a constructed date and the other for parsing input strings into date objects.",Using `DateTimeFormat.forPattern` for date string conversion (print/parse).,"DateTimeFormatter dateTimeFormatter = DateTimeFormat.forPattern(""yyMMdd"");","DateTimeFormatter f = DateTimeFormat.forPattern(""yyyy-MM-dd HH:mm:ss"");"
jodatime:KU:org.joda.time.format.DateTimeFormat:JODATIME-0036,jodatime:KU:org.joda.time.format.DateTimeFormatter#withLocale(java.util.Locale):JODATIME-0020,constrains,,llm_quote_grounded,"The right KU explains that formatters are immutable and locale-specific behavior requires calling `withLocale`, which constrains how the formatter created in the left KU must be handled if localization is needed.",Immutability and locale configuration of formatters.,"DateTimeFormatter dateTimeFormatter = DateTimeFormat.forPattern(""yyMMdd"");","Formatters are immutable, so the original is not altered by the `withLocale` method."
jodatime:KU:org.joda.time.format.DateTimeFormat:JODATIME-0042,jodatime:KU:org.joda.time.format.DateTimeFormat:JODATIME-0063,complements,,llm_quote_grounded,The right KU provides a concrete example of using the custom formatter mechanism described in the left KU (`DateTimeFormat.forPattern`) to print generated random dates.,Application of custom formatter creation.,you can use the factory method provided by the `DateTimeFormat` class.,"DateTimeFormatter dateTimeFormatter = DateTimeFormat.forPattern(""yyyy-MM-dd HH:mm:ss"");"
jodatime:KU:org.joda.time.format.DateTimeFormat:JODATIME-0042,jodatime:KU:org.joda.time.format.DateTimeFormat:JODATIME-0089,complements,,llm_quote_grounded,"The right KU demonstrates parsing various date formats using `DateTimeFormat.forPattern`, which is the specific usage scenario for the custom formatter creation method described in the left KU.",Parsing dates with custom formatters.,"If you need a custom formatter which can be described in terms of a format pattern, you can use the factory method provided by the `DateTimeFormat` class.","Using Joda-Time, take a look at DateTimeFormat; it allows parsing both kind of date strings that you mention"
jodatime:KU:org.joda.time.format.DateTimeFormat:JODATIME-0042,jodatime:KU:org.joda.time.format.DateTimeFormatterBuilder#appendTwoDigitYear(int):JODATIME-0051,contrasts_with,,llm_quote_grounded,"The left KU describes creating formatters using simple pattern strings via `DateTimeFormat`, whereas the right KU describes using `DateTimeFormatterBuilder` for complex formats not easily represented by a pattern string.",Simple pattern-based vs. programmatic builder-based formatter creation.,"If you need a custom formatter which can be described in terms of a format pattern, you can use the factory method provided by the `DateTimeFormat` class.","if you have a format that is not easily represented by a pattern string, Joda Time architecture exposes a builder class that can be used to build a custom formatter"
jodatime:KU:org.joda.time.format.DateTimeFormat:JODATIME-0042,jodatime:KU:org.joda.time.format.DateTimeFormatterBuilder#toFormatter():JODATIME-0050,contrasts_with,,llm_quote_grounded,"DateTimeFormat is used for patterns describable by a format string, whereas DateTimeFormatterBuilder is used for formats not easily represented by a pattern string.",Selection of API for creating custom formatters based on complexity of the date format.,"If you need a custom formatter which can be described in terms of a format pattern, you can use the factory method provided by the `DateTimeFormat` class.","Finally, if you have a format that is not easily represented by a pattern string, Joda Time architecture exposes a builder class that can be used to build a custom formatter which is programatically defined."
jodatime:KU:org.joda.time.format.DateTimeFormat:JODATIME-0042,jodatime:KU:org.joda.time.format.ISODateTimeFormat:JODATIME-0095,contrasts_with,,llm_quote_grounded,"DateTimeFormat handles custom patterns defined by the user, while ISODateTimeFormat provides standard factory methods for predefined ISO8601 formats.",Creation of DateTimeFormatter instances for custom vs. standard formats.,"If you need a custom formatter which can be described in terms of a format pattern, you can use the factory method provided by the `DateTimeFormat` class.",Support for standard formats based on ISO8601 is provided by the `ISODateTimeFormat` class. This provides a number of factory methods.
jodatime:KU:org.joda.time.format.DateTimeFormat:JODATIME-0063,jodatime:KU:org.joda.time.format.DateTimeFormat:JODATIME-0089,task_related,,llm_quote_grounded,Both knowledge units demonstrate the usage of `DateTimeFormat.forPattern` to create formatters for parsing or printing dates with specific patterns.,Usage of DateTimeFormat API for date formatting and parsing tasks.,"DateTimeFormatter dateTimeFormatter = DateTimeFormat.forPattern(""yyyy-MM-dd HH:mm:ss"");","Using Joda-Time, take a look at DateTimeFormat; it allows parsing both kind of date strings that you mention (and almost any other arbitrary formats)."
