pair_id,dataset,ku_source,raw_api,canonical_api,canonical_owner,resolution_status,graph_eligible,reference,reference_origin,reference_locator,official_reference_available,ku,identified_relevance,relevant_groundtruth,resolution_candidates,resolution_reason,symbol_artifact,knowledge_entity_id,knowledge_entity_kind,corpus_eligible
SMACK-0001,smack,SO,PacketListener,org.jivesoftware.smack.PacketListener,org.jivesoftware.smack.PacketListener,resolved,1,Deprecated.? use StanzaListener instead,dataset_re,data/RE_reference/RE-smack.csv,1,"XMPP Unable to set up a Listener 

I've successfully connected to XMPP server (from android XMPP client), and I can send messages to a user, but I can't receive responses from that same user.

I'm sending messages like this:
    
    
     public void send_message(String message, String buddy) throws XMPPException {
    buddy += ""@localhost"";
    /* send message to user */
    Log.w(""Sending mesage "" + message + "" to user "" + buddy, ""0"");
    chat = chatManager.createChat(buddy, messageListener);
    chat.sendMessage(message);
    }
    

I'm passing the messageListener to the createChat function. The MessageListener's class is:
    
    
    class XMPPMessageListener implements MessageListener {
    private String from;
    private String body;
    public void processMessage(Chat chat, Message message) {
    this.from = message.getFrom();
    this.body = message.getBody();
    Log.w(""*****Received message"" + body + "" from "" + from, ""0*****"");
    }
    }
    

When sending a message to a user I'm getting the following debugging output:
    
    
    W/Sending mesage play to user test@localhost( 823): 0
    D/SMACK ( 823): 10:43:54 AM SENT (1156346368): test249ke0
    D/SMACK ( 823): 10:43:54 AM RCV (1156346368): 
    D/SMACK ( 823): 10:43:54 AM RCV (1156346368): 
    

And the message ""test"" is displayed to the connected user test (in this case). I'm sending the message from a user eleano. We can also see there's a debug output ""ending mesage play to user test@localhost"" being displayed on the screen, indicating that my function is indeed called successfully.

Upon receiving the message from test to eleano, I only get this debug output:
    
    
    D/SMACK ( 823): 10:44:00 AM RCV (1156346368): yes0tlK7o<
    D/SMACK ( 823): 10:44:00 AM RCV (1156346368): /thread>
    

But the user eleano is not receiving the message. We can also notice there's no:
    
    
    Log.w(""*****Received message"" + body + "" from "" + from, ""0*****"");
    

being displayed on the screen, so the MessageListener is never called. Why is that? I've set it up correctly as it says in documentation. 

Any ideas are welcome. And thanks.

Thanks for pointing that out. Your observation led me to setup a listener on connection (and to listen for packages of type Char), rather than setting a listener on the chat object itself.

Now my code looks like the following. I'm sending the packages like this:
    
    
    Message m = new Message(buddy, Message.Type.chat);
    m.setBody(message);
    connection.sendPacket(m);
    

And receiving the messages like the following:
    
    
     /* packet listener: listen for incoming messages of type CHAT on the connection (whatever the buddy) */
    PacketFilter filter = new MessageTypeFilter(Message.Type.chat); 
    xmppManager.connection.addPacketListener(new PacketListener() { 
    public void processPacket(Packet packet) {
    Message mes = (Message)packet;
    Log.w(""***""+mes.toString()+""***"",""0"");
    }
    }, filter);
    

And it works. I can send messages to the user and receive them just fine.",1,1,org.jivesoftware.smack.PacketListener,dataset canonical hint exactly matches an authoritative class,org.igniterealtime.smack:smack+smackx:3.2.1,org.jivesoftware.smack.PacketListener,resolved_api,1
SMACK-0002,smack,SO,Node,org.jivesoftware.smackx.pubsub.Node,org.jivesoftware.smackx.pubsub.Node,resolved,1,This class translates low level item deletion events into api level objects for user consumption.,dataset_re,data/RE_reference/RE-smack.csv,1,"XEP-0080 User Location in Smack Library 

I would like to create a simple XMPP client in java that shares his location (XEP-0080) with other clients. I already know I can use the smack library for XMPP and that it supports PEP, which is needed for XEP-0080. Does anyone have an example how to implement this or any pointers, i don't find anything using google.

thanks in advance.

Kristof's right, the doc's are sparse - but they are getting better. There is a good, albeit hard to find, set of docs on extensions though. The PubSub one is at http://www.igniterealtime.org/fisheye/browse/~raw,r=11613/svn-org/smack/trunk/documentation/extensions/pubsub.html.

After going the from scratch custom IQ Provider route with an extension I found it was easier to do it using the managers as much as possible. The developers that wrote the managers have abstracted away a lot of the pain points. 

Example (modified-for-geoloc version of one rcollier wrote on the Smack forum):
    
    
    ConfigureForm form = new ConfigureForm(FormType.submit);
    form.setPersistentItems(false);
    form.setDeliverPayloads(true);
    form.setAccessModel(AccessModel.open);
    PubSubManager manager 
    = new PubSubManager(connection, ""pubsub.communitivity.com"");
    Node myNode = manager.createNode(""http://jabber.org/protocol/geoloc"", form);
    StringBuilder body = new StringBuilder(); //ws for readability
    body.append("""");
    body.append("" Italy"");
    body.append("" 45.44"");
    body.append("" Venice"");
    body.append("" 12.33"");
    body.append("" 20"");
    body.append("""");
    SimplePayload payload = new SimplePayload(
    ""geoloc"",
    ""http://jabber.org/protocol/geoloc"", 
    body.toString());
    String itemId = ""zz234"";
    Item item = new Item(itemId, payload);
    // Required to recieve the events being published
    myNode.addItemEventListener(myEventHandler);
    // Publish item
    myNode.publish(item);
    

Or at least that's the hard way :). Just remembered there's a PEPManager now...
    
    
    PEPProvider pepProvider = new PEPProvider();
    pepProvider.registerPEPParserExtension(
    ""http://jabber.org/protocol/tune"", new TuneProvider());
    ProviderManager.getInstance().addExtensionProvider(
    ""event"", 
    ""http://jabber.org/protocol/pubsub#event"", pepProvider);
    Tune tune = new Tune(""jeff"", ""1"", ""CD"", ""My Title"", ""My Track"");
    pepManager.publish(tune);
    

You'd need to write the GeoLocProvider and GeoLoc classes.",1,1,org.jivesoftware.smackx.pubsub.Node,dataset canonical hint exactly matches an authoritative class,org.igniterealtime.smack:smack+smackx:3.2.1,org.jivesoftware.smackx.pubsub.Node,resolved_api,1
SMACK-0003,smack,TU,FormField,org.jivesoftware.smackx.FormField,org.jivesoftware.smackx.FormField,resolved,1,"Represents a field of a form. The field could be used to represent a question to complete, a completed question or a data returned from a search. The exact interpretation of the field depends on the context where the field is used.",dataset_re,data/RE_reference/RE-smack.csv,1,"###  Create a Form to fill out

Description

An XMPP entity may need to gather data from another XMPP entity. Therefore, the data-gathering entity will need to create a new Form, specify the fields that will conform the Form and finally send the Form to the data-providing entity.

Usage

In order to create a Form to fill out use the  Form 's constructor passing the constant  Form.TYPE_FORM  as the parameter. The next step is to create the form fields and add them to the form. In order to create and customize a  FormField  use the  FormField 's constructor specifying the variable name of the field as the parameter. Then use  FormField.setType(String type)  to set the field's type (e.g. FormField.TYPE_HIDDEN, FormField.TYPE_TEXT_SINGLE). Once we have the  Form  instance and the FormFields the last step is to send  Form.addField(FormField field)  for each field that we want to add to the form.

Once the form to fill out is finished we will want to send it in a message. Send  Form.getDataFormToSend()  to the form and add the answer as an extension to the message to send.

Examples

In this example we can see how to create and send a form to fill out: 

> 
>           // Create a new form to gather data
>     Form formToSend = new Form(Form.TYPE_FORM);
>     formToSend.setInstructions(
>     ""Fill out this form to report your case.\nThe case will be created automatically."");
>     formToSend.setTitle(""Case configurations"");
>     // Add a hidden variable to the form
>     FormField field = new FormField(""hidden_var"");
>     field.setType(FormField.TYPE_HIDDEN);
>     field.addValue(""Some value for the hidden variable"");
>     formToSend.addField(field);
>     // Add a fixed variable to the form
>     field = new FormField();
>     field.addValue(""Section 1: Case description"");
>     formToSend.addField(field);
>     // Add a text-single variable to the form
>     field = new FormField(""name"");
>     field.setLabel(""Enter a name for the case"");
>     field.setType(FormField.TYPE_TEXT_SINGLE);
>     formToSend.addField(field);
>     // Add a text-multi variable to the form
>     field = new FormField(""description"");
>     field.setLabel(""Enter a description"");
>     field.setType(FormField.TYPE_TEXT_MULTI);
>     formToSend.addField(field);
>     // Create a chat with ""user2@host.com""
>     Chat chat = conn1.createChat(""user2@host.com"" );
>     Message msg = chat.createMessage();
>     msg.setBody(""To enter a case please fill out this form and send it back to me"");
>     // Add the form to fill out to the message to send
>     msg.addExtension(formToSend.getDataFormToSend());
>     // Send the message with the form to fill out
>     chat.sendMessage(msg);
>",1,1,org.jivesoftware.smackx.FormField,unique authoritative class,org.igniterealtime.smack:smack+smackx:3.2.1,org.jivesoftware.smackx.FormField,resolved_api,1
SMACK-0004,smack,TU,LeafNode,org.jivesoftware.smackx.pubsub.LeafNode,org.jivesoftware.smackx.pubsub.LeafNode,resolved,1,"The main class for the majority of PubSub functionality. In general almost all PubSub capabilities are related to the concept of a node. All items are published to a node, and typically subscribed to by other users. These users then retrieve events based on this subscription.",dataset_re,data/RE_reference/RE-smack.csv,1,"###  Publishing to a node

Description

This section deals with the  LeafNode.publish  portion of pubsub. Usage of a node typically involves either sending or receiving data, referred to as items. Depending on the context of the nodes usage, the item being sent to it can have different properties. It can contain application data known as payload, or the publisher may choose to supply meaningful unique id's. Determination of an items acceptable properties is defined by a combination of node configuration and its purpose. 

Usage

To publish to a node, you will have to either create or retrieve an existing node and then create and send items to that node. The ability for any given person to publish to the node will be dependent on its configuration. 

Examples

In this example we publish an item to a node that does not take payload: 

> 
>     // Create a pubsub manager using an existing Connection
>     PubSubManager mgr = new PubSubManager(con);
>     // Get the node
>     LeafNode node = mgr.getNode(""testNode"");
>     // Publish an Item, let service set the id
>     node.send(new Item());
>     // Publish an Item with the specified id
>     node.send(new Item(""123abc""));
>     

In this example we publish an item to a node that does take payload: 

> 
>     // Create a pubsub manager using an existing Connection
>     PubSubManager mgr = new PubSubManager(con);
>     // Get the node
>     LeafNode node = mgr.getNode(""testNode"");
>     // Publish an Item with payload
>     node.send(new PayloadItem(""test"" + System.currentTimeMillis(), 
>     new SimplePayload(""book"", ""pubsub:test:book"", 
>     ""Two Towers"")));
>",1,0,org.jivesoftware.smackx.pubsub.LeafNode,dataset canonical hint exactly matches an authoritative class,org.igniterealtime.smack:smack+smackx:3.2.1,org.jivesoftware.smackx.pubsub.LeafNode,resolved_api,1
SMACK-0005,smack,TU,PubSubManager,org.jivesoftware.smackx.pubsub.PubSubManager,org.jivesoftware.smackx.pubsub.PubSubManager,resolved,1,"This is the starting point for access to the pubsub service. It will provide access to general information about the service, as well as create or retrieve pubsub LeafNode instances. These instances provide the bulk of the functionality as defined in the pubsub specification XEP-0060.",dataset_re,data/RE_reference/RE-smack.csv,1,"###  Discover pubsub information

Description

A user may want to query a server or node for a variety of pubsub related information.

Usage

To retrieve information, a user will simply use either the  PubSubManager  or  Node  classes depending on what type of information is required. Examples

In this example we can see how to get pubsub capabilities: 

> 
>           
>     // Create a pubsub manager using an existing Connection
>     PubSubManager mgr = new PubSubManager(con);
>     // Get the pubsub features that are supported
>     DiscoverInfo supportedFeatures = mgr.getSupportedFeatures();
>     

In this example we can see how to get pubsub subscriptions for all nodes: 

> 
>           
>     // Create a pubsub manager using an existing Connection
>     PubSubManager mgr = new PubSubManager(con);
>     // Get all the subscriptions in the pubsub service
>     List<Subscription> subscriptions = mgr.getSubscriptions();
>     

In this example we can see how to get all affiliations for the users bare JID on the pubsub service: 

> 
>           
>     // Create a pubsub manager using an existing Connection
>     PubSubManager mgr = new PubSubManager(con);
>     // Get the affiliations for the users bare JID
>     List<Affiliation> affiliations = mgr.getAffiliations();
>     

In this example we can see how to get information about the node: 

> 
>           
>     // Create a pubsub manager using an existing Connection
>     PubSubManager mgr = new PubSubManager(con);
>     Node node = mgr.getNode(""testNode"");
>     // Get the node information
>     DiscoverInfo nodeInfo = node.discoverInfo();
>     

In this example we can see how to discover the node items: 

> 
>           
>     // Create a pubsub manager using an existing Connection
>     PubSubManager mgr = new PubSubManager(con);
>     Node node = mgr.getNode(""testNode"");
>     // Discover the node items
>     DiscoverItems nodeItems = node.discoverItems();
>     

In this example we can see how to get node subscriptions: 

> 
>           
>     // Create a pubsub manager using an existing Connection
>     PubSubManager mgr = new PubSubManager(con);
>     Node node = mgr.getNode(""testNode"");
>     // Discover the node subscriptions
>     List<Subscription> subscriptions = node.getSubscriptions();
>",1,1,org.jivesoftware.smackx.pubsub.PubSubManager,dataset canonical hint exactly matches an authoritative class,org.igniterealtime.smack:smack+smackx:3.2.1,org.jivesoftware.smackx.pubsub.PubSubManager,resolved_api,1
SMACK-0006,smack,TU,XHTMLManager,org.jivesoftware.smackx.XHTMLManager,org.jivesoftware.smackx.XHTMLManager,resolved,1,"Manages XHTML formatted texts within messages. A XHTMLManager provides a high level access to get and set XHTML bodies to messages, enable and disable XHTML support and check if remote XMPP clients support XHTML.",dataset_re,data/RE_reference/RE-smack.csv,1,"### Compose an XHTML Message - part 2

Create an instance of  XHTMLText  specifying the style and language of the body. You can add several XHTML bodies to the message but each body should be for a different language. Once you have an XHTMLText you can start to append tags and text to it. In order to append tags there are several messages that you can use. For each XHTML defined tag there is a message that you can send. In order to add text you can send the message  #XHTMLText.append(String textToAppend) .

After you have configured the XHTML text, the last step you have to do is to add the XHTML text to the message you want to send. If you decided to create the XHTML text by yourself, you will have to follow this last step too. In order to add the XHTML text to the message send the message  #XHTMLManager.addBody(Message message, String body)  to the  XHTMLManager  class where message is the message that will receive the XHTML body and body is the string to add as an XHTML body to the message.",1,1,org.jivesoftware.smackx.XHTMLManager,unique authoritative class,org.igniterealtime.smack:smack+smackx:3.2.1,org.jivesoftware.smackx.XHTMLManager,resolved_api,1
SMACK-0007,smack,TU,MultiUserChat,org.jivesoftware.smackx.muc.MultiUserChat,org.jivesoftware.smackx.muc.MultiUserChat,resolved,1,"A MultiUserChat room (XEP-45), created with MultiUserChatManager.getMultiUserChat(EntityBareJid). A MultiUserChat is a conversation that takes place among many users in a virtual room. A room could have many occupants with different affiliation and roles. Possible affiliations are ""owner"", ""admin"", ""member"", and ""outcast"". Possible roles are ""moderator"", ""participant"", and ""visitor"". Each role and affiliation guarantees different privileges (e.g. Send messages to all occupants, Kick participants and visitors, Grant voice, Edit member list, etc.). Note: Make sure to leave the MUC (leave()) when you don't need it anymore or otherwise you may leak the instance.",dataset_re,data/RE_reference/RE-smack.csv,1,"###  Manage room invitations

Description

It can be useful to invite another user to a room in which one is an occupant. Depending on the room's type the invitee could receive a password to use to join the room and/or be added to the member list if the room is of type members-only. Smack allows to send room invitations and let potential invitees to listening for room invitations and inviters to listen for invitees' rejections.

Usage

In order to invite another user to a room you must be already joined to the room. Once you are joined just send  MultiUserChat.invite(String participant, String reason)  to the  MultiUserChat  where participant is the user to invite to the room (e.g. hecate@shakespeare.lit) and reason is the reason why the user is being invited.

If potential invitees want to listen for room invitations then the invitee must add an  InvitationListener  to the  MultiUserChat  class. Since the  InvitationListener  is an interface, it is necessary to create a class that implements this interface. If an inviter wants to listen for room invitation rejections, just add an  InvitationRejectionListener  to the  MultiUserChat .  InvitationRejectionListener  is also an interface so you will need to create a class that implements this interface.",1,1,org.jivesoftware.smackx.muc.MultiUserChat,dataset canonical hint exactly matches an authoritative class,org.igniterealtime.smack:smack+smackx:3.2.1,org.jivesoftware.smackx.muc.MultiUserChat,resolved_api,1
SMACK-0008,smack,TU,MultiUserChat,org.jivesoftware.smackx.muc.MultiUserChat,org.jivesoftware.smackx.muc.MultiUserChat,resolved,1,"A MultiUserChat room (XEP-45), created with MultiUserChatManager.getMultiUserChat(EntityBareJid). A MultiUserChat is a conversation that takes place among many users in a virtual room. A room could have many occupants with different affiliation and roles. Possible affiliations are ""owner"", ""admin"", ""member"", and ""outcast"". Possible roles are ""moderator"", ""participant"", and ""visitor"". Each role and affiliation guarantees different privileges (e.g. Send messages to all occupants, Kick participants and visitors, Grant voice, Edit member list, etc.). Note: Make sure to leave the MUC (leave()) when you don't need it anymore or otherwise you may leak the instance.",dataset_re,data/RE_reference/RE-smack.csv,1,"### Manage affiliation modifications - part 3

In order to ban a user from the room just send the message  MultiUserChat.banUser(String jid, String reason)  to  MultiUserChat .

Smack allows you to listen for affiliation modification events. If you are interested in listening affiliation modification events of any user then use the listener  ParticipantStatusListener . But if you are interested in listening for your own affiliation modification events, use the listener  UserStatusListener . Both listeners should be added to the  MultiUserChat  by using  MultiUserChat.addParticipantStatusListener(ParticipantStatusListener listener)  or  MultiUserChat.addUserStatusListener(UserStatusListener listener)  respectively. These listeners include several notification events but you may be interested in just a few of them. Smack provides default implementations for these listeners avoiding you to implement all the interfaces' methods. The default implementations are  DefaultUserStatusListener  and  DefaultParticipantStatusListener . Below you will find the sent messages to the listeners whenever a user's affiliation has changed.",1,1,org.jivesoftware.smackx.muc.MultiUserChat,dataset canonical hint exactly matches an authoritative class,org.igniterealtime.smack:smack+smackx:3.2.1,org.jivesoftware.smackx.muc.MultiUserChat,resolved_api,1
SMACK-0009,smack,SO,IQProvider,org.jivesoftware.smack.provider.IQProvider,org.jivesoftware.smack.provider.IQProvider,resolved,1,"An abstract class for parsing custom IQ packets. Each IQProvider must be registered with the ProviderManager class for it to be used. Every implementation of this abstract class must have a public, no-argument constructor.",dataset_re,data/RE_reference/RE-smack.csv,1,"Mapping Openfire Custom plugin with aSmack Client 

I'm a newbie to XMPP so forgive me if this question sounds silly. I want to create a custom plugin and map it with my aSmack client on Android. I'm trying to apply my knowledge of Web Services but I'm not winning. So please guide my thinking toward the best approach, an example will be really helpful. Thanx in advance.

There are many types of plugins, let's talk in general pourpose. Igniterealtime Plugin guide

You want to define a brand new IQ Stanza to manage an UserCustomParam. Let's say:
    
    
    
    
    

What you have to:

step 1: define a plugin (class that implemements Plugin) that adds a new handler
    
    
    MyCustomHandler colorshandler;
    IQRouter iqRouter = XMPPServer.getInstance().getIQRouter();
    iqRouter.addHandler(colorshandler);
    

Step2: implements MyCustomHandler as you need (read on database, write on database, read server side and so on).
    
    
    public class MyCustomHandler extends IQHandler {
    public static final String NAMESPACE_TICKET_IQ = ""com.records.iq"";
    public static final String TAG_TICKET_IQ = ""usercustomparam "";
    

Now your server it's ready to manage your custom IQ request.

Time to go client side:

Step3: register to your ProviderManager an IQProvider
    
    
    ProviderManager.addIQProvider(""usercustomparam "",""com.records.iq"", new IQUserCustomParamProvider());
    

Step4: implements your IQUserCustomParamProvider as you need
    
    
    public class IQUserCustomParamProvider extends IQProvider
    

into Provider you'll parse the incoming IQ from server and you'll create a IQUserCustomParam with an instance param like
    
    
    String favouriteColor
    

Step5: you need to implement IQUserCustomParam
    
    
    public class IQUserCustomParam extends IQ
    private final static String childElementName = ""usercustomparam"";
    private final static String childElementNamespace = ""com.records.iq"";
    public IQUserCustomParam (String color)
    {
    this(childElementName , childElementNamespace );
    this.setType(IQ.Type.result);
    this.setFavouriteColor(color);
    }
    

Step 6: now set up it's completed, but you haven't defined yet when to accept IQUserCustomParam when it comes from server. So you need a StanzaFilter
    
    
    public class IQUserCustomParamFilter implements StanzaFilter
    

Step 7: and you haven't defined yet what to do with IQUserCustomParam when it comes from server. So you need a StanzaListner
    
    
    public class IQUserCustomParamListner implements StanzaListener
    

Step 8: finally you'll have to register the combo filter/listner on your connection:
    
    
    AbstractXMPPConnection connection = ...;
    connection.addAsyncStanzaListener(new PersonalConfigListner(this), new IQMUCConfigTicketFIlter();
    

if that helped, please don't forget to accept the answer!",1,1,org.jivesoftware.smack.provider.IQProvider,dataset canonical hint exactly matches an authoritative class,org.igniterealtime.smack:smack+smackx:3.2.1,org.jivesoftware.smack.provider.IQProvider,resolved_api,1
SMACK-0010,smack,SO,FileTransferListener,org.jivesoftware.smackx.filetransfer.FileTransferListener,org.jivesoftware.smackx.filetransfer.FileTransferListener,resolved,1,File transfers can cause several events to be raised. These events can be monitored through this interface.,dataset_re,data/RE_reference/RE-smack.csv,1,"Sending inline images using Smack XMPP 

I am about to create a simple xmpp java client application and for this I am considering to use the Smack XMPP library, which works pretty well.

One feature of the client should be to send inline images to your chatpartner. I browsed through the javadoc of SMACK but I was not able to find how it's possible to send images or in general binary data with SMACK/XMPP. I am not talking about a standard file transfer that the receiving user has to accept, but rather an image which can be sent within a message. Is this possible with SMACK/XMPP? Can anybody provide an example?

You can just make it accepted by default (the user won't be prompted) by using smth like:
    
    
    final FileTransferManager manager = new FileTransferManager(connection); //Use your xmpp connection
    manager.addFileTransferListener(new FileTransferListener() {
    public void fileTransferRequest(FileTransferRequest request) {
    IncomingFileTransfer transfer = request.accept();
    try {
    InputStream input = transfer.recieveFile();
    //This will be a binary stream and you can process it. Create image and display it inline in your chat app.
    } catch (XMPPException e) {
    e.printStackTrace();
    }
    }
    }",1,1,org.jivesoftware.smackx.filetransfer.FileTransferListener,dataset canonical hint exactly matches an authoritative class,org.igniterealtime.smack:smack+smackx:3.2.1,org.jivesoftware.smackx.filetransfer.FileTransferListener,resolved_api,1
SMACK-0011,smack,SO,InvitationListener,org.jivesoftware.smackx.muc.InvitationListener,org.jivesoftware.smackx.muc.InvitationListener,resolved,1,A listener that is fired anytime an invitation to join a MUC room is received.,dataset_re,data/RE_reference/RE-smack.csv,1,"MultipleChatUser XMPP asmack join 

I am new to this OpenFire and asmack, i want the user to have a functionality of Multi Users Chatting so i searched around and i found MUC i have implemented this for creating a room and sending invitation to other users these works, other user receives the invitation but the other user is not able to join the room.

I am doing this on other user invitation receiving

Here connection is the connection of this user and room is the room name that we getting in invitation.

MultiUserChat muc3 = new MultiUserChat(connection,room);

muc3.join(""testbot3"");

testbot3 is just some random name.

But this throws 404 error.

Do i need to join the user before sending the invitation i.e if A user sending invitation to B , before invitation sent do A needs to join these users by default to room and then it depends on B to decline or just keep quite.

What i am doing is B receives invitation from A in that InvitationListner of B i am trying to join with the above code.

I have been trying for long now i am not sure what is going wrong, some one can give a sample code of how to do this it would be great help for me.

Thanks

Here is more information on my issue

As i go and check on Openfire i can see the room created by the user and he has been added himself as an owner so i dont think so it would be an issue with room getting created.

May be this can be an issue with room getting locked, as i have read through the room is locked when the room is not completely created , i guess this is an issue with form filling when we create the room, i am not filling in the password in the form can this be an issue ?

Please see the following code below inside the handler i am calling a method ""checkInvitation"" which does the same as above code posted still i get 404. Can you please tell me what i wrong in my code.

Do the nickname that needs to be added can be anything or it needs to something user specific ?

public void createChatroom(){
    
    
     MultiUserChat muc = null;
    try {
    muc = new MultiUserChat(connection, ""myroom@conference.localhost"");
    muc.create(""testbot"");
    // Get the the room's configuration form
    Form form = muc.getConfigurationForm();
    // Create a new form to submit based on the original form
    Form submitForm = form.createAnswerForm();
    // Add default answers to the form to submit
    for (Iterator fields = form.getFields(); fields.hasNext();) {
    FormField field = (FormField) fields.next();
    if (!FormField.TYPE_HIDDEN.equals(field.getType()) && field.getVariable() != null) {
    // Sets the default value as the answer
    submitForm.setDefaultAnswer(field.getVariable());
    }
    }
    // Sets the new owner of the room
    List owners = new ArrayList();
    owners.add(""admin@localhost"");
    submitForm.setAnswer(""muc#roomconfig_roomowners"", owners);
    // Send the completed form (with default values) to the server to configure the room
    muc.sendConfigurationForm(submitForm);
    muc.join(""d"");
    muc.invite(""b@localhost"", ""Meet me in this excellent room"");
    muc.addInvitationRejectionListener(new InvitationRejectionListener() {
    public void invitationDeclined(String invitee, String reason) {
    // Do whatever you need here...
    System.out.println(""Initee ""+invitee+"" reason""+reason);
    }
    });
    } catch (XMPPException e) {
    // TODO Auto-generated catch block
    e.printStackTrace();
    }
    }
    public void setConnection(XMPPConnection connection) {
    this.connection = connection;
    if (connection != null) {
    // Add a packet listener to get messages sent to us
    PacketFilter filter = new MessageTypeFilter(Message.Type.chat);
    connection.addPacketListener(new PacketListener() {
    public void processPacket(Packet packet) {
    Message message = (Message) packet;
    if (message.getBody() != null) {
    String fromName = StringUtils.parseBareAddress(message
    .getFrom());
    Log.i(""XMPPClient"", ""Got text ["" + message.getBody()
    + ""] from ["" + fromName + ""]"");
    messages.add(fromName + "":"");
    messages.add(message.getBody());
    // Add the incoming message to the list view
    mHandler.post(new Runnable() {
    public void run() {
    setListAdapter();
    checkInvitation();
    }
    });
    }
    }
    }, filter);
    mHandler.post(new Runnable() {
    public void run() {
    checkInvitation();
    }
    });
    }
    }
    

The 404 error indicates that:
    
    
    404 error can occur if the room does not exist or is locked
    

So, ensure that your room is not locked or existed! The code below is how I join the room when there's an in-comming invitation:
    
    
    private void setChatRoomInvitationListener() {
    MultiUserChat.addInvitationListener(mXmppConnection,
    new InvitationListener() {
    @Override
    public void invitationReceived(Connection connection,
    String room, String inviter, String reason,
    String unKnown, Message message) {
    //MultiUserChat.decline(mXmppConnection, room, inviter,
    // ""Don't bother me right now"");
    // MultiUserChat.decline(mXmppConnection, room, inviter,
    // ""Don't bother me right now"");
    try {
    muc.join(""test-nick-name"");
    Log.e(""abc"",""join room successfully"");
    muc.sendMessage(""I joined this room!! Bravo!!"");
    } catch (XMPPException e) {
    e.printStackTrace();
    Log.e(""abc"",""join room failed!"");
    }
    }
    });
    }
    

Hope this helps your error!

Edit:this is how I config the room:
    
    
     /*
    * Create room
    */
    muc.create(roomName);
    // muc.sendConfigurationForm(new Form(Form.TYPE_SUBMIT));
    Form form = muc.getConfigurationForm();
    Form submitForm = form.createAnswerForm();
    for (Iterator fields = form.getFields(); fields.hasNext();) {
    FormField field = (FormField) fields.next();
    if (!FormField.TYPE_HIDDEN.equals(field.getType())
    && field.getVariable() != null) {
    show(""field: "" + field.getVariable());
    // Sets the default value as the answer
    submitForm.setDefaultAnswer(field.getVariable());
    }
    }
    List owners = new ArrayList();
    owners.add(DataConfig.USERNAME + ""@"" + DataConfig.SERVICE);
    submitForm.setAnswer(""muc#roomconfig_roomowners"", owners);
    submitForm.setAnswer(""muc#roomconfig_roomname"", roomName);
    submitForm.setAnswer(""muc#roomconfig_persistentroom"", true);
    muc.sendConfigurationForm(submitForm);
    // submitForm.
    show(""created room!"");
    muc.addMessageListener(new PacketListener() {
    @Override
    public void processPacket(Packet packet) {
    show(packet.toXML());
    Message mess = (Message) packet;
    showMessageToUI(mess.getFrom() + "": "" + mess.getBody());
    }
    });
    

With this cofiguration, I can join a room easily without password.",1,1,org.jivesoftware.smackx.muc.InvitationListener,dataset canonical hint exactly matches an authoritative class,org.igniterealtime.smack:smack+smackx:3.2.1,org.jivesoftware.smackx.muc.InvitationListener,resolved_api,1
SMACK-0012,smack,TU,Form,org.jivesoftware.smackx.Form,org.jivesoftware.smackx.Form,resolved,1,"Represents a Form for gathering data. The form could be of the following types: form ? Indicates a form to fill out. submit ? The form is filled out, and this is the data that is being returned from the form. cancel ? The form was cancelled. Tell the asker that piece of information. result ? Data results being returned from a search, or some other query. Depending of the form's type different operations are available. For example, it's only possible to set answers if the form is of type ""submit"".",dataset_re,data/RE_reference/RE-smack.csv,1,"###  Answer a Form

Description

Under many situations an XMPP entity could receive a form to fill out. For example, some hosts may require to fill out a form in order to register new users. Smack lets the data-providing entity to complete the form in an easy way and send it back to the data-gathering entity.

Usage

The form to fill out contains useful information that could be used for rendering the form. But it cannot be used to actually complete it. Instead it's necessary to create a new form based on the original form whose purpose is to hold all the answers.

In order to create a new  Form  to complete based on the original  Form  just send  Form.createAnswerForm()  to the original  Form . Once you have a valid form that could be actually completed all you have to do is send  Form.setAnswer(String variable, String value)  to the form where variable is the variable of the  FormField  that you want to answer and value is the String representation of the answer. If the answer consist of several values you could then use  Form.setAnswer(String variable, List values)  where values is a List of Strings.",1,1,org.jivesoftware.smackx.Form,unique authoritative class,org.igniterealtime.smack:smack+smackx:3.2.1,org.jivesoftware.smackx.Form,resolved_api,1
SMACK-0013,smack,TU,IncomingFileTransfer,org.jivesoftware.smackx.filetransfer.IncomingFileTransfer,org.jivesoftware.smackx.filetransfer.IncomingFileTransfer,resolved,1,"An incoming file transfer is created when the FileTransferManager.createIncomingFileTransfer(FileTransferRequest) method is invoked. It is a file being sent to the local user from another user on the jabber network. There are two stages of the file transfer to be concerned with and they can be handled in different ways depending upon the method that is invoked on this class. The first way that a file is received is by calling the receiveFile() method. This method, negotiates the appropriate stream method and then returns the InputStream to read the file data from. The second way that a file can be received through this class is by invoking the receiveFile(File) method. This method returns immediately and takes as its parameter a file on the local file system where the file recieved from the transfer will be put.",dataset_re,data/RE_reference/RE-smack.csv,1,"### Recieving a file from another user - part 2

To accept the file transfer, call the  FileTransferRequest.accept() , this method will create an  IncomingFileTransfer . After you have the file transfer you may start to transfer the file by calling the  IncomingFileTransfer.recieveFile(file)  method. The file provided to this method will be where the data from thefile transfer is saved.

Finally, to reject the file transfer the only method you need to call is  FileTransferRequest.reject()  on the  IncomingFileTransfer . 

For information on monitoring the progress of a file transfer see the monitoring progress section of this document. 

Other means to recieve a file are also provided as part of the  IncomingFileTransfer . Please consult the Javadoc for more information. Examples

In this example we can see how to approve or reject a file transfer request: 

> 
>           // Create the file transfer manager
>     final FileTransferManager manager = new FileTransferManager(connection);
>     // Create the listener
>     manager.addFileTransferListener(new FileTransferListener() {
>     public void fileTransferRequest(FileTransferRequest request) {
>     // Check to see if the request should be accepted
>     if(shouldAccept(request)) {
>     // Accept it
>     IncomingFileTransfer transfer = request.accept();
>     transfer.recieveFile(new File(""shakespeare_complete_works.txt""));
>     } else {
>     // Reject it
>     request.reject();
>     }
>     }
>     });
>",1,1,org.jivesoftware.smackx.filetransfer.IncomingFileTransfer,dataset canonical hint exactly matches an authoritative class,org.igniterealtime.smack:smack+smackx:3.2.1,org.jivesoftware.smackx.filetransfer.IncomingFileTransfer,resolved_api,1
SMACK-0014,smack,TU,LeafNode,org.jivesoftware.smackx.pubsub.LeafNode,org.jivesoftware.smackx.pubsub.LeafNode,resolved,1,"The main class for the majority of PubSub functionality. In general almost all PubSub capabilities are related to the concept of a node. All items are published to a node, and typically subscribed to by other users. These users then retrieve events based on this subscription.",dataset_re,data/RE_reference/RE-smack.csv,1,"###  Retrieving persisted pubsub messages

Description

When persistent nodes are used, the subscription and registration methods described in the last section will not enable the retrieval of items that already exist in the node. This section deals with the specific methods for retrieving these items. There are several means of retrieving existing items. You can retrieve all items at once, the last N items, or the items specified by a collection of id's. Please note that the service may, according to the pubsub specification, reply with a list of items that contains only the item id's (no payload) to save on bandwidth. This will not occur when the id's are specified since this is the means of guaranteeing retrieval of payload.

Usage

To synchronously retrieve existing items from a persistent node, you will have to get an instance of a  LeafNode  and call one of the retrieve methods. 

Examples

In this example we can see how to retrieve the existing items from a node: 

> 
>           
>     // Create a pubsub manager using an existing Connection
>     PubSubManager mgr = new PubSubManager(con);
>     // Get the node
>     LeafNode node = mgr.getNode(""testNode"");
>     Collection<? extends Item> items = node.getItems();
>     

In this example we can see how to retrieve the last N existing items: 

> 
>           
>     // Create a pubsub manager using an existing Connection
>     PubSubManager mgr = new PubSubManager(con);
>     // Get the node
>     LeafNode node = mgr.getNode(""testNode"");
>     List<? extends Item> items = node.getItems(100);
>     

In this example we can see how to retrieve the specified existing items: 

> 
>           
>     // Create a pubsub manager using an existing Connection
>     PubSubManager mgr = new PubSubManager(con);
>     // Get the node
>     LeafNode node = mgr.getNode(""testNode"");
>     Collection<String> ids = new ArrayList<String>(3);
>     ids.add(""1"");
>     ids.add(""3"");
>     ids.add(""4"");
>     List<? extends Item> items = node.getItems(ids);
>",1,1,org.jivesoftware.smackx.pubsub.LeafNode,dataset canonical hint exactly matches an authoritative class,org.igniterealtime.smack:smack+smackx:3.2.1,org.jivesoftware.smackx.pubsub.LeafNode,resolved_api,1
SMACK-0015,smack,TU,UserStatusListener,org.jivesoftware.smackx.muc.UserStatusListener,org.jivesoftware.smackx.muc.UserStatusListener,resolved,1,"A listener that is fired anytime your participant's status in a room is changed, such as the user being kicked, banned, or granted admin permissions or the room is destroyed.",dataset_re,data/RE_reference/RE-smack.csv,1,"### Manage role modifications - part 2

Usage

In order to grant voice (i.e. make someone a participant) just send the message  MultiUserChat.grantVoice(String nickname)  to  MultiUserChat . Use  MultiUserChat.revokeVoice(String nickname)  to revoke the occupant's voice (i.e. make the occupant a visitor).

In order to grant moderator privileges to a participant or visitor just send the message  MultiUserChat.grantModerator(String nickname)  to  MultiUserChat . Use  MultiUserChat.revokeModerator(String nickname)  to revoke the moderator privilege from the occupant thus making the occupant a participant.

Smack allows you to listen for role modification events. If you are interested in listening role modification events of any occupant then use the listener  ParticipantStatusListener . But if you are interested in listening for your own role modification events, use the listener  UserStatusListener . Both listeners should be added to the  MultiUserChat  by using  MultiUserChat.addParticipantStatusListener(ParticipantStatusListener listener)  or  MultiUserChat.addUserStatusListener(UserStatusListener listener)  respectively. These listeners include several notification events but you may be interested in just a few of them. Smack provides default implementations for these listeners avoiding you to implement all the interfaces' methods. The default implementations are  DefaultUserStatusListener  and  DefaultParticipantStatusListener . Below you will find the sent messages to the listeners whenever an occupant's role has changed.",1,1,org.jivesoftware.smackx.muc.UserStatusListener,dataset canonical hint exactly matches an authoritative class,org.igniterealtime.smack:smack+smackx:3.2.1,org.jivesoftware.smackx.muc.UserStatusListener,resolved_api,1
SMACK-0016,smack,TU,Chat,org.jivesoftware.smack.Chat,org.jivesoftware.smack.Chat,resolved,1,Deprecated.? use org.jivesoftware.smack.chat2.Chat from smack-extensions instead.,dataset_re,data/RE_reference/RE-smack.csv,1,"###  Messaging using Chats

Sending messages back and forth is at the core of instant messaging. Although individual messages can be sent and received as packets, it's generally easier to treat the string of messages as a chat using the ` org.jivesoftware.smack.Chat ` class.",1,0,org.jivesoftware.smack.Chat,unique authoritative class,org.igniterealtime.smack:smack+smackx:3.2.1,org.jivesoftware.smack.Chat,resolved_api,1
SMACK-0017,smack,TU,DefaultMessageEventRequestListener,org.jivesoftware.smackx.DefaultMessageEventRequestListener,org.jivesoftware.smackx.DefaultMessageEventRequestListener,resolved,1,Default implementation of the MessageEventRequestListener interface. This class automatically sends a delivered notification to the sender of the message if the sender has requested to be notified when the message is delivered.,dataset_re,data/RE_reference/RE-smack.csv,1,"###  Reacting to Event Notification Requests

Description

You can receive notification requests for the following events: delivered, displayed, composing and offline. You must listen for these requests and react accordingly.

Usage

The general idea is to create a new  DefaultMessageEventRequestListener  that will listen to the event notifications requests and react with custom logic. Then you will have to add the listener to the  MessageEventManager  that works on the desired  Connection . 

Note that  DefaultMessageEventRequestListener  is a default implementation of the  MessageEventRequestListener  interface. The class  DefaultMessageEventRequestListener  automatically sends a delivered notification to the sender of the message if the sender has requested to be notified when the message is delivered. If you decide to create a new class that implements the  MessageEventRequestListener  interface, please remember to send the delivered notification.

  * To create a new  MessageEventManager  use the  MessageEventManager.MessageEventManager(Connection)  constructor. 
  * To create an event notification requests listener create a subclass of  DefaultMessageEventRequestListener  or create a class that implements the  MessageEventRequestListener  interface. 
  * To add a listener to the messageEventManager use the MessageEventManager's message  MessageEventManager.addMessageEventRequestListener(MessageEventRequestListener) .",1,1,org.jivesoftware.smackx.DefaultMessageEventRequestListener,unique authoritative class,org.igniterealtime.smack:smack+smackx:3.2.1,org.jivesoftware.smackx.DefaultMessageEventRequestListener,resolved_api,1
SMACK-0018,smack,TU,MessageEventRequestListener,org.jivesoftware.smackx.MessageEventRequestListener,org.jivesoftware.smackx.MessageEventRequestListener,resolved,1,"A listener that is fired anytime a message event request is received. Message event requests are received when the received message includes an extension like this: 
 <x xmlns='jabber:x:event'>
  <offline/>
  <delivered/>
  <composing/>
 </x>
 In this example you can see that the sender of the message requests to be notified when the user couldn't receive the message because he/she is offline, the message was delivered or when the receiver of the message is composing a reply.",dataset_re,data/RE_reference/RE-smack.csv,1,"###  Reacting to Event Notification Requests

Description

You can receive notification requests for the following events: delivered, displayed, composing and offline. You must listen for these requests and react accordingly.

Usage

The general idea is to create a new  DefaultMessageEventRequestListener  that will listen to the event notifications requests and react with custom logic. Then you will have to add the listener to the  MessageEventManager  that works on the desired  Connection . 

Note that  DefaultMessageEventRequestListener  is a default implementation of the  MessageEventRequestListener  interface. The class  DefaultMessageEventRequestListener  automatically sends a delivered notification to the sender of the message if the sender has requested to be notified when the message is delivered. If you decide to create a new class that implements the  MessageEventRequestListener  interface, please remember to send the delivered notification.

  * To create a new  MessageEventManager  use the  MessageEventManager.MessageEventManager(Connection)  constructor. 
  * To create an event notification requests listener create a subclass of  DefaultMessageEventRequestListener  or create a class that implements the  MessageEventRequestListener  interface. 
  * To add a listener to the messageEventManager use the MessageEventManager's message  MessageEventManager.addMessageEventRequestListener(MessageEventRequestListener) .",1,0,org.jivesoftware.smackx.MessageEventRequestListener,unique authoritative class,org.igniterealtime.smack:smack+smackx:3.2.1,org.jivesoftware.smackx.MessageEventRequestListener,resolved_api,1
SMACK-0019,smack,SO,Connection,org.jivesoftware.smack.Connection,org.jivesoftware.smack.Connection,resolved,1,"Smack client connection object that opens an XMPP session using a connection configuration such as host, port, and service name.",qwen3.8-max-correction,model:qwen3.8-max,0,"XMPP Server, smack API connectivity 

I am trying to connect to Tigase Server, implement a client in Java using smack API.
    
    
     ConnectionConfiguration config = new ConnectionConfiguration(""192.32.104.93"", 5222, ""ELVES-D463645"");
    Connection connection = new XMPPConnection(config);
    connection.connect();
    

When code reaches connect. I get following stacktrace.
    
    
    stream:error (host-unknown)
    at org.jivesoftware.smack.PacketReader.parsePackets(PacketReader.java:214)
    at org.jivesoftware.smack.PacketReader.access$000(PacketReader.java:44)
    at org.jivesoftware.smack.PacketReader$1.run(PacketReader.java:70)
    No response from the server.: 
    at org.jivesoftware.smack.NonSASLAuthentication.authenticate(NonSASLAuthentication.java:73)
    at org.jivesoftware.smack.XMPPConnection.login(XMPPConnection.java:230)
    at org.jivesoftware.smack.Connection.login(Connection.java:366)
    at com.directv.xmpp.client.poc.FirstClient.main(FirstClient.java:20)
    XMPPException Occured while connecting to server No response from the server.
    

Can anyone please help me find, where am I going wrong. Thanks!

Try below, or check your XMPP server Authentication setting 
    
    
    ConnectionConfiguration config = new ConnectionConfiguration(XMPP_HOST, XMPP_PORT);
    config.setCompressionEnabled(false);
    config.setSASLAuthenticationEnabled(false);
    connection = new XMPPConnection(config);",1,0,org.jivesoftware.smack.Connection,unique authoritative class,org.igniterealtime.smack:smack+smackx:3.2.1,org.jivesoftware.smack.Connection,resolved_api,1
SMACK-0020,smack,SO,Form,org.jivesoftware.smackx.Form,org.jivesoftware.smackx.Form,resolved,1,"Represents a Form for gathering data. The form could be of the following types: form ? Indicates a form to fill out. submit ? The form is filled out, and this is the data that is being returned from the form. cancel ? The form was cancelled. Tell the asker that piece of information. result ? Data results being returned from a search, or some other query. Depending of the form's type different operations are available. For example, it's only possible to set answers if the form is of type ""submit"".",dataset_re,data/RE_reference/RE-smack.csv,1,"MultipleChatUser XMPP asmack join 

I am new to this OpenFire and asmack, i want the user to have a functionality of Multi Users Chatting so i searched around and i found MUC i have implemented this for creating a room and sending invitation to other users these works, other user receives the invitation but the other user is not able to join the room.

I am doing this on other user invitation receiving

Here connection is the connection of this user and room is the room name that we getting in invitation.

MultiUserChat muc3 = new MultiUserChat(connection,room);

muc3.join(""testbot3"");

testbot3 is just some random name.

But this throws 404 error.

Do i need to join the user before sending the invitation i.e if A user sending invitation to B , before invitation sent do A needs to join these users by default to room and then it depends on B to decline or just keep quite.

What i am doing is B receives invitation from A in that InvitationListner of B i am trying to join with the above code.

I have been trying for long now i am not sure what is going wrong, some one can give a sample code of how to do this it would be great help for me.

Thanks

Here is more information on my issue

As i go and check on Openfire i can see the room created by the user and he has been added himself as an owner so i dont think so it would be an issue with room getting created.

May be this can be an issue with room getting locked, as i have read through the room is locked when the room is not completely created , i guess this is an issue with form filling when we create the room, i am not filling in the password in the form can this be an issue ?

Please see the following code below inside the handler i am calling a method ""checkInvitation"" which does the same as above code posted still i get 404. Can you please tell me what i wrong in my code.

Do the nickname that needs to be added can be anything or it needs to something user specific ?

public void createChatroom(){
    
    
     MultiUserChat muc = null;
    try {
    muc = new MultiUserChat(connection, ""myroom@conference.localhost"");
    muc.create(""testbot"");
    // Get the the room's configuration form
    Form form = muc.getConfigurationForm();
    // Create a new form to submit based on the original form
    Form submitForm = form.createAnswerForm();
    // Add default answers to the form to submit
    for (Iterator fields = form.getFields(); fields.hasNext();) {
    FormField field = (FormField) fields.next();
    if (!FormField.TYPE_HIDDEN.equals(field.getType()) && field.getVariable() != null) {
    // Sets the default value as the answer
    submitForm.setDefaultAnswer(field.getVariable());
    }
    }
    // Sets the new owner of the room
    List owners = new ArrayList();
    owners.add(""admin@localhost"");
    submitForm.setAnswer(""muc#roomconfig_roomowners"", owners);
    // Send the completed form (with default values) to the server to configure the room
    muc.sendConfigurationForm(submitForm);
    muc.join(""d"");
    muc.invite(""b@localhost"", ""Meet me in this excellent room"");
    muc.addInvitationRejectionListener(new InvitationRejectionListener() {
    public void invitationDeclined(String invitee, String reason) {
    // Do whatever you need here...
    System.out.println(""Initee ""+invitee+"" reason""+reason);
    }
    });
    } catch (XMPPException e) {
    // TODO Auto-generated catch block
    e.printStackTrace();
    }
    }
    public void setConnection(XMPPConnection connection) {
    this.connection = connection;
    if (connection != null) {
    // Add a packet listener to get messages sent to us
    PacketFilter filter = new MessageTypeFilter(Message.Type.chat);
    connection.addPacketListener(new PacketListener() {
    public void processPacket(Packet packet) {
    Message message = (Message) packet;
    if (message.getBody() != null) {
    String fromName = StringUtils.parseBareAddress(message
    .getFrom());
    Log.i(""XMPPClient"", ""Got text ["" + message.getBody()
    + ""] from ["" + fromName + ""]"");
    messages.add(fromName + "":"");
    messages.add(message.getBody());
    // Add the incoming message to the list view
    mHandler.post(new Runnable() {
    public void run() {
    setListAdapter();
    checkInvitation();
    }
    });
    }
    }
    }, filter);
    mHandler.post(new Runnable() {
    public void run() {
    checkInvitation();
    }
    });
    }
    }
    

The 404 error indicates that:
    
    
    404 error can occur if the room does not exist or is locked
    

So, ensure that your room is not locked or existed! The code below is how I join the room when there's an in-comming invitation:
    
    
    private void setChatRoomInvitationListener() {
    MultiUserChat.addInvitationListener(mXmppConnection,
    new InvitationListener() {
    @Override
    public void invitationReceived(Connection connection,
    String room, String inviter, String reason,
    String unKnown, Message message) {
    //MultiUserChat.decline(mXmppConnection, room, inviter,
    // ""Don't bother me right now"");
    // MultiUserChat.decline(mXmppConnection, room, inviter,
    // ""Don't bother me right now"");
    try {
    muc.join(""test-nick-name"");
    Log.e(""abc"",""join room successfully"");
    muc.sendMessage(""I joined this room!! Bravo!!"");
    } catch (XMPPException e) {
    e.printStackTrace();
    Log.e(""abc"",""join room failed!"");
    }
    }
    });
    }
    

Hope this helps your error!

Edit:this is how I config the room:
    
    
     /*
    * Create room
    */
    muc.create(roomName);
    // muc.sendConfigurationForm(new Form(Form.TYPE_SUBMIT));
    Form form = muc.getConfigurationForm();
    Form submitForm = form.createAnswerForm();
    for (Iterator fields = form.getFields(); fields.hasNext();) {
    FormField field = (FormField) fields.next();
    if (!FormField.TYPE_HIDDEN.equals(field.getType())
    && field.getVariable() != null) {
    show(""field: "" + field.getVariable());
    // Sets the default value as the answer
    submitForm.setDefaultAnswer(field.getVariable());
    }
    }
    List owners = new ArrayList();
    owners.add(DataConfig.USERNAME + ""@"" + DataConfig.SERVICE);
    submitForm.setAnswer(""muc#roomconfig_roomowners"", owners);
    submitForm.setAnswer(""muc#roomconfig_roomname"", roomName);
    submitForm.setAnswer(""muc#roomconfig_persistentroom"", true);
    muc.sendConfigurationForm(submitForm);
    // submitForm.
    show(""created room!"");
    muc.addMessageListener(new PacketListener() {
    @Override
    public void processPacket(Packet packet) {
    show(packet.toXML());
    Message mess = (Message) packet;
    showMessageToUI(mess.getFrom() + "": "" + mess.getBody());
    }
    });
    

With this cofiguration, I can join a room easily without password.",1,1,org.jivesoftware.smackx.Form,unique authoritative class,org.igniterealtime.smack:smack+smackx:3.2.1,org.jivesoftware.smackx.Form,resolved_api,1
SMACK-0021,smack,SO,PacketFilter,org.jivesoftware.smack.filter.PacketFilter,org.jivesoftware.smack.filter.PacketFilter,resolved,1,Deprecated.? use StanzaFilter,dataset_re,data/RE_reference/RE-smack.csv,1,"XMPP Unable to set up a Listener 

I've successfully connected to XMPP server (from android XMPP client), and I can send messages to a user, but I can't receive responses from that same user.

I'm sending messages like this:
    
    
     public void send_message(String message, String buddy) throws XMPPException {
    buddy += ""@localhost"";
    /* send message to user */
    Log.w(""Sending mesage "" + message + "" to user "" + buddy, ""0"");
    chat = chatManager.createChat(buddy, messageListener);
    chat.sendMessage(message);
    }
    

I'm passing the messageListener to the createChat function. The MessageListener's class is:
    
    
    class XMPPMessageListener implements MessageListener {
    private String from;
    private String body;
    public void processMessage(Chat chat, Message message) {
    this.from = message.getFrom();
    this.body = message.getBody();
    Log.w(""*****Received message"" + body + "" from "" + from, ""0*****"");
    }
    }
    

When sending a message to a user I'm getting the following debugging output:
    
    
    W/Sending mesage play to user test@localhost( 823): 0
    D/SMACK ( 823): 10:43:54 AM SENT (1156346368): test249ke0
    D/SMACK ( 823): 10:43:54 AM RCV (1156346368): 
    D/SMACK ( 823): 10:43:54 AM RCV (1156346368): 
    

And the message ""test"" is displayed to the connected user test (in this case). I'm sending the message from a user eleano. We can also see there's a debug output ""ending mesage play to user test@localhost"" being displayed on the screen, indicating that my function is indeed called successfully.

Upon receiving the message from test to eleano, I only get this debug output:
    
    
    D/SMACK ( 823): 10:44:00 AM RCV (1156346368): yes0tlK7o<
    D/SMACK ( 823): 10:44:00 AM RCV (1156346368): /thread>
    

But the user eleano is not receiving the message. We can also notice there's no:
    
    
    Log.w(""*****Received message"" + body + "" from "" + from, ""0*****"");
    

being displayed on the screen, so the MessageListener is never called. Why is that? I've set it up correctly as it says in documentation. 

Any ideas are welcome. And thanks.

Thanks for pointing that out. Your observation led me to setup a listener on connection (and to listen for packages of type Char), rather than setting a listener on the chat object itself.

Now my code looks like the following. I'm sending the packages like this:
    
    
    Message m = new Message(buddy, Message.Type.chat);
    m.setBody(message);
    connection.sendPacket(m);
    

And receiving the messages like the following:
    
    
     /* packet listener: listen for incoming messages of type CHAT on the connection (whatever the buddy) */
    PacketFilter filter = new MessageTypeFilter(Message.Type.chat); 
    xmppManager.connection.addPacketListener(new PacketListener() { 
    public void processPacket(Packet packet) {
    Message mes = (Message)packet;
    Log.w(""***""+mes.toString()+""***"",""0"");
    }
    }, filter);
    

And it works. I can send messages to the user and receive them just fine.",1,1,org.jivesoftware.smack.filter.PacketFilter,dataset canonical hint exactly matches an authoritative class,org.igniterealtime.smack:smack+smackx:3.2.1,org.jivesoftware.smack.filter.PacketFilter,resolved_api,1
SMACK-0022,smack,TU,RosterExchangeManager,org.jivesoftware.smackx.RosterExchangeManager,org.jivesoftware.smackx.RosterExchangeManager,resolved,1,"Manages Roster exchanges. A RosterExchangeManager provides a high level access to send rosters, roster groups and roster entries to XMPP clients. It also provides an easy way to hook up custom logic when entries are received from another XMPP client through RosterExchangeListeners.",dataset_re,data/RE_reference/RE-smack.csv,1,"###  Send a roster entry

Description

Sometimes you may need to send a single roster entry to another XMPP client. Smack also lets you send items at this granularity level.

Usage

Create an instance of  RosterExchangeManager  and use the  #RosterExchangeManager.send(RosterEntry, String)  message to send a roster entry to a given user. The first parameter is the roster entry to send and the second parameter is the id of the user that will receive the roster entries.

Example

In this example we can see how user1 sends a roster entry to user2. 

> 
>           // Connect to the server and log in
>     conn1 = new XMPPConnection(host);
>     conn1.login(server_user1, pass1);
>     // Create a new roster exchange manager on conn1
>     RosterExchangeManager rosterExchangeManager = new RosterExchangeManager(conn1);
>     // Send a roster entry (any) to user2
>     rosterExchangeManager1.send((RosterEntry)conn1.getRoster().getEntries().next(), user2);
>",1,1,org.jivesoftware.smackx.RosterExchangeManager,unique authoritative class,org.igniterealtime.smack:smack+smackx:3.2.1,org.jivesoftware.smackx.RosterExchangeManager,resolved_api,1
SMACK-0023,smack,TU,MultiUserChat,org.jivesoftware.smackx.muc.MultiUserChat,org.jivesoftware.smackx.muc.MultiUserChat,resolved,1,"A MultiUserChat room (XEP-45), created with MultiUserChatManager.getMultiUserChat(EntityBareJid). A MultiUserChat is a conversation that takes place among many users in a virtual room. A room could have many occupants with different affiliation and roles. Possible affiliations are ""owner"", ""admin"", ""member"", and ""outcast"". Possible roles are ""moderator"", ""participant"", and ""visitor"". Each role and affiliation guarantees different privileges (e.g. Send messages to all occupants, Kick participants and visitors, Grant voice, Edit member list, etc.). Note: Make sure to leave the MUC (leave()) when you don't need it anymore or otherwise you may leak the instance.",dataset_re,data/RE_reference/RE-smack.csv,1,"###  Create a new Room

Description

Allowed users may create new rooms. There are two types of rooms that you can create. Instant rooms which are available for immediate access and are automatically created based on some default configuration and Reserved rooms which are manually configured by the room creator before anyone is allowed to enter.

Usage

In order to create a room you will need to first create an instance of  MultiUserChat . The room name passed to the constructor will be the name of the room to create. The next step is to send  MultiUserChat.create(String nickname)  to the  MultiUserChat  instance where nickname is the nickname to use when joining the room.

Depending on the type of room that you want to create you will have to use different configuration forms. In order to create an Instant room just send  MultiUserChat.sendConfigurationForm(Form form)  where form is an empty form. But if you want to create a Reserved room then you should first get the room's configuration form, complete the form and finally send it back to the server.",1,1,org.jivesoftware.smackx.muc.MultiUserChat,dataset canonical hint exactly matches an authoritative class,org.igniterealtime.smack:smack+smackx:3.2.1,org.jivesoftware.smackx.muc.MultiUserChat,resolved_api,1
SMACK-0024,smack,TU,MultiUserChat,org.jivesoftware.smackx.muc.MultiUserChat,org.jivesoftware.smackx.muc.MultiUserChat,resolved,1,"A MultiUserChat room (XEP-45), created with MultiUserChatManager.getMultiUserChat(EntityBareJid). A MultiUserChat is a conversation that takes place among many users in a virtual room. A room could have many occupants with different affiliation and roles. Possible affiliations are ""owner"", ""admin"", ""member"", and ""outcast"". Possible roles are ""moderator"", ""participant"", and ""visitor"". Each role and affiliation guarantees different privileges (e.g. Send messages to all occupants, Kick participants and visitors, Grant voice, Edit member list, etc.). Note: Make sure to leave the MUC (leave()) when you don't need it anymore or otherwise you may leak the instance.",dataset_re,data/RE_reference/RE-smack.csv,1,"###  Manage changes on room subject

Description

A common feature of multi-user chat rooms is the ability to change the subject within the room. As a default, only users with a role of ""moderator"" are allowed to change the subject in a room. Although some rooms may be configured to allow a mere participant or even a visitor to change the subject.

Every time the room's subject is changed you may want to be notified of the modification. The new subject could be used to display an in-room message.

Usage

In order to modify the room's subject just send  MultiUserChat.changeSubject(String subject)  to the  MultiUserChat  that you used to join the room where subject is the new room's subject. On the other hand, if you want to be notified whenever the room's subject is modified you should add a  SubjectUpdatedListener  to the  MultiUserChat  by sending  MultiUserChat.addSubjectUpdatedListener(SubjectUpdatedListener listener)  to the  MultiUserChat . Since the  SubjectUpdatedListener  is an interface, it is necessary to create a class that implements this interface.

Examples

In this example we can see how to change the room's subject and react whenever the room's subject is modified: 

> 
>           // An occupant wants to be notified every time the room's subject is changed
>     muc3.addSubjectUpdatedListener(new SubjectUpdatedListener() {
>     public void subjectUpdated(String subject, String from) {
>     ....
>     }
>     });
>     // A room's owner changes the room's subject
>     muc2.changeSubject(""New Subject"");
>",1,1,org.jivesoftware.smackx.muc.MultiUserChat,dataset canonical hint exactly matches an authoritative class,org.igniterealtime.smack:smack+smackx:3.2.1,org.jivesoftware.smackx.muc.MultiUserChat,resolved_api,1
SMACK-0025,smack,TU,SubjectUpdatedListener,org.jivesoftware.smackx.muc.SubjectUpdatedListener,org.jivesoftware.smackx.muc.SubjectUpdatedListener,resolved,1,A listener that is fired anytime a MUC room changes its subject.,dataset_re,data/RE_reference/RE-smack.csv,1,"###  Manage changes on room subject

Description

A common feature of multi-user chat rooms is the ability to change the subject within the room. As a default, only users with a role of ""moderator"" are allowed to change the subject in a room. Although some rooms may be configured to allow a mere participant or even a visitor to change the subject.

Every time the room's subject is changed you may want to be notified of the modification. The new subject could be used to display an in-room message.

Usage

In order to modify the room's subject just send  MultiUserChat.changeSubject(String subject)  to the  MultiUserChat  that you used to join the room where subject is the new room's subject. On the other hand, if you want to be notified whenever the room's subject is modified you should add a  SubjectUpdatedListener  to the  MultiUserChat  by sending  MultiUserChat.addSubjectUpdatedListener(SubjectUpdatedListener listener)  to the  MultiUserChat . Since the  SubjectUpdatedListener  is an interface, it is necessary to create a class that implements this interface.

Examples

In this example we can see how to change the room's subject and react whenever the room's subject is modified: 

> 
>           // An occupant wants to be notified every time the room's subject is changed
>     muc3.addSubjectUpdatedListener(new SubjectUpdatedListener() {
>     public void subjectUpdated(String subject, String from) {
>     ....
>     }
>     });
>     // A room's owner changes the room's subject
>     muc2.changeSubject(""New Subject"");
>",1,1,org.jivesoftware.smackx.muc.SubjectUpdatedListener,dataset canonical hint exactly matches an authoritative class,org.igniterealtime.smack:smack+smackx:3.2.1,org.jivesoftware.smackx.muc.SubjectUpdatedListener,resolved_api,1
SMACK-0026,smack,TU,MessageEventManager,org.jivesoftware.smackx.MessageEventManager,org.jivesoftware.smackx.MessageEventManager,resolved,1,Manages message events requests and notifications. A MessageEventManager provides a high level access to request for notifications and send event notifications. It also provides an easy way to hook up custom logic when requests or notifications are received.,dataset_re,data/RE_reference/RE-smack.csv,1,"###  Reacting to Event Notifications

Description

Once you have requested for event notifications you will start to receive notifications of events. You can receive notifications of the following events: delivered, displayed, composing, offline and cancelled. You will probably want to react to some or all of these events.

Usage

The general idea is to create a new  MessageEventNotificationListener  that will listen to the event notifications and react with custom logic. Then you will have to add the listener to the  MessageEventManager  that works on the desired  Connection . 

  * To create a new  MessageEventManager  use the  MessageEventManager.MessageEventManager(Connection)  constructor. 
  * To create an event notifications listener create a class that implements the  MessageEventNotificationListener  interface. 
  * To add a listener to the messageEventManager use the MessageEventManager's message  MessageEventManager.addMessageEventNotificationListener(MessageEventNotificationListener) .

Example

Below you can find an example that logs in a user to the server, adds a  MessageEventNotificationListener  to a  MessageEventManager  that will listen and react to the event notifications, creates a message, adds the requests for notifications and sends the message. 

> 
>           // Connect to the server and log in
>     conn1 = new XMPPConnection(host);
>     conn1.login(server_user1, pass1);
>     // Create a MessageEventManager
>     MessageEventManager messageEventManager = new MessageEventManager(conn1);
>     // Add the listener that will react to the event notifications
>     messageEventManager.addMessageEventNotificationListener(new MessageEventNotificationListener() {
>     public void deliveredNotification(String from, String packetID) {
>     System.out.println(""The message has been delivered ("" + from + "", "" + packetID + "")"");
>     }
>     public void displayedNotification(String from, String packetID) {
>     System.out.println(""The message has been displayed ("" + from + "", "" + packetID + "")"");
>     }
>     public void composingNotification(String from, String packetID) {
>     System.out.println(""The message's receiver is composing a reply ("" + from + "", "" + packetID + "")"");
>     }
>     public void offlineNotification(String from, String packetID) {
>     System.out.println(""The message's receiver is offline ("" + from + "", "" + packetID + "")"");
>     }
>     public void cancelledNotification(String from, String packetID) {
>     System.out.println(""The message's receiver cancelled composing a reply ("" + from + "", "" + packetID + "")"");
>     }
>     });
>     // Create a chat with user2
>     Chat chat1 = conn1.createChat(user2);
>     // Create a message to send
>     Message msg = chat1.createMessage();
>     msg.setSubject(""Any subject you want"");
>     msg.setBody(""An interesting body comes here..."");
>     // Add to the message all the notifications requests (offline, delivered, displayed,
>     // composing)
>     MessageEventManager.addNotificationsRequests(msg, true, true, true, true);
>     // Send the message that contains the notifications request
>     chat1.sendMessage(msg);
>",1,1,org.jivesoftware.smackx.MessageEventManager,unique authoritative class,org.igniterealtime.smack:smack+smackx:3.2.1,org.jivesoftware.smackx.MessageEventManager,resolved_api,1
SMACK-0027,smack,SO,IncomingFileTransfer,org.jivesoftware.smackx.filetransfer.IncomingFileTransfer,org.jivesoftware.smackx.filetransfer.IncomingFileTransfer,resolved,1,"An incoming file transfer is created when the FileTransferManager.createIncomingFileTransfer(FileTransferRequest) method is invoked. It is a file being sent to the local user from another user on the jabber network. There are two stages of the file transfer to be concerned with and they can be handled in different ways depending upon the method that is invoked on this class. The first way that a file is received is by calling the receiveFile() method. This method, negotiates the appropriate stream method and then returns the InputStream to read the file data from. The second way that a file can be received through this class is by invoking the receiveFile(File) method. This method returns immediately and takes as its parameter a file on the local file system where the file recieved from the transfer will be put.",dataset_re,data/RE_reference/RE-smack.csv,1,"Sending inline images using Smack XMPP 

I am about to create a simple xmpp java client application and for this I am considering to use the Smack XMPP library, which works pretty well.

One feature of the client should be to send inline images to your chatpartner. I browsed through the javadoc of SMACK but I was not able to find how it's possible to send images or in general binary data with SMACK/XMPP. I am not talking about a standard file transfer that the receiving user has to accept, but rather an image which can be sent within a message. Is this possible with SMACK/XMPP? Can anybody provide an example?

You can just make it accepted by default (the user won't be prompted) by using smth like:
    
    
    final FileTransferManager manager = new FileTransferManager(connection); //Use your xmpp connection
    manager.addFileTransferListener(new FileTransferListener() {
    public void fileTransferRequest(FileTransferRequest request) {
    IncomingFileTransfer transfer = request.accept();
    try {
    InputStream input = transfer.recieveFile();
    //This will be a binary stream and you can process it. Create image and display it inline in your chat app.
    } catch (XMPPException e) {
    e.printStackTrace();
    }
    }
    }",1,1,org.jivesoftware.smackx.filetransfer.IncomingFileTransfer,dataset canonical hint exactly matches an authoritative class,org.igniterealtime.smack:smack+smackx:3.2.1,org.jivesoftware.smackx.filetransfer.IncomingFileTransfer,resolved_api,1
SMACK-0028,smack,SO,PubSubManager,org.jivesoftware.smackx.pubsub.PubSubManager,org.jivesoftware.smackx.pubsub.PubSubManager,resolved,1,"This is the starting point for access to the pubsub service. It will provide access to general information about the service, as well as create or retrieve pubsub LeafNode instances. These instances provide the bulk of the functionality as defined in the pubsub specification XEP-0060.",dataset_re,data/RE_reference/RE-smack.csv,1,"pubsub publish to node success, retrieve from node fail 

Below showed i suggest published to node call ""ghost2""
    
    
    iq id=""kB8dk-0"" to=""computer/2c10ee6b"" type=""result"">admin@computer/Smack
    
    
    
    
    
    book x
    

but when i try to subsript and retrieve from the same node , i get error 404
    
    
    test@computer/Smack
    
    Friends
    
    book x
    
    

You've received the published item:
    
    
    book x
    

You've received the 404 error from ""computer"" (your xmpp server) for this query:
    
    
    

Which hast to do with service discovery. Is it possible that you've removed some messages from the complete conversation?

Edit:

Could you try to replace:
    
    
    PubSubManager manager = new PubSubManager(connection, ""computer"");
    

with this
    
    
    String pubSubAddress = ""pubsub."" + connection.getServiceName();
    PubSubManager manager = new PubSubManager(connection, pubSubAddress);",1,1,org.jivesoftware.smackx.pubsub.PubSubManager,dataset canonical hint exactly matches an authoritative class,org.igniterealtime.smack:smack+smackx:3.2.1,org.jivesoftware.smackx.pubsub.PubSubManager,resolved_api,1
SMACK-0029,smack,TU,FileTransferRequest,org.jivesoftware.smackx.filetransfer.FileTransferRequest,org.jivesoftware.smackx.filetransfer.FileTransferRequest,resolved,1,A request to send a file received from another user.,dataset_re,data/RE_reference/RE-smack.csv,1,"### Recieving a file from another user - part 2

To accept the file transfer, call the  FileTransferRequest.accept() , this method will create an  IncomingFileTransfer . After you have the file transfer you may start to transfer the file by calling the  IncomingFileTransfer.recieveFile(file)  method. The file provided to this method will be where the data from thefile transfer is saved.

Finally, to reject the file transfer the only method you need to call is  FileTransferRequest.reject()  on the  IncomingFileTransfer . 

For information on monitoring the progress of a file transfer see the monitoring progress section of this document. 

Other means to recieve a file are also provided as part of the  IncomingFileTransfer . Please consult the Javadoc for more information. Examples

In this example we can see how to approve or reject a file transfer request: 

> 
>           // Create the file transfer manager
>     final FileTransferManager manager = new FileTransferManager(connection);
>     // Create the listener
>     manager.addFileTransferListener(new FileTransferListener() {
>     public void fileTransferRequest(FileTransferRequest request) {
>     // Check to see if the request should be accepted
>     if(shouldAccept(request)) {
>     // Accept it
>     IncomingFileTransfer transfer = request.accept();
>     transfer.recieveFile(new File(""shakespeare_complete_works.txt""));
>     } else {
>     // Reject it
>     request.reject();
>     }
>     }
>     });
>",1,1,org.jivesoftware.smackx.filetransfer.FileTransferRequest,dataset canonical hint exactly matches an authoritative class,org.igniterealtime.smack:smack+smackx:3.2.1,org.jivesoftware.smackx.filetransfer.FileTransferRequest,resolved_api,1
SMACK-0030,smack,TU,ServiceDiscoveryManager,org.jivesoftware.smackx.ServiceDiscoveryManager,org.jivesoftware.smackx.ServiceDiscoveryManager,resolved,1,Manages discovery of services in XMPP entities. This class provides: A registry of supported features in this XMPP entity. Automatic response when this XMPP entity is queried for information. Ability to discover items and information of remote XMPP entities. Ability to publish publicly available items.,dataset_re,data/RE_reference/RE-smack.csv,1,"###  Publish publicly available items

Description

Publish your entity items to some kind of persistent storage. This enables other entities to query that entity using the disco#items namespace and receive a result even when the entity being queried is not online (or available).

Usage

Once you have your ServiceDiscoveryManager you will be able to publish items to some kind of persistent storage. To publish the items of a given XMPP entity you have to first create an instance of  DiscoverItems  and configure it with the items to publish. Then you will have to send  ServiceDiscoveryManager.publishItems(String entityID, DiscoverItems discoverItems)  to your  ServiceDiscoveryManager  where entityID is the address of the XMPP entity that will persist the items and discoverItems contains the items to publish.

Examples

In this example we can see how to publish new items: 

> 
>           // Obtain the ServiceDiscoveryManager associated with my Connection
>     ServiceDiscoveryManager discoManager = ServiceDiscoveryManager.getInstanceFor(connection);
>     // Create a DiscoverItems with the items to publish
>     DiscoverItems itemsToPublish = new DiscoverItems();
>     DiscoverItems.Item itemToPublish = new DiscoverItems.Item(""pubsub.shakespeare.lit"");
>     itemToPublish.setName(""Avatar"");
>     itemToPublish.setNode(""romeo/avatar"");
>     itemToPublish.setAction(DiscoverItems.Item.UPDATE_ACTION);
>     itemsToPublish.addItem(itemToPublish);
>     // Publish the new items by sending them to the server
>     discoManager.publishItems(""host"", itemsToPublish);
>",1,1,org.jivesoftware.smackx.ServiceDiscoveryManager,unique authoritative class,org.igniterealtime.smack:smack+smackx:3.2.1,org.jivesoftware.smackx.ServiceDiscoveryManager,resolved_api,1
SMACK-0031,smack,TU,Roster,org.jivesoftware.smack.Roster,org.jivesoftware.smack.Roster,resolved,1,"Represents a user's roster, which is the collection of users a person receives presence updates for. Roster items are categorized into groups for easier management. Other users may attempt to subscribe to this user using a subscription request. Three modes are supported for handling these requests: accept_all -- accept all subscription requests. reject_all -- reject all subscription requests. manual -- manually process all subscription requests.",dataset_re,data/RE_reference/RE-smack.csv,1,"###  Roster and Presence 

The roster lets you keep track of the availability (""presence"") of other users. A roster also allows you to organize users into groups such as ""Friends"" and ""Co-workers"". Other IM systems refer to the roster as the buddy list, contact list, etc.

A ` Roster ` instance is obtained using the ` Connection.getRoster() ` method.",1,1,org.jivesoftware.smack.Roster,unique authoritative class,org.igniterealtime.smack:smack+smackx:3.2.1,org.jivesoftware.smack.Roster,resolved_api,1
SMACK-0032,smack,TU,UserStatusListener,org.jivesoftware.smackx.muc.UserStatusListener,org.jivesoftware.smackx.muc.UserStatusListener,resolved,1,"A listener that is fired anytime your participant's status in a room is changed, such as the user being kicked, banned, or granted admin permissions or the room is destroyed.",dataset_re,data/RE_reference/RE-smack.csv,1,"### Manage affiliation modifications - part 3

In order to ban a user from the room just send the message  MultiUserChat.banUser(String jid, String reason)  to  MultiUserChat .

Smack allows you to listen for affiliation modification events. If you are interested in listening affiliation modification events of any user then use the listener  ParticipantStatusListener . But if you are interested in listening for your own affiliation modification events, use the listener  UserStatusListener . Both listeners should be added to the  MultiUserChat  by using  MultiUserChat.addParticipantStatusListener(ParticipantStatusListener listener)  or  MultiUserChat.addUserStatusListener(UserStatusListener listener)  respectively. These listeners include several notification events but you may be interested in just a few of them. Smack provides default implementations for these listeners avoiding you to implement all the interfaces' methods. The default implementations are  DefaultUserStatusListener  and  DefaultParticipantStatusListener . Below you will find the sent messages to the listeners whenever a user's affiliation has changed.",1,1,org.jivesoftware.smackx.muc.UserStatusListener,dataset canonical hint exactly matches an authoritative class,org.igniterealtime.smack:smack+smackx:3.2.1,org.jivesoftware.smackx.muc.UserStatusListener,resolved_api,1
SMACK-0033,smack,TU,DefaultMessageEventRequestListener,org.jivesoftware.smackx.DefaultMessageEventRequestListener,org.jivesoftware.smackx.DefaultMessageEventRequestListener,resolved,1,Default implementation of the MessageEventRequestListener interface. This class automatically sends a delivered notification to the sender of the message if the sender has requested to be notified when the message is delivered.,dataset_re,data/RE_reference/RE-smack.csv,1,"### Reacting to Event Notification Requests - part 2

Example

Below you can find an example that connects two users to the server. One user will create a message, add the requests for notifications and will send the message to the other user. The other user will add a  DefaultMessageEventRequestListener  to a  MessageEventManager  that will listen and react to the event notification requested by the other user. 

> 
>           // Connect to the server and log in the users
>     conn1 = new XMPPConnection(host);
>     conn1.login(server_user1, pass1);
>     conn2 = new XMPPConnection(host);
>     conn2.login(server_user2, pass2);
>     // User2 creates a MessageEventManager
>     MessageEventManager messageEventManager = new MessageEventManager(conn2);
>     // User2 adds the listener that will react to the event notifications requests
>     messageEventManager.addMessageEventRequestListener(new DefaultMessageEventRequestListener() {
>     public void deliveredNotificationRequested(
>     String from,
>     String packetID,
>     MessageEventManager messageEventManager) {
>     super.deliveredNotificationRequested(from, packetID, messageEventManager);
>     // DefaultMessageEventRequestListener automatically responds that the message was delivered when receives this request
>     System.out.println(""Delivered Notification Requested ("" + from + "", "" + packetID + "")"");
>     }
>     public void displayedNotificationRequested(
>     String from,
>     String packetID,
>     MessageEventManager messageEventManager) {
>     super.displayedNotificationRequested(from, packetID, messageEventManager);
>     // Send to the message's sender that the message was displayed
>     messageEventManager.sendDisplayedNotification(from, packetID);
>     }
>     public void composingNotificationRequested(
>     String from,
>     String packetID,
>     MessageEventManager messageEventManager) {
>     super.composingNotificationRequested(from, packetID, messageEventManager);
>     // Send to the message's sender that the message's receiver is composing a reply
>     messageEventManager.sendComposingNotification(from, packetID);
>     }
>     public void offlineNotificationRequested(
>     String from,
>     String packetID,
>     MessageEventManager messageEventManager) {
>     super.offlineNotificationRequested(from, packetID, messageEventManager);
>     // The XMPP server should take care of this request. Do nothing.
>     System.out.println(""Offline Notification Requested ("" + from + "", "" + packetID + "")"");
>     }
>     });
>     // User1 creates a chat with user2
>     Chat chat1 = conn1.createChat(user2);
>     // User1 creates a message to send to user2
>     Message msg = chat1.createMessage();
>     msg.setSubject(""Any subject you want"");
>     msg.setBody(""An interesting body comes here..."");
>     // User1 adds to the message all the notifications requests (offline, delivered, displayed,
>     // composing)
>     MessageEventManager.addNotificationsRequests(msg, true, true, true, true);
>     // User1 sends the message that contains the notifications request
>     chat1.sendMessage(msg);
>     Thread.sleep(500);
>     // User2 sends to the message's sender that the message's receiver cancelled composing a reply
>     messageEventManager.sendCancelledNotification(user1, msg.getPacketID());
>",1,0,org.jivesoftware.smackx.DefaultMessageEventRequestListener,unique authoritative class,org.igniterealtime.smack:smack+smackx:3.2.1,org.jivesoftware.smackx.DefaultMessageEventRequestListener,resolved_api,1
SMACK-0034,smack,SO,FileTransferRequest,org.jivesoftware.smackx.filetransfer.FileTransferRequest,org.jivesoftware.smackx.filetransfer.FileTransferRequest,resolved,1,A request to send a file received from another user.,dataset_re,data/RE_reference/RE-smack.csv,1,"Sending inline images using Smack XMPP 

I am about to create a simple xmpp java client application and for this I am considering to use the Smack XMPP library, which works pretty well.

One feature of the client should be to send inline images to your chatpartner. I browsed through the javadoc of SMACK but I was not able to find how it's possible to send images or in general binary data with SMACK/XMPP. I am not talking about a standard file transfer that the receiving user has to accept, but rather an image which can be sent within a message. Is this possible with SMACK/XMPP? Can anybody provide an example?

You can just make it accepted by default (the user won't be prompted) by using smth like:
    
    
    final FileTransferManager manager = new FileTransferManager(connection); //Use your xmpp connection
    manager.addFileTransferListener(new FileTransferListener() {
    public void fileTransferRequest(FileTransferRequest request) {
    IncomingFileTransfer transfer = request.accept();
    try {
    InputStream input = transfer.recieveFile();
    //This will be a binary stream and you can process it. Create image and display it inline in your chat app.
    } catch (XMPPException e) {
    e.printStackTrace();
    }
    }
    }",1,1,org.jivesoftware.smackx.filetransfer.FileTransferRequest,dataset canonical hint exactly matches an authoritative class,org.igniterealtime.smack:smack+smackx:3.2.1,org.jivesoftware.smackx.filetransfer.FileTransferRequest,resolved_api,1
SMACK-0035,smack,SO,FileTransfer,org.jivesoftware.smackx.filetransfer.FileTransfer,org.jivesoftware.smackx.filetransfer.FileTransfer,resolved,1,Contains the generic file information and progress related to a particular file transfer.,dataset_re,data/RE_reference/RE-smack.csv,1,"getSearchForm returns null when using UserSearch in XMPP with aSmack 

I have this code, almost unmodified from examples:
    
    
     UserSearchManager usm = new UserSearchManager(conn);
    Form searchForm = usm.getSearchForm(""search.myserver.com"");
    Form answerForm = searchForm.createAnswerForm();
    answerForm.setAnswer(""Username"", true);
    answerForm.setAnswer(""search"", contact.getJid());
    ReportedData data = usm.getSearchResults(answerForm, ""search.myserver.com"");
    

This works perfectly in a Desktop environment, using Smack library, but I can't get it to work in Android (where I have to use asmack). 

The problem is searchForm is null because getSearchForm returns null. This seems to be pretty odd as I can't seem to find any documentation on which cases that method should return null.

The server is Openfire, if it helps.

Update 04/2014

The original answer below contains now old and outdated information. Since aSmack 0.8 it's no longer necessary to manually configure the provider manager. Calling `SmackAndroid.init(Context)` as the aSmack README tells you to do, takes care of all necessary initializations.

Original Answer

In the end, the problem was global to all asmack. It seems it's a known issue: the smack.providers file, usually in /META-INF folder in normal versions of smack, can't be loaded in Android because its jar packaging. So all the providers must be initialized by hand, as shown in Mike Ryan's answer in this thread: http://community.igniterealtime.org/message/201866#201866

I removed the stuff that didn't worked for me, and this is the result.
    
    
    public void configure(ProviderManager pm) {
    // Private Data Storage
    pm.addIQProvider(""query"",""jabber:iq:private"", new PrivateDataManager.PrivateDataIQProvider());
    // Time
    try {
    pm.addIQProvider(""query"",""jabber:iq:time"", Class.forName(""org.jivesoftware.smackx.packet.Time""));
    } catch (ClassNotFoundException e) {
    Log.w(""TestClient"", ""Can't load class for org.jivesoftware.smackx.packet.Time"");
    }
    // Roster Exchange
    pm.addExtensionProvider(""x"",""jabber:x:roster"", new RosterExchangeProvider());
    // Message Events
    pm.addExtensionProvider(""x"",""jabber:x:event"", new MessageEventProvider());
    // Chat State
    pm.addExtensionProvider(""active"",""http://jabber.org/protocol/chatstates"", new ChatStateExtension.Provider());
    pm.addExtensionProvider(""composing"",""http://jabber.org/protocol/chatstates"", new ChatStateExtension.Provider()); 
    pm.addExtensionProvider(""paused"",""http://jabber.org/protocol/chatstates"", new ChatStateExtension.Provider());
    pm.addExtensionProvider(""inactive"",""http://jabber.org/protocol/chatstates"", new ChatStateExtension.Provider());
    pm.addExtensionProvider(""gone"",""http://jabber.org/protocol/chatstates"", new ChatStateExtension.Provider());
    // XHTML
    pm.addExtensionProvider(""html"",""http://jabber.org/protocol/xhtml-im"", new XHTMLExtensionProvider());
    // Group Chat Invitations
    pm.addExtensionProvider(""x"",""jabber:x:conference"", new GroupChatInvitation.Provider());
    // Service Discovery # Items 
    pm.addIQProvider(""query"",""http://jabber.org/protocol/disco#items"", new DiscoverItemsProvider());
    // Service Discovery # Info
    pm.addIQProvider(""query"",""http://jabber.org/protocol/disco#info"", new DiscoverInfoProvider());
    // Data Forms
    pm.addExtensionProvider(""x"",""jabber:x:data"", new DataFormProvider());
    // MUC User
    pm.addExtensionProvider(""x"",""http://jabber.org/protocol/muc#user"", new MUCUserProvider());
    // MUC Admin 
    pm.addIQProvider(""query"",""http://jabber.org/protocol/muc#admin"", new MUCAdminProvider());
    // MUC Owner 
    pm.addIQProvider(""query"",""http://jabber.org/protocol/muc#owner"", new MUCOwnerProvider());
    // Delayed Delivery
    pm.addExtensionProvider(""x"",""jabber:x:delay"", new DelayInformationProvider());
    // Version
    try {
    pm.addIQProvider(""query"",""jabber:iq:version"", Class.forName(""org.jivesoftware.smackx.packet.Version""));
    } catch (ClassNotFoundException e) {
    // Not sure what's happening here.
    }
    // VCard
    pm.addIQProvider(""vCard"",""vcard-temp"", new VCardProvider());
    // Offline Message Requests
    pm.addIQProvider(""offline"",""http://jabber.org/protocol/offline"", new OfflineMessageRequest.Provider());
    // Offline Message Indicator
    pm.addExtensionProvider(""offline"",""http://jabber.org/protocol/offline"", new OfflineMessageInfo.Provider());
    // Last Activity
    pm.addIQProvider(""query"",""jabber:iq:last"", new LastActivity.Provider());
    // User Search
    pm.addIQProvider(""query"",""jabber:iq:search"", new UserSearch.Provider());
    // SharedGroupsInfo
    pm.addIQProvider(""sharedgroup"",""http://www.jivesoftware.org/protocol/sharedgroup"", new SharedGroupsInfo.Provider());
    // JEP-33: Extended Stanza Addressing
    pm.addExtensionProvider(""addresses"",""http://jabber.org/protocol/address"", new MultipleAddressesProvider());
    // FileTransfer
    pm.addIQProvider(""si"",""http://jabber.org/protocol/si"", new StreamInitiationProvider());
    pm.addIQProvider(""query"",""http://jabber.org/protocol/bytestreams"", new BytestreamsProvider());
    // Privacy
    pm.addIQProvider(""query"",""jabber:iq:privacy"", new PrivacyProvider());
    pm.addIQProvider(""command"", ""http://jabber.org/protocol/commands"", new AdHocCommandDataProvider());
    pm.addExtensionProvider(""malformed-action"", ""http://jabber.org/protocol/commands"", new AdHocCommandDataProvider.MalformedActionError());
    pm.addExtensionProvider(""bad-locale"", ""http://jabber.org/protocol/commands"", new AdHocCommandDataProvider.BadLocaleError());
    pm.addExtensionProvider(""bad-payload"", ""http://jabber.org/protocol/commands"", new AdHocCommandDataProvider.BadPayloadError());
    pm.addExtensionProvider(""bad-sessionid"", ""http://jabber.org/protocol/commands"", new AdHocCommandDataProvider.BadSessionIDError());
    pm.addExtensionProvider(""session-expired"", ""http://jabber.org/protocol/commands"", new AdHocCommandDataProvider.SessionExpiredError());
    

}

I only commented a couple lines, and voil\\\\\\\xc3\\\\\\\xa0. This should be called before instantiating XMPPConnection, with a line like this:
    
    
     configure(ProviderManager.getInstance());
    

Now I'll have to deal with my other problems, but at least this one is solved :)",1,1,org.jivesoftware.smackx.filetransfer.FileTransfer,dataset canonical hint exactly matches an authoritative class,org.igniterealtime.smack:smack+smackx:3.2.1,org.jivesoftware.smackx.filetransfer.FileTransfer,resolved_api,1
SMACK-0036,smack,TU,FileTransfer,org.jivesoftware.smackx.filetransfer.FileTransfer,org.jivesoftware.smackx.filetransfer.FileTransfer,resolved,1,Contains the generic file information and progress related to a particular file transfer.,dataset_re,data/RE_reference/RE-smack.csv,1,"###  Monitoring the progress of a file transfer

Description

While a file transfer is in progress you may wish to monitor the progress of a file transfer.

Usage

Both the  IncomingFileTransfer  and the  OutgoingFileTransfer  extend the  FileTransfer  class which provides several methods to monitor how a file transfer is progressing: 

  * FileTransfer.getStatus()  \- The file transfer can be in several states, negotiating, rejected, canceled, in progress, error, and complete. This method will return which state the file transfer is currently in. 
  * FileTransfer.getProgress()  \- if the status of the file transfer is in progress this method will return a number between 0 and 1, 0 being the transfer has not yet started and 1 being the transfer is complete. It may also return a -1 if the transfer is not in progress. 
  * FileTransfer.isDone()  \- Similar to getProgress() except it returns a boolean. If the state is rejected, canceled, error, or complete then true will be returned and false otherwise. 
  * FileTransfer.getError()  \- If there is an error during the file transfer this method will return the type of error that occured. 

Examples

In this example we can see how to monitor a file transfer: 

> 
>           while(!transfer.isDone()) {
>     if(transfer.getStatus().equals(Status.ERROR)) {
>     System.out.println(""ERROR!!! "" + transfer.getError());
>     } else {
>     System.out.println(transfer.getStatus());
>     System.out.println(transfer.getProgress());
>     }
>     sleep(1000);
>     }
>",1,1,org.jivesoftware.smackx.filetransfer.FileTransfer,dataset canonical hint exactly matches an authoritative class,org.igniterealtime.smack:smack+smackx:3.2.1,org.jivesoftware.smackx.filetransfer.FileTransfer,resolved_api,1
SMACK-0037,smack,TU,Node,org.jivesoftware.smackx.pubsub.Node,org.jivesoftware.smackx.pubsub.Node,resolved,1,This class translates low level item deletion events into api level objects for user consumption.,dataset_re,data/RE_reference/RE-smack.csv,1,"###  Receiving pubsub messages

Description

This section deals with the  Node.subscribe  portion of pubsub. As mentioned in the last section, usage of a node typically involves either sending or receiving items. Subscribers are interested in being notified when items are published to the pubsub node. These items may or may not have application specific data (payload), as that is dependent on the context in which the node is being used. 

Usage

To get messages asynchronously when items are published to a node, you will have to 

* Get a node.
* Create and register a listener.
* Subscribe to the node.

Please note that you should register the listener before subscribing so that all messages sent after subscribing are received. If done in the reverse order, messages that are sent after subscribing but before registering a listener may not be processed as expected.",1,1,org.jivesoftware.smackx.pubsub.Node,dataset canonical hint exactly matches an authoritative class,org.igniterealtime.smack:smack+smackx:3.2.1,org.jivesoftware.smackx.pubsub.Node,resolved_api,1
SMACK-0038,smack,TU,ServiceDiscoveryManager,org.jivesoftware.smackx.ServiceDiscoveryManager,org.jivesoftware.smackx.ServiceDiscoveryManager,resolved,1,Manages discovery of services in XMPP entities. This class provides: A registry of supported features in this XMPP entity. Automatic response when this XMPP entity is queried for information. Ability to discover items and information of remote XMPP entities. Ability to publish publicly available items.,dataset_re,data/RE_reference/RE-smack.csv,1,"###  Provide node information

Description

Your XMPP entity may receive a discovery request for items non-addressable as a JID such as the MUC rooms where you are joined. In order to answer the correct information it is necessary to configure the information providers associated to the items/nodes within the Smack client.

Usage

In order to configure the associated nodes within the Smack client you will need to create a NodeInformationProvider and register it with the  ServiceDiscoveryManager . To get your ServiceDiscoveryManager send  ServiceDiscoveryManager.getInstanceFor(connection)  to the class  ServiceDiscoveryManager  where connection is your Connection. 

Once you have your ServiceDiscoveryManager you will be able to register information providers for the XMPP entity's nodes. To register a new node information provider send  ServiceDiscoveryManager.setNodeInformationProvider(String node, NodeInformationProvider listener)  to your  ServiceDiscoveryManager  where node is the item non-addressable as a JID and listener is the  NodeInformationProvider  to register. To unregister a  NodeInformationProvider  send  ServiceDiscoveryManager.removeNodeInformationProvider(String node)  to your  ServiceDiscoveryManager  where node is the item non-addressable as a JID whose information provider we want to unregister.

Examples

In this example we can see how to register a NodeInformationProvider with a ServiceDiscoveryManager that will provide information concerning a node named ""http://jabber.org/protocol/muc#rooms"": 

> 
>           // Set the NodeInformationProvider that will provide information about the
>     // joined rooms whenever a disco request is received 
>     ServiceDiscoveryManager.getInstanceFor(connection).setNodeInformationProvider(
>     ""http://jabber.org/protocol/muc#rooms"",
>     new NodeInformationProvider() {
>     public Iterator getNodeItems() {
>     ArrayList answer = new ArrayList();
>     Iterator rooms = MultiUserChat.getJoinedRooms(connection);
>     while (rooms.hasNext()) {
>     answer.add(new DiscoverItems.Item((String)rooms.next()));
>     }
>     return answer.iterator(); 
>     }
>     });
>",1,1,org.jivesoftware.smackx.ServiceDiscoveryManager,unique authoritative class,org.igniterealtime.smack:smack+smackx:3.2.1,org.jivesoftware.smackx.ServiceDiscoveryManager,resolved_api,1
SMACK-0039,smack,TU,MultiUserChat,org.jivesoftware.smackx.muc.MultiUserChat,org.jivesoftware.smackx.muc.MultiUserChat,resolved,1,"A MultiUserChat room (XEP-45), created with MultiUserChatManager.getMultiUserChat(EntityBareJid). A MultiUserChat is a conversation that takes place among many users in a virtual room. A room could have many occupants with different affiliation and roles. Possible affiliations are ""owner"", ""admin"", ""member"", and ""outcast"". Possible roles are ""moderator"", ""participant"", and ""visitor"". Each role and affiliation guarantees different privileges (e.g. Send messages to all occupants, Kick participants and visitors, Grant voice, Edit member list, etc.). Note: Make sure to leave the MUC (leave()) when you don't need it anymore or otherwise you may leak the instance.",dataset_re,data/RE_reference/RE-smack.csv,1,"###  Discover joined rooms

Description

A user may also want to query a contact regarding which rooms the contact is in.

Usage

In order to get the rooms where a user is in just send  MultiUserChat.getJoinedRooms(Connection connection, String user)  to the  MultiUserChat  class where user is a fully qualified XMPP ID, e.g. jdoe@example.com. You will get an Iterator of Strings as an answer where each String represents a room name.

Examples

In this example we can see how to get the rooms where a user is in: 

> 
>           // Get the rooms where user3@host.org has joined
>     Iterator joinedRooms = MultiUserChat.getJoinedRooms(conn, ""user3@host.org/Smack"");
>",1,1,org.jivesoftware.smackx.muc.MultiUserChat,dataset canonical hint exactly matches an authoritative class,org.igniterealtime.smack:smack+smackx:3.2.1,org.jivesoftware.smackx.muc.MultiUserChat,resolved_api,1
SMACK-0040,smack,TU,ParticipantStatusListener,org.jivesoftware.smackx.muc.ParticipantStatusListener,org.jivesoftware.smackx.muc.ParticipantStatusListener,resolved,1,"A listener that is fired anytime a participant's status in a room is changed, such as the user being kicked, banned, or granted admin permissions.",dataset_re,data/RE_reference/RE-smack.csv,1,"### Manage role modifications - part 2

Usage

In order to grant voice (i.e. make someone a participant) just send the message  MultiUserChat.grantVoice(String nickname)  to  MultiUserChat . Use  MultiUserChat.revokeVoice(String nickname)  to revoke the occupant's voice (i.e. make the occupant a visitor).

In order to grant moderator privileges to a participant or visitor just send the message  MultiUserChat.grantModerator(String nickname)  to  MultiUserChat . Use  MultiUserChat.revokeModerator(String nickname)  to revoke the moderator privilege from the occupant thus making the occupant a participant.

Smack allows you to listen for role modification events. If you are interested in listening role modification events of any occupant then use the listener  ParticipantStatusListener . But if you are interested in listening for your own role modification events, use the listener  UserStatusListener . Both listeners should be added to the  MultiUserChat  by using  MultiUserChat.addParticipantStatusListener(ParticipantStatusListener listener)  or  MultiUserChat.addUserStatusListener(UserStatusListener listener)  respectively. These listeners include several notification events but you may be interested in just a few of them. Smack provides default implementations for these listeners avoiding you to implement all the interfaces' methods. The default implementations are  DefaultUserStatusListener  and  DefaultParticipantStatusListener . Below you will find the sent messages to the listeners whenever an occupant's role has changed.",1,1,org.jivesoftware.smackx.muc.ParticipantStatusListener,dataset canonical hint exactly matches an authoritative class,org.igniterealtime.smack:smack+smackx:3.2.1,org.jivesoftware.smackx.muc.ParticipantStatusListener,resolved_api,1
SMACK-0041,smack,SO,PacketFilter,org.jivesoftware.smack.filter.PacketFilter,org.jivesoftware.smack.filter.PacketFilter,resolved,1,Deprecated.? use StanzaFilter,dataset_re,data/RE_reference/RE-smack.csv,1,"XMPP Client (with smack) and ActiveMQ, how to intercept ""adminConsole"" message 

I've made a very simple java application (it's only a proof) and I've no problem to connect to my ActiveMQ message brooker (that is installed on the same machine i'm using to test my java application). The problem is that I'm not able to intercept any message. I've set a messageListener in my application as below, but i'm not sure that it's in the right place, nor the correct way to intercep a message (for example a message sent with the ""send to"" option available in the admin console of ActiveMQ as described in the link in the lower part of this post). Here is the code for the messageListener:
    
    
    /*................previous code is not relevant.................*/
    ConnectionConfiguration config = new ConnectionConfiguration(""192.168.43.5"",61222); //to get my XMPP connector uri
    String msg="""";
    config.setSASLAuthenticationEnabled(false);
    config.setCompressionEnabled(false);
    XMPPConnection xmpp = new XMPPConnection(config);
    try {
    xmpp.connect(); 
    xmpp.login(""name"", ""pw"");
    /*Filter*/
    PacketFilter filter = new MessageTypeFilter(Message.Type.chat); 
    /*MessageListener to get messages*/ 
    MessageListener listen = new MessageListener() {
    @Override
    public void processMessage(Chat arg0, Message arg1) {
    // TODO Auto-generated method stub
    msg = ""ok "";
    msg = arg1.toString();
    }
    };
    /*New chat with my messageListener*/
    Chat c = xmpp.getChatManager().createChat(""admin"", listen) ;
    c.sendMessage(""enter text here"");
    }
    catch (XMPPException e) { 
    }
    /*...............other code.......................*/
    

this is more or less what i want to do, using my java application instead of spark (i'm already able to do that with spark). ActiveMQ with XMPP

Thanks to all people who wants to help me!

I hope it's not only a fluke. I've tryed to replace:
    
    
    PacketFilter filter = new MessageTypeFilter(Message.Type.chat); 
    

with:
    
    
    PacketFilter filter = new AndFilter(new PacketTypeFilter(Message.class));
    

And i've replaced:
    
    
    MessageListener listen = new MessageListener() {
    @Override
    public void processMessage(Chat arg0, Message arg1)
    

with:
    
    
    PacketListener ls= new PacketListener() {
    @Override
    public void processPacket(Packet arg0) 
    

and the listener now work well!",1,1,org.jivesoftware.smack.filter.PacketFilter,dataset canonical hint exactly matches an authoritative class,org.igniterealtime.smack:smack+smackx:3.2.1,org.jivesoftware.smack.filter.PacketFilter,resolved_api,1
SMACK-0042,smack,SO,Chat,org.jivesoftware.smack.Chat,org.jivesoftware.smack.Chat,resolved,1,Deprecated.? use org.jivesoftware.smack.chat2.Chat from smack-extensions instead.,dataset_re,data/RE_reference/RE-smack.csv,1,"getSearchForm returns null when using UserSearch in XMPP with aSmack 

I have this code, almost unmodified from examples:
    
    
     UserSearchManager usm = new UserSearchManager(conn);
    Form searchForm = usm.getSearchForm(""search.myserver.com"");
    Form answerForm = searchForm.createAnswerForm();
    answerForm.setAnswer(""Username"", true);
    answerForm.setAnswer(""search"", contact.getJid());
    ReportedData data = usm.getSearchResults(answerForm, ""search.myserver.com"");
    

This works perfectly in a Desktop environment, using Smack library, but I can't get it to work in Android (where I have to use asmack). 

The problem is searchForm is null because getSearchForm returns null. This seems to be pretty odd as I can't seem to find any documentation on which cases that method should return null.

The server is Openfire, if it helps.

Update 04/2014

The original answer below contains now old and outdated information. Since aSmack 0.8 it's no longer necessary to manually configure the provider manager. Calling `SmackAndroid.init(Context)` as the aSmack README tells you to do, takes care of all necessary initializations.

Original Answer

In the end, the problem was global to all asmack. It seems it's a known issue: the smack.providers file, usually in /META-INF folder in normal versions of smack, can't be loaded in Android because its jar packaging. So all the providers must be initialized by hand, as shown in Mike Ryan's answer in this thread: http://community.igniterealtime.org/message/201866#201866

I removed the stuff that didn't worked for me, and this is the result.
    
    
    public void configure(ProviderManager pm) {
    // Private Data Storage
    pm.addIQProvider(""query"",""jabber:iq:private"", new PrivateDataManager.PrivateDataIQProvider());
    // Time
    try {
    pm.addIQProvider(""query"",""jabber:iq:time"", Class.forName(""org.jivesoftware.smackx.packet.Time""));
    } catch (ClassNotFoundException e) {
    Log.w(""TestClient"", ""Can't load class for org.jivesoftware.smackx.packet.Time"");
    }
    // Roster Exchange
    pm.addExtensionProvider(""x"",""jabber:x:roster"", new RosterExchangeProvider());
    // Message Events
    pm.addExtensionProvider(""x"",""jabber:x:event"", new MessageEventProvider());
    // Chat State
    pm.addExtensionProvider(""active"",""http://jabber.org/protocol/chatstates"", new ChatStateExtension.Provider());
    pm.addExtensionProvider(""composing"",""http://jabber.org/protocol/chatstates"", new ChatStateExtension.Provider()); 
    pm.addExtensionProvider(""paused"",""http://jabber.org/protocol/chatstates"", new ChatStateExtension.Provider());
    pm.addExtensionProvider(""inactive"",""http://jabber.org/protocol/chatstates"", new ChatStateExtension.Provider());
    pm.addExtensionProvider(""gone"",""http://jabber.org/protocol/chatstates"", new ChatStateExtension.Provider());
    // XHTML
    pm.addExtensionProvider(""html"",""http://jabber.org/protocol/xhtml-im"", new XHTMLExtensionProvider());
    // Group Chat Invitations
    pm.addExtensionProvider(""x"",""jabber:x:conference"", new GroupChatInvitation.Provider());
    // Service Discovery # Items 
    pm.addIQProvider(""query"",""http://jabber.org/protocol/disco#items"", new DiscoverItemsProvider());
    // Service Discovery # Info
    pm.addIQProvider(""query"",""http://jabber.org/protocol/disco#info"", new DiscoverInfoProvider());
    // Data Forms
    pm.addExtensionProvider(""x"",""jabber:x:data"", new DataFormProvider());
    // MUC User
    pm.addExtensionProvider(""x"",""http://jabber.org/protocol/muc#user"", new MUCUserProvider());
    // MUC Admin 
    pm.addIQProvider(""query"",""http://jabber.org/protocol/muc#admin"", new MUCAdminProvider());
    // MUC Owner 
    pm.addIQProvider(""query"",""http://jabber.org/protocol/muc#owner"", new MUCOwnerProvider());
    // Delayed Delivery
    pm.addExtensionProvider(""x"",""jabber:x:delay"", new DelayInformationProvider());
    // Version
    try {
    pm.addIQProvider(""query"",""jabber:iq:version"", Class.forName(""org.jivesoftware.smackx.packet.Version""));
    } catch (ClassNotFoundException e) {
    // Not sure what's happening here.
    }
    // VCard
    pm.addIQProvider(""vCard"",""vcard-temp"", new VCardProvider());
    // Offline Message Requests
    pm.addIQProvider(""offline"",""http://jabber.org/protocol/offline"", new OfflineMessageRequest.Provider());
    // Offline Message Indicator
    pm.addExtensionProvider(""offline"",""http://jabber.org/protocol/offline"", new OfflineMessageInfo.Provider());
    // Last Activity
    pm.addIQProvider(""query"",""jabber:iq:last"", new LastActivity.Provider());
    // User Search
    pm.addIQProvider(""query"",""jabber:iq:search"", new UserSearch.Provider());
    // SharedGroupsInfo
    pm.addIQProvider(""sharedgroup"",""http://www.jivesoftware.org/protocol/sharedgroup"", new SharedGroupsInfo.Provider());
    // JEP-33: Extended Stanza Addressing
    pm.addExtensionProvider(""addresses"",""http://jabber.org/protocol/address"", new MultipleAddressesProvider());
    // FileTransfer
    pm.addIQProvider(""si"",""http://jabber.org/protocol/si"", new StreamInitiationProvider());
    pm.addIQProvider(""query"",""http://jabber.org/protocol/bytestreams"", new BytestreamsProvider());
    // Privacy
    pm.addIQProvider(""query"",""jabber:iq:privacy"", new PrivacyProvider());
    pm.addIQProvider(""command"", ""http://jabber.org/protocol/commands"", new AdHocCommandDataProvider());
    pm.addExtensionProvider(""malformed-action"", ""http://jabber.org/protocol/commands"", new AdHocCommandDataProvider.MalformedActionError());
    pm.addExtensionProvider(""bad-locale"", ""http://jabber.org/protocol/commands"", new AdHocCommandDataProvider.BadLocaleError());
    pm.addExtensionProvider(""bad-payload"", ""http://jabber.org/protocol/commands"", new AdHocCommandDataProvider.BadPayloadError());
    pm.addExtensionProvider(""bad-sessionid"", ""http://jabber.org/protocol/commands"", new AdHocCommandDataProvider.BadSessionIDError());
    pm.addExtensionProvider(""session-expired"", ""http://jabber.org/protocol/commands"", new AdHocCommandDataProvider.SessionExpiredError());
    

}

I only commented a couple lines, and voil\\\\\\\xc3\\\\\\\xa0. This should be called before instantiating XMPPConnection, with a line like this:
    
    
     configure(ProviderManager.getInstance());
    

Now I'll have to deal with my other problems, but at least this one is solved :)",1,1,org.jivesoftware.smack.Chat,unique authoritative class,org.igniterealtime.smack:smack+smackx:3.2.1,org.jivesoftware.smack.Chat,resolved_api,1
SMACK-0043,smack,SO,Form,org.jivesoftware.smackx.Form,org.jivesoftware.smackx.Form,resolved,1,"Represents a Form for gathering data. The form could be of the following types: form ? Indicates a form to fill out. submit ? The form is filled out, and this is the data that is being returned from the form. cancel ? The form was cancelled. Tell the asker that piece of information. result ? Data results being returned from a search, or some other query. Depending of the form's type different operations are available. For example, it's only possible to set answers if the form is of type ""submit"".",dataset_re,data/RE_reference/RE-smack.csv,1,"How do I know if an account exists in a XMPP server from the client? 

I'm developing an IM application using Smack library, and I'm facing some problems. 

I'd like to know if it's possible to check for the existence of a user by its username in the server. My application has to check if the people of the system contact list has an account opened in my server and they aren't in their friend list.

So far I managed to add every contact in the system contact list to the server's contact list of my user -even if they haven't got an account beforehand-, but that's not what I'm looking for.

Here is the code (Contact is like a wrapper class for Smack's RosterEntry):
    
    
    public void addAllContactsIfExisting(Contact[] contactsAgenda) {
    for (Contact contact: contactsAgenda) {
    if (!isContactMyFriend(contact)) {
    try {
    // I'd like to check for account existence here, being contact.getJid() the username as it'd be in the server
    conn.getRoster().createEntry(contact.getJid(), contact.getName(), null);
    } catch (XMPPException e) {
    e.printStackTrace();
    }
    }
    }
    }
    

If it helps, I'm currently using Openfire as server.

You can Try this Snippet for Searching a User : 
    
    
    public Boolean checkIfUserExists(String user) throws XMPPException{
    UserSearchManager search = new UserSearchManager(xmppConnection); 
    Form searchForm = search.getSearchForm(""search.""+xmppConnection.getServiceName());
    Form answerForm = searchForm.createAnswerForm(); 
    answerForm.setAnswer(""Username"", true); 
    answerForm.setAnswer(""search"", user); 
    ReportedData data = search.getSearchResults(answerForm,""search.""+xmppConnection.getServiceName()); 
    if (data.getRows() != null) {
    Iterator it = data.getRows();
    while (it.hasNext()) {
    Row row = it.next();
    Iterator iterator = row.getValues(""jid"");
    if (iterator.hasNext()) {
    String value = iterator.next().toString();
    System.out.println(""Iteartor values...... "" + value);
    }
    }
    return true;
    }
    return false;
    }",1,0,org.jivesoftware.smackx.Form,unique authoritative class,org.igniterealtime.smack:smack+smackx:3.2.1,org.jivesoftware.smackx.Form,resolved_api,1
SMACK-0044,smack,TU,FileTransferManager,org.jivesoftware.smackx.filetransfer.FileTransferManager,org.jivesoftware.smackx.filetransfer.FileTransferManager,resolved,1,"The file transfer manager class handles the sending and receiving of files. To send a file invoke the createOutgoingFileTransfer(EntityFullJid) method. And to receive a file add a file transfer listener to the manager. The listener will notify you when there is a new file transfer request. To create the IncomingFileTransfer object accept the transfer, or, if the transfer is not desirable reject it.",dataset_re,data/RE_reference/RE-smack.csv,1,"###  Recieving a file from another user

Description

The user may wish to recieve files from another user. The process of recieving a file is event driven, new file transfer requests are recieved from other users via a listener registered with the file transfer manager.

Usage

In order to recieve a file you must first construct an instance of the  FileTransferManager  class. This class has one constructor with one parameter which is your Connection. In order to instantiate the manager you should call  new FileTransferManager.FileTransferManager(connection) 

Once you have your  FileTransferManager  you will need to register a listener with it. The FileTransferListner interface has one method,  FileTransferListener.fileTransferRequest(request) . When a request is recieved through this method, you can either accept or reject the request. To help you make your decision there are several methods in the  FileTransferRequest  class that return information about the transfer request.",1,1,org.jivesoftware.smackx.filetransfer.FileTransferManager,dataset canonical hint exactly matches an authoritative class,org.igniterealtime.smack:smack+smackx:3.2.1,org.jivesoftware.smackx.filetransfer.FileTransferManager,resolved_api,1
SMACK-0045,smack,TU,NodeInformationProvider,org.jivesoftware.smackx.NodeInformationProvider,org.jivesoftware.smackx.NodeInformationProvider,resolved,1,"The NodeInformationProvider is responsible for providing supported identities, features and hosted items (i.e. DiscoverItems.Item) about a given node. This information will be requested each time this XMPPP client receives a disco info or items requests on the given node. each time this XMPPP client receives a disco info or items requests on the given node.",dataset_re,data/RE_reference/RE-smack.csv,1,"###  Provide node information

Description

Your XMPP entity may receive a discovery request for items non-addressable as a JID such as the MUC rooms where you are joined. In order to answer the correct information it is necessary to configure the information providers associated to the items/nodes within the Smack client.

Usage

In order to configure the associated nodes within the Smack client you will need to create a NodeInformationProvider and register it with the  ServiceDiscoveryManager . To get your ServiceDiscoveryManager send  ServiceDiscoveryManager.getInstanceFor(connection)  to the class  ServiceDiscoveryManager  where connection is your Connection. 

Once you have your ServiceDiscoveryManager you will be able to register information providers for the XMPP entity's nodes. To register a new node information provider send  ServiceDiscoveryManager.setNodeInformationProvider(String node, NodeInformationProvider listener)  to your  ServiceDiscoveryManager  where node is the item non-addressable as a JID and listener is the  NodeInformationProvider  to register. To unregister a  NodeInformationProvider  send  ServiceDiscoveryManager.removeNodeInformationProvider(String node)  to your  ServiceDiscoveryManager  where node is the item non-addressable as a JID whose information provider we want to unregister.

Examples

In this example we can see how to register a NodeInformationProvider with a ServiceDiscoveryManager that will provide information concerning a node named ""http://jabber.org/protocol/muc#rooms"": 

> 
>           // Set the NodeInformationProvider that will provide information about the
>     // joined rooms whenever a disco request is received 
>     ServiceDiscoveryManager.getInstanceFor(connection).setNodeInformationProvider(
>     ""http://jabber.org/protocol/muc#rooms"",
>     new NodeInformationProvider() {
>     public Iterator getNodeItems() {
>     ArrayList answer = new ArrayList();
>     Iterator rooms = MultiUserChat.getJoinedRooms(connection);
>     while (rooms.hasNext()) {
>     answer.add(new DiscoverItems.Item((String)rooms.next()));
>     }
>     return answer.iterator(); 
>     }
>     });
>",1,1,org.jivesoftware.smackx.NodeInformationProvider,unique authoritative class,org.igniterealtime.smack:smack+smackx:3.2.1,org.jivesoftware.smackx.NodeInformationProvider,resolved_api,1
SMACK-0046,smack,TU,ServiceDiscoveryManager,org.jivesoftware.smackx.ServiceDiscoveryManager,org.jivesoftware.smackx.ServiceDiscoveryManager,resolved,1,Manages discovery of services in XMPP entities. This class provides: A registry of supported features in this XMPP entity. Automatic response when this XMPP entity is queried for information. Ability to discover items and information of remote XMPP entities. Ability to publish publicly available items.,dataset_re,data/RE_reference/RE-smack.csv,1,"###  Discover items associated with an XMPP entity

Description

In order to obtain information about a specific item you have to first discover the items available in an XMPP entity.

Usage

Once you have your ServiceDiscoveryManager you will be able to discover items associated with an XMPP entity. To discover the items of a given XMPP entity send  ServiceDiscoveryManager.discoverItems(entityID)  to your  ServiceDiscoveryManager  where entityID is the ID of the entity. The message  ServiceDiscoveryManager.discoverItems(entityID)  will answer an instance of  DiscoverItems  that contains the discovered items.

Examples

In this example we can see how to discover the items associated with an online catalog service: 

> 
>           // Obtain the ServiceDiscoveryManager associated with my Connection
>     ServiceDiscoveryManager discoManager = ServiceDiscoveryManager.getInstanceFor(connection);
>     // Get the items of a given XMPP entity
>     // This example gets the items associated with online catalog service
>     DiscoverItems discoItems = discoManager.discoverItems(""plays.shakespeare.lit"");
>     // Get the discovered items of the queried XMPP entity
>     Iterator it = discoItems.getItems();
>     // Display the items of the remote XMPP entity
>     while (it.hasNext()) {
>     DiscoverItems.Item item = (DiscoverItems.Item) it.next();
>     System.out.println(item.getEntityID());
>     System.out.println(item.getNode());
>     System.out.println(item.getName());
>     }
>",1,1,org.jivesoftware.smackx.ServiceDiscoveryManager,unique authoritative class,org.igniterealtime.smack:smack+smackx:3.2.1,org.jivesoftware.smackx.ServiceDiscoveryManager,resolved_api,1
SMACK-0047,smack,TU,MultiUserChat,org.jivesoftware.smackx.muc.MultiUserChat,org.jivesoftware.smackx.muc.MultiUserChat,resolved,1,"A MultiUserChat room (XEP-45), created with MultiUserChatManager.getMultiUserChat(EntityBareJid). A MultiUserChat is a conversation that takes place among many users in a virtual room. A room could have many occupants with different affiliation and roles. Possible affiliations are ""owner"", ""admin"", ""member"", and ""outcast"". Possible roles are ""moderator"", ""participant"", and ""visitor"". Each role and affiliation guarantees different privileges (e.g. Send messages to all occupants, Kick participants and visitors, Grant voice, Edit member list, etc.). Note: Make sure to leave the MUC (leave()) when you don't need it anymore or otherwise you may leak the instance.",dataset_re,data/RE_reference/RE-smack.csv,1,"### Manage role modifications - part 2

Usage

In order to grant voice (i.e. make someone a participant) just send the message  MultiUserChat.grantVoice(String nickname)  to  MultiUserChat . Use  MultiUserChat.revokeVoice(String nickname)  to revoke the occupant's voice (i.e. make the occupant a visitor).

In order to grant moderator privileges to a participant or visitor just send the message  MultiUserChat.grantModerator(String nickname)  to  MultiUserChat . Use  MultiUserChat.revokeModerator(String nickname)  to revoke the moderator privilege from the occupant thus making the occupant a participant.

Smack allows you to listen for role modification events. If you are interested in listening role modification events of any occupant then use the listener  ParticipantStatusListener . But if you are interested in listening for your own role modification events, use the listener  UserStatusListener . Both listeners should be added to the  MultiUserChat  by using  MultiUserChat.addParticipantStatusListener(ParticipantStatusListener listener)  or  MultiUserChat.addUserStatusListener(UserStatusListener listener)  respectively. These listeners include several notification events but you may be interested in just a few of them. Smack provides default implementations for these listeners avoiding you to implement all the interfaces' methods. The default implementations are  DefaultUserStatusListener  and  DefaultParticipantStatusListener . Below you will find the sent messages to the listeners whenever an occupant's role has changed.",1,1,org.jivesoftware.smackx.muc.MultiUserChat,dataset canonical hint exactly matches an authoritative class,org.igniterealtime.smack:smack+smackx:3.2.1,org.jivesoftware.smackx.muc.MultiUserChat,resolved_api,1
SMACK-0048,smack,TU,MultiUserChat,org.jivesoftware.smackx.muc.MultiUserChat,org.jivesoftware.smackx.muc.MultiUserChat,resolved,1,"A MultiUserChat room (XEP-45), created with MultiUserChatManager.getMultiUserChat(EntityBareJid). A MultiUserChat is a conversation that takes place among many users in a virtual room. A room could have many occupants with different affiliation and roles. Possible affiliations are ""owner"", ""admin"", ""member"", and ""outcast"". Possible roles are ""moderator"", ""participant"", and ""visitor"". Each role and affiliation guarantees different privileges (e.g. Send messages to all occupants, Kick participants and visitors, Grant voice, Edit member list, etc.). Note: Make sure to leave the MUC (leave()) when you don't need it anymore or otherwise you may leak the instance.",dataset_re,data/RE_reference/RE-smack.csv,1,"### Manage affiliation modifications - part 2

The member affiliation provides a way for a room owner or admin to specify a ""whitelist"" of users who are allowed to enter a members-only room. When a member enters a members-only room, his or her affiliation does not change, no matter what his or her role is. The member affiliation also provides a way for users to effectively register with an open room and thus be permanently associated with that room in some way (one result may be that the user's nickname is reserved in the room).

An outcast is a user who has been banned from a room and who is not allowed to enter the room. Whenever a user's affiliation is changed Smack will trigger specific events.

Usage

In order to grant membership to a room, administrator privileges or owner priveliges just send  MultiUserChat.grantMembership(String jid) ,  MultiUserChat.grantAdmin(String jid)  or  MultiUserChat.grantOwnership(String jid)  to  MultiUserChat  respectively. Use  MultiUserChat.revokeMembership(String jid) ,  MultiUserChat.revokeAdmin(String jid)  or  MultiUserChat.revokeOwnership(String jid)  to revoke the membership to a room, administrator privileges or owner priveliges respectively.",1,1,org.jivesoftware.smackx.muc.MultiUserChat,dataset canonical hint exactly matches an authoritative class,org.igniterealtime.smack:smack+smackx:3.2.1,org.jivesoftware.smackx.muc.MultiUserChat,resolved_api,1
SMACK-0049,smack,TU,MessageEventManager,org.jivesoftware.smackx.MessageEventManager,org.jivesoftware.smackx.MessageEventManager,resolved,1,Manages message events requests and notifications. A MessageEventManager provides a high level access to request for notifications and send event notifications. It also provides an easy way to hook up custom logic when requests or notifications are received.,dataset_re,data/RE_reference/RE-smack.csv,1,"###  Requesting Event Notifications

Description

In order to receive event notifications for a given message you first have to specify which events are you interested in. Each message that you send has to request its own event notifications. Therefore, every message that you send as part of a chat should request its own event notifications.

Usage

The class  MessageEventManager  provides an easy way for requesting event notifications. All you have to do is specify the message that requires the event notifications and the events that you are interested in. 

Use the static method  MessageEventManager.MessageEventManager.addNotificationsRequests(Message message, boolean offline, boolean delivered, boolean displayed, boolean composing)  for requesting event notifications. 

Example

Below you can find an example that logs in a user to the server, creates a message, adds the requests for notifications and sends the message. 

> 
>           // Connect to the server and log in
>     conn1 = new XMPPConnection(host);
>     conn1.login(server_user1, pass1);
>     // Create a chat with user2
>     Chat chat1 = conn1.createChat(user2);
>     // Create a message to send
>     Message msg = chat1.createMessage();
>     msg.setSubject(""Any subject you want"");
>     msg.setBody(""An interesting body comes here..."");
>     // Add to the message all the notifications requests (offline, delivered, displayed,
>     // composing)
>     MessageEventManager.addNotificationsRequests(msg, true, true, true, true);
>     // Send the message that contains the notifications request
>     chat1.sendMessage(msg);
>",1,1,org.jivesoftware.smackx.MessageEventManager,unique authoritative class,org.igniterealtime.smack:smack+smackx:3.2.1,org.jivesoftware.smackx.MessageEventManager,resolved_api,1
SMACK-0050,smack,SO,OutgoingFileTransfer,org.jivesoftware.smackx.filetransfer.OutgoingFileTransfer,org.jivesoftware.smackx.filetransfer.OutgoingFileTransfer,resolved,1,Handles the sending of a file to another user. File transfer's in jabber have several steps and there are several methods in this class that handle these steps differently.,dataset_re,data/RE_reference/RE-smack.csv,1,"How to send file in Android with Asmack+Openfire? 

could you please send me the code to send file using Asmack + openfire.  
I tried, but I am getting error like `error code=""503"" type=""cancel`.  
Please, help me.

You have to send a fully-qualified jabber ID as detination userID when you create the `OutgoingFileTransfer` it consists of a node, a domain, and a resource (user@domain/resource) as I said before in the comments, actually you are sending `a2@aaa` and is not correct.
    
    
    
    
    test_file
    
    
    
    
    
    http://jabber.org/protocol/bytestreams
    
    
    http://jabber.org/protocol/ibb
    
    
    
    
    
    
    

So, your sentTo variable shoulbe
    
    
    String sentTo = ""user@domain/resource"";
    OutgoingFileTransfer transfer = manager.createOutgoingFileTransfer(sentTo)",1,1,org.jivesoftware.smackx.filetransfer.OutgoingFileTransfer,dataset canonical hint exactly matches an authoritative class,org.igniterealtime.smack:smack+smackx:3.2.1,org.jivesoftware.smackx.filetransfer.OutgoingFileTransfer,resolved_api,1
SMACK-0051,smack,TU,Form,org.jivesoftware.smackx.Form,org.jivesoftware.smackx.Form,resolved,1,"Represents a Form for gathering data. The form could be of the following types: form ? Indicates a form to fill out. submit ? The form is filled out, and this is the data that is being returned from the form. cancel ? The form was cancelled. Tell the asker that piece of information. result ? Data results being returned from a search, or some other query. Depending of the form's type different operations are available. For example, it's only possible to set answers if the form is of type ""submit"".",dataset_re,data/RE_reference/RE-smack.csv,1,"###  Create a Form to fill out

Description

An XMPP entity may need to gather data from another XMPP entity. Therefore, the data-gathering entity will need to create a new Form, specify the fields that will conform the Form and finally send the Form to the data-providing entity.

Usage

In order to create a Form to fill out use the  Form 's constructor passing the constant  Form.TYPE_FORM  as the parameter. The next step is to create the form fields and add them to the form. In order to create and customize a  FormField  use the  FormField 's constructor specifying the variable name of the field as the parameter. Then use  FormField.setType(String type)  to set the field's type (e.g. FormField.TYPE_HIDDEN, FormField.TYPE_TEXT_SINGLE). Once we have the  Form  instance and the FormFields the last step is to send  Form.addField(FormField field)  for each field that we want to add to the form.

Once the form to fill out is finished we will want to send it in a message. Send  Form.getDataFormToSend()  to the form and add the answer as an extension to the message to send.

Examples

In this example we can see how to create and send a form to fill out: 

> 
>           // Create a new form to gather data
>     Form formToSend = new Form(Form.TYPE_FORM);
>     formToSend.setInstructions(
>     ""Fill out this form to report your case.\nThe case will be created automatically."");
>     formToSend.setTitle(""Case configurations"");
>     // Add a hidden variable to the form
>     FormField field = new FormField(""hidden_var"");
>     field.setType(FormField.TYPE_HIDDEN);
>     field.addValue(""Some value for the hidden variable"");
>     formToSend.addField(field);
>     // Add a fixed variable to the form
>     field = new FormField();
>     field.addValue(""Section 1: Case description"");
>     formToSend.addField(field);
>     // Add a text-single variable to the form
>     field = new FormField(""name"");
>     field.setLabel(""Enter a name for the case"");
>     field.setType(FormField.TYPE_TEXT_SINGLE);
>     formToSend.addField(field);
>     // Add a text-multi variable to the form
>     field = new FormField(""description"");
>     field.setLabel(""Enter a description"");
>     field.setType(FormField.TYPE_TEXT_MULTI);
>     formToSend.addField(field);
>     // Create a chat with ""user2@host.com""
>     Chat chat = conn1.createChat(""user2@host.com"" );
>     Message msg = chat.createMessage();
>     msg.setBody(""To enter a case please fill out this form and send it back to me"");
>     // Add the form to fill out to the message to send
>     msg.addExtension(formToSend.getDataFormToSend());
>     // Send the message with the form to fill out
>     chat.sendMessage(msg);
>",1,1,org.jivesoftware.smackx.Form,unique authoritative class,org.igniterealtime.smack:smack+smackx:3.2.1,org.jivesoftware.smackx.Form,resolved_api,1
SMACK-0052,smack,TU,PacketCollector,org.jivesoftware.smack.PacketCollector,org.jivesoftware.smack.PacketCollector,resolved,1,"PacketCollector is a Smack construct used to collect incoming packets in a result queue. It supports synchronous waiting, polling, and blocking operations on received packets.",qwen3.8-max,model:qwen3.8-max,0,"###  Processing Incoming Packets 

Smack provides a flexible framework for processing incoming packets using two constructs: 

  * ` org.jivesoftware.smack.PacketCollector ` \-- a class that lets you synchronously wait for new packets. 
  * ` org.jivesoftware.smack.PacketListener ` \-- an interface for asynchronously notifying you of incoming packets. 

A packet listener is used for event style programming, while a packet collector has a result queue of packets that you can do polling and blocking operations on. So, a packet listener is useful when you want to take some action whenever a packet happens to come in, while a packet collector is useful when you want to wait for a specific packet to arrive. Packet collectors and listeners can be created using an ` Connection ` instance. 

The ` org.jivesoftware.smack.filter.PacketFilter ` interface determines which specific packets will be delivered to a ` PacketCollector ` or ` PacketListener `. Many pre-defined filters can be found in the `org.jivesoftware.smack.filter` package. 

The following code snippet demonstrates registering both a packet collector and a packet listener:
    
    
    // Create a packet filter to listen for new messages from a particular
    // user. We use an AndFilter to combine two other filters.
    PacketFilter filter = new AndFilter(new PacketTypeFilter(Message.class), 
    new FromContainsFilter(""mary@jivesoftware.com""));
    // Assume we've created a Connection name ""connection"".
    // First, register a packet collector using the filter we created.
    PacketCollector myCollector = connection.createPacketCollector(filter);
    // Normally, you'd do something with the collector, like wait for new packets.
    // Next, create a packet listener. We use an anonymous inner class for brevity.
    PacketListener myListener = new PacketListener() {
    public void processPacket(Packet packet) {
    // Do something with the incoming packet here.
    }
    };
    // Register the listener.
    connection.addPacketListener(myListener, filter);",1,1,org.jivesoftware.smack.PacketCollector,unique authoritative class,org.igniterealtime.smack:smack+smackx:3.2.1,org.jivesoftware.smack.PacketCollector,resolved_api,1
SMACK-0053,smack,TU,PubSubManager,org.jivesoftware.smackx.pubsub.PubSubManager,org.jivesoftware.smackx.pubsub.PubSubManager,resolved,1,"This is the starting point for access to the pubsub service. It will provide access to general information about the service, as well as create or retrieve pubsub LeafNode instances. These instances provide the bulk of the functionality as defined in the pubsub specification XEP-0060.",dataset_re,data/RE_reference/RE-smack.csv,1,"###  Node creation and configuration

Description

Allowed users may create and configure pubsub nodes. There are two types of nodes that can be created, leaf nodes and collection nodes. 

* Leaf Nodes - contains only messages
* Collection Nodes - contains only nodes (both Leaf and Collection are allowed), but no messages
The current version of this API only supports Leaf Nodes. There are many configuration options available for nodes, but the two main options are whether the node is persistent or not and whether it will deliver payload or not. Usage

In order to create a node you will need to first create an instance of  PubSubManager . There are several options for node creation which range from creating an instant node, default configuration, or a fully configured node.

Examples

Create an instant node: 

> 
>     // Create a pubsub manager using an existing Connection
>     PubSubManager mgr = new PubSubManager(con);
>     // Create the node
>     LeafNode leaf = mgr.createNode();
>     

Create a node with default configuration and then configure it: 

> 
>     // Create a pubsub manager using an existing Connection
>     PubSubManager mgr = new PubSubManager(con);
>     // Create the node
>     LeafNode leaf = mgr.createNode(""testNode"");
>     ConfigureForm form = new ConfigureForm(FormType.submit);
>     form.setAccessModel(AccessModel.open);
>     form.setDeliverPayloads(false);
>     form.setNotifyRetract(true);
>     form.setPersistentItems(true);
>     form.setPublishModel(PublishModel.open);
>     leaf.sendConfigurationForm(form);
>     

Create and configure a node: 

> 
>     // Create a pubsub manager using an existing Connection
>     PubSubManager mgr = new PubSubManager(con);
>     // Create the node
>     ConfigureForm form = new ConfigureForm(FormType.submit);
>     form.setAccessModel(AccessModel.open);
>     form.setDeliverPayloads(false);
>     form.setNotifyRetract(true);
>     form.setPersistentItems(true);
>     form.setPublishModel(PublishModel.open);
>     LeafNode leaf = mgr.createNode(""testNode"", form);
>",1,1,org.jivesoftware.smackx.pubsub.PubSubManager,dataset canonical hint exactly matches an authoritative class,org.igniterealtime.smack:smack+smackx:3.2.1,org.jivesoftware.smackx.pubsub.PubSubManager,resolved_api,1
SMACK-0054,smack,TU,Node,org.jivesoftware.smackx.pubsub.Node,org.jivesoftware.smackx.pubsub.Node,resolved,1,This class translates low level item deletion events into api level objects for user consumption.,dataset_re,data/RE_reference/RE-smack.csv,1,"###  Discover pubsub information

Description

A user may want to query a server or node for a variety of pubsub related information.

Usage

To retrieve information, a user will simply use either the  PubSubManager  or  Node  classes depending on what type of information is required. Examples

In this example we can see how to get pubsub capabilities: 

> 
>           
>     // Create a pubsub manager using an existing Connection
>     PubSubManager mgr = new PubSubManager(con);
>     // Get the pubsub features that are supported
>     DiscoverInfo supportedFeatures = mgr.getSupportedFeatures();
>     

In this example we can see how to get pubsub subscriptions for all nodes: 

> 
>           
>     // Create a pubsub manager using an existing Connection
>     PubSubManager mgr = new PubSubManager(con);
>     // Get all the subscriptions in the pubsub service
>     List<Subscription> subscriptions = mgr.getSubscriptions();
>     

In this example we can see how to get all affiliations for the users bare JID on the pubsub service: 

> 
>           
>     // Create a pubsub manager using an existing Connection
>     PubSubManager mgr = new PubSubManager(con);
>     // Get the affiliations for the users bare JID
>     List<Affiliation> affiliations = mgr.getAffiliations();
>     

In this example we can see how to get information about the node: 

> 
>           
>     // Create a pubsub manager using an existing Connection
>     PubSubManager mgr = new PubSubManager(con);
>     Node node = mgr.getNode(""testNode"");
>     // Get the node information
>     DiscoverInfo nodeInfo = node.discoverInfo();
>     

In this example we can see how to discover the node items: 

> 
>           
>     // Create a pubsub manager using an existing Connection
>     PubSubManager mgr = new PubSubManager(con);
>     Node node = mgr.getNode(""testNode"");
>     // Discover the node items
>     DiscoverItems nodeItems = node.discoverItems();
>     

In this example we can see how to get node subscriptions: 

> 
>           
>     // Create a pubsub manager using an existing Connection
>     PubSubManager mgr = new PubSubManager(con);
>     Node node = mgr.getNode(""testNode"");
>     // Discover the node subscriptions
>     List<Subscription> subscriptions = node.getSubscriptions();
>",1,1,org.jivesoftware.smackx.pubsub.Node,dataset canonical hint exactly matches an authoritative class,org.igniterealtime.smack:smack+smackx:3.2.1,org.jivesoftware.smackx.pubsub.Node,resolved_api,1
SMACK-0055,smack,TU,ServiceDiscoveryManager,org.jivesoftware.smackx.ServiceDiscoveryManager,org.jivesoftware.smackx.ServiceDiscoveryManager,resolved,1,Manages discovery of services in XMPP entities. This class provides: A registry of supported features in this XMPP entity. Automatic response when this XMPP entity is queried for information. Ability to discover items and information of remote XMPP entities. Ability to publish publicly available items.,dataset_re,data/RE_reference/RE-smack.csv,1,"###  Manage XMPP entity features

Description

Any XMPP entity may receive a discovery request and must answer with its associated items or information. Therefore, your Smack client may receive a discovery request that must respond to (i.e., if your client supports XHTML-IM). This extension automatically responds to a discovery request with the information that you previously configured.

Usage

In order to configure the supported features by your client you should first obtain the ServiceDiscoveryManager associated with your Connection. To get your ServiceDiscoveryManager send  ServiceDiscoveryManager.getInstanceFor(connection)  to the class  ServiceDiscoveryManager  where connection is your Connection. 

Once you have your ServiceDiscoveryManager you will be able to manage the supported features. To register a new feature send  ServiceDiscoveryManager.addFeature(feature)  to your  ServiceDiscoveryManager  where feature is a String that represents the supported feature. To remove a supported feature send  ServiceDiscoveryManager.removeFeature(feature)  to your  ServiceDiscoveryManager  where feature is a String that represents the feature to remove.

Examples

In this example we can see how to add and remove supported features: 

> 
>           // Obtain the ServiceDiscoveryManager associated with my Connection
>     ServiceDiscoveryManager discoManager = ServiceDiscoveryManager.getInstanceFor(connection);
>     // Register that a new feature is supported by this XMPP entity
>     discoManager.addFeature(namespace1);
>     // Remove the specified feature from the supported features by this XMPP entity
>     discoManager.removeFeature(namespace2);
>",1,1,org.jivesoftware.smackx.ServiceDiscoveryManager,unique authoritative class,org.igniterealtime.smack:smack+smackx:3.2.1,org.jivesoftware.smackx.ServiceDiscoveryManager,resolved_api,1
SMACK-0056,smack,TU,XHTMLManager,org.jivesoftware.smackx.XHTMLManager,org.jivesoftware.smackx.XHTMLManager,resolved,1,"Manages XHTML formatted texts within messages. A XHTMLManager provides a high level access to get and set XHTML bodies to messages, enable and disable XHTML support and check if remote XMPP clients support XHTML.",dataset_re,data/RE_reference/RE-smack.csv,1,"###  Receive an XHTML Message

Description

It is also possible to obtain the XHTML content from a received message. Remember that the specification defines that a message may contain several XHTML bodies where each body should be for a different language.

Usage

To get the XHTML bodies of a given message just send the message  #XHTMLManager.getBodies(Message)  to the class  XHTMLManager . The answer of this message will be an Iterator with the different XHTML bodies of the message or null if none.

Example

In this example we can see how to create a PacketListener that obtains the XHTML bodies of any received message. 

> 
>           // Create a listener for the chat and display any XHTML content
>     PacketListener packetListener = new PacketListener() {
>     public void processPacket(Packet packet) {
>     Message message = (Message) packet;
>     // Obtain the XHTML bodies of the message
>     Iterator it = XHTMLManager.getBodies(message);
>     if (it != null) {
>     // Display the bodies on the console
>     while (it.hasNext()) {
>     String body = (String) it.next();
>     System.out.println(body);
>     }
>     }
>     };
>     chat.addMessageListener(packetListener);
>",1,1,org.jivesoftware.smackx.XHTMLManager,unique authoritative class,org.igniterealtime.smack:smack+smackx:3.2.1,org.jivesoftware.smackx.XHTMLManager,resolved_api,1
SMACK-0057,smack,TU,MessageEventManager,org.jivesoftware.smackx.MessageEventManager,org.jivesoftware.smackx.MessageEventManager,resolved,1,Manages message events requests and notifications. A MessageEventManager provides a high level access to request for notifications and send event notifications. It also provides an easy way to hook up custom logic when requests or notifications are received.,dataset_re,data/RE_reference/RE-smack.csv,1,"### Reacting to Event Notification Requests - part 2

Example

Below you can find an example that connects two users to the server. One user will create a message, add the requests for notifications and will send the message to the other user. The other user will add a  DefaultMessageEventRequestListener  to a  MessageEventManager  that will listen and react to the event notification requested by the other user. 

> 
>           // Connect to the server and log in the users
>     conn1 = new XMPPConnection(host);
>     conn1.login(server_user1, pass1);
>     conn2 = new XMPPConnection(host);
>     conn2.login(server_user2, pass2);
>     // User2 creates a MessageEventManager
>     MessageEventManager messageEventManager = new MessageEventManager(conn2);
>     // User2 adds the listener that will react to the event notifications requests
>     messageEventManager.addMessageEventRequestListener(new DefaultMessageEventRequestListener() {
>     public void deliveredNotificationRequested(
>     String from,
>     String packetID,
>     MessageEventManager messageEventManager) {
>     super.deliveredNotificationRequested(from, packetID, messageEventManager);
>     // DefaultMessageEventRequestListener automatically responds that the message was delivered when receives this request
>     System.out.println(""Delivered Notification Requested ("" + from + "", "" + packetID + "")"");
>     }
>     public void displayedNotificationRequested(
>     String from,
>     String packetID,
>     MessageEventManager messageEventManager) {
>     super.displayedNotificationRequested(from, packetID, messageEventManager);
>     // Send to the message's sender that the message was displayed
>     messageEventManager.sendDisplayedNotification(from, packetID);
>     }
>     public void composingNotificationRequested(
>     String from,
>     String packetID,
>     MessageEventManager messageEventManager) {
>     super.composingNotificationRequested(from, packetID, messageEventManager);
>     // Send to the message's sender that the message's receiver is composing a reply
>     messageEventManager.sendComposingNotification(from, packetID);
>     }
>     public void offlineNotificationRequested(
>     String from,
>     String packetID,
>     MessageEventManager messageEventManager) {
>     super.offlineNotificationRequested(from, packetID, messageEventManager);
>     // The XMPP server should take care of this request. Do nothing.
>     System.out.println(""Offline Notification Requested ("" + from + "", "" + packetID + "")"");
>     }
>     });
>     // User1 creates a chat with user2
>     Chat chat1 = conn1.createChat(user2);
>     // User1 creates a message to send to user2
>     Message msg = chat1.createMessage();
>     msg.setSubject(""Any subject you want"");
>     msg.setBody(""An interesting body comes here..."");
>     // User1 adds to the message all the notifications requests (offline, delivered, displayed,
>     // composing)
>     MessageEventManager.addNotificationsRequests(msg, true, true, true, true);
>     // User1 sends the message that contains the notifications request
>     chat1.sendMessage(msg);
>     Thread.sleep(500);
>     // User2 sends to the message's sender that the message's receiver cancelled composing a reply
>     messageEventManager.sendCancelledNotification(user1, msg.getPacketID());
>",1,0,org.jivesoftware.smackx.MessageEventManager,unique authoritative class,org.igniterealtime.smack:smack+smackx:3.2.1,org.jivesoftware.smackx.MessageEventManager,resolved_api,1
SMACK-0058,smack,SO,Connection,org.jivesoftware.smack.Connection,org.jivesoftware.smack.Connection,resolved,1,"Smack client connection object that opens an XMPP session using a connection configuration such as host, port, and service name.",qwen3.8-max-correction,model:qwen3.8-max,0,"XMPP Java client - Not connected to server 

I have a problem with my XMPP Java client.

I have a XMPP server (based on Ejabberd, 10.30.16.147) and two Pidgin users: test1@localhost (on My Windows machine, 10.30.16.199) and test2@locahost (on the Linux server machine, 10.30.16.147).

When I use the two Pidgin clients, the chat works fine. Now I am trying to create a Java client just to emulate one of the two Pidgin client. The code is as below (I have imported the Smack 3.4.1 library in my Eclipse project):
    
    
    package test2XMPP;
    import org.jivesoftware.smack.Chat;
    import org.jivesoftware.smack.ConnectionConfiguration;
    import org.jivesoftware.smack.XMPPConnection;
    import org.jivesoftware.smack.XMPPException;
    import org.jivesoftware.smack.packet.Message;
    import org.jivesoftware.smack.MessageListener;
    public class Sender {
    public static void main(String a[]) throws XMPPException, InterruptedException {
    ConnectionConfiguration config = new ConnectionConfiguration(""10.30.16.147"", 5222);
    XMPPConnection connection = new XMPPConnection(config);
    connection.connect();
    connection.login(""test1@locahost"", ""test1"");
    Chat chat = connection.getChatManager().createChat(""test2@localhost"", new MessageListener() {
    public void processMessage(Chat chat, Message message) {
    System.out.println(""Received message: "" + message);
    }
    });
    chat.sendMessage(""Howdy test1!"");
    while (true) {
    Thread.sleep(50);
    }
    }
    }
    

I get the following console output:
    
    
     apr 18, 2014 10:19:37 AM org.jivesoftware.smack.provider.UrlProviderFileInitializer initialize
    INFO: Loading providers for file [classpath:META-INF/core.providers]
    apr 18, 2014 10:19:37 AM org.jivesoftware.smack.provider.UrlProviderFileInitializer initialize
    INFO: Loading providers for file [classpath:META-INF/extension.providers]
    Exception in thread ""main"" java.lang.IllegalStateException: Not connected to server.
    at org.jivesoftware.smack.XMPPConnection.login(XMPPConnection.java:230)
    at org.jivesoftware.smack.Connection.login(Connection.java:368)
    at test2XMPP.Sender.main(Sender.java:18)
    

I get these error also if I'm already disconnected with my Pidgin test1@localhost client.

Do you have any suggestion? Thanks

Had a similar experience, issue was with Hostname & Domain name being different. I was using single argument constructor of ConnectionConfiguration class.
    
    
    ConnectionConfiguration config = new ConnectionConfiguration(hostname);
    

Just needed to identify Hostname of the machine where Ejabberd was installed & made sure that both of them were the same for the client's to communicate across.",1,0,org.jivesoftware.smack.Connection,unique authoritative class,org.igniterealtime.smack:smack+smackx:3.2.1,org.jivesoftware.smack.Connection,resolved_api,1
SMACK-0059,smack,SO,MultiUserChat,org.jivesoftware.smackx.muc.MultiUserChat,org.jivesoftware.smackx.muc.MultiUserChat,resolved,1,"A MultiUserChat room (XEP-45), created with MultiUserChatManager.getMultiUserChat(EntityBareJid). A MultiUserChat is a conversation that takes place among many users in a virtual room. A room could have many occupants with different affiliation and roles. Possible affiliations are ""owner"", ""admin"", ""member"", and ""outcast"". Possible roles are ""moderator"", ""participant"", and ""visitor"". Each role and affiliation guarantees different privileges (e.g. Send messages to all occupants, Kick participants and visitors, Grant voice, Edit member list, etc.). Note: Make sure to leave the MUC (leave()) when you don't need it anymore or otherwise you may leak the instance.",dataset_re,data/RE_reference/RE-smack.csv,1,"MultipleChatUser XMPP asmack join 

I am new to this OpenFire and asmack, i want the user to have a functionality of Multi Users Chatting so i searched around and i found MUC i have implemented this for creating a room and sending invitation to other users these works, other user receives the invitation but the other user is not able to join the room.

I am doing this on other user invitation receiving

Here connection is the connection of this user and room is the room name that we getting in invitation.

MultiUserChat muc3 = new MultiUserChat(connection,room);

muc3.join(""testbot3"");

testbot3 is just some random name.

But this throws 404 error.

Do i need to join the user before sending the invitation i.e if A user sending invitation to B , before invitation sent do A needs to join these users by default to room and then it depends on B to decline or just keep quite.

What i am doing is B receives invitation from A in that InvitationListner of B i am trying to join with the above code.

I have been trying for long now i am not sure what is going wrong, some one can give a sample code of how to do this it would be great help for me.

Thanks

Here is more information on my issue

As i go and check on Openfire i can see the room created by the user and he has been added himself as an owner so i dont think so it would be an issue with room getting created.

May be this can be an issue with room getting locked, as i have read through the room is locked when the room is not completely created , i guess this is an issue with form filling when we create the room, i am not filling in the password in the form can this be an issue ?

Please see the following code below inside the handler i am calling a method ""checkInvitation"" which does the same as above code posted still i get 404. Can you please tell me what i wrong in my code.

Do the nickname that needs to be added can be anything or it needs to something user specific ?

public void createChatroom(){
    
    
     MultiUserChat muc = null;
    try {
    muc = new MultiUserChat(connection, ""myroom@conference.localhost"");
    muc.create(""testbot"");
    // Get the the room's configuration form
    Form form = muc.getConfigurationForm();
    // Create a new form to submit based on the original form
    Form submitForm = form.createAnswerForm();
    // Add default answers to the form to submit
    for (Iterator fields = form.getFields(); fields.hasNext();) {
    FormField field = (FormField) fields.next();
    if (!FormField.TYPE_HIDDEN.equals(field.getType()) && field.getVariable() != null) {
    // Sets the default value as the answer
    submitForm.setDefaultAnswer(field.getVariable());
    }
    }
    // Sets the new owner of the room
    List owners = new ArrayList();
    owners.add(""admin@localhost"");
    submitForm.setAnswer(""muc#roomconfig_roomowners"", owners);
    // Send the completed form (with default values) to the server to configure the room
    muc.sendConfigurationForm(submitForm);
    muc.join(""d"");
    muc.invite(""b@localhost"", ""Meet me in this excellent room"");
    muc.addInvitationRejectionListener(new InvitationRejectionListener() {
    public void invitationDeclined(String invitee, String reason) {
    // Do whatever you need here...
    System.out.println(""Initee ""+invitee+"" reason""+reason);
    }
    });
    } catch (XMPPException e) {
    // TODO Auto-generated catch block
    e.printStackTrace();
    }
    }
    public void setConnection(XMPPConnection connection) {
    this.connection = connection;
    if (connection != null) {
    // Add a packet listener to get messages sent to us
    PacketFilter filter = new MessageTypeFilter(Message.Type.chat);
    connection.addPacketListener(new PacketListener() {
    public void processPacket(Packet packet) {
    Message message = (Message) packet;
    if (message.getBody() != null) {
    String fromName = StringUtils.parseBareAddress(message
    .getFrom());
    Log.i(""XMPPClient"", ""Got text ["" + message.getBody()
    + ""] from ["" + fromName + ""]"");
    messages.add(fromName + "":"");
    messages.add(message.getBody());
    // Add the incoming message to the list view
    mHandler.post(new Runnable() {
    public void run() {
    setListAdapter();
    checkInvitation();
    }
    });
    }
    }
    }, filter);
    mHandler.post(new Runnable() {
    public void run() {
    checkInvitation();
    }
    });
    }
    }
    

The 404 error indicates that:
    
    
    404 error can occur if the room does not exist or is locked
    

So, ensure that your room is not locked or existed! The code below is how I join the room when there's an in-comming invitation:
    
    
    private void setChatRoomInvitationListener() {
    MultiUserChat.addInvitationListener(mXmppConnection,
    new InvitationListener() {
    @Override
    public void invitationReceived(Connection connection,
    String room, String inviter, String reason,
    String unKnown, Message message) {
    //MultiUserChat.decline(mXmppConnection, room, inviter,
    // ""Don't bother me right now"");
    // MultiUserChat.decline(mXmppConnection, room, inviter,
    // ""Don't bother me right now"");
    try {
    muc.join(""test-nick-name"");
    Log.e(""abc"",""join room successfully"");
    muc.sendMessage(""I joined this room!! Bravo!!"");
    } catch (XMPPException e) {
    e.printStackTrace();
    Log.e(""abc"",""join room failed!"");
    }
    }
    });
    }
    

Hope this helps your error!

Edit:this is how I config the room:
    
    
     /*
    * Create room
    */
    muc.create(roomName);
    // muc.sendConfigurationForm(new Form(Form.TYPE_SUBMIT));
    Form form = muc.getConfigurationForm();
    Form submitForm = form.createAnswerForm();
    for (Iterator fields = form.getFields(); fields.hasNext();) {
    FormField field = (FormField) fields.next();
    if (!FormField.TYPE_HIDDEN.equals(field.getType())
    && field.getVariable() != null) {
    show(""field: "" + field.getVariable());
    // Sets the default value as the answer
    submitForm.setDefaultAnswer(field.getVariable());
    }
    }
    List owners = new ArrayList();
    owners.add(DataConfig.USERNAME + ""@"" + DataConfig.SERVICE);
    submitForm.setAnswer(""muc#roomconfig_roomowners"", owners);
    submitForm.setAnswer(""muc#roomconfig_roomname"", roomName);
    submitForm.setAnswer(""muc#roomconfig_persistentroom"", true);
    muc.sendConfigurationForm(submitForm);
    // submitForm.
    show(""created room!"");
    muc.addMessageListener(new PacketListener() {
    @Override
    public void processPacket(Packet packet) {
    show(packet.toXML());
    Message mess = (Message) packet;
    showMessageToUI(mess.getFrom() + "": "" + mess.getBody());
    }
    });
    

With this cofiguration, I can join a room easily without password.",1,1,org.jivesoftware.smackx.muc.MultiUserChat,dataset canonical hint exactly matches an authoritative class,org.igniterealtime.smack:smack+smackx:3.2.1,org.jivesoftware.smackx.muc.MultiUserChat,resolved_api,1
SMACK-0060,smack,SO,PacketExtension,org.jivesoftware.smack.packet.PacketExtension,org.jivesoftware.smack.packet.PacketExtension,resolved,1,Deprecated.? use ExtensionElement instead.,dataset_re,data/RE_reference/RE-smack.csv,1,"Smack messaging client other than Chat Text 

client1 can send txt message to client2 using 
    
    
    connection.getChatManager().createChat(to, this).sendMessage(message);
    

How to send other kind of message: like INFO message ? (client1 to client2) ? 

Because I want, INFO message should not be displayed in the chat window....is it possible ? using smack, smackx library.

Many Thanks.

What you want do do here is to add an extension to your text message. Here is a rough guide.
    
    
    Chat chat = connection.getChatManager().createChat(to, this);
    Message message = new Message(to, Message.Type.chat);
    message.setBody(""hello"");
    message.setProperty(prop0, val0);
    message.setProperty(prop1, val1);
    chat.sendMessage(message)
    

The properties are carried in a separate namespace (use `toXML()` to look at it) and will not appear in the chat window. On the 'other side', the applications uses `getProperty()` to retrieve the value.

If you do not want key/value pairs, but structured data, use `addExtension()` in the message body. This is a little more complicated because you basically have to extend `PacketExtension`, provide your own namespace. You might even have to write a `PacketExtensionProvider`.",1,1,org.jivesoftware.smack.packet.PacketExtension,dataset canonical hint exactly matches an authoritative class,org.igniterealtime.smack:smack+smackx:3.2.1,org.jivesoftware.smack.packet.PacketExtension,resolved_api,1
SMACK-0061,smack,TU,OutgoingFileTransfer,org.jivesoftware.smackx.filetransfer.OutgoingFileTransfer,org.jivesoftware.smackx.filetransfer.OutgoingFileTransfer,resolved,1,Handles the sending of a file to another user. File transfer's in jabber have several steps and there are several methods in this class that handle these steps differently.,dataset_re,data/RE_reference/RE-smack.csv,1,"### Send a file to another user - part 2

Now that you have your  OutgoingFileTransfer  instance you will want to send the file. The method to send a file is  OutgoingFileTransfer.sendFile(file, description) . The file you provide to this method should be a readable file on the local file system, and the description is a short description of the file to help the user decide whether or not they would like to recieve the file. 

For information on monitoring the progress of a file transfer see the monitoring progress section of this document. 

Other means to send a file are also provided as part of the  OutgoingFileTransfer . Please consult the Javadoc for more information. Examples

In this example we can see how to send a file: 

> 
>     // Create the file transfer manager
>     FileTransferManager manager = new FileTransferManager(connection);
>     // Create the outgoing file transfer
>     OutgoingFileTransfer transfer = manager.createOutgoingFileTransfer(""romeo@montague.net"");
>     // Send the file
>     transfer.sendFile(new File(""shakespeare_complete_works.txt""), ""You won't believe this!"");
>",1,1,org.jivesoftware.smackx.filetransfer.OutgoingFileTransfer,dataset canonical hint exactly matches an authoritative class,org.igniterealtime.smack:smack+smackx:3.2.1,org.jivesoftware.smackx.filetransfer.OutgoingFileTransfer,resolved_api,1
SMACK-0062,smack,TU,RosterExchangeListener,org.jivesoftware.smackx.RosterExchangeListener,org.jivesoftware.smackx.RosterExchangeListener,resolved,1,A listener that is fired anytime a roster exchange is received.,dataset_re,data/RE_reference/RE-smack.csv,1,"###  Receive roster entries

Description

Since roster items are sent between XMPP clients, it is necessary to listen to possible roster entries receptions. Smack provides a mechanism that you can use to execute custom logic when roster entries are received.

Usage

  1. Create a class that implements the  RosterExchangeListener  interface.
  2. Implement the method  RosterExchangeListener.entriesReceived(String, Iterator)  that will be called when new entries are received with custom logic.
  3. Add the listener to the  RosterExchangeManager  that works on the desired  Connection .

Example

In this example we can see how user1 sends a roster entry to user2 and user2 adds the received entries to his roster. 

> 
>           // Connect to the server and log in the users
>     conn1 = new XMPPConnection(host);
>     conn1.login(server_user1, pass1);
>     conn2 = new XMPPConnection(host);
>     conn2.login(server_user2, pass2);
>     final Roster user2_roster = conn2.getRoster();
>     // Create a RosterExchangeManager that will help user2 to listen and accept
>     the entries received
>     RosterExchangeManager rosterExchangeManager2 = new RosterExchangeManager(conn2);
>     // Create a RosterExchangeListener that will iterate over the received roster entries
>     RosterExchangeListener rosterExchangeListener = new RosterExchangeListener() {
>     public void entriesReceived(String from, Iterator remoteRosterEntries) {
>     while (remoteRosterEntries.hasNext()) {
>     try {
>     // Get the received entry
>     RemoteRosterEntry remoteRosterEntry = (RemoteRosterEntry) remoteRosterEntries.next();
>     // Display the remote entry on the console
>     System.out.println(remoteRosterEntry);
>     // Add the entry to the user2's roster
>     user2_roster.createEntry(
>     remoteRosterEntry.getUser(),
>     remoteRosterEntry.getName(),
>     remoteRosterEntry.getGroupArrayNames());
>     }
>     catch (XMPPException e) {
>     e.printStackTrace();
>     }
>     }
>     }
>     };
>     // Add the RosterExchangeListener to the RosterExchangeManager that user2 is using
>     rosterExchangeManager2.addRosterListener(rosterExchangeListener);
>     // Create a RosterExchangeManager that will help user1 to send his roster
>     RosterExchangeManager rosterExchangeManager1 = new RosterExchangeManager(conn1);
>     // Send user1's roster to user2
>     rosterExchangeManager1.send(conn1.getRoster(), user2);
>",1,1,org.jivesoftware.smackx.RosterExchangeListener,unique authoritative class,org.igniterealtime.smack:smack+smackx:3.2.1,org.jivesoftware.smackx.RosterExchangeListener,resolved_api,1
SMACK-0063,smack,TU,XHTMLManager,org.jivesoftware.smackx.XHTMLManager,org.jivesoftware.smackx.XHTMLManager,resolved,1,"Manages XHTML formatted texts within messages. A XHTMLManager provides a high level access to get and set XHTML bodies to messages, enable and disable XHTML support and check if remote XMPP clients support XHTML.",dataset_re,data/RE_reference/RE-smack.csv,1,"###  Discover support for XHTML Messages

Description

Before you start to send XHTML messages to a user you should discover if the user supports XHTML messages. There are two ways to achieve the discovery, explicitly and implicitly. Explicit is when you first try to discover if the user supports XHTML before sending any XHTML message. Implicit is when you send XHTML messages without first discovering if the conversation partner's client supports XHTML and depenging on the answer (normal message or XHTML message) you find out if the user supports XHTML messages or not. This section explains how to explicitly discover for XHTML support.

Usage

In order to discover if a remote user supports XHTML messages send  #XHTMLManager.isServiceEnabled(Connection connection, String userID)  to the class  XHTMLManager  where connection is the connection to use to perform the service discovery and userID is the user to check (A fully qualified xmpp ID, e.g. jdoe@example.com). This message will return true if the specified user handles XHTML messages.

Example

In this example we can see how to discover if a remote user supports XHTML Messages. 

> 
>           Message msg = chat.createMessage();
>     // Include a normal body in the message
>     msg.setBody(getTextToSend());
>     // Check if the other user supports XHTML messages
>     if (XHTMLManager.isServiceEnabled(connection, chat.getParticipant())) {
>     // Obtain the XHTML text to send from somewhere
>     String xhtmlBody = getXHTMLTextToSend();
>     // Include an XHTML body in the message
>     XHTMLManager.addBody(msg, xhtmlBody);
>     }
>     // Send the message
>     chat.sendMessage(msg);
>",1,1,org.jivesoftware.smackx.XHTMLManager,unique authoritative class,org.igniterealtime.smack:smack+smackx:3.2.1,org.jivesoftware.smackx.XHTMLManager,resolved_api,1
SMACK-0064,smack,TU,InvitationRejectionListener,org.jivesoftware.smackx.muc.InvitationRejectionListener,org.jivesoftware.smackx.muc.InvitationRejectionListener,resolved,1,A listener that is fired anytime an invitee declines or rejects an invitation.,dataset_re,data/RE_reference/RE-smack.csv,1,"###  Manage room invitations

Description

It can be useful to invite another user to a room in which one is an occupant. Depending on the room's type the invitee could receive a password to use to join the room and/or be added to the member list if the room is of type members-only. Smack allows to send room invitations and let potential invitees to listening for room invitations and inviters to listen for invitees' rejections.

Usage

In order to invite another user to a room you must be already joined to the room. Once you are joined just send  MultiUserChat.invite(String participant, String reason)  to the  MultiUserChat  where participant is the user to invite to the room (e.g. hecate@shakespeare.lit) and reason is the reason why the user is being invited.

If potential invitees want to listen for room invitations then the invitee must add an  InvitationListener  to the  MultiUserChat  class. Since the  InvitationListener  is an interface, it is necessary to create a class that implements this interface. If an inviter wants to listen for room invitation rejections, just add an  InvitationRejectionListener  to the  MultiUserChat .  InvitationRejectionListener  is also an interface so you will need to create a class that implements this interface.",1,0,org.jivesoftware.smackx.muc.InvitationRejectionListener,dataset canonical hint exactly matches an authoritative class,org.igniterealtime.smack:smack+smackx:3.2.1,org.jivesoftware.smackx.muc.InvitationRejectionListener,resolved_api,1
SMACK-0065,smack,TU,MultiUserChat,org.jivesoftware.smackx.muc.MultiUserChat,org.jivesoftware.smackx.muc.MultiUserChat,resolved,1,"A MultiUserChat room (XEP-45), created with MultiUserChatManager.getMultiUserChat(EntityBareJid). A MultiUserChat is a conversation that takes place among many users in a virtual room. A room could have many occupants with different affiliation and roles. Possible affiliations are ""owner"", ""admin"", ""member"", and ""outcast"". Possible roles are ""moderator"", ""participant"", and ""visitor"". Each role and affiliation guarantees different privileges (e.g. Send messages to all occupants, Kick participants and visitors, Grant voice, Edit member list, etc.). Note: Make sure to leave the MUC (leave()) when you don't need it anymore or otherwise you may leak the instance.",dataset_re,data/RE_reference/RE-smack.csv,1,"###  Discover MUC support

Description

A user may want to discover if one of the user's contacts supports the Multi-User Chat protocol.

Usage

In order to discover if one of the user's contacts supports MUC just send  MultiUserChat.isServiceEnabled(Connection connection, String user)  to the  MultiUserChat  class where user is a fully qualified XMPP ID, e.g. jdoe@example.com. You will receive a boolean indicating whether the user supports MUC or not.

Examples

In this example we can see how to discover support of MUC: 

> 
>           // Discover whether user3@host.org supports MUC or not
>     boolean supports = MultiUserChat.isServiceEnabled(conn, ""user3@host.org/Smack"");
>",1,1,org.jivesoftware.smackx.muc.MultiUserChat,dataset canonical hint exactly matches an authoritative class,org.igniterealtime.smack:smack+smackx:3.2.1,org.jivesoftware.smackx.muc.MultiUserChat,resolved_api,1
SMACK-0066,smack,TU,MultiUserChat,org.jivesoftware.smackx.muc.MultiUserChat,org.jivesoftware.smackx.muc.MultiUserChat,resolved,1,"A MultiUserChat room (XEP-45), created with MultiUserChatManager.getMultiUserChat(EntityBareJid). A MultiUserChat is a conversation that takes place among many users in a virtual room. A room could have many occupants with different affiliation and roles. Possible affiliations are ""owner"", ""admin"", ""member"", and ""outcast"". Possible roles are ""moderator"", ""participant"", and ""visitor"". Each role and affiliation guarantees different privileges (e.g. Send messages to all occupants, Kick participants and visitors, Grant voice, Edit member list, etc.). Note: Make sure to leave the MUC (leave()) when you don't need it anymore or otherwise you may leak the instance.",dataset_re,data/RE_reference/RE-smack.csv,1,"###  Start a private chat

Description

A room occupant may want to start a private chat with another room occupant even though they don't know the fully qualified XMPP ID (e.g. jdoe@example.com) of each other.

Usage

To create a private chat with another room occupant just send  MultiUserChat.createPrivateChat(String participant)  to the  MultiUserChat  that you used to join the room. The parameter participant is the occupant unique room JID (e.g. 'darkcave@macbeth.shakespeare.lit/Paul'). You will receive a regular  Chat  object that you can use to chat with the other room occupant.

Examples

In this example we can see how to start a private chat with another room occupant: 

> 
>           // Start a private chat with another participant
>     Chat chat = muc2.createPrivateChat(""myroom@conference.jabber.org/johndoe"");
>     chat.sendMessage(""Hello there"");
>",1,1,org.jivesoftware.smackx.muc.MultiUserChat,dataset canonical hint exactly matches an authoritative class,org.igniterealtime.smack:smack+smackx:3.2.1,org.jivesoftware.smackx.muc.MultiUserChat,resolved_api,1
SMACK-0067,smack,SO,FileTransferManager,org.jivesoftware.smackx.filetransfer.FileTransferManager,org.jivesoftware.smackx.filetransfer.FileTransferManager,resolved,1,"The file transfer manager class handles the sending and receiving of files. To send a file invoke the createOutgoingFileTransfer(EntityFullJid) method. And to receive a file add a file transfer listener to the manager. The listener will notify you when there is a new file transfer request. To create the IncomingFileTransfer object accept the transfer, or, if the transfer is not desirable reject it.",dataset_re,data/RE_reference/RE-smack.csv,1,"Sending inline images using Smack XMPP 

I am about to create a simple xmpp java client application and for this I am considering to use the Smack XMPP library, which works pretty well.

One feature of the client should be to send inline images to your chatpartner. I browsed through the javadoc of SMACK but I was not able to find how it's possible to send images or in general binary data with SMACK/XMPP. I am not talking about a standard file transfer that the receiving user has to accept, but rather an image which can be sent within a message. Is this possible with SMACK/XMPP? Can anybody provide an example?

You can just make it accepted by default (the user won't be prompted) by using smth like:
    
    
    final FileTransferManager manager = new FileTransferManager(connection); //Use your xmpp connection
    manager.addFileTransferListener(new FileTransferListener() {
    public void fileTransferRequest(FileTransferRequest request) {
    IncomingFileTransfer transfer = request.accept();
    try {
    InputStream input = transfer.recieveFile();
    //This will be a binary stream and you can process it. Create image and display it inline in your chat app.
    } catch (XMPPException e) {
    e.printStackTrace();
    }
    }
    }",1,1,org.jivesoftware.smackx.filetransfer.FileTransferManager,dataset canonical hint exactly matches an authoritative class,org.igniterealtime.smack:smack+smackx:3.2.1,org.jivesoftware.smackx.filetransfer.FileTransferManager,resolved_api,1
SMACK-0068,smack,SO,Connection,org.jivesoftware.smack.Connection,org.jivesoftware.smack.Connection,resolved,1,"Smack client connection object that opens an XMPP session using a connection configuration such as host, port, and service name.",qwen3.8-max-correction,model:qwen3.8-max,0,"MultipleChatUser XMPP asmack join 

I am new to this OpenFire and asmack, i want the user to have a functionality of Multi Users Chatting so i searched around and i found MUC i have implemented this for creating a room and sending invitation to other users these works, other user receives the invitation but the other user is not able to join the room.

I am doing this on other user invitation receiving

Here connection is the connection of this user and room is the room name that we getting in invitation.

MultiUserChat muc3 = new MultiUserChat(connection,room);

muc3.join(""testbot3"");

testbot3 is just some random name.

But this throws 404 error.

Do i need to join the user before sending the invitation i.e if A user sending invitation to B , before invitation sent do A needs to join these users by default to room and then it depends on B to decline or just keep quite.

What i am doing is B receives invitation from A in that InvitationListner of B i am trying to join with the above code.

I have been trying for long now i am not sure what is going wrong, some one can give a sample code of how to do this it would be great help for me.

Thanks

Here is more information on my issue

As i go and check on Openfire i can see the room created by the user and he has been added himself as an owner so i dont think so it would be an issue with room getting created.

May be this can be an issue with room getting locked, as i have read through the room is locked when the room is not completely created , i guess this is an issue with form filling when we create the room, i am not filling in the password in the form can this be an issue ?

Please see the following code below inside the handler i am calling a method ""checkInvitation"" which does the same as above code posted still i get 404. Can you please tell me what i wrong in my code.

Do the nickname that needs to be added can be anything or it needs to something user specific ?

public void createChatroom(){
    
    
     MultiUserChat muc = null;
    try {
    muc = new MultiUserChat(connection, ""myroom@conference.localhost"");
    muc.create(""testbot"");
    // Get the the room's configuration form
    Form form = muc.getConfigurationForm();
    // Create a new form to submit based on the original form
    Form submitForm = form.createAnswerForm();
    // Add default answers to the form to submit
    for (Iterator fields = form.getFields(); fields.hasNext();) {
    FormField field = (FormField) fields.next();
    if (!FormField.TYPE_HIDDEN.equals(field.getType()) && field.getVariable() != null) {
    // Sets the default value as the answer
    submitForm.setDefaultAnswer(field.getVariable());
    }
    }
    // Sets the new owner of the room
    List owners = new ArrayList();
    owners.add(""admin@localhost"");
    submitForm.setAnswer(""muc#roomconfig_roomowners"", owners);
    // Send the completed form (with default values) to the server to configure the room
    muc.sendConfigurationForm(submitForm);
    muc.join(""d"");
    muc.invite(""b@localhost"", ""Meet me in this excellent room"");
    muc.addInvitationRejectionListener(new InvitationRejectionListener() {
    public void invitationDeclined(String invitee, String reason) {
    // Do whatever you need here...
    System.out.println(""Initee ""+invitee+"" reason""+reason);
    }
    });
    } catch (XMPPException e) {
    // TODO Auto-generated catch block
    e.printStackTrace();
    }
    }
    public void setConnection(XMPPConnection connection) {
    this.connection = connection;
    if (connection != null) {
    // Add a packet listener to get messages sent to us
    PacketFilter filter = new MessageTypeFilter(Message.Type.chat);
    connection.addPacketListener(new PacketListener() {
    public void processPacket(Packet packet) {
    Message message = (Message) packet;
    if (message.getBody() != null) {
    String fromName = StringUtils.parseBareAddress(message
    .getFrom());
    Log.i(""XMPPClient"", ""Got text ["" + message.getBody()
    + ""] from ["" + fromName + ""]"");
    messages.add(fromName + "":"");
    messages.add(message.getBody());
    // Add the incoming message to the list view
    mHandler.post(new Runnable() {
    public void run() {
    setListAdapter();
    checkInvitation();
    }
    });
    }
    }
    }, filter);
    mHandler.post(new Runnable() {
    public void run() {
    checkInvitation();
    }
    });
    }
    }
    

The 404 error indicates that:
    
    
    404 error can occur if the room does not exist or is locked
    

So, ensure that your room is not locked or existed! The code below is how I join the room when there's an in-comming invitation:
    
    
    private void setChatRoomInvitationListener() {
    MultiUserChat.addInvitationListener(mXmppConnection,
    new InvitationListener() {
    @Override
    public void invitationReceived(Connection connection,
    String room, String inviter, String reason,
    String unKnown, Message message) {
    //MultiUserChat.decline(mXmppConnection, room, inviter,
    // ""Don't bother me right now"");
    // MultiUserChat.decline(mXmppConnection, room, inviter,
    // ""Don't bother me right now"");
    try {
    muc.join(""test-nick-name"");
    Log.e(""abc"",""join room successfully"");
    muc.sendMessage(""I joined this room!! Bravo!!"");
    } catch (XMPPException e) {
    e.printStackTrace();
    Log.e(""abc"",""join room failed!"");
    }
    }
    });
    }
    

Hope this helps your error!

Edit:this is how I config the room:
    
    
     /*
    * Create room
    */
    muc.create(roomName);
    // muc.sendConfigurationForm(new Form(Form.TYPE_SUBMIT));
    Form form = muc.getConfigurationForm();
    Form submitForm = form.createAnswerForm();
    for (Iterator fields = form.getFields(); fields.hasNext();) {
    FormField field = (FormField) fields.next();
    if (!FormField.TYPE_HIDDEN.equals(field.getType())
    && field.getVariable() != null) {
    show(""field: "" + field.getVariable());
    // Sets the default value as the answer
    submitForm.setDefaultAnswer(field.getVariable());
    }
    }
    List owners = new ArrayList();
    owners.add(DataConfig.USERNAME + ""@"" + DataConfig.SERVICE);
    submitForm.setAnswer(""muc#roomconfig_roomowners"", owners);
    submitForm.setAnswer(""muc#roomconfig_roomname"", roomName);
    submitForm.setAnswer(""muc#roomconfig_persistentroom"", true);
    muc.sendConfigurationForm(submitForm);
    // submitForm.
    show(""created room!"");
    muc.addMessageListener(new PacketListener() {
    @Override
    public void processPacket(Packet packet) {
    show(packet.toXML());
    Message mess = (Message) packet;
    showMessageToUI(mess.getFrom() + "": "" + mess.getBody());
    }
    });
    

With this cofiguration, I can join a room easily without password.",1,1,org.jivesoftware.smack.Connection,unique authoritative class,org.igniterealtime.smack:smack+smackx:3.2.1,org.jivesoftware.smack.Connection,resolved_api,1
SMACK-0069,smack,SO,Chat,org.jivesoftware.smack.Chat,org.jivesoftware.smack.Chat,resolved,1,Deprecated.? use org.jivesoftware.smack.chat2.Chat from smack-extensions instead.,dataset_re,data/RE_reference/RE-smack.csv,1,"Sending messages to specific Smack domains after initial broadcast message 

I'm creating an instant messaging client using Smack 3.1.0 and Java. The problem I'm running in to has to do with sending messages to the user on a specific domain.

For example, I have two users, 1@gmail.com and 2@gmail.com. 1@gmail.com logs in to XMPP through my IM client. 2@gmail.com logs in to GChat through gmail.com AND a second time through pidgin. So now I have one instance of 1@gmail.com and 2 instances of 2@gmail.com.

The way gmail works, if 1@gmail.com sends a message to 2@gmail.com, the gmail and the pidgin client both get the initial message. But then if the gmail instance responds to the message, every message from then on only goes between 1@gmail.com and the gmail instance of 2@gmail.com.

I would like to mimic this behavior with my IM client. I would think the way to do it would be to set up a Chat, send the initial IM to all instances of the recipient. Then I'd set up a MessageListener to listen for a response. When I get the response, I'd have to create a new chat, specifying the 2@gmail.com/resource. But then I'd have to write the MessageListener twice. Any ideas? Here's some sample code that I'm using (the method `AddText()` simply appends the message to my conversation pane):
    
    
    recipient = buddy;
    setTitle(""Instant Message - ""+recipient);
    chat = com.andreaslekas.pim.PIM.connection.getChatManager().createChat(recipient.getUser(), new MessageListener() {
    public void processMessage(Chat chat, Message msg) {
    //if(chat.getParticipant().indexOf('/')!=-1)
    addText(msg.getBody(), chat.getParticipant(), true);
    }
    });
    

UPDATE I wanted to supplement the answer below with actual code that I used to make this work:
    
    
    chat = com.andreaslekas.pim.PIM.connection.getChatManager().createChat(recipient.getUser(), new MessageListener() {
    public void processMessage(Chat new_chat, Message msg) {
    if(msg.getFrom().replaceFirst(""/.*"", """").equals(recipient.getUser()))
    {
    if(buddy_resource==null || !msg.getFrom().replaceFirst("".*?/"", """").equals(buddy_resource.getResource()))
    {
    buddy_resource = recipient.getResource(msg.getFrom().replaceFirst("".*?/"", """"));
    chat = null;
    chat = com.andreaslekas.pim.PIM.connection.getChatManager().createChat(recipient.getUser()+""/""+buddy_resource.getResource(), new MessageListener(){
    public void processMessage(Chat new_chat2, Message msg) {
    addText(msg.getBody(), new_chat2.getParticipant(), true);
    }
    });
    }
    addText(msg.getBody(), chat.getParticipant(), true);
    }
    }
    });
    

To summarize, I send the first message to all resources of the recipient's address and wait for a response. When I get the response, I replace the current `Chat` object with a new one that specifies the individual resource that responded to the initial message. The code is a little messy with two different `MessageListener` objects that could probably be combined into a new class. But it works.

So far I understood Message Carbon (XEP - 0280) will solve your problem. If you enable carbon it will distribute messages to all logged resources of a user. In your case if 1@gmail.com send message to 2@gmail.com it will be distributed to all logged resources of 2@gmail.com. Here's a code sample using smack,
    
    
    CarbonManager cm = CarbonManager.getInstanceFor(connection);
    cm.enableCarbons();
    cm.sendCarbonsEnabled();
    

First make sure that your server is supported Message Carbon. Then send message as usual.",1,0,org.jivesoftware.smack.Chat,unique authoritative class,org.igniterealtime.smack:smack+smackx:3.2.1,org.jivesoftware.smack.Chat,resolved_api,1
SMACK-0070,smack,TU,Form,org.jivesoftware.smackx.Form,org.jivesoftware.smackx.Form,resolved,1,"Represents a Form for gathering data. The form could be of the following types: form ? Indicates a form to fill out. submit ? The form is filled out, and this is the data that is being returned from the form. cancel ? The form was cancelled. Tell the asker that piece of information. result ? Data results being returned from a search, or some other query. Depending of the form's type different operations are available. For example, it's only possible to set answers if the form is of type ""submit"".",dataset_re,data/RE_reference/RE-smack.csv,1,"### Answer a Form - part 2

Once the form has been completed we will want to send it back in a message. Send  Form.getDataFormToSend()  to the form and add the answer as an extension to the message to send back.

Examples

In this example we can see how to retrieve a form to fill out, complete the form and send it back: 

> 
>           // Get the message with the form to fill out
>     Message msg2 = chat2.nextMessage();
>     // Retrieve the form to fill out from the message
>     Form formToRespond = Form.getFormFrom(msg2);
>     // Obtain the form to send with the replies
>     Form completedForm = formToRespond.createAnswerForm();
>     // Add the answers to the form
>     completedForm.setAnswer(""name"", ""Credit card number invalid"");
>     completedForm.setAnswer(
>     ""description"",
>     ""The ATM says that my credit card number is invalid. What's going on?"");
>     msg2 = chat2.createMessage();
>     msg2.setBody(""To enter a case please fill out this form and send it back to me"");
>     // Add the completed form to the message to send back
>     msg2.addExtension(completedForm.getDataFormToSend());
>     // Send the message with the completed form
>     chat2.sendMessage(msg2);
>",1,1,org.jivesoftware.smackx.Form,unique authoritative class,org.igniterealtime.smack:smack+smackx:3.2.1,org.jivesoftware.smackx.Form,resolved_api,1
SMACK-0071,smack,TU,FileTransferManager,org.jivesoftware.smackx.filetransfer.FileTransferManager,org.jivesoftware.smackx.filetransfer.FileTransferManager,resolved,1,"The file transfer manager class handles the sending and receiving of files. To send a file invoke the createOutgoingFileTransfer(EntityFullJid) method. And to receive a file add a file transfer listener to the manager. The listener will notify you when there is a new file transfer request. To create the IncomingFileTransfer object accept the transfer, or, if the transfer is not desirable reject it.",dataset_re,data/RE_reference/RE-smack.csv,1,"###  Send a file to another user

Description

A user may wish to send a file to another user. The other user has the option of acception, rejecting, or ignoring the users request. Smack provides a simple interface in order to enable the user to easily send a file. Usage

In order to send a file you must first construct an instance of the  FileTransferManager  class. This class has one constructor with one parameter which is your Connection. In order to instantiate the manager you should call  new FileTransferManager.FileTransferManager(connection) 

Once you have your  FileTransferManager  you will need to create an outgoing file transfer to send a file. The method to use on the  FileTransferManager  is the  FileTransferManager.createOutgoingFileTransfer(userID)  method. The userID you provide to this method is the fully-qualified jabber ID of the user you wish to send the file to. A fully-qualified jabber ID consists of a node, a domain, and a resource, the user must be connected to the resource in order to be able to recieve the file transfer.",1,1,org.jivesoftware.smackx.filetransfer.FileTransferManager,dataset canonical hint exactly matches an authoritative class,org.igniterealtime.smack:smack+smackx:3.2.1,org.jivesoftware.smackx.filetransfer.FileTransferManager,resolved_api,1
SMACK-0072,smack,TU,FileTransferListener,org.jivesoftware.smackx.filetransfer.FileTransferListener,org.jivesoftware.smackx.filetransfer.FileTransferListener,resolved,1,File transfers can cause several events to be raised. These events can be monitored through this interface.,dataset_re,data/RE_reference/RE-smack.csv,1,"###  Recieving a file from another user

Description

The user may wish to recieve files from another user. The process of recieving a file is event driven, new file transfer requests are recieved from other users via a listener registered with the file transfer manager.

Usage

In order to recieve a file you must first construct an instance of the  FileTransferManager  class. This class has one constructor with one parameter which is your Connection. In order to instantiate the manager you should call  new FileTransferManager.FileTransferManager(connection) 

Once you have your  FileTransferManager  you will need to register a listener with it. The FileTransferListner interface has one method,  FileTransferListener.fileTransferRequest(request) . When a request is recieved through this method, you can either accept or reject the request. To help you make your decision there are several methods in the  FileTransferRequest  class that return information about the transfer request.",1,1,org.jivesoftware.smackx.filetransfer.FileTransferListener,dataset canonical hint exactly matches an authoritative class,org.igniterealtime.smack:smack+smackx:3.2.1,org.jivesoftware.smackx.filetransfer.FileTransferListener,resolved_api,1
SMACK-0073,smack,TU,ServiceDiscoveryManager,org.jivesoftware.smackx.ServiceDiscoveryManager,org.jivesoftware.smackx.ServiceDiscoveryManager,resolved,1,Manages discovery of services in XMPP entities. This class provides: A registry of supported features in this XMPP entity. Automatic response when this XMPP entity is queried for information. Ability to discover items and information of remote XMPP entities. Ability to publish publicly available items.,dataset_re,data/RE_reference/RE-smack.csv,1,"###  Discover information about an XMPP entity

Description

Once you have discovered the entity ID and name of an item, you may want to find out more about the item. The information desired generally is of two kinds: 1) The item's identity and 2) The features offered by the item.

This information helps you determine what actions are possible with regard to this item (registration, search, join, etc.) as well as specific feature types of interest, if any (e.g., for the purpose of feature negotiation).

Usage

Once you have your ServiceDiscoveryManager you will be able to discover information associated with an XMPP entity. To discover the information of a given XMPP entity send  ServiceDiscoveryManager.discoverInfo(entityID)  to your  ServiceDiscoveryManager  where entityID is the ID of the entity. The message  ServiceDiscoveryManager.discoverInfo(entityID)  will answer an instance of  DiscoverInfo  that contains the discovered information.

Examples

In this example we can see how to discover the information of a conference room: 

> 
>           // Obtain the ServiceDiscoveryManager associated with my Connection
>     ServiceDiscoveryManager discoManager = ServiceDiscoveryManager.getInstanceFor(connection);
>     // Get the information of a given XMPP entity
>     // This example gets the information of a conference room
>     DiscoverInfo discoInfo = discoManager.discoverInfo(""balconyscene@plays.shakespeare.lit"");
>     // Get the discovered identities of the remote XMPP entity
>     Iterator it = discoInfo.getIdentities();
>     // Display the identities of the remote XMPP entity
>     while (it.hasNext()) {
>     DiscoverInfo.Identity identity = (DiscoverInfo.Identity) it.next();
>     System.out.println(identity.getName());
>     System.out.println(identity.getType());
>     System.out.println(identity.getCategory());
>     }
>     // Check if room is password protected
>     discoInfo.containsFeature(""muc_passwordprotected"");
>",1,1,org.jivesoftware.smackx.ServiceDiscoveryManager,unique authoritative class,org.igniterealtime.smack:smack+smackx:3.2.1,org.jivesoftware.smackx.ServiceDiscoveryManager,resolved_api,1
SMACK-0074,smack,TU,RosterExchangeManager,org.jivesoftware.smackx.RosterExchangeManager,org.jivesoftware.smackx.RosterExchangeManager,resolved,1,"Manages Roster exchanges. A RosterExchangeManager provides a high level access to send rosters, roster groups and roster entries to XMPP clients. It also provides an easy way to hook up custom logic when entries are received from another XMPP client through RosterExchangeListeners.",dataset_re,data/RE_reference/RE-smack.csv,1,"###  Send a entire roster

Description

Sometimes it is useful to send a whole roster to another user. Smack provides a very easy way to send a complete roster to another XMPP client.

Usage

Create an instance of  RosterExchangeManager  and use the  #RosterExchangeManager.send(Roster, String)  message to send a roster to a given user. The first parameter is the roster to send and the second parameter is the id of the user that will receive the roster entries.

Example

In this example we can see how user1 sends his roster to user2. 

> 
>           // Connect to the server and log in
>     conn1 = new XMPPConnection(host);
>     conn1.login(server_user1, pass1);
>     // Create a new roster exchange manager on conn1
>     RosterExchangeManager rosterExchangeManager = new RosterExchangeManager(conn1);
>     // Send user1's roster to user2
>     rosterExchangeManager.send(conn1.getRoster(), user2);
>",1,1,org.jivesoftware.smackx.RosterExchangeManager,unique authoritative class,org.igniterealtime.smack:smack+smackx:3.2.1,org.jivesoftware.smackx.RosterExchangeManager,resolved_api,1
SMACK-0075,smack,TU,RosterExchangeManager,org.jivesoftware.smackx.RosterExchangeManager,org.jivesoftware.smackx.RosterExchangeManager,resolved,1,"Manages Roster exchanges. A RosterExchangeManager provides a high level access to send rosters, roster groups and roster entries to XMPP clients. It also provides an easy way to hook up custom logic when entries are received from another XMPP client through RosterExchangeListeners.",dataset_re,data/RE_reference/RE-smack.csv,1,"###  Send a roster group

Description

It is also possible to send a roster group to another XMPP client. A roster group groups a set of roster entries under a name.

Usage

Create an instance of  RosterExchangeManager  and use the  #RosterExchangeManager.send(RosterGroup, String)  message to send a roster group to a given user. The first parameter is the roster group to send and the second parameter is the id of the user that will receive the roster entries.

Example

In this example we can see how user1 sends his roster groups to user2. 

> 
>           // Connect to the server and log in
>     conn1 = new XMPPConnection(host);
>     conn1.login(server_user1, pass1);
>     // Create a new roster exchange manager on conn1
>     RosterExchangeManager rosterExchangeManager = new RosterExchangeManager(conn1);
>     // Send user1's RosterGroups to user2
>     for (Iterator it = conn1.getRoster().getGroups(); it.hasNext(); )
>     rosterExchangeManager.send((RosterGroup)it.next(), user2);
>",1,1,org.jivesoftware.smackx.RosterExchangeManager,unique authoritative class,org.igniterealtime.smack:smack+smackx:3.2.1,org.jivesoftware.smackx.RosterExchangeManager,resolved_api,1
SMACK-0076,smack,SO,DefaultParticipantStatusListener,org.jivesoftware.smackx.muc.DefaultParticipantStatusListener,org.jivesoftware.smackx.muc.DefaultParticipantStatusListener,resolved,1,Default implementation of the ParticipantStatusListener interface. This class does not provide any behavior by default. It just avoids having to implement all the inteface methods if the user is only interested in implementing some of the methods.,dataset_re,data/RE_reference/RE-smack.csv,1,"smack presence listener in multi user chat 

smack presence listener in multi user chat not getting called. Used Smack Api to login and then added roster.addRosterListener(mRoasterListener); but could not get any success to listen when presence of other user of the chat room changes. I tried following code to get the presence listener to work :
    
    
    connection.login(loginUser, passwordUser);
    MultiUserChatManager manager = 
    MultiUserChatManager.getInstanceFor(connection);
    muc = manager.getMultiUserChat(roomID + ""@"" +context.getString(R.string.group_chat_id));
    Log.d(""Join User: "", ""Already Created"");
    muc.join(Utilities.getUserPhoneNo(context));
    muc.addMessageListener(mGroupMessageListener);
    Roster roster = Roster.getInstanceFor(connection);//luna
    roster.addRosterListener(mRoasterListener);//roasterListener
    Log.d(""Joined User Phone: "", "" "" + Utilities.getUserPhoneNo(context));
    

and this class to listen for presence change...
    
    
    public class RoasterListener implements RosterListener{
    public RoasterListener(Context context){
    }
    @Override
    public void entriesAdded(Collection collection) {
    }
    @Override
    public void entriesUpdated(Collection collection) {
    }
    @Override
    public void entriesDeleted(Collection collection) {
    }
    @Override
    public void presenceChanged(Presence presence) {
    System.out.println(""Presence changed: "" + presence.getFrom() + "" "" + presence);
    }
    }
    

I tried many links available by stackoverflow but could not get any success. Please Help!

For Multi User Chat you don't have to use Roster, because it's normal to meet people you don't have in Roster.

To know who is in a muc, first ask for occupants:
    
    
    muc.join(user,password);
    List occupantsAtJoinTime = muc.getOccupants();
    for (String occupant : occupantsAtJoinTime)
    {
    System.out.println(""occupant: ""+occupant);
    //actions
    }
    

then, to keep Occupants list updated, register a DefaultParticipantStatusListener to your muc and define that Listner:
    
    
    muc.addParticipantStatusListener(new CustomParticipantStatusListner());
    

definied as (there are many methods to implement if you need):
    
    
     public class CustomParticipantStatusListner extends DefaultParticipantStatusListener 
    {
    public void joined(String participant) 
    {
    System.out.println(participant + ""just joined MUC"");
    //actions (add occupantsRightNow)
    }
    public void left(String participant)
    {
    System.out.println(participant + "" just left MUC"");
    //actions (remove occupantsRightNow)
    }
    }
    

All this with smack 4.1.7",1,1,org.jivesoftware.smackx.muc.DefaultParticipantStatusListener,dataset canonical hint exactly matches an authoritative class,org.igniterealtime.smack:smack+smackx:3.2.1,org.jivesoftware.smackx.muc.DefaultParticipantStatusListener,resolved_api,1
SMACK-0077,smack,SO,FormField,org.jivesoftware.smackx.FormField,org.jivesoftware.smackx.FormField,resolved,1,"Represents a field of a form. The field could be used to represent a question to complete, a completed question or a data returned from a search. The exact interpretation of the field depends on the context where the field is used.",dataset_re,data/RE_reference/RE-smack.csv,1,"MultipleChatUser XMPP asmack join 

I am new to this OpenFire and asmack, i want the user to have a functionality of Multi Users Chatting so i searched around and i found MUC i have implemented this for creating a room and sending invitation to other users these works, other user receives the invitation but the other user is not able to join the room.

I am doing this on other user invitation receiving

Here connection is the connection of this user and room is the room name that we getting in invitation.

MultiUserChat muc3 = new MultiUserChat(connection,room);

muc3.join(""testbot3"");

testbot3 is just some random name.

But this throws 404 error.

Do i need to join the user before sending the invitation i.e if A user sending invitation to B , before invitation sent do A needs to join these users by default to room and then it depends on B to decline or just keep quite.

What i am doing is B receives invitation from A in that InvitationListner of B i am trying to join with the above code.

I have been trying for long now i am not sure what is going wrong, some one can give a sample code of how to do this it would be great help for me.

Thanks

Here is more information on my issue

As i go and check on Openfire i can see the room created by the user and he has been added himself as an owner so i dont think so it would be an issue with room getting created.

May be this can be an issue with room getting locked, as i have read through the room is locked when the room is not completely created , i guess this is an issue with form filling when we create the room, i am not filling in the password in the form can this be an issue ?

Please see the following code below inside the handler i am calling a method ""checkInvitation"" which does the same as above code posted still i get 404. Can you please tell me what i wrong in my code.

Do the nickname that needs to be added can be anything or it needs to something user specific ?

public void createChatroom(){
    
    
     MultiUserChat muc = null;
    try {
    muc = new MultiUserChat(connection, ""myroom@conference.localhost"");
    muc.create(""testbot"");
    // Get the the room's configuration form
    Form form = muc.getConfigurationForm();
    // Create a new form to submit based on the original form
    Form submitForm = form.createAnswerForm();
    // Add default answers to the form to submit
    for (Iterator fields = form.getFields(); fields.hasNext();) {
    FormField field = (FormField) fields.next();
    if (!FormField.TYPE_HIDDEN.equals(field.getType()) && field.getVariable() != null) {
    // Sets the default value as the answer
    submitForm.setDefaultAnswer(field.getVariable());
    }
    }
    // Sets the new owner of the room
    List owners = new ArrayList();
    owners.add(""admin@localhost"");
    submitForm.setAnswer(""muc#roomconfig_roomowners"", owners);
    // Send the completed form (with default values) to the server to configure the room
    muc.sendConfigurationForm(submitForm);
    muc.join(""d"");
    muc.invite(""b@localhost"", ""Meet me in this excellent room"");
    muc.addInvitationRejectionListener(new InvitationRejectionListener() {
    public void invitationDeclined(String invitee, String reason) {
    // Do whatever you need here...
    System.out.println(""Initee ""+invitee+"" reason""+reason);
    }
    });
    } catch (XMPPException e) {
    // TODO Auto-generated catch block
    e.printStackTrace();
    }
    }
    public void setConnection(XMPPConnection connection) {
    this.connection = connection;
    if (connection != null) {
    // Add a packet listener to get messages sent to us
    PacketFilter filter = new MessageTypeFilter(Message.Type.chat);
    connection.addPacketListener(new PacketListener() {
    public void processPacket(Packet packet) {
    Message message = (Message) packet;
    if (message.getBody() != null) {
    String fromName = StringUtils.parseBareAddress(message
    .getFrom());
    Log.i(""XMPPClient"", ""Got text ["" + message.getBody()
    + ""] from ["" + fromName + ""]"");
    messages.add(fromName + "":"");
    messages.add(message.getBody());
    // Add the incoming message to the list view
    mHandler.post(new Runnable() {
    public void run() {
    setListAdapter();
    checkInvitation();
    }
    });
    }
    }
    }, filter);
    mHandler.post(new Runnable() {
    public void run() {
    checkInvitation();
    }
    });
    }
    }
    

The 404 error indicates that:
    
    
    404 error can occur if the room does not exist or is locked
    

So, ensure that your room is not locked or existed! The code below is how I join the room when there's an in-comming invitation:
    
    
    private void setChatRoomInvitationListener() {
    MultiUserChat.addInvitationListener(mXmppConnection,
    new InvitationListener() {
    @Override
    public void invitationReceived(Connection connection,
    String room, String inviter, String reason,
    String unKnown, Message message) {
    //MultiUserChat.decline(mXmppConnection, room, inviter,
    // ""Don't bother me right now"");
    // MultiUserChat.decline(mXmppConnection, room, inviter,
    // ""Don't bother me right now"");
    try {
    muc.join(""test-nick-name"");
    Log.e(""abc"",""join room successfully"");
    muc.sendMessage(""I joined this room!! Bravo!!"");
    } catch (XMPPException e) {
    e.printStackTrace();
    Log.e(""abc"",""join room failed!"");
    }
    }
    });
    }
    

Hope this helps your error!

Edit:this is how I config the room:
    
    
     /*
    * Create room
    */
    muc.create(roomName);
    // muc.sendConfigurationForm(new Form(Form.TYPE_SUBMIT));
    Form form = muc.getConfigurationForm();
    Form submitForm = form.createAnswerForm();
    for (Iterator fields = form.getFields(); fields.hasNext();) {
    FormField field = (FormField) fields.next();
    if (!FormField.TYPE_HIDDEN.equals(field.getType())
    && field.getVariable() != null) {
    show(""field: "" + field.getVariable());
    // Sets the default value as the answer
    submitForm.setDefaultAnswer(field.getVariable());
    }
    }
    List owners = new ArrayList();
    owners.add(DataConfig.USERNAME + ""@"" + DataConfig.SERVICE);
    submitForm.setAnswer(""muc#roomconfig_roomowners"", owners);
    submitForm.setAnswer(""muc#roomconfig_roomname"", roomName);
    submitForm.setAnswer(""muc#roomconfig_persistentroom"", true);
    muc.sendConfigurationForm(submitForm);
    // submitForm.
    show(""created room!"");
    muc.addMessageListener(new PacketListener() {
    @Override
    public void processPacket(Packet packet) {
    show(packet.toXML());
    Message mess = (Message) packet;
    showMessageToUI(mess.getFrom() + "": "" + mess.getBody());
    }
    });
    

With this cofiguration, I can join a room easily without password.",1,1,org.jivesoftware.smackx.FormField,unique authoritative class,org.igniterealtime.smack:smack+smackx:3.2.1,org.jivesoftware.smackx.FormField,resolved_api,1
SMACK-0078,smack,TU,PacketListener,org.jivesoftware.smack.PacketListener,org.jivesoftware.smack.PacketListener,resolved,1,Deprecated.? use StanzaListener instead,dataset_re,data/RE_reference/RE-smack.csv,1,"###  Processing Incoming Packets 

Smack provides a flexible framework for processing incoming packets using two constructs: 

  * ` org.jivesoftware.smack.PacketCollector ` \-- a class that lets you synchronously wait for new packets. 
  * ` org.jivesoftware.smack.PacketListener ` \-- an interface for asynchronously notifying you of incoming packets. 

A packet listener is used for event style programming, while a packet collector has a result queue of packets that you can do polling and blocking operations on. So, a packet listener is useful when you want to take some action whenever a packet happens to come in, while a packet collector is useful when you want to wait for a specific packet to arrive. Packet collectors and listeners can be created using an ` Connection ` instance. 

The ` org.jivesoftware.smack.filter.PacketFilter ` interface determines which specific packets will be delivered to a ` PacketCollector ` or ` PacketListener `. Many pre-defined filters can be found in the `org.jivesoftware.smack.filter` package. 

The following code snippet demonstrates registering both a packet collector and a packet listener:
    
    
    // Create a packet filter to listen for new messages from a particular
    // user. We use an AndFilter to combine two other filters.
    PacketFilter filter = new AndFilter(new PacketTypeFilter(Message.class), 
    new FromContainsFilter(""mary@jivesoftware.com""));
    // Assume we've created a Connection name ""connection"".
    // First, register a packet collector using the filter we created.
    PacketCollector myCollector = connection.createPacketCollector(filter);
    // Normally, you'd do something with the collector, like wait for new packets.
    // Next, create a packet listener. We use an anonymous inner class for brevity.
    PacketListener myListener = new PacketListener() {
    public void processPacket(Packet packet) {
    // Do something with the incoming packet here.
    }
    };
    // Register the listener.
    connection.addPacketListener(myListener, filter);",1,1,org.jivesoftware.smack.PacketListener,dataset canonical hint exactly matches an authoritative class,org.igniterealtime.smack:smack+smackx:3.2.1,org.jivesoftware.smack.PacketListener,resolved_api,1
SMACK-0079,smack,TU,XHTMLText,org.jivesoftware.smackx.XHTMLText,org.jivesoftware.smackx.XHTMLText,resolved,1,An XHTMLText represents formatted text. This class also helps to build valid XHTML tags.,dataset_re,data/RE_reference/RE-smack.csv,1,"### Compose an XHTML Message - part 2

Create an instance of  XHTMLText  specifying the style and language of the body. You can add several XHTML bodies to the message but each body should be for a different language. Once you have an XHTMLText you can start to append tags and text to it. In order to append tags there are several messages that you can use. For each XHTML defined tag there is a message that you can send. In order to add text you can send the message  #XHTMLText.append(String textToAppend) .

After you have configured the XHTML text, the last step you have to do is to add the XHTML text to the message you want to send. If you decided to create the XHTML text by yourself, you will have to follow this last step too. In order to add the XHTML text to the message send the message  #XHTMLManager.addBody(Message message, String body)  to the  XHTMLManager  class where message is the message that will receive the XHTML body and body is the string to add as an XHTML body to the message.",1,1,org.jivesoftware.smackx.XHTMLText,unique authoritative class,org.igniterealtime.smack:smack+smackx:3.2.1,org.jivesoftware.smackx.XHTMLText,resolved_api,1
SMACK-0080,smack,TU,MultiUserChat,org.jivesoftware.smackx.muc.MultiUserChat,org.jivesoftware.smackx.muc.MultiUserChat,resolved,1,"A MultiUserChat room (XEP-45), created with MultiUserChatManager.getMultiUserChat(EntityBareJid). A MultiUserChat is a conversation that takes place among many users in a virtual room. A room could have many occupants with different affiliation and roles. Possible affiliations are ""owner"", ""admin"", ""member"", and ""outcast"". Possible roles are ""moderator"", ""participant"", and ""visitor"". Each role and affiliation guarantees different privileges (e.g. Send messages to all occupants, Kick participants and visitors, Grant voice, Edit member list, etc.). Note: Make sure to leave the MUC (leave()) when you don't need it anymore or otherwise you may leak the instance.",dataset_re,data/RE_reference/RE-smack.csv,1,"###  Join a room

Description

Your usual first step in order to send messages to a room is to join the room. Multi User Chat allows to specify several parameter while joining a room. Basically you can control the amount of history to receive after joining the room as well as provide your nickname within the room and a password if the room is password protected.

Usage

In order to join a room you will need to first create an instance of  MultiUserChat . The room name passed to the constructor will be the name of the room to join. The next step is to send  MultiUserChat.join(...)  to the  MultiUserChat  instance. But first you will have to decide which join message to send. If you want to just join the room without a password and without specifying the amount of history to receive then you could use  MultiUserChat.join(String nickname)  where nickname if your nickname in the room. In case the room requires a password in order to join you could then use  MultiUserChat.join(String nickname, String password) . And finally, the most complete way to join a room is to send  MultiUserChat.join(String nickname, String password, DiscussionHistory history, long timeout)  where nickname is your nickname in the room, , password is your password to join the room, history is an object that specifies the amount of history to receive and timeout is the milliseconds to wait for a response from the server.",1,1,org.jivesoftware.smackx.muc.MultiUserChat,dataset canonical hint exactly matches an authoritative class,org.igniterealtime.smack:smack+smackx:3.2.1,org.jivesoftware.smackx.muc.MultiUserChat,resolved_api,1
SMACK-0081,smack,TU,MultiUserChat,org.jivesoftware.smackx.muc.MultiUserChat,org.jivesoftware.smackx.muc.MultiUserChat,resolved,1,"A MultiUserChat room (XEP-45), created with MultiUserChatManager.getMultiUserChat(EntityBareJid). A MultiUserChat is a conversation that takes place among many users in a virtual room. A room could have many occupants with different affiliation and roles. Possible affiliations are ""owner"", ""admin"", ""member"", and ""outcast"". Possible roles are ""moderator"", ""participant"", and ""visitor"". Each role and affiliation guarantees different privileges (e.g. Send messages to all occupants, Kick participants and visitors, Grant voice, Edit member list, etc.). Note: Make sure to leave the MUC (leave()) when you don't need it anymore or otherwise you may leak the instance.",dataset_re,data/RE_reference/RE-smack.csv,1,"###  Discover room information

Description

A user may need to discover information about a room without having to actually join the room. The server will provide information only for public rooms.

Usage

In order to discover information about a room just send  MultiUserChat.getRoomInfo(Connection connection, String room)  to the  MultiUserChat  class where room is the XMPP ID of the room, e.g. roomName@conference.myserver. You will get a RoomInfo object that contains the discovered room information.

Examples

In this example we can see how to discover information about a room: 

> 
>           // Discover information about the room roomName@conference.myserver
>     RoomInfo info = MultiUserChat.getRoomInfo(conn, ""roomName@conference.myserver"");
>     System.out.println(""Number of occupants:"" + info.getOccupantsCount());
>     System.out.println(""Room Subject:"" + info.getSubject());
>",1,1,org.jivesoftware.smackx.muc.MultiUserChat,dataset canonical hint exactly matches an authoritative class,org.igniterealtime.smack:smack+smackx:3.2.1,org.jivesoftware.smackx.muc.MultiUserChat,resolved_api,1
SMACK-0082,smack,TU,ParticipantStatusListener,org.jivesoftware.smackx.muc.ParticipantStatusListener,org.jivesoftware.smackx.muc.ParticipantStatusListener,resolved,1,"A listener that is fired anytime a participant's status in a room is changed, such as the user being kicked, banned, or granted admin permissions.",dataset_re,data/RE_reference/RE-smack.csv,1,"### Manage affiliation modifications - part 3

In order to ban a user from the room just send the message  MultiUserChat.banUser(String jid, String reason)  to  MultiUserChat .

Smack allows you to listen for affiliation modification events. If you are interested in listening affiliation modification events of any user then use the listener  ParticipantStatusListener . But if you are interested in listening for your own affiliation modification events, use the listener  UserStatusListener . Both listeners should be added to the  MultiUserChat  by using  MultiUserChat.addParticipantStatusListener(ParticipantStatusListener listener)  or  MultiUserChat.addUserStatusListener(UserStatusListener listener)  respectively. These listeners include several notification events but you may be interested in just a few of them. Smack provides default implementations for these listeners avoiding you to implement all the interfaces' methods. The default implementations are  DefaultUserStatusListener  and  DefaultParticipantStatusListener . Below you will find the sent messages to the listeners whenever a user's affiliation has changed.",1,1,org.jivesoftware.smackx.muc.ParticipantStatusListener,dataset canonical hint exactly matches an authoritative class,org.igniterealtime.smack:smack+smackx:3.2.1,org.jivesoftware.smackx.muc.ParticipantStatusListener,resolved_api,1
